{
	"pcode": "A0000016",
	"type": "憲法",
	"title": "臺灣地區解嚴令",
	"url": "https://law.moj.gov.tw/LawClass/LawAll.aspx?pcode=A0000016",
	"category": [
		"憲法"
	],
	"lastUpdate": "19870714",
	"isTranslated": false,
	"history": [
		"中華民國七十六年七月十四日總統令"
	],
	"divisions": [],
	"articles": [
		{
			"number": 100,
			"content": "准立法院中華民國七十六年七月八日 (76) 台院議字第 1641 號咨，宣告\r\n臺灣地區自七十六年七月十五日零時起解嚴。"
		}
	]
}