{
	"pcode": "A0000005",
	"type": "憲法",
	"title": "動員戡亂時期臨時條款",
	"url": "https://law.moj.gov.tw/LawClass/LawAll.aspx?pcode=A0000005",
	"category": [
		"廢止法規",
		"憲法"
	],
	"lastUpdate": "19910501",
	"isDiscarded": true,
	"isTranslated": false,
	"history": [
		"中華民國三十七年五月十日國民政府制定公布中華民國四十三年三月十一日第一屆國民大會第二次會議第七次大會決議繼續有效",
		"中華民國四十九年三月十一日總統令修正公布",
		"中華民國五十五年二月十二日總統令修正公布",
		"中華民國五十五年三月二十二日總統令修正公布",
		"中華民國六十一年三月二十二日總統令修正公布全文 11 條",
		"中華民國八十年五月一日總統令公布廢止"
	],
	"preamble": "茲依照憲法第一百七十四條第一款程序，制定動員戡亂時期臨時條款如左：",
	"divisions": [],
	"articles": [
		{
			"number": 100,
			"content": "總統在動員戡亂時期，為避免國家或人民遭遇緊急危難，或應付財政經濟\r\n上重大變故，得經行政院會議之決議，為緊急處分，不受憲法第三十九條\r\n或第四十三條所規定程序之限制。"
		},
		{
			"number": 200,
			"content": "前項緊急處分，立法院得依憲法第五十七條第二款規定之程序變更或廢止\r\n之。"
		},
		{
			"number": 300,
			"content": "動員戡亂時期，總統副總統得連選連任，不受憲法第四十七條連任一次之\r\n限制。"
		},
		{
			"number": 400,
			"content": "動員戡亂時期本憲政體制授權總統得設置動員戡亂機構，決定動員戡亂有\r\n關大政方針，並處理戰地政務。"
		},
		{
			"number": 500,
			"content": "總統為適應動員戡亂需要，得調整中央政府之行政機構、人事機構及其組\r\n織。"
		},
		{
			"number": 600,
			"content": "動員戡亂時期，總統得依下列規定，訂頒辦法充實中央民意代表機構，不\r\n受憲法第二十六條、第六十四條及第九十一條之限制：\r\n (一) 在自由地區增加中央民意代表名額，定期選舉，其須由僑居國外國\r\n　　　民選出之立法委員及監察委員，事實上不能辦理選舉者，得由總統\r\n　　　訂定辦法遴選之。\r\n (二) 第一屆中央民意代表，係經全國人民選舉所產生，依法行使職權，\r\n      其增選 、補選者亦同。\r\n      大陸光復地區次第辦理中央民意代表之選舉。\r\n (三) 增加名額選出之中央民意代表，與第一屆中央民意代表，依法行使\r\n      職權。\r\n　　　增加名額選出之國民大會代表，每六年改選，立法委員每三年改選\r\n　　　，監察委員每六年改選。"
		},
		{
			"number": 700,
			"content": "動員戡亂時期，國民大會得制定辦法，創制中央法律原則與複決中央法律\r\n，不受憲法第二十七條第二項之限制。"
		},
		{
			"number": 800,
			"content": "在戡亂時期，總統對於創制案或複決案認為有必要時，得召集國民大會臨\r\n時會討論之。"
		},
		{
			"number": 900,
			"content": "國民大會於閉會期間，設置研究機構，研討憲政有關問題。"
		},
		{
			"number": 1000,
			"content": "動員戡亂時期之終止，由總統宣告之。"
		},
		{
			"number": 1100,
			"content": "臨時條款之修訂或廢止，由國民大會決定之。"
		}
	]
}