{
	"pcode": "A0000003",
	"type": "憲法",
	"title": "憲法實施之準備程序",
	"url": "https://law.moj.gov.tw/LawClass/LawAll.aspx?pcode=A0000003",
	"category": [
		"憲法"
	],
	"lastUpdate": "19470101",
	"isTranslated": false,
	"history": [
		"中華民國三十六年一月一日國民政府公布中華民國三十五年十二月二十四日國民大會制定"
	],
	"preamble": "本大會此次通過之憲法，應由國民政府於中華民國三十六年一月一日公布；其準備實施程序如下：",
	"divisions": [],
	"articles": [
		{
			"number": 100,
			"content": "一、自憲法公布之日起現行法令之與憲法相牴觸者，國民政府應迅速分別\r\n    予以修改或廢止，並應於依照本憲法所產生之國民大會集會以前，完\r\n    成此項工作。"
		},
		{
			"number": 200,
			"content": "二、憲法公布後，國民政府應依照憲法之規定，於三個月內制定並公布左\r\n    列法律：\r\n（一）關於國民大會之組織，國民大會代表之選舉、罷免。\r\n（二）關於總統、副總統之選舉、罷免。\r\n（三）關於立法委員之選舉、罷免。\r\n（四）關於監察委員之選舉、罷免。\r\n（五）關於五院之組織。"
		},
		{
			"number": 300,
			"content": "三、依照憲法應由各省市議會選出之首屆監察委員，在各省市議會未正式\r\n    成立以前，得由各省市現有之參議會選舉之，其任期以各省市正式議\r\n    會選出監察委員之日為止。"
		},
		{
			"number": 400,
			"content": "四、依照本憲法產生之國民大會代表，首屆立法委員，與監察委員之選舉\r\n    ，應於各有關選舉法公布後六個月內完成之。"
		},
		{
			"number": 500,
			"content": "五、依憲法產生之國民大會，由國民政府主席召集之。"
		},
		{
			"number": 600,
			"content": "六、依憲法產生之首屆立法院，於國民大會閉幕後之第七日自行集會。"
		},
		{
			"number": 700,
			"content": "七、依憲法產生之首屆監察院，於國民大會閉幕後由總統召集之。"
		},
		{
			"number": 800,
			"content": "八、依憲法產生之國民大會代表，立法委員，及監察委員，在第四條規定\r\n    期限屆滿，已選出各達總額三分之二時，得為合法之集會及召集。"
		},
		{
			"number": 900,
			"content": "九、制定憲法之國民大會代表，有促成憲法施行之責，其任期至依照憲法\r\n    選出之國民大會代表集會之日為止。"
		},
		{
			"number": 1000,
			"content": "十、憲法通過後，由制定憲法之國民大會代表組織憲政實施促進委員會，\r\n    其辦法由國民政府定之。"
		}
	]
}