{
	"pcode": "A0000009",
	"type": "法律",
	"title": "中華民國領海及鄰接區法",
	"url": "https://law.moj.gov.tw/LawClass/LawAll.aspx?pcode=A0000009",
	"category": [
		"行政",
		"內政部",
		"地政目"
	],
	"lastUpdate": "19980121",
	"isTranslated": true,
	"english": "Law on the Territorial Sea and the Contiguous Zone of the Republic of China",
	"history": [
		"中華民國八十七年一月二十一日總統（87）華總（一）義字第 8700010340 號令制定公布全文 18 條"
	],
	"divisions": [],
	"articles": [
		{
			"number": 100,
			"content": "為維護中華民國領海之主權及鄰接區權利，特制定本法。\r\n本法未規定者，適用其他有關法律之規定。"
		},
		{
			"number": 200,
			"content": "中華民國主權及於領海、領海之上空、海床及其底土。"
		},
		{
			"number": 300,
			"content": "中華民國領海為自基線起至其外側十二浬間之海域。"
		},
		{
			"number": 400,
			"content": "中華民國領海基線之劃定，採用以直線基線為原則，正常基線為例外之混\r\n合基線法。"
		},
		{
			"number": 500,
			"content": "中華民國領海之基線及領海外界線，由行政院訂定，並得分批公告之。"
		},
		{
			"number": 600,
			"content": "中華民國領海與相鄰或相向國家間之領海重疊時，以等距中線為其分界線\r\n。但有協議者，從其協議。\r\n前項等距中線，係指該線上各點至中華民國基線上最近點與相鄰或相向國\r\n家基線上最近點距離相等之線。"
		},
		{
			"number": 700,
			"content": "外國民用船舶在不損害中華民國之和平、良好秩序與安全，並基於互惠原\r\n則下，得以連續不停迅速進行且符合本法及其他國際法規則之方式無害通\r\n過中華民國領海。\r\n前項連續不停迅速進行且符合本法及其他國際法規則之無害通過，必要時\r\n得包括停船和下錨在內。但以通常航行所附帶發生者、因不可抗力或遇難\r\n必要者、或以救助遇險或遭難人員、船舶或航空器為目的者為限。\r\n外國軍用或公務船舶通過中華民國領海應先行告知。\r\n外國潛水艇或其他潛水器，於通過中華民國領海時，須在海面上航行，並\r\n展示其船籍旗幟。\r\n外國船舶無害通過中華民國領海之管理辦法，由行政院定之。\r\n大陸船舶通行中華民國領海，除依照臺灣地區與大陸地區人民關係條例辦\r\n理外，並應遵守本法之規定。"
		},
		{
			"number": 800,
			"content": "外國船舶通過中華民國領海，有下列情形之一者，非屬無害通過︰\r\n一、對中華民國主權或領土完整進行武力威脅或使用武力。\r\n二、以武器進行操練或演習。\r\n三、蒐集情報，使中華民國防務或安全有受損害之虞者。\r\n四、影響中華民國防務或安全之宣傳行為。\r\n五、起落各種飛行器或接載航行裝備。\r\n六、發射、降落或接載軍事裝置。\r\n七、裝卸或上下違反中華民國海關、財政、貿易、檢驗、移民、衛生或環\r\n    保法令之商品、貨幣或人員。\r\n八、嚴重之污染行為。\r\n九、捕撈生物之活動。\r\n十  進行研究或測量活動。\r\n十一、干擾中華民國通訊系統或其他設施或設備之行為。\r\n十二、與無害通過無直接關係之其他活動。"
		},
		{
			"number": 900,
			"content": "外國核動力船舶、載運核物質或其他有害物質之船舶，欲通過中華民國領\r\n海時，須持有依國際協定認可之證書，並經中華民國政府許可與監管；其\r\n許可與監管辦法，由行政院定之。"
		},
		{
			"number": 1000,
			"content": "中華民國政府基於國家利益或安全，得暫停外國船舶在領海特定海域內無\r\n害通過。\r\n前項特定海域之範圍及暫停無害通過之期間，由行政院公告之。"
		},
		{
			"number": 1100,
			"content": "中華民國政府得對下列各項或任何一項制定關於領海無害通過的法令︰\r\n一、維護航行安全及管理海上交通。\r\n二、保護助航設備和設施，以及其他設備或設施。\r\n三、保護電纜和管道。\r\n四、養護海洋生物資源。\r\n五、防止及處罰違犯我國漁業法令之行為。\r\n六、保全我國環境，並防止、減少和控制環境可能受到的污染。\r\n七、防止及處罰未經許可進行海洋科學研究和水文測量。\r\n八、防止及處罰違犯中華民國海關、財政、移民或衛生法令之行為。\r\n九、防止及處罰與無害通過無直接關係之其他行為。\r\n前項關於領海無害通過的法令，應由行政院公告之。"
		},
		{
			"number": 1200,
			"content": "中華民國政府基於航行安全、預防海上與海底設施或海洋資源受到破壞或\r\n預防海洋環境受到污染，得要求無害通過之外國船舶遵守一定之海道或分\r\n道通航制。\r\n前項一定之海道或分道通航制內容，由行政院訂定公告之。"
		},
		{
			"number": 1300,
			"content": "在用於國際航行的臺灣海峽非領海海域部份，中華民國政府可就下列各項\r\n或任何一項，制定關於管理外國船舶和航空器過境通行之法令︰\r\n一、維護航行安全及管理海上交通。\r\n二、防止、減少和控制環境可能受到之污染。\r\n三、禁止捕魚。\r\n四、防止及處罰違犯中華民國海關、財政、移民或衛生法令，上下任何商\r\n    品、貨幣或人員之行為。\r\n前項關於海峽過境通行之法令，由行政院公告之。"
		},
		{
			"number": 1400,
			"content": "中華民國鄰接區為鄰接其領海外側至距離基線二十四浬間之海域；其外界\r\n線由行政院訂定，並得分批公告之。"
		},
		{
			"number": 1500,
			"content": "中華民國政府得在鄰接區內為下列目的制定法令︰\r\n一、防止在領土或領海內違犯有關海關、財政、貿易、檢驗、移民、衛生\r\n    或環保法令、及非法廣播之情事發生。\r\n二、處罰在領土或領海內違犯有關海關、財政、貿易、檢驗、移民、衛生\r\n    或環保法令、及非法廣播之行為。\r\n對於在公海或中華民國領海及鄰接區以外其他海域之任何未經許可之廣播\r\n，中華民國政府得制定法令，防止及處罰之。\r\n前二項之法令由行政院公告之。"
		},
		{
			"number": 1600,
			"content": "於中華民國領海及鄰接區中進行考古、科學研究、或其他任何活動所發現\r\n之歷史文物或遺跡等，屬於中華民國所有，並得由中華民國政府依相關法\r\n令加以處置。"
		},
		{
			"number": 1700,
			"content": "中華民國之國防、警察、海關或其他有關機關人員，對於在領海或鄰接區\r\n內之人或物，認為有違犯中華民國相關法令之虞者，得進行緊追、登臨、\r\n檢查；必要時，得予扣留、逮捕或留置。\r\n前項各有關機關人員在進行緊追、登臨、檢查時，得相互替補，接續為之\r\n。"
		},
		{
			"number": 1800,
			"content": "本法自公布日施行。"
		}
	]
}