{
	"pcode": "A0000004",
	"type": "憲法",
	"title": "訓政結束程序法",
	"url": "https://law.moj.gov.tw/LawClass/LawAll.aspx?pcode=A0000004",
	"category": [
		"憲法"
	],
	"lastUpdate": "19471225",
	"isTranslated": false,
	"history": [
		"中華民國三十六年十二月二十五日國民政府制定公布"
	],
	"divisions": [],
	"articles": [
		{
			"number": 100,
			"content": "國民政府主席、國民政府委員會及其五院外之直轄機關行使原有之法定職\r\n權，應於依憲法產生之總統就職之日，即行停止。"
		},
		{
			"number": 200,
			"content": "立法院行使原有之法定職權，應於依憲法產生之首屆立法院集會之日，即\r\n行停止。"
		},
		{
			"number": 300,
			"content": "監察院行使原有之法定職權，應於依憲法產生之首屆監察院集會之日，即\r\n行停止。"
		},
		{
			"number": 400,
			"content": "行政院、司法院、考試院行使原有之法定職權，應於依憲法產生之各該院\r\n改組完成之日，即行停止。"
		},
		{
			"number": 500,
			"content": "省市縣現有民意機構及行政機構行使原有之法定職權，應於依憲法選舉或\r\n改組完成之日，即行停止。"
		},
		{
			"number": 600,
			"content": "本法自公布日施行。"
		}
	]
}