{
	"pcode": "A0000015",
	"type": "憲法",
	"title": "全國戒嚴令",
	"url": "https://law.moj.gov.tw/LawClass/LawAll.aspx?pcode=A0000015",
	"category": [
		"憲法"
	],
	"lastUpdate": "19490707",
	"isTranslated": false,
	"history": [
		"中華民國三十八年七月七日總統令公布"
	],
	"divisions": [],
	"articles": [
		{
			"number": 100,
			"content": "查全國各省除新疆、西康、青海、臺灣四省及西藏外，均予實施戒嚴，並\r\n劃長江以南各省為警戒地域，前經於三十七年十二月十日，依據動員戡亂\r\n時期臨時條款之規定，明令公布在案。復經行政院會議議決，將蘇南、皖\r\n南、鄂南各縣及湘、贛、浙、閩、粵、桂六省全部，一併劃作接戰地域，\r\n特公布之。此令。"
		}
	]
}