{
	"pcode": "A0000007",
	"type": "法律",
	"title": "戒嚴時期人民受損權利回復條例",
	"url": "https://law.moj.gov.tw/LawClass/LawAll.aspx?pcode=A0000007",
	"category": [
		"行政",
		"法務部",
		"法律事務目"
	],
	"lastUpdate": "20000202",
	"isTranslated": true,
	"english": "Act Governing the Recovery of Damage of Individual Rights during the Period of Martial Law",
	"history": [
		"中華民國八十四年一月二十八日總統（84）華總（一）義字第 0637 號令制定公布全文 8 條",
		"中華民國八十九年二月二日總統（89）華總一義字第 8900028440 號令修正公布第 6 條條文；並增訂第 6-1 條條文"
	],
	"divisions": [],
	"articles": [
		{
			"number": 100,
			"content": "為回復戒嚴時期人民受損之權利，特制定本條例。"
		},
		{
			"number": 200,
			"content": "本條例所稱戒嚴時期，台灣地區係指自民國三十八年五月二十日起至七十\r\n六年七月十四日止宣告戒嚴之期間；金門、馬祖、東沙、南沙地區係指自\r\n民國三十七年十二月十日起至八十一年十一月六日止宣告戒嚴之期間。"
		},
		{
			"number": 300,
			"content": "人民於戒嚴時期，因犯內亂罪、外患罪，經裁判確定、或交付感化、或提\r\n起公訴、或通緝有案尚未結案而喪失或被撤銷之下列資格，有向將來回復\r\n之可能者，得由當事人申請主管機關，依有關法令處理之，其經准許者，\r\n溯自申請之日起生效：\r\n一  公務人員暨專門職業及技術人員考試及格之資格。\r\n二  任公務人員、教育人員及公職人員之資格。\r\n三  專門職業及技術人員執業之資格。\r\n四  為撫卹金、退休金或保險金領受人之資格。\r\n前項第一款及第三款之情形，並應依申請為考試及格證書及執業證書之補\r\n發。\r\n第一項第一款至第三款之申請，應自本條例施行之日起二年內為之。\r\n屬於第一項第二款所定喪失公務人員或教育人員任用資格者，得依現行公\r\n務人員或教育人員任用法律再任公務人員或教育人員。\r\n屬於第一項第四款所定原支 (兼) 領月退休金之退休公務人員、教育人員\r\n或其遺族喪失退休或撫卹給與領受人資格者，得向原服務機關提出回復領\r\n受人資格之申請。原服務機關應依現行公務人員及學校教職員退休、撫卹\r\n法律予以查證核轉主管機關辦理。\r\n前項申請權自本條例施行之日起，經過五年不行使而消滅。但因不可抗力\r\n之事由，致不能行使者，其時效自該申請權可行使時起算。"
		},
		{
			"number": 400,
			"content": "戒嚴時期人民因內亂、外患罪被沒收財產者，於受無罪判決確定後，得請\r\n求發還；如不能發還，應以適當金錢補償之。"
		},
		{
			"number": 500,
			"content": "戒嚴時期人民因犯內亂、外患罪而受有罪判決，有關被告之自白必須非出\r\n於強暴、脅迫、利誘、詐欺、違法羈押或其他不正之方法，且非經更新調\r\n查不得作為另案犯罪之唯一證據，或不利第三者之資料。"
		},
		{
			"number": 600,
			"content": "人民於戒嚴時期因犯內亂、外患、懲治叛亂條例或檢肅匪諜條例之罪，有\r\n下列情形之一者，得聲請所屬地方法院準用冤獄賠償法相關規定，請求國\r\n家賠償：\r\n一  經治安機關逮捕而以罪嫌不足逕行釋放前，人身自由受拘束者。\r\n二  於不起訴處分確定前受羈押，或不起訴處分確定後未依法釋放者。\r\n三  於無罪判決確定前受羈押或刑之執行，或無罪判決確定後未依法釋放\r\n    者。\r\n四  於有罪判決或交付感化教育、感訓處分，執行完畢後，未依法釋放者\r\n    。\r\n前項請求權，自本條例修正公布日起，因五年間不行使而消滅。"
		},
		{
			"number": 601,
			"content": "人民依本條例聲請受損權利回復或金錢賠償，應提出可供查證之方法，其\r\n出具之處分書、判決書或相關文書，不以正本為限。"
		},
		{
			"number": 700,
			"content": "本條例施行細則，由行政院會同司法院、考試院定之。"
		},
		{
			"number": 800,
			"content": "本條例自公布日施行。"
		}
	]
}