{
	"pcode": "A0000010",
	"type": "法律",
	"title": "中華民國專屬經濟海域及大陸礁層法",
	"url": "https://law.moj.gov.tw/LawClass/LawAll.aspx?pcode=A0000010",
	"category": [
		"行政",
		"內政部",
		"地政目"
	],
	"lastUpdate": "19980121",
	"isTranslated": true,
	"english": "Law on the Exclusive Economic Zone and the Continental Shelf of the Republic of China",
	"history": [
		"中華民國八十七年一月二十一日總統（87）華總（一）義字第 8700010350 號令制定公布全文 26 條"
	],
	"divisions": [],
	"articles": [
		{
			"number": 100,
			"content": "為維護與行使中華民國專屬經濟海域及大陸礁層之權利，特制定本法。\r\n本法未規定者，適用其他有關法律之規定。"
		},
		{
			"number": 200,
			"content": "中華民國之專屬經濟海域為鄰接領海外側至距離領海基線二百浬間之海域\r\n。\r\n前項專屬經濟海域包括水體、海床及底土。\r\n中華民國之大陸礁層為其領海以外，依其陸地領土自然延伸至大陸邊外緣\r\n之海底區域。\r\n前項海底區域包括海床及底土。"
		},
		{
			"number": 300,
			"content": "中華民國專屬經濟海域及大陸礁層之外界界線，由行政院訂定，並得分批\r\n公告之。"
		},
		{
			"number": 400,
			"content": "中華民國之專屬經濟海域或大陸礁層，與相鄰或相向國家間之專屬經濟海\r\n域或大陸礁層重疊時，其分界線依衡平原則，以協議方式劃定之。\r\n前項協議未能達成前，得與相鄰或相向國家基於諒解及合作之精神，作成\r\n過渡時期之臨時安排。\r\n前項臨時安排不妨礙最後分界線之劃定。"
		},
		{
			"number": 500,
			"content": "中華民國在其專屬經濟海域或大陸礁層享有並得行使下列權利︰        \r\n一、探勘、開發、養護、管理海床上覆水域、海床及其底土之生物或非生\r\n    物資源之主權權利。                                          \r\n二、人工島嶼、設施或結構之建造、使用、改變或拆除之管轄權。      \r\n三、海洋科學研究之管轄權。                                      \r\n四、海洋環境保護之管轄權。                                      \r\n五、其他依國際法得合理行使之權利。                              \r\n中華民國在其專屬經濟海域享有並得行使利用海水、海流、風力所產生之\r\n能源或其他活動之主權權利。                                      \r\n中華民國在其大陸礁層享有並得行使舖設、維護或變更海底電纜或管線之\r\n管轄權。"
		},
		{
			"number": 600,
			"content": "在中華民國專屬經濟海域或大陸礁層從事生物資源或非生物資源之探勘、\r\n開發、養護、管理，應依中華民國法令之規定申請許可。"
		},
		{
			"number": 700,
			"content": "在中華民國專屬經濟海域利用海水、海流、風力生產能源或其他相關活動\r\n，應經中華民國政府許可；其許可辦法，由行政院定之。"
		},
		{
			"number": 800,
			"content": "在中華民國專屬經濟海域或大陸礁層從事人工島嶼、設施或結構之建造、\r\n使用、改變或拆除，應經中華民國政府許可；其許可辦法，由行政院定之\r\n。\r\n中華民國法令適用於前項人工島嶼、設施或結構。\r\n第一項人工島嶼、設施或結構之四周，應劃定安全區，採取適當措施，以\r\n確保航行安全及人工島嶼、設施或結構之安全。\r\n前項安全區之寬度，應符合一般國際標準或相關國際組織所建議之標準。"
		},
		{
			"number": 900,
			"content": "在中華民國專屬經濟海域或大陸礁層從事海洋科學研究，應經中華民國政\r\n府許可，並應接受其管制。中華民國政府於必要時得撤銷許可或暫停或停\r\n止其海洋科學研究活動。                                          \r\n在中華民國專屬經濟海域或大陸礁層進行海洋科學研究活動，應遵守下列\r\n規定：                                                          \r\n一、不妨礙中華民國在其專屬經濟海域或大陸礁層行使各項權利。      \r\n二、確保中華民國政府指派代表參與之權利。                        \r\n三、隨時提供進度報告，並提出初步結論與最後結論。                \r\n四、隨時提供完整且不損其科學價值之資料複本、數據或樣本及各項評估\r\n    報告。                                                      \r\n五、確保研究資料利用過程中不得損害中華民國安全及利益。          \r\n六、在計畫有重大改變時，立即通知中華民國政府。                  \r\n七、除另有協議外，不得調查海洋資源。                            \r\n八、不得破壞海洋環境。                                          \r\n九、除另有協議外，在結束後立即拆遷各項研究設施或裝備。          \r\n十、其他相關法律及國際協定之規定。                              \r\n第一項許可辦法，由行政院定之。"
		},
		{
			"number": 1000,
			"content": "在中華民國專屬經濟海域或大陸礁層傾倒、排洩或處置廢棄物或其他物質\r\n，應遵守中華民國法令之規定。"
		},
		{
			"number": 1100,
			"content": "在中華民國專屬經濟海域航行之船舶，有任何違法污染海洋環境之排放行\r\n為時，中華民國得要求該船提供其識別標誌、登記港口、上次停泊及下次\r\n停泊之港口，以及其他必要之相關資料，以確定是否有違法行為發生。\r\n前項有違法排放嫌疑之船舶，若拒絕提供相關規定之資料，或所提供之資\r\n料與實際情況顯然不符，或未持有效證件與紀錄，或依實際情況確有進行\r\n檢查之必要時，中華民國得對該船進行實際檢查，並在有充分證據時，提\r\n起司法程序。\r\n前項被檢查或起訴之船舶，依國際協約規定之程序提供保證書或適當之財\r\n物擔保者，應准其繼續航行。"
		},
		{
			"number": 1200,
			"content": "為因應特殊狀況，中華民國得在其專屬經濟海域劃定特定區域，採取為防\r\n止來自船舶之排放、航行及其他行為所生污染之強制性措施。"
		},
		{
			"number": 1300,
			"content": "在中華民國專屬經濟海域或大陸礁層之活動，除法律另有規定者外，不得\r\n損害天然資源或破壞自然生態。\r\n中華民國專屬經濟海域或大陸礁層天然資源或自然生態，因行為人故意或\r\n過失致損害或破壞時，該行為人與其雇用人應負連帶賠償責任。"
		},
		{
			"number": 1400,
			"content": "對洄游於中華民國專屬經濟海域內外之魚種，中華民國政府具有養護及管\r\n理之權利。外國漁船在捕撈此類魚種時，應適當顧及中華民國對此類魚種\r\n之養護及管理措施。\r\n前項洄游魚種種類及養護管理措施，由行政院訂定公告之。"
		},
		{
			"number": 1500,
			"content": "在中華民國大陸礁層從事海底電纜或管道之舖設、維護或變更，其路線之\r\n劃定，應經中華民國政府之許可；其許可辦法，由行政院定之。\r\n中華民國政府為探勘、開發、管理、養護大陸礁層之非生物資源或定居種\r\n生物資源，或為防止、減少、管制管道造成之污染，得不為前項之許可。"
		},
		{
			"number": 1600,
			"content": "中華民國之國防、警察或其他機關，對在專屬經濟海域或大陸礁層之人或\r\n物，認為有違反中華民國相關法令之虞時，得進行緊追、登臨、檢查；必\r\n要時，得強制驅離、或逮捕其人員，或扣留其船舶、航空器、設備、物品\r\n等，並提起司法程序。"
		},
		{
			"number": 1700,
			"content": "不遵守法令之規定，在中華民國專屬經濟海域或大陸礁層傾倒、排洩或處\r\n置廢棄物或其他物質者，處十年以下有期徒刑、拘役或科或併科新台幣一\r\n億元以下罰金。"
		},
		{
			"number": 1800,
			"content": "在中華民國專屬經濟海域或大陸礁層，故意損害天然資源或破壞自然生態\r\n者，處五年以下有期徒刑、拘役或科或併科新台幣五千萬元以下罰金。"
		},
		{
			"number": 1900,
			"content": "未經許可，在中華民國專屬經濟海域或大陸礁層從事人工島嶼設施或結構\r\n之建造、使用、改變或拆除者，處新台幣一千萬元以上五千萬元以下罰鍰\r\n，並得沒入建造之人工島嶼、設施或結構，或令其回復原狀。\r\n經許可後，違反許可內容或目的者，處新台幣五百萬元以上二千萬元以下\r\n罰鍰，並通知限期改善，屆期仍未改善者，撤銷許可並得強制拆除。"
		},
		{
			"number": 2000,
			"content": "未經許可，有下列情形之一者，處新台幣一百萬元以上五百萬元以下罰鍰\r\n，並得沒入船舶、設備及採 (捕、撈) 獲物︰                        \r\n一、在中華民國專屬經濟海域從事生物資源或非生物資源之探勘、開發、\r\n    管理、養護。                                                \r\n二、在中華民國大陸礁層從事非生物資源或定居種生物資源之探勘、開發\r\n    、管理、養護。                                              \r\n經許可後，違反許可內容或目的者，處新台幣二十萬元以上二百萬元以下\r\n罰鍰，並得沒入採 (捕、撈) 獲物。"
		},
		{
			"number": 2100,
			"content": "未經許可，在中華民國專屬經濟海域利用海水、海流、風力生產能源或其\r\n他相關活動者，處新台幣二十萬元以上一百萬元以下罰鍰，並得沒入相關\r\n設備。"
		},
		{
			"number": 2200,
			"content": "未經許可，在中華民國專屬經濟海域或大陸礁層從事海洋科學研究者，處\r\n新台幣五十萬元以上二百萬元以下罰鍰，並得沒入相關探測儀器及資料。\r\n經許可後，違反許可之內容、目的或第九條第二項所列各款情形者，亦同\r\n。"
		},
		{
			"number": 2300,
			"content": "未經路線劃定許可，在中華民國大陸礁層從事海底電纜或管道之舖設、維\r\n護或變更者，處新台幣二千萬元以上一億元以下罰鍰，並得禁止使用或令\r\n其拆除。"
		},
		{
			"number": 2400,
			"content": "在中華民國專屬經濟海域或大陸礁層，有下列各款情形之一者，依中華民\r\n國刑法之相關規定處罰之︰                                        \r\n一、對於中華民國公務員依法執行職務時，施強暴脅迫。              \r\n二、公然聚眾而有前款行為。                                      \r\n三、毀棄、損壞或隱匿中華民國公務員職務上掌管或委託第三人掌管之文\r\n    書、圖畫、物品或致令不堪用。                                \r\n四、損壞、除去或污穢中華民國公務員所施之封印或查封之標示，或為違\r\n    背其效力之行為。                                            \r\n五、於中華民國公務員依法執行職務時，當場侮辱，或對於其依法執行之\r\n    職務公然侮辱。                                              \r\n六、意圖使中華民國公務員執行一定之職務或妨害其依法執行一定之職務\r\n    而施強暴脅迫。"
		},
		{
			"number": 2500,
			"content": "本法所定罰鍰，經通知限期繳納，屆期仍不繳納者，移送法院強制執行。"
		},
		{
			"number": 2600,
			"content": "本法自公布日施行。"
		}
	]
}