{
	"pcode": "A0000017",
	"type": "憲法",
	"title": "宣告動員戡亂時期終止",
	"url": "https://law.moj.gov.tw/LawClass/LawAll.aspx?pcode=A0000017",
	"category": [
		"憲法"
	],
	"lastUpdate": "19910430",
	"isTranslated": false,
	"history": [
		"中華民國八十年四月三十日總統華總（一）義字第 2118 令公布"
	],
	"divisions": [],
	"articles": [
		{
			"number": 100,
			"content": "茲依據動員勘亂時期臨時條款第十項之規定，宣告動員勘亂時期於中華民\r\n國八十年五月一日終止。"
		}
	]
}