{
	"pcode": "A0000008",
	"type": "命令",
	"title": "戒嚴時期人民受損權利回復條例施行細則",
	"url": "https://law.moj.gov.tw/LawClass/LawAll.aspx?pcode=A0000008",
	"category": [
		"行政",
		"法務部",
		"法律事務目"
	],
	"lastUpdate": "19960214",
	"isTranslated": false,
	"history": [
		"中華民國八十五年二月十四日行政院（85）台法字第 04730 號令 、 司法院（85）院台廳刑一字第 03375 號令 、 考試院（85）考台組壹一字第 00755 號令會同訂定發布全文 16 條；並自發布日施行"
	],
	"divisions": [],
	"articles": [
		{
			"number": 100,
			"content": "本細則依戒嚴時期人民受損權利回復條例 (以下簡稱本條例) 第七條規定\r\n訂定之。"
		},
		{
			"number": 200,
			"content": "本條例第三條第一項第一款所稱公務人員暨專門職業及技術人員考試及格\r\n之資格，指於戒嚴時期，依公務人員考試法及專門職業及技術人員考試法\r\n規所辦理之考試 (含檢覈) 及格所取得之資格。"
		},
		{
			"number": 300,
			"content": "本條例第三條第一項第二款所稱公務人員，指各機關組織法規中，除政務\r\n官、民選人員及聘僱人員外，受有俸 (薪) 給之文職人員。\r\n前項所稱各機關，指下列之機關或機構：　\r\n一、中央政府及其所屬各機關。\r\n二、地方政府及其所屬各機關。\r\n三、各級民意機關。\r\n四、公營事業機構。\r\n五、交通事業機構。\r\n六、其他依法組織之機關。"
		},
		{
			"number": 400,
			"content": "本條例第三條第一項第二款所稱教育人員，指公立各級學校校長、教師、\r\n職員、社會教育機構專業人員及學術研究機構研究人員。"
		},
		{
			"number": 500,
			"content": "本條例第三條第一項第二款所稱公職人員，指戒嚴時期當時各種公職人員\r\n選舉罷免法規所列之公職人員。"
		},
		{
			"number": 600,
			"content": "本條例第三條第一項第四款所稱退休金，包括公務人員、教育人員之一次\r\n退休金、月退休金及軍人之退休俸、生活補助費、退伍金、贍養金。"
		},
		{
			"number": 700,
			"content": "本條例第三條第一項所稱主管機關，指下列各款之機關 (構)：　\r\n一、依本條例第三條第一項第一款所定回復公務人員暨專門職業及技術人\r\n    員考試及格資格之申請案，為考試院。\r\n二、依本條例第三條第一項第二款所定回復公務人員或教育人員資格之申\r\n    請案，其任用須銓敘者為銓敘部，無須銓敘者為依各該任用法規規定\r\n    任用之權責機關 (構) 。\r\n三、依本條例第三條第一項第三款所定回復專門職業及技術人員執業資格\r\n    之申請案，為各種專門職業及技術人員法規所定之中央主管機關。\r\n四、依本條例第三條第一項第四款所定回復撫卹金、退休金或保險金領受\r\n    人資格之申請案，為各該核定權責機關。\r\n本條例第三條第五項所稱之主管機關，為各該退休金、撫卹金核定主管機\r\n關。"
		},
		{
			"number": 800,
			"content": "申請回復本條例第三條第一項第一款規定之公務人員暨專門職業及技術人\r\n員考試及格之資格者，須檢附於戒嚴時期，因犯內亂罪、外患罪，經裁判\r\n確定、或交付感化、或提起公訴、或通緝有案尚未結案而喪失或被撤銷考\r\n試及格資格之證明文件，向考試院申請回復。"
		},
		{
			"number": 900,
			"content": "公務人員或教育人員具有本條例第三條第一項第二款情形，得向原服務機\r\n關 (構) 、學校申請再任。原服務機關 (構) 、學校應依現行公務人員或\r\n教育人員任用法規予以查證核轉進用權責主管機關 (構) 、學校辦理。原\r\n服務機關 (構) 、學校裁撤或改組者，應向上級機關 (構) 、學校或承受\r\n其業務之機關 (構) 、學校申請再任。\r\n前項受理申請機關 (構) 、學校對於申請再任人員，應審酌其所具任用、\r\n聘任資格，予以安置。"
		},
		{
			"number": 1000,
			"content": "依本條例規定，再任公務人員、教育人員者，其再任之職務應與所具資格\r\n相當，並依原核定有案之相當俸 (薪) 級起敘。"
		},
		{
			"number": 1100,
			"content": "公務人員或教育人員具有本條例第三條第一項第二款情形，於本條例施行\r\n時，如已逾退休限齡不符現行公務人員、教育人員任用法律，無法再任者\r\n；或向原服務機關 (構) 、學校申請再任，而無適當職缺可供其再任者，\r\n得由當事人檢附證明文件向原服務機關 (構) 、學校申請核轉主管機關，\r\n依當時公務人員或教育人員資遣、退休及保險法令規定辦理資遣、退休及\r\n請領保險給付。\r\n前項資遣給與及退休金，均依其最後在職時經銓敘機關或核定權責機關 (\r\n構) 、學校審定之俸 (薪) 級，按現職相當職等、俸 (薪) 級人員月俸 (\r\n薪) 額計算，並自申請審定生效之日發給。\r\n第一項保險給付，以其最後在保當月之保險俸 (薪) 給數額為計算給付標\r\n準，並依公務人員保險法第十六條規定之給付月數發給。"
		},
		{
			"number": 1200,
			"content": "本條例第三條第一項第四款規定，撫卹金、退休金或保險金領受人資格之\r\n回復，得向原服務機關 (構) 、學校申請核轉各該核定權責機關辦理。原\r\n服務關 (構) 、學校裁撤或改組者，應向上級機關 (構) 、學校或承受其\r\n業務之機關 (構) 、學校申請。\r\n前項撫卹金、退休金或保險金之回復，均依其最後在職時經銓敘機關或核\r\n定權責機關 (構) 、學校審定之俸 (薪) 級，按現職相當職等 (官階) 、\r\n俸 (薪) 級人員月俸 (薪) 額計算，並自申請審定生效之日發給。"
		},
		{
			"number": 1300,
			"content": "各機關 (構) 、學校於收受本條例所定之各項申請案，認為非屬其主管權\r\n責時，應即移送權責主管機關 (構) 、學校辦理。"
		},
		{
			"number": 1400,
			"content": "依本條例第四條之請求發還或補償事件，準用冤獄賠償法之相關規定辦理\r\n。"
		},
		{
			"number": 1500,
			"content": "本條例第六條所稱比照冤獄賠償法相關規定，請求國家賠償，係指本條例\r\n未規定者，準用冤獄賠償法之規定。"
		},
		{
			"number": 1600,
			"content": "本細則自發布日施行。"
		}
	]
}