{
	"pcode": "A0010114",
	"type": "命令",
	"title": "臺灣省諮議會編制表",
	"url": "https://law.moj.gov.tw/LawClass/LawAll.aspx?pcode=A0010114",
	"category": [
		"行政",
		"臺灣省政府",
		"組織目"
	],
	"lastUpdate": "20131004",
	"isTranslated": false,
	"attachments": [
		"https://law.moj.gov.tw/LawClass/LawGetFile.ashx?FileId=0000135220"
	],
	"history": [
		"中華民國八十七年十二月十九日行政院（87）台內字第 62416 號令訂定發布",
		"中華民國九十年四月二十七日行政院（90）台院人政力字第 012664 號令修正發布",
		"中華民國九十三年二月十三日行政院院授人力字第 09300609431 號令修正發布",
		"中華民國九十六年二月九日行政院院授人力字第 09600607551 號令修正發布",
		"中華民國九十九年二月二十五日行政院院授研綜字第 0992260247 號令修正發布；並自九十九年一月一日生效",
		"中華民國一百零二年十月四日行政院院授研綜字第 1022260911 號令修正發布"
	],
	"divisions": [],
	"articles": [
		{
			"number": 100,
			"content": "備      註：本編制表依據臺灣省諮議會組織規程第 16 條訂定，內容請\r\n            參閱相關圖表附檔。"
		}
	]
}