{
	"pcode": "A0010113",
	"type": "命令",
	"title": "行政院編制表",
	"url": "https://law.moj.gov.tw/LawClass/LawAll.aspx?pcode=A0010113",
	"category": [
		"行政",
		"院本部",
		"組織目"
	],
	"lastUpdate": "20180820",
	"isTranslated": false,
	"attachments": [
		"https://law.moj.gov.tw/LawClass/LawGetFile.ashx?FileId=0000225858"
	],
	"history": [
		"中華民國一百年十月二十七日行政院院臺人字第 1000105050 號令訂定發布；並自一百零一年一月一日施行",
		"中華民國一百年十二月三十日行政院院臺人字第 1000070015 號令修正發布；並自一百零一年一月一日生效",
		"中華民國一百零三年六月三十日行政院院臺人字第 1030139099 號令修正發布；並自一百零三年七月二日生效",
		"中華民國一百零三年九月五日行政院院臺人字第 1030050770 號令修正發布；並自一百零三年七月二日生效",
		"中華民國一百零五年七月三十日行政院院臺人字第 1050168936 號令修正發布；並自一百零五年八月一日生效",
		"中華民國一百零七年八月二十日行政院院臺人字第 1070184625 號令修正發布；並自一百零七年八月二十二日生效"
	],
	"divisions": [],
	"articles": [
		{
			"number": 100,
			"content": "備      註：本編制表依據行政院組織法第 13 條訂定，內容請參閱相關\r\n            圖表附檔。"
		}
	]
}