{
	"pcode": "A0010039",
	"type": "法律",
	"title": "行政院經濟建設委員會組織條例",
	"url": "https://law.moj.gov.tw/LawClass/LawAll.aspx?pcode=A0010039",
	"category": [
		"廢止法規",
		"國家發展委員會"
	],
	"lastUpdate": "20150520",
	"isDiscarded": true,
	"isTranslated": true,
	"english": "The Organic Act of the Council for Economic Planning and Development, Executive Yuan",
	"history": [
		"中華民國七十四年一月七日總統（74）華總（一）義字第 0065 號令制定公布全文 20 條",
		"中華民國一百零四年五月二十日總統華總一義字第 10400058211 號令公布廢止"
	],
	"divisions": [],
	"articles": [
		{
			"number": 100,
			"content": "行政院為從事國家經濟建設之設計、審議、協調及考核，特設經濟建設委\r\n員會 (以下簡稱本會) 。"
		},
		{
			"number": 200,
			"content": "本會設左列各處：\r\n一、綜合計劃處。\r\n二、經濟研究處。\r\n三、部門計劃處。\r\n四、人力規劃處。\r\n五、都市及住宅發展處。\r\n六、財務處。\r\n七、管制考核處。\r\n八、總務處。"
		},
		{
			"number": 300,
			"content": "綜合計劃處掌理左列事項：\r\n一、關於中期、長期經濟建設計畫之研擬事項。\r\n二、關於年度經濟建設計畫之研擬及協調事項。\r\n三、關於經濟設計之專案研究事項。\r\n四、關於經濟資料之編報事項。"
		},
		{
			"number": 400,
			"content": "經濟研究處掌理左列事項：\r\n一、關於國家經濟建設政策與措施之研擬、審議及協調事項。\r\n二、關於經濟建設問題之研究及分析事項。\r\n三、關於國內外經濟情勢之研究及分析事項。\r\n四、關於國內經濟景氣之調查、研究及分析事項。\r\n五、關於大陸經濟問題之研究及分析事項。"
		},
		{
			"number": 500,
			"content": "部門計劃處掌理左列事項：\r\n一、關於經濟建設部門發展計畫之研擬及審議事項。\r\n二、關於經濟建設部門發展計畫及措施之審議事項。\r\n三、關於經濟建設部門發展計畫之聯繫、協調事項。\r\n四、關於經濟建設有關科技發展之聯繫、協調事項。\r\n五、關於經濟建設部門發展之專案研究事項。"
		},
		{
			"number": 600,
			"content": "人力規劃處掌理左列事項：\r\n一、關於人力發展政策與計畫之研擬及審議事項。\r\n二、關於人力供需之預測及分析事項。\r\n三、關於人力發展措施之聯繫、協調事項。\r\n四、關於人力資源專案問題之研究及分析事項。\r\n五、關於工資、生產力及就業市場機能之研究及分析事項。"
		},
		{
			"number": 700,
			"content": "都市及住宅發展處掌理左列事項：\r\n一、關於都市及住宅綜合開發計畫之研擬及協調事項。\r\n二、關於區域與都市發展問題之研究及審議事項。\r\n三、關於住宅建設計畫之審議及協調事項。\r\n四、關於自然資源與環境保育之研究及審議事項。\r\n五、關於其他都市及住宅發展建設問題之研究及規劃事項。"
		},
		{
			"number": 800,
			"content": "財務處掌理左列事項：\r\n一、關於重要經濟建設計畫財務之審查及協調事項。\r\n二、關於中美經濟社會發展基金運用計畫之研擬事項。\r\n三、關於中美經濟社會發展基金運用計畫執行之監督及財務稽核事項。\r\n四、關於中美經濟社會發展基金之收支及外債償付事項。"
		},
		{
			"number": 900,
			"content": "管制考核處掌理左列事項：\r\n一、關於重要經濟建設計畫或方案之管制及考核事項。\r\n二、關於中美經濟社會發展基金運用計畫執行之管制及考核事項。\r\n三、關於重要經濟建設計畫執行期間有關問題之協調事項。\r\n四、關於施政之管制及考核事項。\r\n五、關於經建資訊體系之建立及管理事項。"
		},
		{
			"number": 1000,
			"content": "總務處掌理左列事項：\r\n一、關於文件之收發、分配、繕校、保管及稽催事項。\r\n二、關於印信典守事項。\r\n三、關於委員會議及業務會報之議事事項。\r\n四、關於款項出納、公產、公物保管及事務管理事項。\r\n五、關於公共關係及新聞發布事項。\r\n六、不屬於其他各處之事項。"
		},
		{
			"number": 1100,
			"content": "本會置主任委員一人，特任，綜理會務；副主任委員一人至三人，職位均\r\n比照第十四職等，襄助會務。\r\n本會置委員十一人，由行政院院長指定行政院政務委員、中央銀行總裁、\r\n財政部部長、經濟部部長、交通部部長、行政院農業委員會主任委員、行\r\n政院秘書長、行政院主計長及聘用有關人員充任之。除聘用者外，餘為無\r\n給職。"
		},
		{
			"number": 1200,
			"content": "本會置主任秘書一人，參事四人，處長八人，專門委員三十三人至四十三\r\n人，職位均列第十至第十二職等；副處長八人，職位列第九至第十一職等\r\n；技正三十三人至四十三人，秘書三人至五人，稽核十人至二十人，視察\r\n六人至十人，職位均列第六至第九職等，其中技正二十一人、秘書三人、\r\n稽核七人、視察五人，職位得列第十或第十一職等；專員五十一人至六十\r\n一人，職位列第六至第九職等；技士十人至十六人，科員八十人至一百人\r\n，職位均列第三至第五職等，其中技士十人、科員五十三人，職位得列第\r\n六或第七職等；書記六人至八人，職位列第一至第三職等。"
		},
		{
			"number": 1300,
			"content": "本會設人事室，置主任一人，職位列第九至第十一職等；依法辦理人事管\r\n理及人事查核事項。\r\n人事室所需工作人員，應就本條例所定員額內派充之。"
		},
		{
			"number": 1400,
			"content": "本會設會計室，置會計主任一人，職位列第九至第十一職等；依法辦理歲\r\n計、會計及統計事項。\r\n會計室所需工作人員，應就本條例所定員額內派充之。"
		},
		{
			"number": 1500,
			"content": "第十二條至第十四條所定各職稱人員，其職位之職系，依公務職位分類法\r\n及職系說明書，就一般行政管理、經建行政、農業經濟、工業行政、工業\r\n工程、水利行政、水利工程、交通行政、交通技術管理、一般化學工程、\r\n地政、測量、一般工程、土木工程、都市計畫、建築工程、結構工程、企\r\n業管理、企劃控制、社會行政、勞工行政、財務管理、圖書管理、稽核、\r\n會計、統計、人事行政、法制、編譯、議事、公共關係、出納、事務管理\r\n、文書、打字及其他有關職系選用之。"
		},
		{
			"number": 1600,
			"content": "本會因業務需要，經行政院核准，得聘用顧問或研究員。"
		},
		{
			"number": 1700,
			"content": "本會為研擬經濟建設政策或措施，徵詢意見，經行政院核准，得聘請專家\r\n為諮詢委員。"
		},
		{
			"number": 1800,
			"content": "本條例施行前，本會原以臨時機關性質依派用人員派用條例審定准予登記\r\n有案之現職人員，未具公務人員任用資格者，由考試院以考試方法限期銓\r\n定其任用資格。\r\n前項考試方法，由考試院定之。"
		},
		{
			"number": 1900,
			"content": "本會會議規則、辦事細則，由本會擬訂，報請行政院核定之。"
		},
		{
			"number": 2000,
			"content": "本條例自公布日施行。"
		}
	]
}