{
	"pcode": "A0010085",
	"type": "命令",
	"title": "福建省政府暫行組織規程",
	"url": "https://law.moj.gov.tw/LawClass/LawAll.aspx?pcode=A0010085",
	"category": [
		"廢止法規",
		"內政部"
	],
	"lastUpdate": "19960619",
	"isDiscarded": true,
	"isTranslated": false,
	"history": [
		"中華民國八十一年十一月五日內政部（81）台內民字第 8186774 號令訂定發布全文 12 條",
		"中華民國八十五年六月十九日內政部（85）台內民字第 8579854 號令廢止"
	],
	"divisions": [],
	"articles": [
		{
			"number": 100,
			"content": "福建省政府 (以下簡稱本府) 之組織，於省縣自治法律制定前，暫依本規\r\n程之規定。"
		},
		{
			"number": 200,
			"content": "本府掌理左列事項：\r\n一、關於本省行政事務之處理督導事項。\r\n二、關於中央及地方事務之承轉事項。\r\n三、關於本省縣自治之協調事項。\r\n四、關於本省大陸地區各地計畫資料之蒐集編審及方案設計事項。\r\n依現行法律規定，由本省主管或執行事項得暫委託中央主管機關或授權或\r\n委託縣政府辦理之。"
		},
		{
			"number": 300,
			"content": "本府設三組，分別辦理前條第一項各款所列事項。"
		},
		{
			"number": 400,
			"content": "本府置委員七人至十一人，由行政院會議議決，提請總統任命，組織本府\r\n委員會，行使職權。\r\n本府置主席一人，就本府委員中提經行政院會議議決後，呈請總統任命。"
		},
		{
			"number": 500,
			"content": "本府主席之職權如左：\r\n一、召集本府委員會議，並任主席。\r\n二、執行本府委員會之議決案。\r\n三、指揮監督所屬員工。\r\n四、處理本府日常及緊急事務。\r\n本府主席因故不能執行職務時，由秘書長暫行代理其職務，並報行政院核\r\n備。"
		},
		{
			"number": 600,
			"content": "本府置秘書長一人，由本府委員兼任，承主席之命，處理本府事務。"
		},
		{
			"number": 700,
			"content": "本府置參議、組長、秘書、編審、專員、組員、辦事員。"
		},
		{
			"number": 800,
			"content": "本府有關人事管理、歲計、會計及統計事項，由本府指派適當人員兼辦。"
		},
		{
			"number": 900,
			"content": "本規程所列各職稱之官等及員，另以編制定之。\r\n各職稱之職等，依職務列等表之規定。"
		},
		{
			"number": 1000,
			"content": "本規程列有官等職等人員，其職務所適用之職系，依公務人員任用法第八\r\n條之規定，就有關職系選用之。"
		},
		{
			"number": 1100,
			"content": "本府辦事細則、委員會議事規則，由本府定之。"
		},
		{
			"number": 1200,
			"content": "本規程自發布日施行 (附表請參閱中華民國現行法規彙編八十三年五月版\r\n (二) 第 1237 至 1238 頁) 。"
		}
	]
}