{
	"pcode": "A0010041",
	"type": "命令",
	"title": "行政院研究發展考核委員會法規委員會組織規程",
	"url": "https://law.moj.gov.tw/LawClass/LawAll.aspx?pcode=A0010041",
	"category": [
		"廢止法規",
		"行政院研究發展考核委員會"
	],
	"lastUpdate": "20140120",
	"isDiscarded": true,
	"isTranslated": false,
	"history": [
		"中華民國九十年三月九日行政院研究發展考核委員會（90）會研字第 0005375 之 1 號令訂定發布全文 11 條；並自發布日起實施",
		"中華民國一百零三年一月二十日行政院研究發展考核委員會會法字第 1035160003 號令發布廢止"
	],
	"divisions": [],
	"articles": [
		{
			"number": 100,
			"content": "行政院研究發展考核委員會 (以下簡稱本會) 為處理法制事務，特設法規\r\n委員會 (以下簡稱法規會) 。"
		},
		{
			"number": 200,
			"content": "法規會掌理下列事項：\r\n一、年度立法計畫及法規整理計畫之審議事項。\r\n二、法規制 (訂) 定、修正、廢止之研議或審議事項。\r\n三、法規疑義之研議或闡釋事項。\r\n四、法規資料之蒐集、整理及編印事項。\r\n五、法制作業之協調、聯繫事項。\r\n六、其他有關法制事項。"
		},
		{
			"number": 300,
			"content": "法規會置主任委員一人，由本會主任委員指定本會副主任委員一人兼任之\r\n。"
		},
		{
			"number": 400,
			"content": "法規會置委員七人至十一人，由本會主任委員指派本會有關高級人員兼任\r\n或就學者、專家聘兼之。任期均為二年，期滿得續派 (聘) 之。"
		},
		{
			"number": 500,
			"content": "法規會置執行秘書一人，承主任委員之命，處理日常事務；工作人員三人\r\n至五人，受執行秘書之指揮監督，辦理第二條所定事務。\r\n前項人員，均由本會法定員額內派充之。"
		},
		{
			"number": 600,
			"content": "法規會視業務需要，不定期舉行委員會議，由主任委員召集之，並為主席\r\n；主任委員未能出席時，應指定委員一人代理之。"
		},
		{
			"number": 700,
			"content": "法規會委員會議之決議，應有全體委員過半數之出席，出席委員過半數之\r\n同意行之。可否同數時，由主席裁決之。\r\n委員應親自出席法規會委員會議。但由業務主管兼任之委員，如未能親自\r\n出席時，得指派代表出席，並通知法規會。\r\n前項指派之代表列入出席人數，並參與會議發言及表決。"
		},
		{
			"number": 800,
			"content": "法規會委員會議開會時，得邀請本會有關單位、人員列席。必要時，並得\r\n邀請專家、學者或有關機關代表列席。"
		},
		{
			"number": 900,
			"content": "法規會必要時得委託學術機構或專家、學者，協助蒐集、研究或整理本會\r\n法規之資料。"
		},
		{
			"number": 1000,
			"content": "法規會委員為無給職。但非本會人員兼任者，得依規定支給出席費或兼職\r\n交通費。"
		},
		{
			"number": 1100,
			"content": "本規程自發布日施行。"
		}
	]
}