{
	"pcode": "A0010065",
	"type": "命令",
	"title": "考試院訴願審議委員會組織規程",
	"url": "https://law.moj.gov.tw/LawClass/LawAll.aspx?pcode=A0010065",
	"category": [
		"廢止法規",
		"考試院"
	],
	"lastUpdate": "19931221",
	"isDiscarded": true,
	"isTranslated": false,
	"history": [
		"中華民國六十年四月二十八日考試院（60）考臺祕一字第 0784 號令訂定發布",
		"中華民國七十一年五月十九日考試院（71）考臺祕議字第 1823 號令修正發布",
		"中華民國七十六年九月二十五日考試院（76）考台祕議字第 2386 號令修正發布",
		"中華民國八十二年十二月二十一日考試院（82）考台秘議字第 4634 號令發布廢止"
	],
	"divisions": [],
	"articles": [
		{
			"number": 100,
			"content": "考試院為辦理訴願事件，依訴願法第二十六條第一項之規定，設訴願審議\r\n委員會 (以下簡稱本會) 。"
		},
		{
			"number": 200,
			"content": "本會置主任委員一人，由秘書長兼任，委員八人至十人，由院長就本院高\r\n級職員中遴派之。"
		},
		{
			"number": 300,
			"content": "本會置執行秘書一人，由院長就本院職員中熱諳法令者派兼之。院長並得\r\n視實際情形，增調本院職員協助本會工作。"
		},
		{
			"number": 400,
			"content": "主任委員綜理訴願事件之分配及審議事項。"
		},
		{
			"number": 500,
			"content": "委員負責訴願事件之審查、調查、審議及決定等事項。"
		},
		{
			"number": 600,
			"content": "本會執行秘書長承主任委員之命，辦理本會一般行政事項。"
		},
		{
			"number": 700,
			"content": "本會人員，但得依規定按月致送研究費。"
		},
		{
			"number": 800,
			"content": "本規程自發布日施行。"
		}
	]
}