{
	"pcode": "A0010003",
	"type": "命令",
	"title": "國民大會提案審查委員會組織規程",
	"url": "https://law.moj.gov.tw/LawClass/LawAll.aspx?pcode=A0010003",
	"category": [
		"國民大會（憲法國民大會章條文已停止適用）"
	],
	"lastUpdate": "19920402",
	"isTranslated": false,
	"history": [
		"中華民國三十七年三月九日第一屆國民大會第四次大會通過",
		"中華民國四十三年三月三日第一屆國民大會第二次會議第二次大會修正通過",
		"中華民國四十九年三月一日第一屆國民大會第三次會議第二次大會決議沿用本規程",
		"中華民國五十五年二月二十八日第一屆國民大會第四次會議第一次大會修正通過",
		"中華民國六十一年二月二十八日第一屆國民大會第五次會議第一次大會通過沿用本規程",
		"中華民國六十七年二月二十七日第一屆國民大會第六次會議第一次大會修正通過",
		"中華民國七十三年二月二十七日第一屆國民大會第七次會議第一次大會修正通過",
		"中華民國八十一年四月二日第二屆國民大會臨時會第五次大會修正通過"
	],
	"divisions": [],
	"articles": [
		{
			"number": 100,
			"content": "本規程依國民大會組織法第七條之規定訂定之。"
		},
		{
			"number": 200,
			"content": "提案之審查設左列各委員會：\r\n第一審查委員會審查關於憲法之提案及不屬於其他審查委員會之提案。\r\n第二審查委員會審查關於國防之提案。\r\n第三審查委員會審查關於外交之提案。\r\n第四審查委員會審查關於國民經濟之提案。\r\n第五審查委員會審查關於社會安全之提案。\r\n第六審查委員會審查關於教育文化之提案。\r\n第七審查委員會審查關於邊疆地區之提案。\r\n第八審查委員會審查關於僑務之提案。\r\n上列各委員會由代表自由認定參加，經主席團整理公布之。公布後不得再\r\n行改認。\r\n每一代表認定一委員會。但認定第一審查委員會者，得再參加另一委員會\r\n。\r\n第一審查委員會於必要時，得分設數審查小組，審查小組於審查後，應將\r\n審查結果提交該審查會決定之。"
		},
		{
			"number": 300,
			"content": "第一審查委員會設召集人十一人，其他審查委員會各設召集人五人，均由\r\n各該委員會委員登記為召集人候選人以後，以無記名單記法票選之。"
		},
		{
			"number": 400,
			"content": "各審查委員會開會時由召集人互推一人為主席。"
		},
		{
			"number": 500,
			"content": "各審查委員會應有各該委員會參加委員五分之一以上人數之出席，始得開\r\n議。議案之議決，以出席委員過半數之同意為之。"
		},
		{
			"number": 600,
			"content": "各審查委員會得通知有關人員列席說明。"
		},
		{
			"number": 700,
			"content": "各審查委員會會議，除審查關於國防，外交有機密性質之案件外，以公開\r\n方式進行之。"
		},
		{
			"number": 800,
			"content": "各審查委員會應將審查之經過及其結果，繕具報告書，分別提請大會決定\r\n。"
		},
		{
			"number": 900,
			"content": "各審查委員會開會時，配置秘書、幹事及其他人員，均由秘書處臨時派充\r\n之。秘書長、副秘書長得列席審查委員會。"
		},
		{
			"number": 1000,
			"content": "本規程由國民大會通過施行。"
		}
	]
}