{
	"pcode": "A0010046",
	"type": "命令",
	"title": "立法院程序委員會組織規程",
	"url": "https://law.moj.gov.tw/LawClass/LawAll.aspx?pcode=A0010046",
	"category": [
		"立法"
	],
	"lastUpdate": "20090106",
	"isTranslated": false,
	"history": [
		"",
		"中華民國三十九年四月十四日立法院第一屆第五會期第十五次會議修正通過",
		"中華民國四十二年十一月十日第十二會期第九次會議修正通過",
		"中華民國四十六年十一月二十六日立法院第一屆第二十會期第十七次會議修正通過",
		"中華民國五十六年十二月二十六日立法院第一屆第四十會期第二十七次會議通過",
		"中華民國八十八年三月十六日立法院第四屆第一會期第三次會議修正通過全文 9 條",
		"中華民國九十六年十一月三十日第六屆第六會期第十三次會議通過修正第 2、3、5、9 條條文；並自立法院第七屆立法委員就職日（九十七年二月一日）起施行",
		"中華民國九十八年一月六日立法院第七屆第二會期第十六次會議通過修正第 5 條條文"
	],
	"divisions": [],
	"articles": [
		{
			"number": 100,
			"content": "本規程依立法院組織法第七條訂定之。"
		},
		{
			"number": 200,
			"content": "程序委員會（以下簡稱本會）置委員十九人，由各黨團依其在院會席次之\r\n比例分配之。但每一黨團至少一人。"
		},
		{
			"number": 300,
			"content": "本會置召集委員二人，由委員互選之。\r\n本會開會時，由召集委員輪流擔任主席。"
		},
		{
			"number": 400,
			"content": "本會職掌如下：\r\n一、關於各種提案手續是否完備，內容是否符合本院職權之審定。\r\n二、關於議案之合併、分類及其次序之變更。\r\n三、關於政府提案、委員提案討論時間之分配。\r\n四、關於政黨質詢、立法委員個人質詢時間之分配。\r\n五、關於院會所交與議事程序有關問題之處理。\r\n六、關於人民請願文書、形式審核、移送、函復及通知之處理。\r\n人民請願文書，雖未標名請願，而其內容合於請願法第五條規定者，視為\r\n請願文書。\r\n人民向其他機關請願之請願文書，其副本函本院者，送有關委員會存查。"
		},
		{
			"number": 500,
			"content": "本院各委員會審查議案，由程序委員會依下列規定分配提報院會決定：\r\n一、內政委員會：審查內政、選舉、蒙藏、大陸、原住民族、客家、海岸\r\n    巡防政策及有關內政部、中央選舉委員會、蒙藏委員會、行政院大陸\r\n    委員會、行政院原住民族委員會、行政院客家委員會、行政院海岸巡\r\n    防署掌理事項之議案。\r\n二、外交及國防委員會：審查外交、僑務、國防、退除役官兵輔導政策與\r\n    宣戰案、媾和案、條約案、戒嚴案及有關外交部、僑務委員會、國防\r\n    部、行政院國軍退除役官兵輔導委員會掌理事項之議案。\r\n三、經濟委員會：審查經濟、農業、經濟建設、公平交易、能源、科技政\r\n    策及有關經濟部、行政院農業委員會、行政院經濟建設委員會、行政\r\n    院公平交易委員會掌理事項之議案。\r\n四、財政委員會：審查財政、金融政策、預算、決算、主計、審計及有關\r\n    財政部、中央銀行、行政院金融監督管理委員會、行政院主計處掌理\r\n    事項之議案。\r\n五、教育及文化委員會：審查教育、文化政策及有關教育部、行政院文化\r\n    建設委員會、國立故宮博物院、行政院新聞局、行政院青年輔導委員\r\n    會、行政院體育委員會、中央研究院、行政院國家科學委員會、行政\r\n    院原子能委員會掌理事項之議案。\r\n六、交通委員會：審查交通、公共工程、通訊傳播政策及有關交通部、行\r\n    政院公共工程委員會、國家通訊傳播委員會掌理事項之議案。\r\n七、司法及法制委員會：審查民事、刑事、行政訴訟、懲戒、大赦、機關\r\n    組織、研考與有關法務部、行政院研究發展考核委員會、行政院人事\r\n    行政局掌理事項及其他不屬於各委員會審查之議案；國營事業機構組\r\n    織之議案應視其性質由有關委員會主持。\r\n八、社會福利及衛生環境委員會：審查衛生、環境、社會福利、勞工、消\r\n    費者保護政策及有關行政院衛生署、行政院環境保護署、內政部社會\r\n    司及兒童局、行政院勞工委員會、行政院消費者保護委員會掌理事項\r\n    之議案。\r\n前項議案審查之分配其性質與其他委員會有關聯者，配由主持審查之委員\r\n會與有關委員會會同審查之。"
		},
		{
			"number": 600,
			"content": "本會每週舉行例會二次，必要時得舉行臨時會議。"
		},
		{
			"number": 700,
			"content": "本會開會時，議事處處長應列席，必要時，得邀請秘書長或副秘書長列席\r\n。"
		},
		{
			"number": 800,
			"content": "本會置秘書一人、編審一人、專員一人、科員三人、辦事員二人，由議事\r\n處派員兼任之。"
		},
		{
			"number": 900,
			"content": "本規程經院會通過後施行。\r\n本規程中華民國 96 年 11 月 30 日院會通過之條文，自立法院第七屆立\r\n法委員就職日起施行。"
		}
	]
}