{
	"pcode": "A0010033",
	"type": "命令",
	"title": "行政院各部會副首長會議設置辦法",
	"url": "https://law.moj.gov.tw/LawClass/LawAll.aspx?pcode=A0010033",
	"category": [
		"廢止法規",
		"行政院"
	],
	"lastUpdate": "20010711",
	"isDiscarded": true,
	"isTranslated": false,
	"history": [
		"中華民國五十六年十二月二十八日行政院第一○五○次會議核定中華民國五十七年一月五日行政院（57）台議字第 0109 號令發布施行",
		"中華民國七十年五月十八日行政院（70）台秘字第 6661 號令修正發布第 7、8 條條文",
		"中華民國九十年七月十一日行政院（90）台秘字第 040668 號令發布廢止"
	],
	"divisions": [],
	"articles": [
		{
			"number": 100,
			"content": "行政院為加強各部會業務及政策之配合聯繫，並對提出行政院會議討論事\r\n項預為研議協調，以增進行政效率，特設置各部會副首長會議 (以下簡稱\r\n本會議) 。"
		},
		{
			"number": 200,
			"content": "本會議每週舉行一次，必要時得召開臨時會議，均由行政院秘書長召集之\r\n，並為會議之主席。秘書長因事不能主持時，由行政院副秘書長代理之。"
		},
		{
			"number": 300,
			"content": "本會議出席人員如左：\r\n一、各部政務次長一人，政務次長不能出席時，由常務次長出席。\r\n二、國防部副部長，副部長不能出席時，得指定常務次長一人出席。\r\n三、蒙藏、僑務兩委員會副委員長各一人。\r\n四、院長指定之其他機關人員。"
		},
		{
			"number": 400,
			"content": "本會議開會時，得視必要邀請有關人員列席。"
		},
		{
			"number": 500,
			"content": "本會議研議事項如左：\r\n一、關於法律案或重要行政規章事項。\r\n二、關於涉及兩部會以上主管業務之政策事項。\r\n三、關於各部會共同關係之事項。\r\n四、院長暨院會交議事項。\r\n五、其他有關政務及行政興革重要事項。"
		},
		{
			"number": 600,
			"content": "前條研議事項之研議結論，應由行政院秘書長簽陳院長核奪。"
		},
		{
			"number": 700,
			"content": "本會議議程之編訂，開會時之紀錄及其他有關事項，由行政院秘書處辦理\r\n之。"
		},
		{
			"number": 800,
			"content": "本辦法自發布日施行。"
		}
	]
}