{
	"pcode": "A0010020",
	"type": "命令",
	"title": "國史館史料審查委員會組織規程",
	"url": "https://law.moj.gov.tw/LawClass/LawAll.aspx?pcode=A0010020",
	"category": [
		"廢止法規",
		"總統府"
	],
	"lastUpdate": "20180214",
	"isDiscarded": true,
	"isTranslated": false,
	"history": [
		"中華民國四十七年三月五日國史館發布施行",
		"中華民國一百零七年二月十四日國史館國審字第 1071000259C 號令發布廢止"
	],
	"divisions": [],
	"articles": [
		{
			"number": 100,
			"content": "本規程依國史館組織條例第六條訂定之。"
		},
		{
			"number": 200,
			"content": "國史館史料審查委員會設委員十一人至十九人，由館長指定纂修、協修並\r\n聘館外專家組織之。"
		},
		{
			"number": 300,
			"content": "本會委員任期一年至三年，得連任。"
		},
		{
			"number": 400,
			"content": "本會設主任委員一人，由館長就委員中遴任之。"
		},
		{
			"number": 500,
			"content": "本會定於每月舉行會議一次，必要時得召開臨時會，均由主任委員召集之\r\n。"
		},
		{
			"number": 600,
			"content": "本會審查之範圍如左：\r\n一、關於史料徵集事項。\r\n二、關於史料考訂事項。\r\n三、關於史料編印事項。\r\n四、關於史稿審議事項。\r\n五、其他有關修史事項。\r\n六、館長交議事項。"
		},
		{
			"number": 700,
			"content": "本會設總幹事一人及紀錄人員一至二人，由館長就館中職員派兼之。"
		},
		{
			"number": 800,
			"content": "本會委員及職員均為無給職，惟館外專家兼任之委員得分別致送出席費。"
		}
	]
}