{
	"pcode": "A0010116",
	"type": "命令",
	"title": "不當黨產處理委員會編組表",
	"url": "https://law.moj.gov.tw/LawClass/LawAll.aspx?pcode=A0010116",
	"category": [
		"行政",
		"不當黨產處理委員會",
		"組織目"
	],
	"lastUpdate": "20180511",
	"isTranslated": false,
	"attachments": [
		"https://law.moj.gov.tw/LawClass/LawGetFile.ashx?FileId=0000217378"
	],
	"history": [
		"中華民國一百零五年八月十二日行政院院臺人字第 1050173447 號令訂定發布；並自一百零五年八月十五日生效",
		"中華民國一百零六年六月十九日行政院院授人組字第 10600488601 號令修正發布；並自一百零六年六月二十一日生效",
		"中華民國一百零七年五月十一日行政院院授人組字第 10700402721 號令修正發布；並自一百零七年五月十三日生效"
	],
	"divisions": [],
	"articles": [
		{
			"number": 100,
			"content": "備      註：本編組表依據不當黨產處理委員會組織規程第 10 條訂定，\r\n            內容請參閱相關圖表附檔。"
		}
	]
}