{
	"pcode": "A0010072",
	"type": "法律",
	"title": "監察院各委員會組織法",
	"url": "https://law.moj.gov.tw/LawClass/LawAll.aspx?pcode=A0010072",
	"category": [
		"監察",
		"院本部",
		"組織目"
	],
	"lastUpdate": "19980107",
	"isTranslated": true,
	"english": "Organic Act of the Control Yuan Committees",
	"history": [
		"中華民國三十七年七月二十八日總統制定公布",
		"中華民國三十八年六月十一日總統修正公布第 2 條條文",
		"中華民國四十二年五月二十七日總統修正公布第 2～4、6、7 條條文",
		"中華民國四十二年十一月三十日總統修正公布第 7 條條文",
		"中華民國五十八年十二月二十三日總統修正公布第 3 條條文",
		"中華民國六十年四月十四日總統（60）台統（一）義字第 808 號令修正公布第 9、10 條條文，並增訂第 11 條條文",
		"中華民國六十四年四月二十二日總統（64）台統（一）義字第 1703 號令修正公布第 9、10 條條文；並刪除第 11 條條文",
		"中華民國八十一年十一月十三日總統（81）華總（一）義字第 5500 號令修正公布第 3、4、11 條條文",
		"中華民國八十七年一月七日總統（87）華總（一）義字第 8600284250 號令修正公布第 2、9、11 條條文；並刪除第 10 條條文"
	],
	"divisions": [],
	"articles": [
		{
			"number": 100,
			"content": "本法依監察院組織法第三條制定之。"
		},
		{
			"number": 200,
			"content": "監察院設左列各委員會︰\r\n一、內政及少數民族委員會。\r\n二、外交及僑政委員會。\r\n三、國防及情報委員會。\r\n四、財政及經濟委員會。\r\n五、教育及文化委員會。\r\n六、交通及採購委員會。\r\n七、司法及獄政委員會。\r\n前項委員會於必要時得分設或合併之。\r\n監察院得應業務需要，於院內設特種委員會；所需工作人員，由院長就所\r\n屬人員中指派兼任之。"
		},
		{
			"number": 300,
			"content": "各委員會委員，由監察委員分任之；每一委員以任三委員會委員為限。每\r\n一委員會委員人數不得超過十四人。"
		},
		{
			"number": 400,
			"content": "各委員會設召集人一人，由各該委員會委員互選之；各委員會召集人任期\r\n一年，不得連任。\r\n各委員會召集人不得擔任其他委員會召集人。"
		},
		{
			"number": 500,
			"content": "委員會討論事項如左：\r\n一、監察院會議交議事項。\r\n二、委員提議事項。\r\n三、由其他委員會移送與本委員會有關聯之事項。\r\n四、院長交議事項。"
		},
		{
			"number": 600,
			"content": "各委員會會議由召集人或經委員三人以上之提議召集之。"
		},
		{
			"number": 700,
			"content": "委員會之開會，須有各該委員會委員除外出調查視察者外之過半數出席。\r\n其決議須經出席委員過半數之通過。"
		},
		{
			"number": 800,
			"content": "各委員會所議事項有與其他委員會有關聯者得開聯席會議。\r\n前項聯席會議由有關各委員會召集人聯名召集之，並互推一人為主席。"
		},
		{
			"number": 900,
			"content": "各委員會各置秘書二人，一人職務列簡任第十二職等至第十三職等，一人\r\n職務列薦任第八職等至第九職等；科員二人或三人，職務列委任第五職等\r\n或薦任第六職等至第七職等；辦事員一人，職務列委任第三職等至第五職\r\n等。\r\n各委員會職員，得視事務之繁簡，由院長調用之。"
		},
		{
			"number": 1000,
			"content": "（刪除）"
		},
		{
			"number": 1100,
			"content": "本法自公布日施行。"
		}
	]
}