{
	"pcode": "A0010018",
	"type": "法律",
	"title": "國父陵園管理委員會組織條例",
	"url": "https://law.moj.gov.tw/LawClass/LawAll.aspx?pcode=A0010018",
	"category": [
		"總統",
		"總統府",
		"組織目"
	],
	"lastUpdate": "19460702",
	"isTranslated": false,
	"history": [
		"中華民國三十五年七月二日國民政府令制定公布全文 15 條"
	],
	"divisions": [],
	"articles": [
		{
			"number": 100,
			"content": "國父陵園管理委員會隸屬於國民政府，其職掌如左：\r\n一、護衛陵墓。\r\n二、管理陵園。\r\n三、辦理陵園建設。\r\n四、辦理陵園農林事業。\r\n五、指導陵園內新村建設。"
		},
		{
			"number": 200,
			"content": "國父陵園管理委員會由國民政府特派委員二十一人至二十七人組織之，就\r\n中指定七人至九人為常務委員，組織常務委員會，並由常務委員會在常務\r\n委員中推定一人為主任委員，執行會務。"
		},
		{
			"number": 300,
			"content": "國父陵園管理委員會設左列各會、室、處：\r\n一、園林設計委員會。\r\n二、秘書室。\r\n三、園林處。\r\n四、拱衛處。"
		},
		{
			"number": 400,
			"content": "園林設計委員會置委員十一人至十五人，由國父陵園管理委員會就委員中\r\n推舉，並聘請專家充任之，擔任陵園全部設計事宜。"
		},
		{
			"number": 500,
			"content": "秘書室設左列二科，分掌事務：\r\n一、文牘科：\r\n (一) 撰擬文稿事宜。\r\n (二) 會議紀錄事項。\r\n (三) 編輯報告事宜。\r\n (四) 收發文件事項。\r\n (五) 保管印章、案卷事項。\r\n二、事務科：\r\n (一) 辦理本會庶務事項。\r\n (二) 掌理本會出納事項。\r\n (三) 辦理關於印刷、公告事項。\r\n (四) 徵收地租及生產物品之保管、銷售事項。\r\n (五) 辦理其他不屬於文牘科事項。"
		},
		{
			"number": 600,
			"content": "秘書室置秘書一人，簡任，承主任委員之命，指揮、監督所屬職員，辦理\r\n該室各科事務及交辦事項；置科長二人，薦任；科員六人至八人，委任；\r\n並得視事實之需要，酌用雇員二人至四人。"
		},
		{
			"number": 700,
			"content": "園林處設左列各科、園，分掌事務：\r\n一、森林科：\r\n (一) 規劃及辦理全園造林、育苗事項。\r\n (二) 全園森林之經理及保護事項。\r\n (三) 全園森林生產之利用事項。\r\n (四) 其他關於全園森林之改進事項。\r\n二、園藝科：\r\n (一) 全園蔬菜園地之培植事項。\r\n (二) 全園花草之培植事項。\r\n (三) 全園園景花木之佈置事項。\r\n (四) 改良園藝生產，整理農田水利事項。\r\n (五) 改良農戶園藝生產事項。\r\n三、工程科：\r\n (一) 監造管理全園建築事項。\r\n (二) 建造修養全園道路、橋樑、涵洞事項。\r\n (三) 辦理工程設計及測繪事項。\r\n (四) 辦理其他有關工程事項。\r\n四、總務科：\r\n (一) 辦理本處文牘、庶務及購置事項。\r\n (二) 管理地畝經界事項。\r\n (三) 改進鄉村及管理農佃事項。\r\n (四) 管理園林果蔬、魚塘等生產事項。\r\n (五) 辦理其他不屬各科事項。\r\n五、植物園：\r\n (一) 規劃植物園一切建設事項。\r\n (二) 國內外植物標本之採集、製造、鑑定、陳列事項。\r\n (三) 植物園之佈置、種植、管理事項。\r\n (四) 溫室植物之徵集及培養事項。\r\n (五) 中外植物研究機構之聯繫，及品種標本刊物之交換事項。"
		},
		{
			"number": 800,
			"content": "園林處置處長一人，簡任，承主任委員之命，指揮、監督所屬職員，處理\r\n陵園園林建設及經營發展事務；置科長四人，園主任一人，技正二人或三\r\n人，均薦任；技士七人至十人，技佐八人至十二人，科員五人至七人，均\r\n委任；並得視事實之需要，酌用雇員二人至四人，招收練習生十名。"
		},
		{
			"number": 900,
			"content": "拱衛處設左列科、隊，分掌事務：\r\n一、經理科：\r\n (一) 辦理本處文牘事項。\r\n (二) 辦理本處經理及保管事項。\r\n (三) 關於收發及管卷事項。\r\n二、管理科：\r\n (一) 拱衛、調查事項。\r\n (二) 陵堂及附屬一帶之衛生、清潔事項。\r\n (三) 交際、招待事項。\r\n (四) 勤務兵、伕役訓練、整頓事項。\r\n三、拱衛大隊：\r\n (一) 護衛陵墓事項。\r\n (二) 保護森林及園林生產事項。\r\n (三) 協助警察維持全園治安、交通及消防事項。"
		},
		{
			"number": 1000,
			"content": "拱衛處置處長一人，簡任，承主任委員之命，督率所屬職員，辦理護衛陵\r\n墓，保護園林，並協助陵園警備治安事務；置科長二人，薦任；科員五人\r\n至八人，委任，其中二人得為薦任；上校隊長一人；中校副隊長一人；少\r\n校或上尉中隊長三人；上尉或中尉分隊長九人；上尉副官一人，上尉書記\r\n、軍需各一人；准尉司書一人；並得視事實之需要，酌用雇員一人或二人\r\n。"
		},
		{
			"number": 1100,
			"content": "國父陵園管理委員會設會計室，置會計主任一人，薦任；科員二人或三人\r\n，辦事員一人，均委任；雇員一人，依國民政府主計處組織法之規定，辦\r\n理歲計、會計、統計事務。"
		},
		{
			"number": 1200,
			"content": "國父陵園管理委員會置人事管理員一人，委任，依人事管理條例之規定，\r\n辦理人事管理事項。"
		},
		{
			"number": 1300,
			"content": "國父陵園管理委員會於北平碧雲寺國父衣冠塚，置管理員一人，助理員二\r\n人，均委任。"
		},
		{
			"number": 1400,
			"content": "國父陵園管理委員會辦事細則及職員服務規程，由本委員會訂定之。"
		},
		{
			"number": 1500,
			"content": "本條例自公布日施行。"
		}
	]
}