{
	"pcode": "A0010042",
	"type": "法律",
	"title": "檔案管理局組織條例",
	"url": "https://law.moj.gov.tw/LawClass/LawAll.aspx?pcode=A0010042",
	"category": [
		"廢止法規",
		"國家發展委員會"
	],
	"lastUpdate": "20150520",
	"isDiscarded": true,
	"isTranslated": true,
	"english": "The Organization Act of the National Archives Administration",
	"history": [
		"中華民國九十年十月二十四日總統（90）華總一義字第 9000205270 號令制定公布全文 13 條；並自公布日起施行",
		"中華民國一百零四年五月二十日總統華總一義字第 10400058211 號令公布廢止"
	],
	"divisions": [],
	"articles": [
		{
			"number": 100,
			"content": "本條例依行政院研究發展考核委員會組織條例第七條之二規定制定之。"
		},
		{
			"number": 200,
			"content": "檔案管理局 (以下簡稱本局) 為檔案中央主管機關，掌理下列事項：\r\n一、檔案政策、法規及管理制度之規劃、擬訂事項。\r\n二、各機關檔案管理、應用之指導、評鑑及協調推動事項。\r\n三、檔案目錄之彙整及公布事項。\r\n四、各機關檔案銷毀計畫及目錄之審核事項。\r\n五、檔案之判定、分類、保存期限及其他爭議案件之審議事項。\r\n六、國家檔案徵集、移轉、整理、典藏與其他檔案管理作業及相關設施之\r\n    規劃、推動事項。\r\n七、私人或團體所有文件或資料之接受捐贈、受託保管或收購等規劃協調\r\n    事項。\r\n八、國家檔案開放應用之規劃、推動事項。\r\n九、全國檔案管理資訊系統之規劃建置及協調推動事項。\r\n十、檔案管理及應用之研究、出版、技術發展、學術交流與國際合作及檔\r\n    案管理人員之培訓事項。\r\n十一、其他有關檔案事項。"
		},
		{
			"number": 300,
			"content": "本局設五組，分別掌理前條所列事項，並得分科辦事。"
		},
		{
			"number": 400,
			"content": "本局設秘書室，掌理議事、公共關係、法制、文書、檔案、印信、出納、\r\n事務管理、財產管理及不屬於其他各組、室事項，並得分科辦事。"
		},
		{
			"number": 500,
			"content": "本局置局長一人，職務列簡任第十三職等，綜理局務，並指揮監督所屬人\r\n員；副局長一人或二人，職務列簡任第十二職等，襄理局務。"
		},
		{
			"number": 600,
			"content": "本局置主任秘書一人，組長五人，職務均列簡任第十一職等；副組長五人\r\n，職務列簡任第十職等；專門委員六人，高級分析師一人，職務均列薦任\r\n第九職等至簡任第十職等；科長二十人，職務列薦任第九職等；視察四人\r\n，技正二人，分析師三人，職務均列薦任第八職等至第九職等，其中視察\r\n一人，職務得列簡任第十職等；編審十人至十四人，職務列薦任第七職等\r\n至第九職等；專員十七人至二十三人，職務列薦任第七職等至第八職等；\r\n設計師二人或三人，管理師二人或三人，職務均列薦任第六職等至第八職\r\n等；技士二人，科員三十五人至四十一人，職務均列委任第五職等或薦任\r\n第六職等至第七職等；助理設計師二人或三人，助理管理師二人或三人，\r\n職務均列委任第四職等至第五職等，其中助理設計師一人，助理管理師一\r\n人，職務得列薦任第六職等；辦事員十六人至二十人，職務列委任第三職\r\n等至第五職等；書記十一人，職務列委任第一職等至第三職等。"
		},
		{
			"number": 700,
			"content": "本局設人事室，置主任一人，職務列薦任第九職等，依法辦理人事管理事\r\n項；其餘所需工作人員，就本條例所定員額內派充之。"
		},
		{
			"number": 800,
			"content": "本局設會計室，置會計主任一人，職務列薦任第九職等，依法辦理歲計、\r\n會計及統計事項；其餘所需工作人員，就本條例所定員額內派充之。"
		},
		{
			"number": 900,
			"content": "第五條至第八條所定各職稱列有官等、職等人員，其職務所適用之職系，\r\n依公務人員任用法第八條之規定，就有關職系選用之。"
		},
		{
			"number": 1000,
			"content": "本局為辦理檔案之判定、分類、保存期限與其他爭議事項之審議及檔案管\r\n理與應用政策之諮詢，設國家檔案管理委員會，委員由有關機關人員、社\r\n會公正人士、學者專家及政黨代表組成，均為無給職；所需工作人員，就\r\n本條例所定員額內調用之。"
		},
		{
			"number": 1100,
			"content": "本局因業務需要，得設各種委員會，委員均為無給職；所需工作人員，就\r\n本條例所定員額內調用之。"
		},
		{
			"number": 1200,
			"content": "本局辦事細則，由本局擬訂，報請行政院研究發展考核委員會核定之。"
		},
		{
			"number": 1300,
			"content": "本條例自公布日施行。"
		}
	]
}