{
	"pcode": "A0010110",
	"type": "命令",
	"title": "國家發展委員會編制表",
	"url": "https://law.moj.gov.tw/LawClass/LawAll.aspx?pcode=A0010110",
	"category": [
		"行政",
		"國家發展委員會",
		"組織目"
	],
	"lastUpdate": "20181205",
	"isTranslated": false,
	"attachments": [
		"https://law.moj.gov.tw/LawClass/LawGetFile.ashx?FileId=0000237051"
	],
	"history": [
		"中華民國一百零三年一月二十日行政院經濟建設委員會人字第 1030000259 號令訂定發布；並自一百零三年一月二十二日施行",
		"中華民國一百零三年一月二十一日行政院經濟建設委員會人字第 1030000355 號令修正發布；並自一百零三年一月二十二日生效",
		"中華民國一百零四年三月十七日國家發展委員會發人字第 1040004271 號令修正發布；並自一百零三年一月二十二日生效",
		"中華民國一百零七年十二月五日國家發展委員會發人字第 1070024762 號令修正發布；並自一百零七年七月一日生效"
	],
	"divisions": [],
	"articles": [
		{
			"number": 100,
			"content": "備      註：本編制表依據國家發展委員會組織法第 6  條訂定，內容請\r\n            參閱相關圖表附檔。"
		}
	]
}