{
	"pcode": "A0010011",
	"type": "命令",
	"title": "國民大會法規研修專案小組設置辦法",
	"url": "https://law.moj.gov.tw/LawClass/LawAll.aspx?pcode=A0010011",
	"category": [
		"國民大會（憲法國民大會章條文已停止適用）"
	],
	"lastUpdate": "19990616",
	"isTranslated": false,
	"history": [
		"中華民國八十八年六月十六日第三屆國民大會第四次會議第四次大會通過全文 10 條"
	],
	"divisions": [],
	"articles": [
		{
			"number": 100,
			"content": "國民大會為健全本會內規，特設置法規研修專案小組 (以下簡稱本專案小\r\n組) 。"
		},
		{
			"number": 200,
			"content": "本專案小組置委員十三人，其人選由各政黨依政黨比例推薦產生。委員出\r\n缺時，由各政黨推派代表遞補之。"
		},
		{
			"number": 300,
			"content": "本專案小組置召集人三人，由各委員互推之。"
		},
		{
			"number": 400,
			"content": "本專案小組開會時，由召集人輪流主持會議。"
		},
		{
			"number": 500,
			"content": "本專案小組之任務如左：\r\n一、討論本會有關法規研修工作計畫和進度。\r\n二、蒐集國大代表及學者專家對本會有關法規之意見，並予彙整。\r\n三、研擬增、修訂法規草案。\r\n四、提供大會有關法規之建議和諮詢意見。"
		},
		{
			"number": 600,
			"content": "本專案小組會議由輪值召集人視事實需要隨時舉行會議。"
		},
		{
			"number": 700,
			"content": "本專案小組會議須有全體委員三分之一以上之出席，始得開會。其議決，\r\n以全體委員過半數之同意行之。可否同數時，取決於主席。"
		},
		{
			"number": 800,
			"content": "本專案小組置執行秘書、秘書及其他工作人員，由秘書長指派之。"
		},
		{
			"number": 900,
			"content": "本專案小組研修完成之法規草案，於國民大會下次會議前送請政黨協商後\r\n，提請大會討論之。"
		},
		{
			"number": 1000,
			"content": "本辦法經國民大會通過後施行，修正時亦同。"
		}
	]
}