{
	"pcode": "A0010047",
	"type": "命令",
	"title": "立法院經費稽核委員會組織規程",
	"url": "https://law.moj.gov.tw/LawClass/LawAll.aspx?pcode=A0010047",
	"category": [
		"立法"
	],
	"lastUpdate": "20090113",
	"isTranslated": false,
	"history": [
		"中華民國四十年二月十六日立法院第一屆第七會期第九次會議通過",
		"中華民國四十二年十一月十日第十二會期第九次會議修正通過",
		"中華民國五十六年十二月二十六日立法院第一屆第四十會期第二十七次會議通過",
		"中華民國八十八年三月三十日立法院三讀通過",
		"中華民國九十六年十二月七日第六屆第六會期第十四次會議通過修正第 3、5、9 條條文；並自立法院第七屆立法委員就職日（九十七年二月一日）起施行",
		"中華民國九十八年一月十三日立法院第七屆第二會期第十七次會議通過修正第 4、9 條條文；並自九十八年二月一日起施行"
	],
	"divisions": [],
	"articles": [
		{
			"number": 100,
			"content": "立法院經費稽核委員會 (以下簡稱本會) 依據立法院組織法第十條第二項\r\n之規定組織之。"
		},
		{
			"number": 200,
			"content": "本會之職責如下：\r\n一、對立法院經臨各費概算之編製提供意見。\r\n二、對立法院經臨各費之收支按月稽考。"
		},
		{
			"number": 300,
			"content": "本會置委員九人，由各政黨（政團）以在院會席次比例依保障少數政黨（\r\n政團）參與之原則，於每年首次會期經朝野協商後互推之。"
		},
		{
			"number": 400,
			"content": "本會置召集委員三人，由委員於每會期互選之。"
		},
		{
			"number": 500,
			"content": "本會職員，視事務之需要，由院長就本院職員派兼之。"
		},
		{
			"number": 600,
			"content": "本會會議每月舉行一次，必要時得召開臨時會議。"
		},
		{
			"number": 700,
			"content": "立法院經臨各費之收支，由秘書長按月向本會提出報告。本會對於會計處\r\n及出納科賬簿並得隨時調閱。"
		},
		{
			"number": 800,
			"content": "本規程未規定事項，準用立法院各委員會組織法之規定辦理之。"
		},
		{
			"number": 900,
			"content": "本規程經院會通過後施行。\r\n本規程中華民國九十六年十二月七日院會通過之條文，自立法院第七屆立\r\n法委員就職日起施行。\r\n本規程中華民國九十八年一月十三日院會通過之條文，自民國九十八年二\r\n月一日起施行。"
		}
	]
}