{
	"pcode": "A0010050",
	"type": "命令",
	"title": "立法院政黨黨團辦公室設置辦法",
	"url": "https://law.moj.gov.tw/LawClass/LawAll.aspx?pcode=A0010050",
	"category": [
		"立法"
	],
	"lastUpdate": "20111007",
	"isTranslated": false,
	"history": [
		"中華民國八十八年十月二十九日提立法院第四屆第二會期第七次會議報告訂定發布全文 9 條",
		"中華民國一百年十月七日立法院第 7 屆第 8 會期第 4 次會議通過修正第 2、3、5、8 條條文"
	],
	"divisions": [],
	"articles": [
		{
			"number": 100,
			"content": "本辦法依立法院組織法第三十三條規定訂定之。"
		},
		{
			"number": 200,
			"content": "依立法院組織法第三十三條組成之政黨黨團或政團，得以借用方式申請在\r\n本院設置政黨黨團辦公室。"
		},
		{
			"number": 300,
			"content": "政黨黨團辦公室之設置，由各該政黨經立法院黨團負責人以書面向總務處\r\n正式申請，供該黨協調聯繫之用，不得轉借或移作其他用途。"
		},
		{
			"number": 400,
			"content": "政黨黨團辦公室面積之大小，依各該政黨在本院之委員席次多寡、基本正\r\n業需要及本院現有房舍可能提供之狀況協調辦理。"
		},
		{
			"number": 500,
			"content": "政黨黨團辦公室一般設備，由各該黨部向本院借用，若非正常使用所生損\r\n壞，應照價賠償。"
		},
		{
			"number": 600,
			"content": "國內電話及費用由本院提供。"
		},
		{
			"number": 700,
			"content": "政黨黨團辦公室內，不得裝設與法令牴觸或影響本院安全之設備設施。工\r\n作人員作息，須遵守本院一般行政管理之規定，違反本條款而不聽勸導者\r\n，本院得收回房舍或停止供應設備與水電。"
		},
		{
			"number": 800,
			"content": "政黨黨團辦公室借用時限以每屆委員之任期為限。每一黨（政）團委員席\r\n次未達立法院組織法第三十三條之組成席次時，其黨團辦公室立即由本院\r\n收回。"
		},
		{
			"number": 900,
			"content": "本辦法提報院會後施行。"
		}
	]
}