{
	"pcode": "A0010107",
	"type": "法律",
	"title": "國家發展委員會檔案管理局組織法",
	"url": "https://law.moj.gov.tw/LawClass/LawAll.aspx?pcode=A0010107",
	"category": [
		"行政",
		"國家發展委員會",
		"組織目"
	],
	"lastUpdate": "20130821",
	"isTranslated": true,
	"english": "The Organic Act Establishing the National Archives Administration, National Development Council is hereby promulgated",
	"history": [
		"中華民國一百零二年八月二十一日總統華總一義字第 10200156131 號令制定公布全文 6 條；施行日期，由行政院以命令定之中華民國一百零二年十月三十日行政院院授研綜字第 1022260985 號令發布定自一百零三年一月二十二日施行"
	],
	"divisions": [],
	"articles": [
		{
			"number": 100,
			"content": "國家發展委員會為辦理政府機關檔案管理應用業務，特設檔案管理局（以\r\n下簡稱本局）。"
		},
		{
			"number": 200,
			"content": "本局掌理下列事項：\r\n一、檔案政策、法規與管理制度之研議及擬訂。\r\n二、各機關檔案管理、應用之指導、評鑑及目錄彙整公布。\r\n三、各機關檔案保存年限及檔案銷毀之審核。\r\n四、檔案之判定、分類、保存期限及其他爭議案件之審議。\r\n五、國家檔案徵集、移轉、整理、典藏、開放應用與設施之規劃及推動。\r\n六、私人或團體所有文件或資料之受贈、受託保管或收購。\r\n七、文書與檔案管理資訊系統之規劃及協調推動。\r\n八、檔案管理與應用之研究、出版、技術發展、學術交流、國際合作及檔\r\n    案管理人員之培訓。\r\n九、行政院與所屬各機關公文時效管制之規劃及推動。\r\n十、其他有關檔案事項。"
		},
		{
			"number": 300,
			"content": "本局置局長一人，職務列簡任第十三職等；副局長二人，職務列簡任第十\r\n二職等。"
		},
		{
			"number": 400,
			"content": "本局置主任秘書，職務列簡任第十一職等。"
		},
		{
			"number": 500,
			"content": "本局各職稱之官等職等及員額，另以編制表定之。"
		},
		{
			"number": 600,
			"content": "本法施行日期，由行政院以命令定之。"
		}
	]
}