{
	"pcode": "A0010066",
	"type": "命令",
	"title": "考試院及所屬機關訴願審議委員會組織規程",
	"url": "https://law.moj.gov.tw/LawClass/LawAll.aspx?pcode=A0010066",
	"category": [
		"考試",
		"院本部",
		"組織目"
	],
	"lastUpdate": "20000629",
	"isTranslated": false,
	"history": [
		"中華民國八十二年十二月二十一日考試院（82）考台秘議字第 4634 號令訂定發布全文 10 條",
		"中華民國八十四年三月十五日考試院（84）考台訴字第 02096 號令修正發布第 3 條條文",
		"中華民國八十九年六月二十九日考試院（89）考臺訴字第 06170 號令修正發布全文 9 條；並自發布日起施行"
	],
	"divisions": [],
	"articles": [
		{
			"number": 100,
			"content": "本規程依訴願法第五十二條第三項規定訂定之。"
		},
		{
			"number": 200,
			"content": "考試院 (以下簡稱本院) 及所屬機關為辦理訴願事件，應設訴願審議委員\r\n會 (以下簡稱訴願會) 。"
		},
		{
			"number": 300,
			"content": "訴願會置主任委員一人，本院由院長指派秘書長兼任；所屬機關由首長指\r\n派副首長兼任。\r\n訴願會置委員八人至十四人，由機關首長調派本機關高級職員專任或兼任\r\n及遴聘社會公正人士、學者、專家擔任。委員應具有法制或人事行政專長\r\n，其中社會公正人士、學者、專家人數不得少於二分之一。\r\n訴願會置執行秘書一人，秘書一人，由機關首長調派本機關職員具有法制\r\n專長者專任或兼任之。機關首長並得視實際情形，增調本機關職員協助訴\r\n願會工作。"
		},
		{
			"number": 400,
			"content": "主任委員綜理訴願事件之分配及審議事項。"
		},
		{
			"number": 500,
			"content": "委員負責訴願事件之審查、調查、審議及決定等事項。"
		},
		{
			"number": 600,
			"content": "執行秘書承主任委員之命，掌理下列事項：\r\n一、訴願事件程式之審查及簽擬事項。\r\n二、訴願事件之蒐證及調查事項。\r\n三、訴願會文稿之核閱及重要文稿之撰擬事項。\r\n四、訴願會議事有關事項。\r\n五、其他交辦事項。"
		},
		{
			"number": 700,
			"content": "秘書等承辦人員承主任委員之命，受執行秘書之督導，辦理下列事項：\r\n一、訴願事件之收發及登記事項。\r\n二、訴願會一般文稿之撰擬事項。\r\n三、訴願會會議事務及紀錄事項。\r\n四、案卷之整理及保管事項。\r\n五、其他交辦事項。"
		},
		{
			"number": 800,
			"content": "訴願會兼任人員均為無給職。但外聘委員會得依規定支給交通費或出席費\r\n。"
		},
		{
			"number": 900,
			"content": "本規程自發布日施行。"
		}
	]
}