{
	"pcode": "A0010014",
	"type": "法律",
	"title": "戰略顧問委員會組織條例",
	"url": "https://law.moj.gov.tw/LawClass/LawAll.aspx?pcode=A0010014",
	"category": [
		"廢止法規",
		"總統府"
	],
	"lastUpdate": "19970507",
	"isDiscarded": true,
	"isTranslated": false,
	"history": [
		"中華民國三十七年十一月十二日總統制定公布全文 7 條",
		"中華民國三十八年一月十五日總統修正公布第 2 條條文",
		"中華民國五十七年五月九日總統修正公布第 3 條條文",
		"中華民國八十六年五月七日總統（86）華總（一）義字第 8600104770 號令公布廢止"
	],
	"divisions": [],
	"articles": [
		{
			"number": 100,
			"content": "本條例依總統府組織法第二十五條之規定制定之。"
		},
		{
			"number": 200,
			"content": "戰略顧問委員會由總統就具有左列資格之一者特任上將或任命中將戰略顧\r\n問十九人至二十九人組織之，並特任一人為主任、一人為副主任。\r\n一  抵禦外侮或敉平禍亂，有勳勞於國家者。\r\n二  曾任重要軍職，富有軍事經驗者。\r\n三  富有軍事學術研究，聲譽卓著者。"
		},
		{
			"number": 300,
			"content": "戰略顧問委員會開會時，由主任召集之，並為會議時之主席；主席因事不\r\n能出席時，由副主任代理。"
		},
		{
			"number": 400,
			"content": "戰略顧問委員會除總統交議者外，對於戰略及有關國防事項，得隨時向總\r\n統提供意見。"
		},
		{
			"number": 500,
			"content": "戰略顧問委員會於必要時，得請有關機關提供參考資料或於會議時派員列\r\n席。"
		},
		{
			"number": 600,
			"content": "戰略顧問委員會設辦公室，其編制如附表。\r\n\r\n (備      註：請參閱中華民國現行法規彙編 (一) (83年5月版) 第 119\r\n  ～120 頁)"
		},
		{
			"number": 700,
			"content": "本條例自公布日施行。"
		}
	]
}