{
	"pcode": "A0010112",
	"type": "命令",
	"title": "中央研究院編制表",
	"url": "https://law.moj.gov.tw/LawClass/LawAll.aspx?pcode=A0010112",
	"category": [
		"總統",
		"總統府",
		"組織目"
	],
	"lastUpdate": "20180302",
	"isTranslated": false,
	"attachments": [
		"https://law.moj.gov.tw/LawClass/LawGetFile.ashx?FileId=0000213495"
	],
	"history": [
		"中華民國一百零三年四月二日中央研究院人事字第 10305021492 號令訂定發布",
		"中華民國一百零四年九月九日中央研究院人事字第 10405066371 號令修正發布；並自一百零三年一月十七日生效",
		"中華民國一百零七年三月二日中央研究院人事字第 10705014121 號令修正發布；並自一百零七年三月二日生效"
	],
	"divisions": [],
	"articles": [
		{
			"number": 100,
			"content": "備      註：本編制表依據中央研究院組織法第 23-1 條訂定，內容請參\r\n            閱相關圖表附檔。"
		}
	]
}