{
	"pcode": "A0010064",
	"type": "法律",
	"title": "考銓處組織條例",
	"url": "https://law.moj.gov.tw/LawClass/LawAll.aspx?pcode=A0010064",
	"category": [
		"考試",
		"院本部",
		"組織目"
	],
	"lastUpdate": "19460214",
	"isTranslated": false,
	"history": [
		"中華民國三十五年二月十四日國民政府令制定公布全文 11 條"
	],
	"divisions": [],
	"articles": [
		{
			"number": 100,
			"content": "考試院在一省或二省以上之地區設考銓處，依本條例之規定，掌理各該省\r\n區內之考選、銓敘事宜，並分別受考選委員會、銓敘部之指揮監督。\r\n考銓處依考試院之指定，兼辦院轄市考選、銓敘事宜。"
		},
		{
			"number": 200,
			"content": "考銓處之職掌如左：\r\n一、關於公職候選人考試之籌辦及試務事項。\r\n二、關於任命人員考試之籌辦及試務事項。\r\n三、關於專門職業及技術人員考試之籌辦及試務事項。\r\n四、關於委任職公務員之資格、俸級審查事項。\r\n五、關於委任職公務員之考績、考成及升降、轉調審查事項。\r\n六、關於委任職公務員獎勛、退休、撫卹之初審事項。\r\n七、關於委任職公務員之登記與考取人員之分發事項。\r\n八、關於省政府以下各機關人事機構之指導事項。"
		},
		{
			"number": 300,
			"content": "考銓處視事務之繁簡，經考試院之核定，設三科至五科，分掌前條各款事\r\n項，及本處總務事項。"
		},
		{
			"number": 400,
			"content": "考銓處置處長一人，簡任，綜理處務，監督所屬職員。"
		},
		{
			"number": 500,
			"content": "考銓處置秘書一人至三人，科長三人至五人，均薦任。科員二十人至三十\r\n人，助理員十五人至二十四人，均委任。\r\n考銓處必要時，得用專員三人至六人，薦派。"
		},
		{
			"number": 600,
			"content": "考試院為辦理考試之檢覈，得於考銓處設檢覈委員會。"
		},
		{
			"number": 700,
			"content": "考銓處得用雇員十五人至二十五人。"
		},
		{
			"number": 800,
			"content": "考銓處置會計員一人、統計員一人，依國民政府主計處組織法之規定，辦\r\n理歲計、會計、統計事務，其需用佐理人員，就本條例所定委任人員及雇\r\n員名額中派充之。"
		},
		{
			"number": 900,
			"content": "考銓處因辦理試務上之必要，須調用人員時，依考試法之規定。"
		},
		{
			"number": 1000,
			"content": "考銓處處務規程由考選委員會、銓敘部擬訂，呈請考試院核定之。"
		},
		{
			"number": 1100,
			"content": "本條例自公布日施行。"
		}
	]
}