{
	"pcode": "A0010008",
	"type": "命令",
	"title": "國民大會程序委員會組織規程",
	"url": "https://law.moj.gov.tw/LawClass/LawAll.aspx?pcode=A0010008",
	"category": [
		"國民大會（憲法國民大會章條文已停止適用）"
	],
	"lastUpdate": "19980728",
	"isTranslated": false,
	"history": [
		"中華民國八十四年八月十六日第二屆國民大會第五次會議第十三次大會通過",
		"中華民國八十六年五月五日第三屆國民大會第二次會議預備會議修正通過",
		"中華民國八十七年七月二十八日第三屆國民大會第三次會議第四次大會修正通過第 4 條條文"
	],
	"divisions": [],
	"articles": [
		{
			"number": 100,
			"content": "本規程依國民大會組織法第七條訂定之。"
		},
		{
			"number": 200,
			"content": "程序委員會於國民大會每次集會後七日內成立。\r\n程序委員會由全體代表互選十三人組成之。\r\n前項選舉，由代表自行登記為候選人後，以無記名單記法行之。得票較多\r\n者當選，票數相同者，以抽籤決定之。"
		},
		{
			"number": 300,
			"content": "程序委員會設召集人一人，由委員互推之，並主持會議。"
		},
		{
			"number": 400,
			"content": "程序委員會職掌如左：\r\n一、關於大會日程表及議事日程之審定。\r\n二、關於議案之合併、分類及次序之變更。\r\n三、關於提案、修正案是否符合要件之審定。\r\n四、關於議案討論時間之分配。\r\n五、大會期間人民請願文書之處理。\r\n六、關於一般提案處理建議之審定。\r\n七、其他有關議事程序事項之處理。"
		},
		{
			"number": 500,
			"content": "程序委員會由召集人視事實需要隨時舉行會議。"
		},
		{
			"number": 600,
			"content": "程序委員會會議，須有委員三分之一以上之出席，始得開會。其議決，以\r\n出席委員過半數之同意行之。可否同數時，取決於主席。"
		},
		{
			"number": 700,
			"content": "程序委員會開會時議長、副議長得列席，秘書長、副秘書長應列席。"
		},
		{
			"number": 800,
			"content": "程序委員會置秘書及其他工作人員，由秘書長指派之。"
		},
		{
			"number": 900,
			"content": "本規程由國民大會通過後施行，修正時亦同。"
		}
	]
}