{
	"pcode": "A0010074",
	"type": "命令",
	"title": "監察院法規研究委員會設置辦法",
	"url": "https://law.moj.gov.tw/LawClass/LawAll.aspx?pcode=A0010074",
	"category": [
		"監察",
		"院本部",
		"組織目"
	],
	"lastUpdate": "19980324",
	"isTranslated": false,
	"history": [
		"中華民國四十一年五月二十六日監察院（41）第二一二次會議通過施行",
		"中華民國六十三年二月二十二日監察院（63）監台院議字第 515 號公告修正發布第 2、3、6、8 條條文",
		"中華民國八十二年三月十五日監察院（82）監台院議字第 618 號公告修正發布全文 7 條及名稱",
		"中華民國八十七年三月二十四日監察院（87）第二屆第七十八次會議修正發布第 1 條條文"
	],
	"divisions": [],
	"articles": [
		{
			"number": 100,
			"content": "監察院 (以下簡稱本院) 為研究監察法規及與監察權行使相關之法規，依\r\n本院各委員會組織法第二條第三項之規定，設法規研究委員會 (以下簡稱\r\n本會) 。"
		},
		{
			"number": 200,
			"content": "本會之任務如左：\r\n一、關於監察法規及監察權行使相關法規之研究事項。\r\n二、關於本院會議及各委員會移付之法規審議及研究事項。\r\n三、關於院長交議及本會委員提議之法規研究事項。"
		},
		{
			"number": 300,
			"content": "本會置委員七人至十一人，由院長聘請本委員兼任之，任期二年，並由副\r\n院長為召集人。\r\n本會為研究特定之法規問題，必要時得邀請有關之專家學者列席，提供意\r\n見。"
		},
		{
			"number": 400,
			"content": "本會會議須有全體委員二分之一以上之出席方得開會，出席委員過半數之\r\n同意方得決議。\r\n本會會議時，除本院委員得列席外，必要時得邀請本院有關各單位主管人\r\n員列席。"
		},
		{
			"number": 500,
			"content": "本院各單位送本會研究之法規疑義案，應敘明左列事項：\r\n一、有疑義之法條及疑點。\r\n二、各種意見及其得失分析。\r\n三、擬採之見解及其理由。"
		},
		{
			"number": 600,
			"content": "本會置執行秘書、秘書各一人，協助處理會務；研究員三人至五人，擔任\r\n專案研究；均由本院職員兼任之。"
		},
		{
			"number": 700,
			"content": "本辦法自發布日施行。"
		}
	]
}