{
	"pcode": "A0010058",
	"type": "法律",
	"title": "法官學院組織法",
	"url": "https://law.moj.gov.tw/LawClass/LawAll.aspx?pcode=A0010058",
	"category": [
		"司法",
		"院本部",
		"組織目"
	],
	"lastUpdate": "20130522",
	"isTranslated": true,
	"english": "Judges Academy Organization Act",
	"history": [
		"中華民國八十一年十一月二十日總統（81）華總（一）義字第 5641 號令制定公布全文 12 條",
		"中華民國一百零二年五月二十二日總統華總一義字第 10200092071 號令修正公布名稱及全文 13 條；施行日期，由司法院定之（原名稱：司法院司法人員研習所組織條例；新名稱：法官學院組織法）中華民國一百零二年五月二十四日司法院院台廳司一字第 1020013998 號令定自一百零二年七月一日施行"
	],
	"divisions": [],
	"articles": [
		{
			"number": 100,
			"content": "本法依司法院組織法第二十二條之一制定之。"
		},
		{
			"number": 200,
			"content": "法官學院（以下簡稱本學院）掌理下列事項：\r\n一、法律所定法官職前研習計畫之研擬及執行事項。但司法人員人事條例\r\n    另有規定者，依其規定。\r\n二、法官在職進修計畫之研擬及執行事項。\r\n三、有關法官研習、進修之國際交流及與國內學術、研究機構合作之事項\r\n    。\r\n四、有關法官研習、進修課程、方法與教材之研究發展事項。\r\n五、司法院及所屬機關人事、會計、統計、政風人員在職進修計畫之研擬\r\n    及執行事項。\r\n六、其他經司法院指定辦理之研習、進修及研究事項。\r\n前項規定，於司法院及所屬機關其他司法人員之研習準用之。\r\n第一項第一款法官職前研習及第二款法官在職進修之研修方針、研修計畫\r\n之規劃應設法官研修規畫委員會。\r\n前項委員會置委員十五人，由本學院院長擔任召集人，其餘委員由各審級\r\n、專業法院之法官共八人，檢察官及律師各一人、專家學者及社會公正人\r\n士各二人組成，其中單一性別不得少於三分之一。\r\n前項委員由本學院遴聘之，均為無給職。\r\n法官研修規畫委員會之委員名單及會議紀錄，應主動公開。"
		},
		{
			"number": 300,
			"content": "本學院置院長一人，職務列簡任第十四職等，綜理院務。"
		},
		{
			"number": 400,
			"content": "本學院置主任秘書一人，職務列簡任第十職等至第十一職等。"
		},
		{
			"number": 500,
			"content": "本學院設下列各組：\r\n一、教務組。\r\n二、學務組。\r\n三、研究發展組。\r\n四、總務組。\r\n各組視業務需要，得分股辦事。"
		},
		{
			"number": 600,
			"content": "本學院置組長四人、專門委員二人至三人，職務均列簡任第十職等至第十\r\n一職等；導師六人至十人，職務列薦任第九職等至簡任第十職等；專員五\r\n人至十四人、分析師一人，職務均列薦任第七職等至第九職等；管理師一\r\n人，職務列薦任第六職等至第八職等；組員十四人至二十一人、技士一人\r\n至二人，職務均列委任第五職等或薦任第六職等至第七職等；助理設計師\r\n一人至二人，職務列委任第四職等至第五職等，其中一人得列薦任第六職\r\n等；辦事員七人至十人，職務列委任第三職等至第五職等；書記六人至九\r\n人，職務列委任第一職等至第三職等。"
		},
		{
			"number": 700,
			"content": "本學院為研究發展及與國內、外學術、研究或司法機關進行交流必要，得\r\n置研究員二人，職務列簡任第十職等；副研究員四人，職務列薦任第八職\r\n等至第九職等。\r\n前項各職稱員額中二分之一得準用教育人員任用條例相關規定聘任之。其\r\n中研究員比照副教授之資格聘任；副研究員比照助理教授之資格聘任。"
		},
		{
			"number": 800,
			"content": "本學院設人事室，置主任一人，職務列薦任第九職等至簡任第十職等；其\r\n餘所需工作人員，應就本法所定員額內派充之。"
		},
		{
			"number": 900,
			"content": "本學院設主計室，置主任一人，職務列薦任第九職等至簡任第十職等；其\r\n餘所需工作人員，應就本法所定員額內派充之。"
		},
		{
			"number": 1000,
			"content": "司法院得調派法官至本學院辦事。\r\n本學院得聘法官或其他專業人士兼任講座。"
		},
		{
			"number": 1100,
			"content": "本學院依業務需要，得設各種委員會，其所需工作人員，就本法所定員額\r\n內調充之。\r\n前項各種委員會之成員，單一性別不得低於三分之一。"
		},
		{
			"number": 1200,
			"content": "本學院處務規程及各項行政章則，由本學院擬訂，報請司法院核定。"
		},
		{
			"number": 1300,
			"content": "本法施行日期，由司法院定之。"
		}
	]
}