{
	"pcode": "A0010035",
	"type": "命令",
	"title": "北美事務協調委員會組織規程",
	"url": "https://law.moj.gov.tw/LawClass/LawAll.aspx?pcode=A0010035",
	"category": [
		"廢止法規",
		"外交部"
	],
	"lastUpdate": "20130118",
	"isDiscarded": true,
	"isTranslated": false,
	"history": [
		"中華民國六十八年二月二十三日行政院（68）台規字第 1676 號令訂定發布全文 9 條",
		"中華民國一百零二年一月十八日外交部外人協字第 10241501410 號令發布廢止"
	],
	"divisions": [],
	"articles": [
		{
			"number": 100,
			"content": "行政院為繼續維持並推展中華民國與美利堅合眾國之各種關係，特設北美\r\n事務協調委員會 (以下簡稱本會) 。"
		},
		{
			"number": 200,
			"content": "本會之任務為負責處理及協調中華民與美國間一切有關事宜。"
		},
		{
			"number": 300,
			"content": "本會置委員三人，由行政院長指派，並指定其中一人為主任委員，綜理會\r\n務。"
		},
		{
			"number": 400,
			"content": "本會置秘書長一人，承主任委員之命執行會務。\r\n本會得視業務需要置副秘書長一至二人，承主任委員之命襄助秘書長執行\r\n會務。"
		},
		{
			"number": 500,
			"content": "本會設業務及行政兩組，各置組長一人，組員若干人，分別處理各組事務\r\n。\r\n本會得視業務需要置專門委員若干人，負責本會研究設計工作。"
		},
		{
			"number": 600,
			"content": "本會為推展會務之需要，得由主任委員遴聘顧問若干人。"
		},
		{
			"number": 700,
			"content": "本會在美國華盛頓哥倫比亞特區設駐美辦事處，並得視會務需要在美國其\r\n他城市設分處，其組織另定之。"
		},
		{
			"number": 800,
			"content": "本會所需人員得向各機關借調或另行延攬。"
		},
		{
			"number": 900,
			"content": "本規程自發布日施行。"
		}
	]
}