{
	"pcode": "A0010100",
	"type": "法律",
	"title": "少年及家事法院組織法",
	"url": "https://law.moj.gov.tw/LawClass/LawAll.aspx?pcode=A0010100",
	"category": [
		"司法",
		"院本部",
		"組織目"
	],
	"lastUpdate": "20140129",
	"isTranslated": true,
	"english": "The Juvenile and Family Court Organization Act",
	"attachments": [
		"https://law.moj.gov.tw/LawClass/LawGetFile.ashx?FileId=0000086849",
		"https://law.moj.gov.tw/LawClass/LawGetFile.ashx?FileId=0000234926"
	],
	"history": [
		"中華民國九十九年十二月八日總統華總一義字第 09900331411 號令制定公布全文 53 條；本法施行日期，由司法院以命令定之中華民國一百零一年二月七日司法院院台廳司一字第 1010003598 號令發布定自一百零一年六月一日施行",
		"中華民國一百零二年五月八日總統華總一義字第 10200082701 號令修正公布第 2、6、7、9 條條文；並增訂第 19-1 條條文；施行日期，由司法院以命令定之中華民國一百零二年五月二十四日司法院院台廳司一字第 1020014011 號令發布第 2、6、7、9 條條文定自一百零二年五月十日施行；第 19-1 條條文定自一百零三年一月一日施行",
		"中華民國一百零三年一月二十九日總統華總一義字第 10300011861 號令修正公布第 11 條條文；施行日期，由司法院以命令定之中華民國一百零三年二月十一日司法院院台廳司一字第 1030003272 號令發布定自一百零三年一月三十一日施行"
	],
	"divisions": [
		{
			"type": "章",
			"number": 100,
			"title": "總則",
			"start": 100,
			"end": 500
		},
		{
			"type": "章",
			"number": 200,
			"title": "法院組織編制及職等",
			"start": 600,
			"end": 1901
		},
		{
			"type": "章",
			"number": 300,
			"title": "庭長、法官及其他人員之任用",
			"start": 2000,
			"end": 2400
		},
		{
			"type": "章",
			"number": 400,
			"title": "法官以外人員之職務",
			"start": 2500,
			"end": 3100
		},
		{
			"type": "章",
			"number": 500,
			"title": "司法年度及事務分配",
			"start": 3200,
			"end": 3600
		},
		{
			"type": "章",
			"number": 600,
			"title": "法庭之開閉及秩序",
			"start": 3700,
			"end": 4400
		},
		{
			"type": "章",
			"number": 700,
			"title": "司法行政之監督",
			"start": 4500,
			"end": 4800
		},
		{
			"type": "章",
			"number": 800,
			"title": "附則",
			"start": 4900,
			"end": 5300
		}
	],
	"articles": [
		{
			"number": 100,
			"content": "為保障未成年人健全之自我成長、妥適處理家事紛爭，並增進司法專業效\r\n能，特制定本法。"
		},
		{
			"number": 200,
			"content": "少年及家事法院，除法律別有規定外，管轄下列第一審事件：\r\n一、少年事件處理法之案件。\r\n二、家事事件法之事件。\r\n三、其他法律規定由少年及家事法院、少年法院、地方法院少年法庭或家\r\n    事法庭處理之事件。\r\n前項第二款及第三款所生非訟事件之抗告事件，除法律別有規定外，由少\r\n年及家事法院管轄。\r\n前二項事件，於未設少年及家事法院地區，由地方法院少年法庭、家事法\r\n庭辦理之。但得視實際情形，由專人兼辦之。\r\n第一項及第二項之第一審事件，由少年及家事法院所在地之地方法院檢察\r\n署檢察官對應執行之。"
		},
		{
			"number": 300,
			"content": "少年及家事法院之設置地點，由司法院定之，並得視地理環境及案件多寡\r\n，增設少年及家事法院分院。\r\n少年及家事法院管轄區域之劃分或變更，由司法院以命令定之。\r\n高等法院及其分院設少年法庭、家事法庭。但得視實際情形由專人兼辦之\r\n。"
		},
		{
			"number": 400,
			"content": "少年及家事法院審判案件，以法官一人獨任或三人合議行之。\r\n合議審判，以庭長充審判長；無庭長或庭長有事故時，以庭員中資深者充\r\n之，資同以年長者充之。\r\n獨任審判，即以該法官行審判長之職權。"
		},
		{
			"number": 500,
			"content": "少年及家事法院之類別及員額，依附表之規定。\r\n少年及家事法院應適用之類別及其變更，由司法院以命令定之。"
		},
		{
			"number": 600,
			"content": "少年及家事法院置法官。\r\n少年及家事法院於必要時，得置法官助理，依相關法令聘用各種專業人員\r\n充任之；承法官之命，辦理訴訟案件程序之審查、法律問題之分析、資料\r\n之蒐集等事務。\r\n具律師執業資格，經聘用充任法官助理期間，計入其律師執業年資。"
		},
		{
			"number": 700,
			"content": "少年及家事法院置院長一人，由法官兼任，綜理全院行政事務。"
		},
		{
			"number": 800,
			"content": "少年及家事法院設少年法庭、家事法庭。\r\n少年法庭得分設保護庭、刑事庭；家事法庭得應法律規定或業務特性，分\r\n設專庭。"
		},
		{
			"number": 900,
			"content": "少年及家事法院之庭長，除由兼任院長之法官兼任者外，餘由其他法官兼\r\n任，監督各該庭事務。"
		},
		{
			"number": 1000,
			"content": "少年及家事法院為辦理強制執行事務，得設執行處，或囑託地方法院民事\r\n執行處代為執行。\r\n執行處置法官或司法事務官、書記官及執達員，辦理執行事務。"
		},
		{
			"number": 1100,
			"content": "少年及家事法院設公設辯護人室，置公設辯護人，薦任第七職等至第九職\r\n等或簡任第十職等至第十一職等；其公設辯護人合計在二人以上者，置主\r\n任公設辯護人，薦任第九職等或簡任第十職等至第十二職等。\r\n實任公設辯護人服務滿十五年以上，成績優良，經審查合格者，得晉敘至\r\n簡任第十二職等。\r\n曾任高等法院或其分院、智慧財產法院公設辯護人四年以上，調少年及家\r\n事法院之公設辯護人，成績優良，經審查合格者，得晉敘至簡任第十二職\r\n等。\r\n曾任高等法院或其分院、智慧財產法院公設辯護人之服務年資，合併計算\r\n。\r\n第二項、第三項之審查辦法，由司法院定之。\r\n具律師資格者於擔任公設辯護人期間，計入其律師執業期間。"
		},
		{
			"number": 1200,
			"content": "少年及家事法院設司法事務官室，置司法事務官，薦任第七職等至第九職\r\n等；司法事務官在二人以上者，置主任司法事務官一人，薦任第九職等至\r\n簡任第十職等。\r\n具律師執業資格者，擔任司法事務官期間，計入其律師執業年資。"
		},
		{
			"number": 1300,
			"content": "少年及家事法院設調查保護室，置少年調查官、少年保護官、家事調查官\r\n、心理測驗員、心理輔導員及佐理員。少年調查官、少年保護官及家事調\r\n查官合計在二人以上者，置主任調查保護官一人；合計在六人以上者，得\r\n分組辦事，組長由少年調查官、少年保護官或家事調查官兼任，不另列等\r\n。\r\n少年調查官、少年保護官及家事調查官，薦任第七職等至第九職等；主任\r\n調查保護官，薦任第九職等至簡任第十職等；心理測驗員及心理輔導員，\r\n薦任第六職等至第八職等；佐理員，委任第四職等至第五職等，其中二分\r\n之一得列薦任第六職等。"
		},
		{
			"number": 1400,
			"content": "少年及家事法院設書記處，置書記官長一人，薦任第九職等至簡任第十職\r\n等，承院長之命處理行政事務；一等書記官，薦任第八職等至第九職等；\r\n二等書記官，薦任第六職等至第七職等；三等書記官，委任第四職等至第\r\n五職等；分掌紀錄、強制執行、提存、文書、研究考核、總務、資料及訴\r\n訟輔導等事務，並得視業務需要分科、分股辦事，科長由一等書記官兼任\r\n，股長由一等書記官或二等書記官兼任，均不另列等。\r\n前項一等書記官、二等書記官總額，不得逾同一法院一等書記官、二等書\r\n記官、三等書記官總額二分之一。"
		},
		{
			"number": 1500,
			"content": "少年及家事法院置一等通譯，薦任第七職等至第八職等；二等通譯，薦任\r\n第六職等至第七職等；三等通譯，委任第四職等至第五職等；技士，委任\r\n第五職等或薦任第六職等至第七職等；執達員，委任第三職等至第五職等\r\n；錄事、庭務員，均委任第一職等至第三職等。\r\n前項一等通譯、二等通譯總額，不得逾同一法院一等通譯、二等通譯、三\r\n等通譯總額二分之一。\r\n少年及家事法院為辦理值庭、執行、警衛、解送人犯及有關司法警察事務\r\n，置法警；法警長，委任第五職等或薦任第六職等至第七職等；副法警長\r\n，委任第四職等至第五職等或薦任第六職等；法警，委任第三職等至第五\r\n職等。"
		},
		{
			"number": 1600,
			"content": "少年及家事法院設人事室，置主任一人，薦任第八職等至第九職等；科員\r\n，委任第五職等或薦任第六職等至第七職等，依法辦理人事管理事項。"
		},
		{
			"number": 1700,
			"content": "少年及家事法院設會計室、統計室，各置會計主任、統計主任一人，均薦\r\n任第八職等至第九職等；科員，委任第五職等或薦任第六職等至第七職等\r\n，依法分別辦理歲計、會計、統計等事項。"
		},
		{
			"number": 1800,
			"content": "少年及家事法院設政風室，置主任一人，薦任第八職等至第九職等；科員\r\n，委任第五職等或薦任第六職等至第七職等，依法辦理政風事項。"
		},
		{
			"number": 1900,
			"content": "少年及家事法院設資訊室，置主任一人，薦任第八職等至第九職等，承院\r\n長之命處理資訊室之行政事項；資訊管理師，薦任第七職等；助理設計師\r\n，委任第四職等至第五職等，其中二分之一得列薦任第六職等，處理資訊\r\n事項。"
		},
		{
			"number": 1901,
			"content": "少年及家事法院應提供場所、必要之軟硬體設備及其他相關協助，供直轄\r\n市、縣（市）主管機關自行或委託民間團體設置資源整合連結服務處所，\r\n於經費不足時，由司法院編列預算補助之。\r\n前項之補助辦法，由司法院定之。"
		},
		{
			"number": 2000,
			"content": "少年及家事法院庭長及法官，應遴選具有處理少年或家事業務之學識、經\r\n驗及熱忱者任用之。\r\n前項遴選辦法，由司法院定之。\r\n少年及家事法院人員應定期在職進修，以充實其法學及相關專業素養，提\r\n升裁判品質。\r\n前項進修得由司法院或其他適當機關辦理之。"
		},
		{
			"number": 2100,
			"content": "少年調查官、少年保護官，應就具有下列資格之一者任用之：\r\n一、經公務人員高等考試或公務人員特種考試司法人員考試相當等級之少\r\n    年調查官、少年保護官、觀護人考試及格。\r\n二、具有法官、檢察官任用資格。\r\n三、曾任少年調查官、少年保護官、家事調查官、觀護人，經銓敘合格。\r\n四、曾在公立或經立案之私立大學、獨立學院社會、社會工作、心理、教\r\n    育、輔導、法律、犯罪防治、青少年兒童福利或其他與少年調查保護\r\n    業務相關學系、研究所畢業，具有薦任職任用資格。"
		},
		{
			"number": 2200,
			"content": "家事調查官，應就具有下列資格之一者任用之：\r\n一、經公務人員高等考試或公務人員特種考試司法人員考試相當等級之家\r\n    事調查官考試及格。\r\n二、具有法官、檢察官任用資格。\r\n三、曾任家事調查官、少年調查官、少年保護官、觀護人，經銓敘合格。\r\n四、曾在公立或經立案之私立大學、獨立學院社會、社會工作、心理、教\r\n    育、輔導、法律、犯罪防治、青少年兒童福利或其他與家事調查業務\r\n    相關學系、研究所畢業，具有薦任職任用資格。"
		},
		{
			"number": 2300,
			"content": "調查保護室之主任調查保護官，應就具有少年調查官、少年保護官或家事\r\n調查官及擬任職務所列職等之任用資格，並有領導才能者遴任之。"
		},
		{
			"number": 2400,
			"content": "心理測驗員、心理輔導員，應就具有下列資格之一者任用之：\r\n一、經公務人員高等考試或公務人員特種考試司法人員考試相當等級之心\r\n    理測驗員、心理輔導員考試及格。\r\n二、曾在公立或經立案之私立大學、獨立學院心理、社會、社會工作、教\r\n    育、輔導或其他與心理測驗或輔導業務相關學系、研究所畢業，具有\r\n    薦任職任用資格。"
		},
		{
			"number": 2500,
			"content": "司法事務官辦理下列事務：\r\n一、返還擔保金事件、調解程序事件、督促程序事件、保全程序事件、公\r\n    示催告程序裁定事件、確定訴訟費用額事件。\r\n二、拘提、管收以外之強制執行事件。\r\n三、非訟事件法及其他法律所定之非訟事件。\r\n四、其他法律所定之事務。\r\n司法事務官辦理前項各款事件之範圍及日期，由司法院定之。"
		},
		{
			"number": 2600,
			"content": "少年調查官應服從法官之監督，執行下列職務：\r\n一、調查、蒐集關於少年事件之資料。\r\n二、對於責付、收容少年之調查、輔導事項。\r\n三、其他法令所定之事務。\r\n少年保護官應服從法官之監督，執行下列職務：\r\n一、掌理由少年保護官執行之保護處分。\r\n二、其他法令所定之事務。\r\n少年調查官、少年保護官得相互兼理之。"
		},
		{
			"number": 2700,
			"content": "家事調查官應服從法官之監督，執行下列職務：\r\n一、調查、蒐集關於第二條第一項第二款至第九款事件之資料。\r\n二、其他法令所定之事務。"
		},
		{
			"number": 2800,
			"content": "心理測驗員應服從法官、司法事務官、少年調查官、少年保護官及家事調\r\n查官之監督，執行下列職務：\r\n一、對所交付個案進行心理測驗、解釋及分析，並製作書面報告等事項。\r\n二、其他法令所定之事務。"
		},
		{
			"number": 2900,
			"content": "心理輔導員應服從法官、司法事務官、少年調查官、少年保護官及家事調\r\n查官之監督，執行下列職務：\r\n一、對所交付個案進行心理輔導、轉介心理諮商或治療之先期評估，並製\r\n    作書面報告等事項。\r\n二、其他法令所定之事務。"
		},
		{
			"number": 3000,
			"content": "書記官、佐理員及執達員隨同司法事務官、少年調查官、少年保護官或家\r\n事調查官執行職務者，應服從其監督。"
		},
		{
			"number": 3100,
			"content": "司法事務官執行職務時，少年調查官、家事調查官應協助之。"
		},
		{
			"number": 3200,
			"content": "司法年度，每年自一月一日起至同年十二月三十一日止。"
		},
		{
			"number": 3300,
			"content": "少年及家事法院之處務規程，由司法院定之。"
		},
		{
			"number": 3400,
			"content": "少年及家事法院於每年度終結前，由院長、庭長、法官舉行會議，按照處\r\n務規程及其他法令規定，預定次年度司法事務之分配及代理次序。\r\n前項會議並應預定次年度關於合議審判時法官之配置。"
		},
		{
			"number": 3500,
			"content": "前條會議，以院長為主席，其決議以過半數之意見定之，可否同數時，取\r\n決於主席。"
		},
		{
			"number": 3600,
			"content": "事務分配、代理次序及合議審判時法官之配置，經預定後，因事件或法官\r\n增減或他項事故，有變更之必要時，得由院長徵詢有關庭長、法官意見後\r\n定之。"
		},
		{
			"number": 3700,
			"content": "少年及家事法院開庭，於法院內為之。但法律別有規定者，不在此限。\r\n少年及家事法院法庭席位布置及旁聽規則，由司法院定之。"
		},
		{
			"number": 3800,
			"content": "少年及家事法院於必要時，得在管轄區域內指定地點臨時開庭。\r\n前項臨時開庭辦法，由司法院定之。"
		},
		{
			"number": 3900,
			"content": "審判長於法庭之開閉及審理訴訟，有指揮及維持秩序之權。"
		},
		{
			"number": 4000,
			"content": "有妨害法庭秩序或其他不當行為者，審判長得禁止其進入法庭或命其退出\r\n法庭，必要時得命看管至閉庭時。\r\n前項處分，不得聲明不服。\r\n前二項之規定，於審判長在法庭外執行職務時準用之。"
		},
		{
			"number": 4100,
			"content": "訴訟代理人、辯護人、輔佐人在法庭代理訴訟、辯護或輔佐案件，其言語\r\n行動如有不當，審判長得加以警告或禁止其開庭當日之代理、辯護或輔佐\r\n。"
		},
		{
			"number": 4200,
			"content": "審判長為前二條之處分時，應記明其事由於筆錄。"
		},
		{
			"number": 4300,
			"content": "本章有關審判長之規定，於受命法官或受託法官執行職務時準用之。"
		},
		{
			"number": 4400,
			"content": "違反審判長、受命法官、受託法官所發維持法庭秩序之命令，致妨害法院\r\n執行職務，經制止不聽者，處三月以下有期徒刑、拘役或科新臺幣九千元\r\n以下罰金。"
		},
		{
			"number": 4500,
			"content": "少年及家事法院行政之監督，依下列規定：\r\n一、司法院院長監督少年及家事法院及其分院。\r\n二、高等法院院長監督少年及家事法院及其分院。\r\n三、少年及家事法院院長監督該法院及其分院。"
		},
		{
			"number": 4600,
			"content": "依前條規定有監督權者，對於被監督之人員得為下列處分：\r\n一、關於職務上之事項，得發命令使之注意。\r\n二、有廢弛職務、逾越權限或行為不檢者，加以警告。"
		},
		{
			"number": 4700,
			"content": "被監督之人員，如有前條第二款情事，而情節較重或經警告無效者，監督\r\n長官得依公務員懲戒法辦理。"
		},
		{
			"number": 4800,
			"content": "本章各條之規定，不影響審判權之獨立行使。"
		},
		{
			"number": 4900,
			"content": "少年及家事法院之審理，應規定期限，其期限由司法院以命令定之。"
		},
		{
			"number": 5000,
			"content": "本法未規定者，準用法院組織法及其他有關法律之規定。"
		},
		{
			"number": 5100,
			"content": "本法於少年及家事法院分院及於未設少年及家事法院地區之地方法院少年\r\n法庭、家事法庭準用之。"
		},
		{
			"number": 5200,
			"content": "少年及家事法院於年度預算執行中成立，其因調配人力移撥員額及業務時\r\n，所需各項相關經費，得由移撥機關在原預算範圍內調整支應，不受預算\r\n法第六十二條及第六十三條規定之限制。"
		},
		{
			"number": 5300,
			"content": "本法施行日期，由司法院以命令定之。"
		}
	]
}