{
	"pcode": "A0010086",
	"type": "命令",
	"title": "福建省金門縣政府組織規程",
	"url": "https://law.moj.gov.tw/LawClass/LawAll.aspx?pcode=A0010086",
	"category": [
		"廢止法規",
		"國防部"
	],
	"lastUpdate": "19930127",
	"isDiscarded": true,
	"isTranslated": false,
	"history": [
		"中華民國八十一年十一月五日福建省政府訂定發布全文 15 條",
		"中華民國八十二年一月二十七日國防部（82）伸信字第 0499 號令發布廢止"
	],
	"divisions": [],
	"articles": [
		{
			"number": 100,
			"content": "本規程依照福建省金門縣、連江縣實施地方自治綱要第二十五條規定訂定\r\n之。"
		},
		{
			"number": 200,
			"content": "金門縣政府 (以下簡稱本府) 置縣長一人，綜理縣政，並指揮監督所屬職\r\n員及機關。其受上級機關之委任者，並得監督上級機關所屬機關及職員。"
		},
		{
			"number": 300,
			"content": "本府置主任秘書一人，為幕僚長，承縣長之命襄理縣政，並綜理本府一切\r\n事務；置秘書二人，受主任秘書之指揮；督監，掌理機要、協調及核稿等\r\n事項。"
		},
		{
			"number": 400,
			"content": "本府設左列各局、科、室，分掌有關事項：\r\n一、民政局：掌理自治行政、宗教、禮俗、古蹟文獻、調解、公共造產、\r\n    社會行政、社會福利、戶籍行政、合作行政、勞工行政、兵役行政、\r\n    就業輔導、勞工安全、勞資關係、土地行政、僑民服務及其他有關民\r\n    政等事項。\r\n二、財政科：掌理財務行政、稅務行政、公庫、公產、公債、地方金融管\r\n    理、糧鹽、燃料及其他有關財政等事項。\r\n三、建設局：掌理工業、商業、礦業、交通、水利、土木工程、都市計畫\r\n    、建築管理、國民住宅之興建及管理、公共設施、觀光事業、零售市\r\n    場及攤販管理、公營 (用) 事業、農務、林務、漁業、畜牧、農漁會\r\n    輔導、農畜產品產銷管理、農藥管理、水土保持、農路管理維護及其\r\n    他有關建設等事項。\r\n四、教育局：掌理國民教育、社會教育、文化、體育及其他有關教育等事\r\n    項。\r\n五、秘書室：掌理法制、國家賠償、研考、新聞、公共關係、印信、文書\r\n    、庶務、出納及其他不屬各局、科、室之業務等事項。\r\n六、主計室：掌理歲計、會計及兼辦統計等事項。\r\n七、人事室：掌理人事管理事項。\r\n八、政風室：掌理政風事項。"
		},
		{
			"number": 500,
			"content": "本府各局、科、室、置局長、科長、室主任、課長、股長、督學、視導、\r\n技正、科員、課員、技士、技佐、辦事員、雇員。"
		},
		{
			"number": 600,
			"content": "本規程所列各職稱之官等及員額，另以編制表定之。\r\n各職稱之職等，依職務列等表之規定。"
		},
		{
			"number": 700,
			"content": "本府設左列附屬機關，分掌有關事項：\r\n一、警察局：掌理警察、警衛、民防及戶口查察等事項。\r\n二、衛生局：掌理醫政、防疫、保健、藥政、食品衛生管理、環境清潔、\r\n    環境保護、公砉防治及毒性化學物質管理等事項。\r\n三、稅捐稽徵處：掌理縣各項稅捐稽徵事項，並代徵國、省稅等事項。\r\n前項各局、處組織規程另定之。"
		},
		{
			"number": 800,
			"content": "本府為應業務需要及辦理上級政府授權或委託業務，得報經行政院核准增\r\n設附屬機關，其組織規程另定之。"
		},
		{
			"number": 900,
			"content": "本府得視實際需要或臨時縣議會之建議設事業機構，其組織規程，由本府\r\n擬訂，經臨時縣議會通過，報請省政核備。"
		},
		{
			"number": 1000,
			"content": "縣長請假或因故不能執行職務時，由主任秘書代行，主任秘書同時因故不\r\n能代行時，由民政局長代行之。"
		},
		{
			"number": 1100,
			"content": "本府設縣務會議，每月舉行一次，必要時得召開臨時會議，以左列人員組\r\n織之：\r\n一、縣長。\r\n二、主任秘書、秘書。\r\n三、局長、科長。\r\n四、室主任。\r\n五、警察局局長、衛生局局長、稅捐稽徵處處長。\r\n前項會議由縣長召集之，開會時並為主席，縣長因故不能出席時，由職務\r\n代理人擔任主席。\r\n第一項會議必要時，得由縣長邀請或指定其他有關人員參加或列席。"
		},
		{
			"number": 1200,
			"content": "縣務會議除工作報告及檢討外，討論左列事項：\r\n一、縣長交議事項。\r\n二、提請臨時縣議會審議之案件。\r\n三、本縣單行規章。\r\n四、其他有關本府之重要事項。\r\n前項各款事項之決議，由縣長核定辦理。"
		},
		{
			"number": 1300,
			"content": "為辦理轄區內戶籍登記業務，得依戶籍法規定於各鄉鎮設戶政事務所，其\r\n編制表另定之。"
		},
		{
			"number": 1400,
			"content": "本府分層負責明細表，由縣長核定後實施。"
		},
		{
			"number": 1500,
			"content": "本規程自發布日施行。"
		}
	]
}