{
	"pcode": "A0010078",
	"type": "命令",
	"title": "監察院監察委員紀律委員會設置辦法",
	"url": "https://law.moj.gov.tw/LawClass/LawAll.aspx?pcode=A0010078",
	"category": [
		"監察",
		"院本部",
		"組織目"
	],
	"lastUpdate": "20180730",
	"isTranslated": false,
	"history": [
		"中華民國八十六年七月三十日監察院（86）院台參甲字第 860800297 號公告訂定發布全文 9 條",
		"中華民國八十七年三月二十四日監察院第二屆第七十八次會議修正發布第 1 條條文",
		"中華民國一百零七年七月三十日監察院院台紀字第 1073730001 號令修正發布第 3、4 條條文"
	],
	"divisions": [],
	"articles": [
		{
			"number": 100,
			"content": "監察院 (以下簡稱本院) 為審議處理有關監察委員紀律事項，依本院各委\r\n員會組織法第二條第三項之規定，設監察委員紀律委員會 (以下簡稱本會\r\n) 。"
		},
		{
			"number": 200,
			"content": "本會之任務如左：\r\n一、關於人民陳訴之監察委員違法失職或違反監察委員自律規範案件之審\r\n    議處理事項。\r\n二、關於院會及各委員會移送之監察委員違法失職或違反監察委員自律規\r\n    範案件之審議處理事項。\r\n三、關於院長交議之監察委員違法失職或違反監察委員自律規範案件之審\r\n    議處理事項。"
		},
		{
			"number": 300,
			"content": "本會委員由本院院長以外之副院長及委員擔任，由副院長擔任召集人，並\r\n為主席，召集人不能出席時，由委員互推一人為主席。"
		},
		{
			"number": 400,
			"content": "本會之開會，須有全體委員除因公外出者外之三分之二以上出席。其決議\r\n須經出席委員過半數之通過。"
		},
		{
			"number": 500,
			"content": "監察委員如有違法失職或違反監察委員自律規範者，除法令另有規定外，\r\n應提經本會審議後，提報院會決議依監察委員自律規範規定處分之。"
		},
		{
			"number": 600,
			"content": "本會審議案件，必要時得推請本會委員先予調查，由本會職員協查。其調\r\n查報告由本會審議處理。"
		},
		{
			"number": 700,
			"content": "本會審議案件，得通知相關監察委員以口頭或書面提出說明。"
		},
		{
			"number": 800,
			"content": "本會置秘書一人、幹事若干人，由本院職員調兼之。"
		},
		{
			"number": 900,
			"content": "本辦法經本院院會通過後施行。"
		}
	]
}