{
	"pcode": "A0010076",
	"type": "命令",
	"title": "監察院訴願審議委員會組織規程",
	"url": "https://law.moj.gov.tw/LawClass/LawAll.aspx?pcode=A0010076",
	"category": [
		"監察",
		"院本部",
		"組織目"
	],
	"lastUpdate": "20030425",
	"isTranslated": false,
	"history": [
		"中華民國八十二年九月二十七日監察院（82）院台參字第 5709 號公告訂定發布全文 6 條",
		"中華民國八十四年二月二十二日監察院（84）院台參甲字第 1632 號公告修正發布第 2 條條文",
		"中華民國八十六年三月十三日監察院（86）院台參甲字第 860800104 號公告修正發布名稱及第 1～5 條條文，並自發布日起施行（原名稱：監察院暨所屬機關訴願審議委員會組織規程；新名稱：監察院訴願審議委員會組織規程）",
		"中華民國八十九年五月十九日監察院（89）院台秘議字第 890900348 號公告修正發布全文 5 點",
		"中華民國九十二年四月二十五日監察院（九二）院台訴字第 0923220017 號令修正發布第 2 條條文"
	],
	"divisions": [],
	"articles": [
		{
			"number": 100,
			"content": "監察院 (以下簡稱本院) 為辦理訴願事件，依訴願法 (以下簡稱本法) 第\r\n五十二條第三項之規定，設訴願審議委員會 (以下簡稱本會) 。"
		},
		{
			"number": 200,
			"content": "本會置委員九人至十三人，除副院長為當然委員，並擔任主任委員外，其\r\n中由院長就社會公正人士、學者或專家聘兼之人數不得少於二分之一，餘\r\n由院長就未擔任本院廉政委員會委員之監察委員聘兼之。\r\n前項聘兼委員任期，均為一年"
		},
		{
			"number": 300,
			"content": "本會所需辦事人員由院長就本院職員中熟諳法令者調派或派兼之，並指定\r\n一人為執行秘書。"
		},
		{
			"number": 400,
			"content": "執行秘書承主任委員之命，辦理本會一般行政事項。"
		},
		{
			"number": 500,
			"content": "本規程自發布日施行。\r\n本規程修正條文自本法修正條文施行之日施行。"
		}
	]
}