{
	"pcode": "A0010055",
	"type": "法律",
	"title": "行政法院組織法",
	"url": "https://law.moj.gov.tw/LawClass/LawAll.aspx?pcode=A0010055",
	"category": [
		"司法",
		"院本部",
		"組織目"
	],
	"lastUpdate": "20190104",
	"effectiveDate": "99991231",
	"effectiveContent": "本法 108.01.04  修正之第 3  條條文，增訂之第 15-1～15-11、16-1  條條文及刪除之第 16 條文，施行日期，由司法院以命令定之。",
	"isTranslated": true,
	"english": "The Administrative Court Organization Act",
	"attachments": [
		"https://law.moj.gov.tw/LawClass/LawGetFile.ashx?FileId=0000103981",
		"https://law.moj.gov.tw/LawClass/LawGetFile.ashx?FileId=0000103982",
		"https://law.moj.gov.tw/LawClass/LawGetFile.ashx?FileId=0000235235",
		"https://law.moj.gov.tw/LawClass/LawGetFile.ashx?FileId=0000235236"
	],
	"history": [
		"中華民國二十一年十一月十七日國民政府制定公布全文 12 條",
		"中華民國二十五年十一月六日國民政府修正公布第 7 條條文",
		"中華民國三十一年七月二十五日國民政府修正公布第 8 條條文",
		"中華民國三十四年四月十六日國民政府修正公布全文 14 條",
		"中華民國三十四年十月三十日國民政府修正公布第 12 條條文",
		"中華民國三十七年三月二十四日國民政府修正公布第 6 條條文",
		"中華民國六十四年十二月十二日總統令修正公布全文 14 條",
		"中華民國八十三年十一月十一日總統（83）華總（一）義字第 6825 號令修正公布第 2 條條文",
		"中華民國八十八年二月三日總統（88）華總一義字第 8800025750 號令修正公布全文 48 條中華民國八十八年七月八日司法院（88）院台廳行一字第 17712 號令定自八十九年七月一日起施行",
		"中華民國九十年五月二十三日總統（90）華總一義字第 9000099060 號令修正公布第 10 條條文",
		"中華民國一百年十一月二十三日總統華總一義字第 10000257921 號令修正公布第 3、4、5、7、10、15、18 條條文及第 5 條之附表一 、 附表二；增訂第 10-1、10-2 條條文；施行日期，由司法院以命令定之中華民國一百零一年一月十八日司法院院台廳司一字第 1010002235 號令發布第 3、4、5、7、10-1、10-2 條條文及第 5 條之附表一 、 附表二定自一百零一年九月六日施行；第 10、15、18 條條文自一百年十一月二十五日施行",
		"中華民國一百零八年一月四日總統華總一義字第 10800001281 號令修正公布第 3 條條文；增訂第 15-1～15-11、16-1 條條文；刪除第 16 條文；施行日期，由司法院以命令定之"
	],
	"divisions": [
		{
			"type": "章",
			"number": 100,
			"title": "總則",
			"start": 100,
			"end": 500
		},
		{
			"type": "章",
			"number": 200,
			"title": "高等行政法院",
			"start": 600,
			"end": 1002
		},
		{
			"type": "章",
			"number": 300,
			"title": "最高行政法院",
			"start": 1100,
			"end": 1601
		},
		{
			"type": "章",
			"number": 400,
			"title": "法官之任用資格及待遇",
			"start": 1700,
			"end": 2000
		},
		{
			"type": "章",
			"number": 500,
			"title": "書記官之配置",
			"start": 2100,
			"end": 2200
		},
		{
			"type": "章",
			"number": 600,
			"title": "其他人員之配置",
			"start": 2300,
			"end": 2800
		},
		{
			"type": "章",
			"number": 700,
			"title": "司法年度及事務分配",
			"start": 2900,
			"end": 3300
		},
		{
			"type": "章",
			"number": 800,
			"title": "法庭之開閉及秩序",
			"start": 3400,
			"end": 4000
		},
		{
			"type": "章",
			"number": 900,
			"title": "司法行政之監督",
			"start": 4100,
			"end": 4400
		},
		{
			"type": "章",
			"number": 1000,
			"title": "附則",
			"start": 4500,
			"end": 4800
		}
	],
	"articles": [
		{
			"number": 100,
			"content": "行政法院掌理行政訴訟審判事務。"
		},
		{
			"number": 200,
			"content": "行政法院分下列二級：\r\n一、高等行政法院。\r\n二、最高行政法院。"
		},
		{
			"number": 300,
			"content": "高等行政法院之審判，以法官三人合議行之。\r\n最高行政法院之審判，除法律另有規定外，以法官五人合議行之。"
		},
		{
			"number": 400,
			"content": "合議審判，以庭長充審判長；無庭長或庭長有事故時，以同庭法官中資深\r\n者充之，資同以年長者充之。"
		},
		{
			"number": 500,
			"content": "各級行政法院之員額，依本法附表一、二之規定。\r\n為應業務需要，在附表一庭長、法官、司法事務官、書記官、通譯、執達\r\n員、錄事、庭務員及法警總額額度內，司法院得訂定各高等行政法院員額\r\n配置表，為適度之人力調度。"
		},
		{
			"number": 600,
			"content": "省、直轄市及特別區域各設高等行政法院。但其轄區狹小或事務較簡者，\r\n得合數省、市或特別區域設一高等行政法院，其轄區遼闊或事務較繁者，\r\n得增設之。高等行政法院管轄區域之劃分或變更，由司法院定之。"
		},
		{
			"number": 700,
			"content": "高等行政法院管轄事件如下：\r\n一、不服訴願決定或法律規定視同訴願決定，提起之行政訴訟通常訴訟程\r\n    序事件。但法律另有規定者從其規定。\r\n二、不服地方法院行政訴訟庭第一審判決而上訴之事件。\r\n三、不服地方法院行政訴訟庭裁定而抗告之事件。\r\n四、其他依法律規定由高等行政法院管轄之事件。"
		},
		{
			"number": 800,
			"content": "高等行政法院置院長一人，由法官兼任，簡任第十三職等至第十四職等，\r\n綜理全院行政事務。\r\n前項高等行政法院院長，應就具有最高行政法院法官、最高法院法官或最\r\n高法院檢察署檢察官資格，並有領導才能者遴任之。"
		},
		{
			"number": 900,
			"content": "高等行政法院之庭數，視事務之繁簡定之，必要時得設專業法庭。\r\n各庭置庭長一人，簡任第十一職等至第十三職等，除由兼任院長之法官兼\r\n任者外，餘就法官中遴兼之，監督各該庭事務。"
		},
		{
			"number": 1000,
			"content": "高等行政法院每庭置法官三人，簡任第十職等至第十一職等或薦任第九職\r\n等。\r\n高等行政法院法官繼續服務二年以上者，得晉敘至簡任第十二職等至第十\r\n四職等；依法院組織法第十二條第二項規定晉敘有案者，得敘至簡任第十\r\n二職等至第十三職等或簡任第十二職等至第十四職等。\r\n經遴選曾任高等行政法院法官二年以上，調地方法院或其分院兼任院長或\r\n庭長之法官、法官者，得晉敘至簡任第十二職等至第十四職等。\r\n前二項高等行政法院法官服務年資與曾任高等法院法官、智慧財產法院法\r\n官或高等法院檢察署檢察官服務年資，合併計算。\r\n司法院為因應高等行政法院業務之需要，得調地方法院及其分院法官、試\r\n署法官或候補法官至高等行政法院辦事，每庭一人至三人，協助法官辦理\r\n訴訟案件程序、實體重點之分析、資料之蒐集分析、裁判書之草擬等事項\r\n。\r\n高等行政法院必要時，得置法官助理，依聘用人員相關法令聘用專業人員\r\n，或調派各級法院或行政法院其他司法人員或借調其他機關適當人員充任\r\n之，協助該庭辦理訴訟案件程序之進行、程序重點之分析、資料之蒐集分\r\n析等事項。\r\n法官、試署法官或候補法官調高等行政法院為辦事法官期間，計入其法官\r\n、試署法官或候補法官年資。\r\n具專業證照執業資格者，經聘用充任法官助理期間，計入其專業執業年資\r\n。\r\n法官助理之遴聘辦法，由司法院定之。\r\n第二項、第三項及第四項之規定，溯自中華民國九十年一月十九日生效；\r\n但第二項中華民國一百年十一月一日修正部分，溯自中華民國九十九年十\r\n一月二十六日生效。"
		},
		{
			"number": 1001,
			"content": "高等行政法院設司法事務官室，置司法事務官，薦任第七職等至第九職等\r\n；司法事務官在二人以上者，置主任司法事務官，薦任第九職等至簡任第\r\n十職等。\r\n前項司法事務官以具有財經、稅務或會計專業者為限。"
		},
		{
			"number": 1002,
			"content": "司法事務官辦理下列事務：\r\n一、辦理稅務事件之資料蒐集、分析及提供財稅會計等專業意見。\r\n二、依法參與訴訟程序。\r\n三、其他法律所定之事務。\r\n司法事務官辦理前項各款事件之範圍及日期，由司法院定之。"
		},
		{
			"number": 1100,
			"content": "最高行政法院設於中央政府所在地。"
		},
		{
			"number": 1200,
			"content": "最高行政法院管轄事件如下：\r\n一、不服高等行政法院裁判而上訴或抗告之事件。\r\n二、其他依法律規定由最高行政法院管轄之事件。"
		},
		{
			"number": 1300,
			"content": "最高行政法院置院長一人，特任，綜理全院行政事務，並任法官。\r\n前項最高行政法院院長應就具有下列資格之一，並有領導才能者遴任之：\r\n一、曾任司法院大法官、最高行政法院院長、最高法院院長、最高法院檢\r\n    察署檢察總長或公務員懲戒委員會委員長。\r\n二、曾任行政法院評事、最高行政法院法官、最高法院法官、最高法院檢\r\n    察署檢察官、高等行政法院院長、高等法院院長或高等法院檢察署檢\r\n    察長合計五年以上者。\r\n三、曾任行政法院簡任評事或法官、簡任司法官十年以上，或任行政法院\r\n    簡任法官、簡任司法官並任簡任司法行政人員合計十年以上者。"
		},
		{
			"number": 1400,
			"content": "最高行政法院應分庭審判，其庭數視事務之繁簡定之。\r\n最高行政法院各庭置庭長一人，簡任第十四職等，除由院長兼任者外，餘\r\n就法官中遴兼之，監督各該庭事務。"
		},
		{
			"number": 1500,
			"content": "最高行政法院每庭置法官五人，簡任第十三職等至第十四職等。\r\n司法院為因應最高行政法院業務需要，得調高等行政法院或高等法院以下\r\n各級法院及其分院法官、試署法官或候補法官至最高行政法院辦事，每庭\r\n一人至五人，協助法官辦理訴訟案件程序、實體重點之分析、資料之蒐集\r\n分析、裁判書之草擬等事項。\r\n最高行政法院必要時，得置法官助理，依聘用人員相關法令聘用專業人員\r\n，或調派各級法院或行政法院其他司法人員或借調其他機關適當人員充任\r\n之，協助該庭辦理訴訟案件程序之進行、程序重點之分析、資料之蒐集分\r\n析等事項。\r\n法官、試署法官或候補法官調最高行政法院為辦事法官期間，計入其法官\r\n、試署法官或候補法官年資。\r\n具專業證照執業資格者，經聘用充任法官助理期間，計入其專業執業年資\r\n。\r\n法官助理之遴聘辦法，由司法院定之。"
		},
		{
			"number": 1501,
			"content": "最高行政法院設大法庭，裁判法律爭議。"
		},
		{
			"number": 1502,
			"content": "最高行政法院各庭審理事件，經評議後認採為裁判基礎之法律見解，與先\r\n前裁判之法律見解歧異者，應以裁定敘明理由，提案予大法庭裁判。\r\n最高行政法院各庭為前項裁定前，應先以徵詢書徵詢其他庭之意見。受徵\r\n詢庭應於三十日內以回復書回復之，逾期未回復，視為主張維持先前裁判\r\n之法律見解。經任一受徵詢庭主張維持先前裁判之法律見解時，始得為前\r\n項裁定。"
		},
		{
			"number": 1503,
			"content": "最高行政法院各庭審理事件，經評議後認採為裁判基礎之法律見解具有原\r\n則重要性，得以裁定敘明理由，提案予大法庭裁判。"
		},
		{
			"number": 1504,
			"content": "最高行政法院各庭審理事件期間，當事人認為足以影響裁判結果之法律見\r\n解，先前裁判之法律見解已產生歧異，或具有原則重要性，得以書狀表明\r\n下列各款事項，向受理事件庭聲請以裁定提案予大法庭裁判。\r\n一、涉及之法令。\r\n二、法律見解歧異之裁判，或法律見解具有原則重要性之具體內容。\r\n三、該歧異見解或具有原則重要性見解對於裁判結果之影響。\r\n四、所持法律見解及理由。\r\n前項聲請，當事人應委任訴訟代理人為之，並準用行政訴訟法第二百四十\r\n一條之一規定。\r\n最高行政法院各庭認為聲請不合法律上之程式或法律上不應准許者，應以\r\n裁定駁回之。"
		},
		{
			"number": 1505,
			"content": "提案庭於大法庭言詞辯論終結前，因涉及之法律爭議已無提案之必要，得\r\n以裁定敘明理由，撤銷提案。"
		},
		{
			"number": 1506,
			"content": "大法庭裁判法律爭議，以法官九人合議行之，並由最高行政法院院長擔任\r\n審判長。\r\n大法庭之庭員，由提案庭指定庭員一人及票選之法官七人擔任。\r\n前項由票選產生之大法庭庭員，每庭至少應有一人，且兼任庭長者不得逾\r\n總人數二分之一。"
		},
		{
			"number": 1507,
			"content": "前條第二項之票選大法庭庭員任期二年，其人選、遞補人選，由法官會議\r\n以無記名投票，自全體法官中依得票數較高，且符合前條第三項規定之方\r\n式選舉產生。遞補人選之任期至原任期屆滿為止。\r\n院長出缺或有事故不能擔任審判長時，由前項遞補人選遞補之，並以大法\r\n庭庭員中資深庭長充審判長，無庭長者，以其他資深庭員充之，資同以年\r\n長者充之。票選之大法庭庭員出缺或有事故，不能擔任大法庭庭員時，由\r\n前項遞補人選遞補之。\r\n前條第二項提案庭指定之庭員出缺或有事故不能擔任大法庭庭員時，由提\r\n案庭另行指定庭員出任。\r\n大法庭審理中之法律爭議，遇大法庭庭員因改選而更易時，仍由原審理該\r\n法律爭議之大法庭繼續審理至終結止；其庭員出缺或有事故不能擔任大法\r\n庭庭員時，亦按該法律爭議提交大法庭時之預定遞補人選遞補之。"
		},
		{
			"number": 1508,
			"content": "大法庭裁判法律爭議，應行言詞辯論。\r\n前項辯論，當事人應委任訴訟代理人為之，並準用行政訴訟法第二百四十\r\n一條之一規定。\r\n第一項之辯論期日，當事人一造未委任訴訟代理人或訴訟代理人未到場者\r\n，得由到場之訴訟代理人陳述後為裁定。當事人之訴訟代理人均未到場者\r\n，得不行辯論。\r\n大法庭認有必要時，得依職權或依當事人或其訴訟代理人之聲請，就專業\r\n法律問題選任專家學者，以書面或於言詞辯論時到場陳述其法律上意見。\r\n前項陳述意見之人，應揭露下列資訊，並準用行政訴訟法關於鑑定人之規\r\n定：\r\n一、相關專業意見或資料之準備或提出，是否與當事人、關係人或其代理\r\n    人有分工或合作關係。\r\n二、相關專業意見或資料之準備或提出，是否受當事人、關係人或其代理\r\n    人之金錢報酬或資助及其金額或價值。\r\n三、其他提供金錢報酬或資助者之身分及其金額或價值。"
		},
		{
			"number": 1509,
			"content": "大法庭裁判法律爭議，應以裁定記載主文與理由行之，並自辯論終結之日\r\n起三十日內宣示。\r\n法官於評議時所持法律上之意見與多數意見不同，經記明於評議簿，並於\r\n裁定宣示前補具不同意見書者，應與裁定一併公布。"
		},
		{
			"number": 1510,
			"content": "大法庭之裁定，對提案庭提交之事件有拘束力。"
		},
		{
			"number": 1511,
			"content": "除本法另有規定外，行政訴訟法及其他相關法律之規定與大法庭規範性質\r\n不相牴觸者，亦準用之。"
		},
		{
			"number": 1600,
			"content": "（刪除）"
		},
		{
			"number": 1601,
			"content": "最高行政法院於中華民國一百零七年十二月七日本法修正施行前依法選編\r\n之判例，若無裁判全文可資查考者，應停止適用。\r\n未經前項規定停止適用之判例，其效力與未經選編為判例之最高行政法院\r\n裁判相同。\r\n於中華民國一百零七年十二月七日本法修正之條文施行後三年內，人民於\r\n上開條文施行後所受確定終局裁判援用之判例、決議，發生牴觸憲法之疑\r\n義者，得準用司法院大法官審理案件法第五條第一項第二款之規定聲請解\r\n釋憲法。"
		},
		{
			"number": 1700,
			"content": "高等行政法院法官，應就具有下列資格之一，經遴選或甄試審查訓練合格\r\n者任用之：\r\n一、曾任行政法院評事、最高行政法院法官或高等行政法院法官者。\r\n二、曾任薦任或簡任司法官二年以上，或曾任薦任或簡任司法官並任薦任\r\n    或簡任公務人員合計二年以上者。\r\n三、曾任教育部審定合格之大學或獨立學院之教授、副教授，講授憲法、\r\n    行政法、租稅法、商標法、專利法、土地法、公平交易法、政府採購\r\n    法或其他主要行政法課程八年以上，具有薦任或簡任職任用資格者。   \r\n四、曾任中央研究院研究員、副研究員合計八年以上，有憲法、行政法之\r\n    專門著作，並具有薦任或簡任職任用資格者。\r\n五、曾在公立或經立案之私立大學、獨立學院法律、政治、行政學系或其\r\n    研究所畢業，任薦任或簡任公務人員，辦理機關之訴願或法制業務八\r\n    年以上者。\r\n六、經律師考試及格，並有執行行政訴訟律師業務經驗八年以上，具有薦\r\n    任或簡任職任用資格者。\r\n具有前項第二款之資格改任者，應由司法院成立遴選委員會遴選之，於任\r\n用前，並應施以行政法、行政訴訟法、商標法、專利法及租稅法等在職訓\r\n練；其遴選辦法及在職訓練辦法，由司法院以命令定之。\r\n具有第一項第三款至第六款之資格者，應經司法院成立之甄試審查委員會\r\n甄試審查合格，並施以行政法、行政訴訟法、商標法、專利法及租稅法等\r\n職前訓練合格後任用之；其甄試審查辦法及職前訓練辦法，由司法院以命\r\n令定之。\r\n前項甄試審查委員會委員，由司法院指派人員並遴聘行政院及考試院代表\r\n、學者、專家及社會公正人士擔任之，其中行政院代表、考試院代表、學\r\n者、專家及社會公正人士人數不得少於二分之一。"
		},
		{
			"number": 1800,
			"content": "最高行政法院法官，應就具有下列資格之一，經遴選或甄試審查訓練合格\r\n者任用之：\r\n一、曾任行政法院評事或最高行政法院法官者。\r\n二、曾任最高法院法官、最高法院檢察署檢察官、高等行政法院法官、智\r\n    慧財產法院或其分院法官、高等法院或其分院法官、高等法院或其分\r\n    院檢察署檢察官四年以上，成績優良，具有簡任職任用資格者。\r\n三、曾任高等行政法院法官、智慧財產法院或其分院法官、高等法院或其\r\n    分院法官、高等法院或其分院檢察署檢察官，並任地方法院或其分院\r\n    兼任院長之法官、地方法院或其分院檢察署檢察長合計四年以上，成\r\n    績優良，具有簡任職任用資格者。\r\n四、曾任教育部審定合格之大學或獨立學院之教授，講授憲法、行政法、\r\n    租稅法、商標法、專利法、土地法、公平交易法、政府採購法或其他\r\n    主要行政法課程五年以上，具有簡任職任用資格者。\r\n五、曾任中央研究院研究員五年以上，有憲法、行政法之專門著作，並具\r\n    有簡任職任用資格者。\r\n六、曾在公立或經立案之私立大學、獨立學院法律、政治、行政學系或其\r\n    研究所畢業，任簡任公務人員任內辦理機關之訴願或法制業務六年以\r\n    上者。\r\n七、經律師考試及格，並有執行行政訴訟律師業務經驗十二年以上，具有\r\n    簡任職任用資格者。\r\n具有前項第二款、第三款之資格，其由普通法院法官、智慧財產法院法官\r\n或檢察署檢察官改任者，應由司法院成立遴選委員會遴選之，於任用前，\r\n並應施以行政法、行政訴訟法、商標法、專利法及租稅法等在職訓練；其\r\n遴選辦法及在職訓練辦法，由司法院定之。\r\n具有第一項第四款至第七款之資格者，應經司法院成立之甄試審查委員會\r\n甄試審查合格，並施以行政法、行政訴訟法、商標法、專利法及租稅法等\r\n職前訓練合格後任用之；其甄試審查辦法與職前訓練辦法，由司法院定之\r\n。\r\n前項甄試審查委員會委員，由司法院指派人員並遴聘行政院及考試院代表\r\n、學者、專家及社會公正人士擔任之，其中行政院代表、考試院代表、學\r\n者、專家及社會公正人士人數不得少於二分之一。"
		},
		{
			"number": 1900,
			"content": "行政法院法官之遴選與甄試審查，應注意其經驗與行政法學之素養。\r\n行政法院法官任用後，每年應辦理在職進修，以充實其行政法學及相關專\r\n業素養，提昇裁判品質。"
		},
		{
			"number": 2000,
			"content": "行政法院法官之保障及給與，除本法別有規定外，適用司法人員人事條例\r\n及其他法令有關司法官保障及給與之規定。"
		},
		{
			"number": 2100,
			"content": "高等行政法院設書記處，置書記官長，薦任第九職等或簡任第十職等至第\r\n十一職等，承院長之命處理行政事務；一等書記官，薦任第八職等至第九\r\n職等；二等書記官，薦任第六職等至第七職等；三等書記官，委任第四職\r\n等至第五職等。\r\n書記處分科掌理事務，各科於必要時，得分股辦事。科長由一等書記官兼\r\n任之，股長由一等書記官或二等書記官兼任之，均不另列等。\r\n第一項一等書記官、二等書記官員額合計不得逾同一行政法院一等書記官\r\n、二等書記官、三等書記官總額二分之一。"
		},
		{
			"number": 2200,
			"content": "最高行政法院設書記廳，置書記官長，簡任第十一職等至第十三職等，承\r\n院長之命處理行政事務；一等書記官，薦任第八職等至第九職等；二等書\r\n記官，薦任第六職等至第七職等；三等書記官，委任第四職等至第五職等\r\n。\r\n書記廳分科掌理事務，各科於必要時，得分股辦事。科長由一等書記官兼\r\n任之，股長由一等書記官或二等書記官兼任之，均不另列等。\r\n第一項一等書記官、二等書記官員額合計不得逾同一行政法院一等書記官\r\n、二等書記官、三等書記官總額二分之一。"
		},
		{
			"number": 2300,
			"content": "各級行政法院得置通譯、技士，均委任第三職等至第五職等；執達員，委\r\n任第三職等至第五職等；錄事、庭務員均委任第一職等至第三職等。\r\n行政法院原依雇員管理規則進用之現職雇員，未具公務人員任用資格者，\r\n得占用前項錄事、庭務員職缺，繼續僱用至離職時為止。"
		},
		{
			"number": 2400,
			"content": "各級行政法院置法警，委任第三職等至第五職等；法警長，委任第五職等\r\n或薦任第六職等至第七職等；副法警長，委任第四職等至第五職等或薦任\r\n第六職等。"
		},
		{
			"number": 2500,
			"content": "高等行政法院設人事室、置主任一人，薦任第九職等至簡任第十職等；並\r\n得置科員，委任第五職等或薦任第六職等至第七職等。依法律規定辦理人\r\n事管理事項。\r\n最高行政法院設人事室，置主任一人，簡任第十職等；並得置科員，委任\r\n第五職等或薦任第六職等至第七職等。依法律規定辦理人事管理事項。"
		},
		{
			"number": 2600,
			"content": "高等行政法院設會計室、統計室，分置會計主任、統計主任各一人，均薦\r\n任第九職等至簡任第十職等；並得置科員，委任第五職等或薦任第六職等\r\n至第七職等。依法律規定分別辦理歲計、會計及統計等事項。\r\n最高行政法院設會計室、統計室，分置會計主任、統計主任各一人，均簡\r\n任第十職等；並得置科員，委任第五職等或薦任第六職等至第七職等。依\r\n法律規定分別辦理歲計、會計及統計等事項。"
		},
		{
			"number": 2700,
			"content": "高等行政法院設政風室，置主任一人，薦任第九職等至簡任第十職等；並\r\n得置科員，委任第五職等或薦任第六職等至第七職等。依法律規定辦理政\r\n風事項。\r\n最高行政法院設政風室，置主任一人，簡任第十職等；並得置科員，委任\r\n第五職等或薦任第六職等至第七職等。依法律規定辦理政風事項。"
		},
		{
			"number": 2800,
			"content": "高等行政法院設資訊室，置主任一人，薦任第九職等至簡任第十職等；設\r\n計師，薦任第六職等至第八職等；資訊管理師，薦任第七職等；助理設計\r\n師，委任第四職等至第五職等，其中二分之一員額得列薦任第六職等，處\r\n理資訊事項。\r\n最高行政法院設資訊室，置主任一人，簡任第十職等；設計師，薦任第六\r\n職等至第八職等；資訊管理師，薦任第七職等；助理設計師，委任第四職\r\n等至第五職等，其中二分之一員額得列薦任第六職等，處理資訊事項。"
		},
		{
			"number": 2900,
			"content": "司法年度，每年自一月一日起至同年十二月三十一日止。"
		},
		{
			"number": 3000,
			"content": "各級行政法院之處務規程，由司法院定之。"
		},
		{
			"number": 3100,
			"content": "各級行政法院於每年度終結前，由院長、庭長、法官舉行會議，按照處務\r\n規程及其他法令規定，預定次年度司法事務之分配及代理次序。\r\n前項會議並應預定次年度關於合議審判時法官之配置。"
		},
		{
			"number": 3200,
			"content": "前條會議以院長為主席，其決議以過半數之意見定之，可否同數時，取決\r\n於主席。"
		},
		{
			"number": 3300,
			"content": "事務分配、代理次序及合議審判時法官之配置，經預定後，因事件或法官\r\n增減或他項事故，有變更之必要時，得由院長徵詢有關庭長、法官意見後\r\n定之。"
		},
		{
			"number": 3400,
			"content": "審判長於法庭之開閉及審理訴訟，有指揮之權。"
		},
		{
			"number": 3500,
			"content": "訴訟代理人在法庭代理訴訟，其言語行動如有不當，審判長得加以警告或\r\n禁止其開庭當日之代理。"
		},
		{
			"number": 3600,
			"content": "法庭開庭時，審判長有維持秩序之權。"
		},
		{
			"number": 3700,
			"content": "有妨害法庭秩序或其他不當行為者，審判長得禁止其進入法庭或命其退出\r\n法庭，必要時得命看管至閉庭時。\r\n前項處分，不得聲明不服。\r\n前二項之規定，於審判長在法庭外執行職務時準用之。"
		},
		{
			"number": 3800,
			"content": "違反審判長、受命法官、受託法官所發維持法庭秩序之命令，致妨害法院\r\n執行職務，經制止不聽者，處三月以下有期徒刑、拘役或科新臺幣九千元\r\n以下罰金。"
		},
		{
			"number": 3900,
			"content": "審判長為第三十五條或第三十七條之處分時，應記明其事由於筆錄。"
		},
		{
			"number": 4000,
			"content": "本章有關審判長之規定，於受命法官或受託法官執行職務時準用之。"
		},
		{
			"number": 4100,
			"content": "各級行政法院行政之監督，依下列規定：\r\n一、司法院院長監督各級行政法院。\r\n二、最高行政法院院長監督該法院。\r\n三、高等行政法院院長監督該法院。"
		},
		{
			"number": 4200,
			"content": "依前條規定有監督權者，對於被監督之人員得為下列處分：\r\n一、關於職務上之事項，得發命令使之注意。\r\n二、有廢弛職務、逾越權限或行為不檢者，加以警告。"
		},
		{
			"number": 4300,
			"content": "被監督之人員，如有前條第二款情事，而情節較重或經警告無效者，監督\r\n長官得依公務員懲戒法辦理。"
		},
		{
			"number": 4400,
			"content": "本章各條之規定，不影響審判權之獨立行使。"
		},
		{
			"number": 4500,
			"content": "行政法院法庭席位布置及旁聽規則，由司法院定之。"
		},
		{
			"number": 4600,
			"content": "行政訴訟之裁判，應規定期限，其期限由司法院定之。"
		},
		{
			"number": 4700,
			"content": "本法未規定者，準用法院組織法及其他有關人事法律之規定。"
		},
		{
			"number": 4800,
			"content": "本法自公布日施行。\r\n本法修正條文施行日期，由司法院以命令定之。"
		}
	]
}