{
	"pcode": "A0010089",
	"type": "命令",
	"title": "國家安全會議秘書處組織規程",
	"url": "https://law.moj.gov.tw/LawClass/LawAll.aspx?pcode=A0010089",
	"category": [
		"廢止法規",
		"國家安全會議"
	],
	"lastUpdate": "20061030",
	"isDiscarded": true,
	"isTranslated": false,
	"history": [
		"中華民國五十六年四月十一日總統令核定施行訂定發布全文 11 條",
		"中華民國六十二年六月十一日總統令修正核定；並自六十二年七月一日施行",
		"中華民國六十三年五月三日總統令修正第 3 條核定施行",
		"中華民國九十五年十月三十日國家安全會議勤人字第 0957400451 號令發布廢止（原名稱：動員戡亂時期國家安全會議秘書處組織規程；新名稱：國家安全會議秘書處組織規程）"
	],
	"divisions": [],
	"articles": [
		{
			"number": 100,
			"content": "本規程依動員戡亂時期國家安全會議組織綱要第八條之規定訂定之。"
		},
		{
			"number": 200,
			"content": "國家安全會議秘書長特派，承國家安全會議主席之命及依據國家安全會議\r\n之決議，處理會議事務，並指揮監督秘書處所屬職員。\r\n秘書長對於國家安全會議所屬國家建設研究委員會、科學發展指導委員會\r\n、國家安全局等機構之工作進行及相互間之聯繫配合，負綜合協調之責。"
		},
		{
			"number": 300,
			"content": "國家安全會議置副秘書長一至三人，簡派 (中少將) ，襄助秘書長處理事\r\n務。"
		},
		{
			"number": 400,
			"content": "國家安全會議秘書處置處長一人，簡派 (中少將) ，承秘書長之命處理秘\r\n書處事務。"
		},
		{
			"number": 500,
			"content": "國家安全會議秘書處分設二組，其職掌如左：\r\n一、第一組：掌理議事、編撰、迻譯及議事文件，會議紀錄之整理編印、\r\n    圖書資料之蒐集研析，保管等事。\r\n二、第二組：掌理人事、文書、檔案、出納、庶務及不屬於其他組室之事\r\n    項。"
		},
		{
			"number": 600,
			"content": "國家安全會議秘書處置組長二人，簡派 (少將上校) ，副組長二人，簡派\r\n或薦派 (少將上中校) ，編譯五人，薦派 (上中校) ，專員六至八人，薦\r\n派 (上中校) ，組員六至八人，薦派或委派 (中少校上中尉) ，辦事員三\r\n至五人，委派 (上中少尉) ，配屬各組室辦公，並得酌用雇員。"
		},
		{
			"number": 700,
			"content": "國家安全會議秘書處置秘書及專門委員各三至四人，均簡派 (少將上校)\r\n，承辦機要文電，撰擬命令及其他交辦事項。"
		},
		{
			"number": 800,
			"content": "國家安全會議秘書處設主計室，置主任一人，薦派 (上中校) ，佐理員一\r\n至二人，委派 (上中少尉) ，辦理主計事宜。"
		},
		{
			"number": 900,
			"content": "國家安全會議秘書處，因業務需要，得向有關機關調用文職及軍職人員，\r\n軍職人員之年資、考績、獎懲、晉升及待遇，概依軍方之規定辦理。"
		},
		{
			"number": 1000,
			"content": "國家安全會議秘書處辦事細則另定之。"
		},
		{
			"number": 1100,
			"content": "本規程自核定之日施行。"
		}
	]
}