{
	"pcode": "A0010013",
	"type": "法律",
	"title": "國策顧問委員會組織條例",
	"url": "https://law.moj.gov.tw/LawClass/LawAll.aspx?pcode=A0010013",
	"category": [
		"廢止法規",
		"總統府"
	],
	"lastUpdate": "19970507",
	"isDiscarded": true,
	"isTranslated": false,
	"history": [
		"中華民國三十七年十一月十二日總統制定公布全文 7 條",
		"中華民國八十六年五月七日總統（86）華統（一）義字第 8600104770 號令公布廢止"
	],
	"divisions": [],
	"articles": [
		{
			"number": 100,
			"content": "本條例依總統府組織法第二十五條之規定制定之。"
		},
		{
			"number": 200,
			"content": "國策顧問委員會由總統就具有左列資格之一者特聘國策顧問三十一人至四\r\n十七人組織之，並就委員中指定一人為主任委員：\r\n一  翊贊中樞，有勳勞於國家者。\r\n二  信望素孚，富有政治經驗或學術研究者。\r\n三  對於建國事業，有偉大貢獻者。"
		},
		{
			"number": 300,
			"content": "國策顧問委員會開會時，由主任委員召集之，並為會議時之主席。\r\n總統府資政得出席於本會議。"
		},
		{
			"number": 400,
			"content": "國策顧問委員會除總統交議者外，對於建國有關事項，得隨時向總統提供\r\n意見。"
		},
		{
			"number": 500,
			"content": "國策顧問委員會於必要時，得請有關機關提供參考資料或於會議時派員列\r\n席。"
		},
		{
			"number": 600,
			"content": "國策顧問委員會置主任秘書、秘書各一人，均簡任或簡派；助理秘書四人\r\n至六人，薦任；書記官六人至十人，委任，分別掌理文書、庶務等事項。\r\n前項人員得由總統府人員兼充之。"
		},
		{
			"number": 700,
			"content": "本條例自公布日施行。"
		}
	]
}