{
	"pcode": "A0010005",
	"type": "命令",
	"title": "國民大會秘書處組織規程",
	"url": "https://law.moj.gov.tw/LawClass/LawAll.aspx?pcode=A0010005",
	"category": [
		"國民大會（憲法國民大會章條文已停止適用）"
	],
	"lastUpdate": "19780318",
	"isTranslated": false,
	"history": [
		"中華民國三十七年四月五日第一屆國民大會第一次會議主席團第一次會議通過",
		"中華民國四十九年三月二十四日第一屆國民大會第三次會議主席團第十九次會議修正通過",
		"中華民國五十五年二月三日國民大會臨時會主席團第二次會議修正通過",
		"中華民國五十五年三月三日第一屆國民大會第四次會議主席團第四次會議修正通過",
		"中華民國六十一年三月二十日第一屆國民大會第五次會議主席團第十二次會議修正通過",
		"中華民國六十七年三月十八日第一屆國民大會第六次會議主席團第十一次會議修正通過"
	],
	"divisions": [],
	"articles": [
		{
			"number": 100,
			"content": "本規程依據國民大會組織法第十二條之規定制定之。"
		},
		{
			"number": 200,
			"content": "國民大會置秘書長一人，承主席團之命，處理全會事務，副秘書長二人襄\r\n助之。"
		},
		{
			"number": 300,
			"content": "秘書處置處長一人，副處長一至三人，均簡任。承秘書長之命，副秘書長\r\n之指導，處理處務。"
		},
		{
			"number": 400,
			"content": "秘書處置秘書七至九人，簡任。承秘書長之命，副秘書長、處長之督導，\r\n辦理機要文件及交辦事項。"
		},
		{
			"number": 500,
			"content": "秘書處按事務之需要，分設議事、資料、文書、總務各組，分科辦事，並\r\n設公共關係室，其職掌如左：\r\n一、關於議程編擬、會議紀錄、會場事務及關係文書編印事項。\r\n二、關於圖書資料蒐集管理編纂事項。\r\n三、關於文書撰擬、收發、分配、繕印、檔案管理、印信典守事項。\r\n四、關於出納、庶務、管理、醫療及服務事項。\r\n五、關於新聞發佈及聯絡接待事項。"
		},
		{
			"number": 600,
			"content": "秘書處置組長 (主任) 五人，簡任，掌理各組 (室) 事務；副組長 (副主\r\n任) 五至十人，簡任或荐任，協助組長 (主任) 處理各組 (室) 事務；專\r\n門委員六至九人，編纂二人，均簡任；科長十至十三人，專員十至十四人\r\n，均薦任；速記員一至四人，薦任或委任；科員三十一至三十七人，其中\r\n十人為薦任，其餘為委任；辦事員五至十五人，委任；並得酌用雇員若干\r\n人。"
		},
		{
			"number": 700,
			"content": "秘書處設人事組及會計組，分科辦事，依法律之規定，分別辦理人事、保\r\n險、福利、人事查核、保防、歲計、會計、統計等事項。\r\n人事組置組長一人，簡任，副組長一至二人，簡任或薦任；科長五人，專\r\n員五人，均薦任；科員六人，其中二人薦任，其餘委任；辦事員一人，委\r\n任；其所需雇員，就本規程所定雇員名額中分配之。\r\n會計組置組長一人，簡任；副組長一人，簡任或薦任；科長三人，專員三\r\n人，均薦任；科員六人，其中二人薦任，其餘委任；辦事員一人，委任；\r\n其所需雇員，就本規程所定雇員名額中分配之。"
		},
		{
			"number": 800,
			"content": "秘書處設醫務室，置主任一人，醫師若干人，均聘用。藥劑師二人，薦任\r\n或薦派；檢驗員二人，護士長一人，護士三人，委任或委派；辦事員二人\r\n，委任；其所需雇員，就本規程所定雇員名額中分配之。辦理國民大會代\r\n表及眷屬，秘書處員工及眷屬之疾病治療，健康指導事項。"
		},
		{
			"number": 900,
			"content": "秘書處員額編制表另訂之。"
		},
		{
			"number": 1000,
			"content": "大會期間，增設招待處、警衛處、分組分科，警衛處另設警衛部隊指揮部\r\n及勤務隊。秘書處增設新聞組、佈置組，另視實際需要，得設秘書長辦公\r\n室，業務檢查室，其處務規程另訂之。"
		},
		{
			"number": 1100,
			"content": "大會期間之警衛員兵及警衛上所需之器材，均由憲警機關調撥之。"
		},
		{
			"number": 1200,
			"content": "大會期間工作人員除原有編制外，以向有關機關調用為原則。於大會集會\r\n後任務終了時仍回原機關。"
		},
		{
			"number": 1300,
			"content": "本規程如有未盡事宜，呈請主席團修正之。"
		},
		{
			"number": 1400,
			"content": "本規程經主席團會議通過後施行。"
		}
	]
}