{
	"pcode": "A0010090",
	"type": "法律",
	"title": "智慧財產法院組織法",
	"url": "https://law.moj.gov.tw/LawClass/LawAll.aspx?pcode=A0010090",
	"category": [
		"司法",
		"院本部",
		"組織目"
	],
	"lastUpdate": "20180613",
	"isTranslated": true,
	"english": "Intellectual Property Court Organization Act",
	"attachments": [
		"https://law.moj.gov.tw/LawClass/LawGetFile.ashx?FileId=0000066897",
		"https://law.moj.gov.tw/LawClass/LawGetFile.ashx?FileId=0000145943",
		"https://law.moj.gov.tw/LawClass/LawGetFile.ashx?FileId=0000234648",
		"https://law.moj.gov.tw/LawClass/LawGetFile.ashx?FileId=0000235754"
	],
	"history": [
		"中華民國九十六年三月二十八日總統華總一義字第 09600035701 號令制定公布全文 45 條；本法施行日期，由司法院以命令定之中華民國九十七年五月六日司法院院台廳司一字第 0970010117 號令發布定自九十七年七月一日施行",
		"中華民國九十八年七月八日總統華總一義字第 09800167941 號令修正公布第 10 條條文及第 5 條條文之編制表；施行日期，由司法院以命令定之中華民國九十九年六月二十一日司法院院台廳司一字第 0990014729 號令發布定自九十八年七月十日施行",
		"中華民國九十九年五月十二日總統華總一義字第 09900117331 號令修正公布第 5 條條文；施行日期，由司法院以命令定之中華民國九十九年六月二十一日司法院院台廳司一字第 0990012787 號令發布定自九十九年九月一日施行",
		"中華民國一百年十一月二十三日總統華總一義字第 10000259671 號令修正公布第 6 條條文；施行日期，由司法院以命令定之中華民國一百零一年一月十八日司法院院台廳司一字第 1010002242 號令發布定自一百零一年九月六日施行",
		"中華民國一百零三年六月四日總統華總一義字第 10300085271 號令修正公布第 3、8～10、12、17、18、21～24、26、27 條條文及第 7 條條文之附表；並刪除第 28、29 條條文；施行日期，由司法院以命令定之中華民國一百零三年六月六日司法院院台廳司一字第 1030015767 號令發布定自一百零三年六月六日施行",
		"中華民國一百零七年六月十三日總統華總一義字第 10700062981 號令修正公布第 3、11、13、14、19、38、45 條條文；增訂第 38-1 條條文；並自公布日施行"
	],
	"divisions": [
		{
			"type": "章",
			"number": 100,
			"title": "總則",
			"start": 100,
			"end": 1200
		},
		{
			"type": "章",
			"number": 200,
			"title": "法官之任用資格",
			"start": 1300,
			"end": 1400
		},
		{
			"type": "章",
			"number": 300,
			"title": "技術審查官之配置",
			"start": 1500,
			"end": 1600
		},
		{
			"type": "章",
			"number": 400,
			"title": "書記處、輔助單位及其人員之配置",
			"start": 1700,
			"end": 2400
		},
		{
			"type": "章",
			"number": 500,
			"title": "司法年度及事務分配",
			"start": 2500,
			"end": 2900
		},
		{
			"type": "章",
			"number": 600,
			"title": "法庭之開閉及秩序",
			"start": 3000,
			"end": 3801
		},
		{
			"type": "章",
			"number": 700,
			"title": "司法行政之監督",
			"start": 3900,
			"end": 4100
		},
		{
			"type": "章",
			"number": 800,
			"title": "附則",
			"start": 4200,
			"end": 4500
		}
	],
	"articles": [
		{
			"number": 100,
			"content": "為保障智慧財產權，妥適處理智慧財產案件，促進國家科技與經濟發展，\r\n特制定本法。"
		},
		{
			"number": 200,
			"content": "智慧財產法院依法掌理關於智慧財產之民事訴訟、刑事訴訟及行政訴訟之\r\n審判事務。"
		},
		{
			"number": 300,
			"content": "智慧財產法院管轄案件如下：\r\n一、依專利法、商標法、著作權法、光碟管理條例、營業秘密法、積體電\r\n    路電路布局保護法、植物品種及種苗法或公平交易法所保護之智慧財\r\n    產權益所生之第一審及第二審民事訴訟事件。\r\n二、因刑法第二百五十三條至第二百五十五條、第三百十七條、第三百十\r\n    八條之罪或違反商標法、著作權法、營業秘密法及智慧財產案件審理\r\n    法第三十五條第一項、第三十六條第一項案件，不服地方法院依通常\r\n    、簡式審判或協商程序所為之第一審裁判而上訴或抗告之刑事案件。\r\n    但少年刑事案件，不在此限。\r\n三、因專利法、商標法、著作權法、光碟管理條例、積體電路電路布局保\r\n    護法、植物品種及種苗法或公平交易法涉及智慧財產權所生之第一審\r\n    行政訴訟事件及強制執行事件。\r\n四、其他依法律規定或經司法院指定由智慧財產法院管轄之案件。"
		},
		{
			"number": 400,
			"content": "智慧財產法院之設置地點，由司法院定之。\r\n司法院得視地理環境及案件多寡，增設智慧財產法院分院。"
		},
		{
			"number": 500,
			"content": "智慧財產法院對應設置高等法院檢察署智慧財產分署，其類別及員額依附\r\n表之規定。\r\n各地方法院及其分院檢察署檢察官辦理第三條第二款及第四款之刑事案件\r\n，其直接上級法院檢察署檢察長為高等法院檢察署智慧財產分署檢察長。"
		},
		{
			"number": 600,
			"content": "智慧財產法院審判案件，民事第一審訴訟程序，以法官一人獨任行之；民\r\n事、刑事第二審上訴、抗告程序及行政訴訟程序，以法官三人合議行之。\r\n合議審判，以庭長充審判長；無庭長或庭長有事故時，以庭員中資深者充\r\n之，資同以年長者充之。\r\n獨任審判，即以該法官行審判長之職權。"
		},
		{
			"number": 700,
			"content": "智慧財產法院或其分院之類別及員額，依附表之規定。\r\n智慧財產法院或其分院應適用之類別及其變更，由司法院以命令定之。"
		},
		{
			"number": 800,
			"content": "智慧財產法院置院長，由法官兼任，綜理全院行政事務。\r\n智慧財產法院院長，應就具有最高法院法官、最高行政法院法官或最高法\r\n院檢察署檢察官任用資格，並有領導才能者遴任之。"
		},
		{
			"number": 900,
			"content": "智慧財產法院之庭數，視事務之繁簡定之，必要時得設專庭。\r\n各庭置庭長一人，除由兼任院長之法官兼任者外，餘就法官中遴兼之，監\r\n督各該庭事務。"
		},
		{
			"number": 1000,
			"content": "智慧財產法院置法官、試署法官。\r\n司法院因應業務需要，得調地方法院及其分院試署法官或候補法官至智慧\r\n財產法院辦事，協助法官辦理案件程序之進行、爭點之整理、資料之蒐集\r\n、分析及裁判書之草擬等事項。\r\n試署法官或候補法官調智慧財產法院辦事期間，計入其試署法官或候補法\r\n官年資。\r\n智慧財產法院置法官助理，依聘用人員相關法令聘用專業人員，或調派各\r\n級法院或行政法院其他司法人員或借調其他機關適當人員充任，協助法官\r\n辦理案件程序之進行、爭點之整理、資料之蒐集、分析等事項。\r\n具專業證照執業資格者，經聘用充任法官助理期間，計入其專業執業年資\r\n。\r\n法官助理之遴聘、訓練、業務、管理及考核等相關事項，由司法院定之。"
		},
		{
			"number": 1100,
			"content": "智慧財產法院為辦理強制執行事務，得設執行處，或囑託普通法院民事執\r\n行處或行政機關代為執行。\r\n執行處置司法事務官，薦任第七職等至第九職等；司法事務官在二人以上\r\n者，置主任司法事務官，薦任第九職等至簡任第十職等。\r\n具律師執業資格者，擔任司法事務官期間，計入其律師執業年資。"
		},
		{
			"number": 1200,
			"content": "智慧財產法院設公設辯護人室，置公設辯護人，簡任第十職等至第十一職\r\n等或薦任第九職等；其合計在二人以上者，置主任公設辯護人，簡任第十\r\n職等至第十二職等。\r\n前項公設辯護人繼續服務四年以上，成績優良，經審查合格者，得晉敘至\r\n簡任第十二職等；已依法院組織法第十七條第二項、第三項、少年及家事\r\n法院組織法第十一條第二項、第三項規定晉敘有案者，得敘至簡任第十二\r\n職等。\r\n前項智慧財產法院公設辯護人之服務年資與曾任高等法院或其分院公設辯\r\n護人之服務年資，合併計算。\r\n第二項之審查辦法，由司法院定之。"
		},
		{
			"number": 1300,
			"content": "智慧財產法院法官，應就具有下列資格之一者任用之：\r\n一、曾任智慧財產法院法官。\r\n二、曾任實任法官或實任檢察官。\r\n三、曾任法官、檢察官職務並任薦任以上公務人員合計八年以上。\r\n四、曾實際執行智慧財產訴訟律師業務八年以上，具擬任職務任用資格。\r\n五、公立或經立案之私立大學、獨立學院法律、政治、行政學系或其研究\r\n    所畢業，曾任教育部審定合格之大學或獨立學院專任教授、副教授或\r\n    助理教授合計八年以上，講授智慧財產權類之相關法律課程五年以上\r\n    ，有上述相關之專門著作，具擬任職務任用資格。\r\n六、公立或經立案之私立大學、獨立學院法律、政治、行政學系或其研究\r\n    所畢業，曾任中央研究院特聘研究員、研究員、副研究員、助研究員\r\n    合計八年以上，有智慧財產權類之相關法律專門著作，具擬任職務任\r\n    用資格。\r\n七、公立或經立案之私立大學、獨立學院法律、政治、行政學系或其研究\r\n    所畢業，曾任簡任公務人員，辦理有關智慧財產之審查、訴願或法制\r\n    業務合計十年以上，有智慧財產權類之相關法律專門著作。\r\n符合前項第二款、第三款之人員，其改任資格、程序、在職研習及調派辦\r\n事等事項，適用法官法第十條第一項所定辦法之規定。\r\n符合第一項第四款至第七款之人員，其遴選程序、法官年齡限制及研習等\r\n事項，適用法官法第八條第二項、第三項所定辦法之規定。"
		},
		{
			"number": 1400,
			"content": "智慧財產法院法官之改任與遴選審查，應注意其品德、經驗與專業法學之\r\n素養。\r\n司法院每年應辦理智慧財產法院人員在職進修，以充實其法學及相關專業\r\n素養，提昇裁判品質。"
		},
		{
			"number": 1500,
			"content": "智慧財產法院設技術審查官室，置技術審查官，薦任第八職等至第九職等\r\n，其中二分之一得列簡任第十職等；其合計在二人以上者，置主任技術審\r\n查官，簡任第十職等至第十一職等。於業務需要時，得依聘用人員相關法\r\n令聘用各種專業人員充任，其員額自技術審查官員額中調整之；其遴聘辦\r\n法，由司法院定之。\r\n技術審查官室得視業務需要分組辦事，各組組長由技術審查官兼任，不另\r\n列等。\r\n司法院得借調具有智慧財產專業知識或技術之人員，充任技術審查官；其\r\n借調辦法，由司法院定之。\r\n技術審查官承法官之命，辦理案件之技術判斷、技術資料之蒐集、分析及\r\n提供技術之意見，並依法參與訴訟程序。"
		},
		{
			"number": 1600,
			"content": "智慧財產法院技術審查官，應就具有下列資格之一，並有擬任職務任用資\r\n格者任用之：\r\n一、擔任專利審查官或商標審查官合計三年以上，成績優良並具證明者；\r\n    或經公立或立案之私立大學、獨立學院研究所或經教育部承認之外國\r\n    大學、獨立學院研究所畢業，具相關系所碩士以上學位，擔任專利或\r\n    商標審查官或助理審查官合計六年以上，成績優良並具證明者；或公\r\n    立或立案之私立專科以上學校或經教育部承認之國外專科以上學校相\r\n    關系科畢業，擔任專利或商標審查官或助理審查官合計八年以上，成\r\n    績優良並具證明者。\r\n二、現任或曾任公立或立案之私立大學、獨立學院相關系所講師六年以上\r\n    、助理教授、副教授、教授合計三年以上或公、私立專業研究機構研\r\n    究人員六年以上，有智慧財產權類專門著作並具證明者。\r\n前項第一款技術審查官資格，於專利審查官資格條例及商標審查官資格條\r\n例施行前，曾在專利商標審查機關擔任專利商標審查工作之年資，得採計\r\n為擔任第一項技術審查官之年資。\r\n第一項第一款所稱成績優良，係指於最近三年考績二年列甲等、一年列乙\r\n等以上，且未受刑事、懲戒或平時考核記過以上處分，並經其服務機關出\r\n具證明者。"
		},
		{
			"number": 1700,
			"content": "智慧財產法院設書記處，置書記官長，薦任第九職等至簡任第十一職等，\r\n承院長之命處理行政事務；一等書記官，薦任第八職等至第九職等；二等\r\n書記官，薦任第六職等至第七職等；三等書記官，委任第四職等至第五職\r\n等，分掌紀錄、文書、研究考核、總務、資料及訴訟輔導事務；並得分科\r\n、分股辦事，科長由一等書記官兼任，股長由一等書記官或二等書記官兼\r\n任，均不另列等。但一等書記官人數少於設科數，且有業務需要時，科長\r\n得由二等書記官兼任之。\r\n前項一等書記官、二等書記官總額，不得逾同一智慧財產法院一等書記官\r\n、二等書記官、三等書記官總額二分之一。\r\n第一項所定分科、分股及兼任、免兼等事項，由司法院定之。"
		},
		{
			"number": 1800,
			"content": "智慧財產法院得設提存所，置主任，簡任第十職等；二等書記官，薦任第\r\n六職等至第七職等；三等書記官，委任第四職等至第五職等。"
		},
		{
			"number": 1900,
			"content": "智慧財產法院置一等通譯，薦任第八職等至第九職等；二等通譯，薦任第\r\n六職等至第七職等；三等通譯，委任第四職等至第五職等；技士，委任第\r\n五職等或薦任第六職等至第七職等；執達員，委任第三職等至第五職等；\r\n錄事、庭務員均委任第一職等至第三職等。\r\n前項一等通譯、二等通譯總額，不得逾同一智慧財產法院一等通譯、二等\r\n通譯、三等通譯總額二分之一。\r\n智慧財產法院因傳譯之需要，應逐案約聘原住民族或其他各種語言之特約\r\n通譯；其約聘辦法，由司法院定之。"
		},
		{
			"number": 2000,
			"content": "智慧財產法院為辦理值庭、警衛、解送人犯及有關司法警察事務，置法警\r\n；法警長，委任第五職等或薦任第六職等至第七職等；副法警長，委任第\r\n四職等至第五職等或薦任第六職等；法警，委任第三職等至第五職等。"
		},
		{
			"number": 2100,
			"content": "智慧財產法院設人事室，置主任，薦任第九職等至簡任第十職等；並得置\r\n專員，薦任第七職等至第八職等；科員，委任第五職等或薦任第六職等至\r\n第七職等，依法辦理人事管理事項。"
		},
		{
			"number": 2200,
			"content": "智慧財產法院設會計室、統計室，各置主任，均薦任第九職等至簡任第十\r\n職等；並得置專員，薦任第七職等至第八職等；科員，委任第五職等或薦\r\n任第六職等至第七職等，依法分別辦理歲計、會計及統計等事項。"
		},
		{
			"number": 2300,
			"content": "智慧財產法院設政風室，置主任，薦任第九職等至簡任第十職等；並得置\r\n專員，薦任第七職等至第八職等；科員，委任第五職等或薦任第六職等至\r\n第七職等，依法辦理政風事項。"
		},
		{
			"number": 2400,
			"content": "智慧財產法院設資訊室，置主任，薦任第九職等至簡任第十職等；設計師\r\n、管理師，均薦任第六職等至第八職等；助理設計師，委任第四職等至第\r\n五職等或薦任第六職等，處理資訊事項。\r\n前項薦任助理設計師員額，不得逾同一智慧財產法院助理設計師總額二分\r\n之一。"
		},
		{
			"number": 2500,
			"content": "司法年度，每年自一月一日起至同年十二月三十一日止。"
		},
		{
			"number": 2600,
			"content": "智慧財產法院之處務規程，由司法院定之。\r\n臺灣高等法院檢察署智慧財產分署之處務規程，由法務部定之。"
		},
		{
			"number": 2700,
			"content": "智慧財產法院設法官會議。\r\n法官會議之組成、召開時間、議決事項及議決程序等事項，適用法官法第\r\n四章之規定。"
		},
		{
			"number": 2800,
			"content": "（刪除）"
		},
		{
			"number": 2900,
			"content": "（刪除）"
		},
		{
			"number": 3000,
			"content": "智慧財產法院開庭，於法院內為之。但法律別有規定者，不在此限。\r\n智慧財產法院法庭席位布置及旁聽規則，由司法院定之。"
		},
		{
			"number": 3100,
			"content": "智慧財產法院於必要時，得在管轄區域內指定地點臨時開庭。\r\n前項臨時開庭辦法，由司法院定之。"
		},
		{
			"number": 3200,
			"content": "審判長於法庭之開閉及審理訴訟，有指揮之權。"
		},
		{
			"number": 3300,
			"content": "法庭開庭時，審判長有維持秩序之權。"
		},
		{
			"number": 3400,
			"content": "有妨害法庭秩序或其他不當行為者，審判長得禁止其進入法庭或命其退出\r\n法庭，必要時得命看管至閉庭時。\r\n前項處分，不得聲明不服。\r\n前二項之規定，於審判長在法庭外執行職務時準用之。"
		},
		{
			"number": 3500,
			"content": "訴訟代理人、辯護人在法庭代理訴訟或辯護案件，其言語行動如有不當，\r\n審判長得加以警告或禁止其開庭當日之代理或辯護。"
		},
		{
			"number": 3600,
			"content": "審判長為前二條之處分時，應記明其事由於筆錄。"
		},
		{
			"number": 3700,
			"content": "本章有關審判長之規定，於受命法官或受託法官執行職務時準用之。"
		},
		{
			"number": 3800,
			"content": "違反審判長、受命法官、受託法官所發維持法庭秩序之命令，致妨害法院\r\n執行職務，經制止不聽者，處三月以下有期徒刑、拘役或新臺幣三萬元以\r\n下罰金。"
		},
		{
			"number": 3801,
			"content": "持有法庭錄音、錄影內容之人，就所取得之錄音、錄影內容，不得散布、\r\n公開播送，或為其他非正當目的之使用。\r\n違反前項之規定者，由行為人之住所、居所，或營業所、事務所所在地之\r\n地方法院處新臺幣三萬元以上三十萬元以下罰鍰。但其他法律另有特別規\r\n定者，依其規定。\r\n前項處罰及救濟之程序，準用相關法令之規定。"
		},
		{
			"number": 3900,
			"content": "智慧財產法院行政之監督，依下列規定：\r\n一、司法院院長監督智慧財產法院及其分院。\r\n二、智慧財產法院院長監督該法院及其分院。"
		},
		{
			"number": 4000,
			"content": "依前條規定有監督權者，對於被監督之人員得為下列處分：\r\n一、關於職務上之事項，得發命令使之注意。\r\n二、有廢弛職務、逾越權限或行為不檢者，依法懲處或懲戒。"
		},
		{
			"number": 4100,
			"content": "本章各條之規定，不影響審判權之獨立行使。"
		},
		{
			"number": 4200,
			"content": "智慧財產法院訴訟之裁判，應規定期限；其期限由司法院以命令定之。"
		},
		{
			"number": 4300,
			"content": "智慧財產法院及其分院之裁判書，涉及當事人或第三人之營業秘密部分，\r\n不得揭露。"
		},
		{
			"number": 4400,
			"content": "本法未規定者，準用法院組織法及其他有關法律之規定。"
		},
		{
			"number": 4500,
			"content": "本法施行日期，由司法院以命令定之。\r\n本法中華民國一百零七年五月二十二日修正之條文，自公布日施行。"
		}
	]
}