{
	"pcode": "A0010084",
	"type": "命令",
	"title": "高雄市各級組織及實施地方自治綱要",
	"url": "https://law.moj.gov.tw/LawClass/LawAll.aspx?pcode=A0010084",
	"category": [
		"廢止法規",
		"內政部"
	],
	"lastUpdate": "20010613",
	"isDiscarded": true,
	"isTranslated": false,
	"history": [
		"中華民國六十八年六月二十二日行政院（68）台內字第 6026 號令訂定發布",
		"中華民國七十年五月二十五日行政院（70）台內字第 7024 號令修正發布全文 38 條",
		"中華民國七十九年六月二日行政院（79）台內字第 13595 號令修正發布第 11、17 條條文",
		"中華民國八十一年十月十六日行政院（81）台內字第 34990 號令修正發布第 9、23、27、32、33 條條文",
		"中華民國九十年六月十三日行政院（90）台內字第 032051 號令發布廢止"
	],
	"divisions": [
		{
			"type": "章",
			"number": 100,
			"title": "總則",
			"start": 100,
			"end": 300
		},
		{
			"type": "章",
			"number": 200,
			"title": "居民及公民",
			"start": 400,
			"end": 800
		},
		{
			"type": "章",
			"number": 300,
			"title": "市議會",
			"start": 900,
			"end": 1600
		},
		{
			"type": "章",
			"number": 400,
			"title": "市政府",
			"start": 1700,
			"end": 1900
		},
		{
			"type": "章",
			"number": 500,
			"title": "區公所",
			"start": 2000,
			"end": 2600
		},
		{
			"type": "章",
			"number": 600,
			"title": "市財政",
			"start": 2700,
			"end": 2700
		},
		{
			"type": "章",
			"number": 700,
			"title": "市監督",
			"start": 2800,
			"end": 3700
		},
		{
			"type": "章",
			"number": 800,
			"title": "附則",
			"start": 3800,
			"end": 3800
		}
	],
	"articles": [
		{
			"number": 100,
			"content": "高雄市各級組織及地方自治，在直轄市之自治法律未公布前依本綱要之規\r\n定實施之。"
		},
		{
			"number": 200,
			"content": "市以下設區，區以內之編制為里，里內之編制為鄰。"
		},
		{
			"number": 300,
			"content": "區及里之區域，由市政府依人口分佈、經濟狀況、交通情形及自然環境劃\r\n分之，並經市議會通過；區之劃分並應報請內政部核定。\r\n鄰之劃分，由區公所辦理，報請市政府核備。"
		},
		{
			"number": 400,
			"content": "凡中華民國人民，現居住在市區域內者，均為市居民。"
		},
		{
			"number": 500,
			"content": "居民應享受之權利如左：\r\n一、對於地方公用設備有使用之權利。\r\n二、對於地方教育設施有享受之權利。\r\n三、殘障者、老人及居民之無力生活者，對於地方之供養及醫療設備有享\r\n    受之權利。\r\n四、孕婦於孕育期內無力生活者，對於地方之供養及醫療設備有享受之權\r\n    利。\r\n五、其他依法應享受之權利。"
		},
		{
			"number": 600,
			"content": "居民應盡之義務如左：\r\n一、遵守自治法規之義務。\r\n二、繳納自治捐之義務。\r\n三、其他依法應盡之義務。"
		},
		{
			"number": 700,
			"content": "居民年滿二十歲而無左列情形之一者為公民。\r\n一、褫奪公權尚未復權者。\r\n二、受禁治產之宣告尚未撤銷者。"
		},
		{
			"number": 800,
			"content": "公民有依法行使選舉、罷免、創制、複決之權，但於同一事由，不得在兩\r\n地行使。"
		},
		{
			"number": 900,
			"content": "市設市議會，市議員由市之選舉人選舉之。市議員之名額於高雄市議會組\r\n織規程中訂定，市議員選舉、罷免依公職人員選舉罷免法之規定。"
		},
		{
			"number": 1000,
			"content": "市議員之任期四年連選得連任。"
		},
		{
			"number": 1100,
			"content": "市議會之職權如左：\r\n一、議決有關人民權利義務之市單行法規。\r\n二、議決市預算及審議市決算之審核報告。\r\n三、議決市財產之處分。\r\n四、議決市屬事業機構組織規程。\r\n五、議決市政府提議事項。\r\n六、議決市議員提議事項。\r\n七、接受人民請願。\r\n八、行使市長任用同意權。\r\n九、其他依法律賦予之職權。\r\n市議會議決前項第一款單行法規，除由市政府依法律應報請行政院核定者\r\n外，應函由市政府轉報行政院備案。行政院對於報請備案之決議，認為內\r\n容有不當者，得退還市政府於三十日內依第三十條規定之程序辦理。\r\n市議會對於第一項第二款所定市預算不得為增加支出之提議，其審議市決\r\n算審核報告時，得邀請駐市審計人員列席說明，如發現錯誤時，並得通知\r\n審計機關再予審查。"
		},
		{
			"number": 1200,
			"content": "市議會開會時，市長有向市議會提出施政報告之責，市議員有向市長及各\r\n局處會首長質詢之權。"
		},
		{
			"number": 1300,
			"content": "市議會議決事項與中央法令牴觸者無效。"
		},
		{
			"number": 1400,
			"content": "市議會置議長、副議長各一人，由市議員以無記名投票分別互選之。"
		},
		{
			"number": 1500,
			"content": "市議會每六個月開會一次，如經市長或市議員三分之一以上之請求時，應\r\n於十日內召集臨時會。"
		},
		{
			"number": 1600,
			"content": "市議會組織規程由行政院定之。"
		},
		{
			"number": 1700,
			"content": "市設市政府，置市長一人，受行政院之指揮監督，在直轄市之自治法律未\r\n公布前，由行政院院長提經行政院會議議決，函請市議會同意後，提請　\r\n總統任命之。"
		},
		{
			"number": 1800,
			"content": "市長之職權如左：\r\n一、綜理全市行政。\r\n二、指揮監督所屬人員。\r\n三、指揮監督基層自治事項。"
		},
		{
			"number": 1900,
			"content": "市政府之組織規程由行政院定之。"
		},
		{
			"number": 2000,
			"content": "區設區公所，置區長一人，由市政府依法任命之，免職時亦同。"
		},
		{
			"number": 2100,
			"content": "區長受市政府之指揮監督綜理區政及交辦事項。"
		},
		{
			"number": 2200,
			"content": "區公所之組織規程由市政府訂定，報請內政部核備。"
		},
		{
			"number": 2300,
			"content": "里設里辦公處，置里長一人，里長由里之選舉人選舉之，任期四年，連選\r\n得連任。里長之選舉、罷免，依公職人員選舉罷免法之規定。"
		},
		{
			"number": 2400,
			"content": "里長受區長之指揮監督，辦理里公務及交辦事項。"
		},
		{
			"number": 2500,
			"content": "里、鄰之編組辦法由市政府另定之。"
		},
		{
			"number": 2600,
			"content": "里應召集里民大會，其實施辦法由市政府訂定，報請內政部核備。"
		},
		{
			"number": 2700,
			"content": "左列各款為市收入：\r\n一、營業稅總收入百分之五十，其餘百分之五十，由中央統籌分配。\r\n二、印花稅總收入百分之五十，其餘百分之五十，由中央統籌分配。\r\n三、使用牌照稅。\r\n四、土地稅。\r\n五、房屋稅。\r\n六、契稅。\r\n七、娛樂稅。\r\n八、遺產及贈與稅由中央就該市總收入分給百分之五十。\r\n九、臨時稅課依財政收支劃分法第十九條舉辦之臨時性稅課。\r\n十、工程受益費收入。\r\n十一、罰款及賠償收入。\r\n十二、規費收入。\r\n十三、信託管理收入。\r\n十四、財產收入。\r\n十五、營業盈餘及事業收入。\r\n十六、補助收入。\r\n十七、捐獻及贈與收入。\r\n十八、公債及賒借收入。\r\n十九、其他收入。"
		},
		{
			"number": 2800,
			"content": "市與其他省市間，發生事權爭議時由行政院解決之。"
		},
		{
			"number": 2900,
			"content": "市議會議決案函送市政府執行，市政府如延不執行或執行不當，得請說明\r\n理由，如仍認為不滿意時，得報請行政院核辦。"
		},
		{
			"number": 3000,
			"content": "市政府對市議會之議決案應予執行。對第十一條第一項第一款至第五款之\r\n議決案，如認為窒礙難行時，應於該議決案送達市政府三十日內附具理由\r\n，送請市議會覆議，覆議時如有出席議員三分之二維持原議決案，市政府\r\n應即接受。對第十一條第一項第六款至第八款之議決案，如執行有困難時\r\n，得附具理由函復市議會。"
		},
		{
			"number": 3100,
			"content": "市議員、里長之罷免，得由原選舉區之選舉人提出罷免案，但就職未滿一\r\n年者，不得罷免。"
		},
		{
			"number": 3200,
			"content": "市議員、里長有左列情事之一者，市議員由市政府報請內政部，里長由區\r\n公所報請市政府解除其職務，應補選者，並依法補選。\r\n一、犯內亂、外患罪，經判刑確定者。\r\n二、因貪污行為犯罪，經判刑確定者。但判處罰金者，不在此限。\r\n三、犯前二款以外之罪，受有期徒刑以上刑之判決確定，而未受緩刑之\r\n　、宣告或未執行易科罰金者。\r\n四、受保安處分、感訓處分宣告確定者。\r\n五、戶籍遷出各該行政區域六個月以上者。\r\n六、褫奪公權者。\r\n七、受禁治產之宣告者。\r\n八、候選人檢覈合格資格被撤銷者。\r\n因前項第一款至第三款情事而解除職務者，如經再審或非常上訴判決無罪\r\n，而其任期未滿原職尚未經選舉機關公告補選時，應予撤銷解除職務之處\r\n分。\r\n第一項第五款其因服兵役戶籍遷出者，不受限制。"
		},
		{
			"number": 3300,
			"content": "里長有左列情事之一者，由區公所報請市政府先行停止其職務。\r\n一、涉嫌內亂、外患罪，經提起公訴者。\r\n二、涉嫌貪污之罪，經依貪污治罪條例提起公訴或經第一審判決有罪者。\r\n三、涉嫌前二款以外之罪，經第一審判有罪，並褫奪公權或第二審判決有\r\n    罪者。\r\n四、被通緝者。\r\n前項人員在刑事訴訟程序中被羈押或在執行拘役或易服勞役之刑事處分中\r\n者，其職務當然停止，並依前項程序辦理。\r\n前二項人員，經刑事判決確定，如非第三十二條應予解除職務者，應許其\r\n復職。"
		},
		{
			"number": 3400,
			"content": "里長辭職由區公所核准，去職、辭職、停職、服兵役或死亡，均應由區公\r\n所派員代理，並函報市政府備查。\r\n前項去職、死亡或辭職，應於代理人員代理之日起一個月內公告辦理補選\r\n。但所遺任期不足一年者，不再補選。服兵役期滿尚餘任期者，准予復職\r\n。停職者，除已屆任期當然改選外，應視判決確定情形，分別依有關規定\r\n辦理。"
		},
		{
			"number": 3500,
			"content": "市議員、里長任期屆滿改選或出缺補選時，如遇特殊事故，市議員得由市\r\n政府報請內政部轉報行政院核准，里長得由區公所報請市政府核准，延期\r\n辦理。"
		},
		{
			"number": 3600,
			"content": "市政府對區公所應考核其工作成績，並依法予以獎懲。"
		},
		{
			"number": 3700,
			"content": "市議會、市政府、區公所及里辦公處之職員，均為公務員，適用公務員有\r\n關法令。"
		},
		{
			"number": 3800,
			"content": "本綱要自發布日施行。"
		}
	]
}