{
	"pcode": "A0010115",
	"type": "命令",
	"title": "不當黨產處理委員會組織規程",
	"url": "https://law.moj.gov.tw/LawClass/LawAll.aspx?pcode=A0010115",
	"category": [
		"行政",
		"不當黨產處理委員會",
		"組織目"
	],
	"lastUpdate": "20160812",
	"isTranslated": false,
	"history": [
		"中華民國一百零五年八月十二日行政院院臺人字第 1050173447 號令訂定發布全文 12 條；並自一百零五年八月十五日施行"
	],
	"divisions": [],
	"articles": [
		{
			"number": 100,
			"content": "本規程依政黨及其附隨組織不當取得財產處理條例（以下簡稱本條例）第\r\n十九條第三項規定訂定之。"
		},
		{
			"number": 200,
			"content": "不當黨產處理委員會（以下簡稱本會）掌理政黨、附隨組織及其受託管理\r\n人不當取得財產之調查、返還、追徵、權利回復及本條例所定之其他事項\r\n。"
		},
		{
			"number": 300,
			"content": "本會置委員十一人至十三人，任期四年，由行政院院長派（聘）之，並指\r\n定其中一人為主任委員，一人為副主任委員。\r\n主任委員、副主任委員或委員出缺時，行政院院長應於一個月內依前項程\r\n序派（聘）之，繼任者之任期至原任期屆滿之日為止。\r\n委員中具有同一黨籍者，不得超過委員總額三分之一，且單一性別之人數\r\n不得少於三分之一。\r\n本會主任委員，特任，對外代表本會。"
		},
		{
			"number": 400,
			"content": "本會置主任秘書一人，承主任委員之命，處理會務，並指揮監督所屬人員\r\n，由相關機關人員借調；置組長三人、人事管理員一人、主計員一人、工\r\n作人員若干人，辦理本會幕僚作業，由相關機關人員調兼，必要時得依聘\r\n用人員聘用條例聘用之；各相關機關並應指派專人負責協調、連繫事宜。"
		},
		{
			"number": 500,
			"content": "本會委員應超出黨派之外，依據法律公正獨立行使職權，於任期中不得參\r\n與政黨活動。\r\n違反前項規定者，經本會委員會議決議通過後，由行政院院長解除其職務\r\n。"
		},
		{
			"number": 600,
			"content": "本會委員有下列情形之一者，應由行政院院長予以免除或解除其職務：\r\n一、死亡或因罹患疾病致不能執行職務。\r\n二、辭職。\r\n三、受監護或輔助宣告，尚未撤銷。\r\n四、違法、廢弛職務或其他失職行為。\r\n五、因刑事案件受羈押或經起訴。"
		},
		{
			"number": 700,
			"content": "本會委員會議，每月至少舉行一次，必要時得召開臨時會議，均由主任委\r\n員為主席；主任委員不克出席時，由副主任委員代理之；主任委員、副主\r\n任委員均不克出席時，由其他委員互推一人為主席。\r\n開會時應有全體委員過半數之出席始得開會，會議之決議以出席委員過半\r\n數之同意為通過。但有下列情形之一者，不在此限：\r\n一、依本條例第六條規定所為之決議，應有全體委員三分之二以上出席，\r\n    出席委員過半數同意。\r\n二、依本條例第二十條第二項規定所為之決議，應有全體委員三分之二以\r\n    上出席，全體委員三分之二以上同意。"
		},
		{
			"number": 800,
			"content": "本會主任秘書得視實際需要召集工作會議，協調相關機關推動本會掌理事\r\n項。"
		},
		{
			"number": 900,
			"content": "本會設調查一組、調查二組及行政組。"
		},
		{
			"number": 1000,
			"content": "本規程所列各職稱及工作人員之員額，另以編組表定之。"
		},
		{
			"number": 1100,
			"content": "本會處理業務，實施分層制度，依分層負責明細表逐級授權決定。"
		},
		{
			"number": 1200,
			"content": "本規程自中華民國一百零五年八月十五日施行。"
		}
	]
}