{
	"pcode": "A0010118",
	"type": "命令",
	"title": "促進轉型正義委員會編組表",
	"url": "https://law.moj.gov.tw/LawClass/LawAll.aspx?pcode=A0010118",
	"category": [
		"行政",
		"院本部",
		"組織目"
	],
	"lastUpdate": "20180829",
	"isTranslated": false,
	"attachments": [
		"https://law.moj.gov.tw/LawClass/LawGetFile.ashx?FileId=0000226585"
	],
	"history": [
		"中華民國一百零七年五月三十一日行政院院授人組字第 10700421641 號令訂定發布；並自一百零七年五月三十一日生效",
		"中華民國一百零七年八月二十九日促進轉型正義委員會促轉三字第 1075300071 號令修正發布；並自一百零七年八月三十一日生效"
	],
	"divisions": [],
	"articles": [
		{
			"number": 100,
			"content": "備      註：本編制表依據促進轉型正義委員會處務規程第 13 條訂定，\r\n            內容請參閱相關圖表附檔。"
		}
	]
}