{
	"pcode": "A0010077",
	"type": "命令",
	"title": "監察院廉政委員會設置辦法",
	"url": "https://law.moj.gov.tw/LawClass/LawAll.aspx?pcode=A0010077",
	"category": [
		"監察",
		"院本部",
		"組織目"
	],
	"lastUpdate": "20040728",
	"isTranslated": true,
	"english": "Regulations Governing the Establishment of the Control Yuan Committee on Anti-Corruption",
	"history": [
		"中華民國八十六年三月四日監察院（86）院台申甲字第 861800087 號公告訂定發布全文 6 條，並自發布日起施行",
		"中華民國八十七年三月二十四日監察院第二屆第七十八次會議修正發布第 1 條條文",
		"中華民國九十一年十一月十五日監察院（九一）院台申肆字第 0911808253 號令修正發布名稱及全文 9 條；並自發布日施行（原名稱：監察院公職人員財產申報委員會設置辦法；新名稱：監察院廉政委員會設置辦法）",
		"中華民國九十三年七月二十八日監察院（九三）院台申肆字第 0931803896 號令修正發布第 1、2 條條文；刪除第 8 條條文；原第 9 條條文遞減為第 8 條條文中華民國九十三年七月十三日監察院第三屆第六十六次會議修正"
	],
	"divisions": [],
	"articles": [
		{
			"number": 100,
			"content": "監察院 (以下簡稱本院) 為受理及監察公職人員財產申報、公職人員利益\r\n衝突迴避及政治獻金等廉政相關業務，並審議其處分、決定等事項，依本\r\n院各委員會組織法第二條第三項規定，設廉政委員會 (以下簡稱本會) 。"
		},
		{
			"number": 200,
			"content": "本會之任務如下：\r\n一、關於本院受理公職人員財產申報審核、申報資料查詢及政治獻金會計\r\n    報告書之查核決策事項。\r\n二、關於本院受理公職人員財產申報需依公職人員財產申報法第十一條第\r\n    三項、政治獻金法第二十二條及第二十三條移送司法機關偵審案件之\r\n    審議事項。\r\n三、關於本院受理利害關係人申請公職人員迴避事項決定之審議事項。\r\n四、關於本院依公職人員財產申報法、公職人員利益衝突迴避法及政治獻\r\n    金法處分案件之審議事項。\r\n五、關於本院受理公職人員財產申報、公職人員利益衝突迴避罰鍰確定案\r\n    件公布姓名之審議事項。\r\n六、關於各機關 (構) 依公職人員財產申報法、公職人員利益衝突迴避法\r\n    受理公職人員財產申報或公職人員利益衝突迴避業務之監察事項。\r\n七、其他有關公職人員財產申報、公職人員利益衝突迴避及政治獻金申報\r\n    等廉政業務之事項。"
		},
		{
			"number": 300,
			"content": "本會置委員七人，由院長、副院長以外之監察委員互選之，並互推一人為\r\n召集人；任期一年，不得連任。"
		},
		{
			"number": 400,
			"content": "本會每月開會一次。但必要時經召集人或三位以上委員提議，得隨時召開\r\n會議。\r\n前項會議由召集人任主席。如召集人未克出席，由出席委員互推一人任之\r\n。"
		},
		{
			"number": 500,
			"content": "本會會議須有本會全體委員二分之一以上出席方得開會，出席委員過半數\r\n之同意方得決議。可否同數時，取決於主席。\r\n本會開會時，除本院委員得列席外，必要時得邀集本院或其他機關 (構)\r\n相關人員列席說明。"
		},
		{
			"number": 600,
			"content": "本會委員就審議案件依相關法令有應行迴避事由者，不得參與審議及表決\r\n。"
		},
		{
			"number": 700,
			"content": "本會置執行秘書一人、秘書三人至五人，分別由公職人員財產申報處處長\r\n及職員兼任之。"
		},
		{
			"number": 800,
			"content": "本辦法自發布日施行。"
		}
	]
}