{
	"pcode": "A0010044",
	"type": "法律",
	"title": "立法院組織法",
	"url": "https://law.moj.gov.tw/LawClass/LawAll.aspx?pcode=A0010044",
	"category": [
		"立法"
	],
	"lastUpdate": "20161207",
	"isTranslated": false,
	"attachments": [
		"https://law.moj.gov.tw/LawClass/LawGetFile.ashx?FileId=0000120250",
		"https://law.moj.gov.tw/LawClass/LawGetFile.ashx?FileId=0000235409"
	],
	"history": [
		"中華民國三十六年三月三十一日國民政府令制定公布全文 27 條",
		"中華民國三十六年十二月二十五日國民政府令修正公布全文 27 條",
		"中華民國三十七年四月三日國民政府令修正公布第 5、19 條條文",
		"中華民國三十七年六月十日總統令修正公布第 3、4、5 條條文",
		"中華民國三十七年六月二十六日總統令修正公布第 19 條條文",
		"中華民國三十九年三月十八日總統令修正公布全文 25 條",
		"中華民國四十一年十二月二十七日總統令修正公布全文 28 條",
		"中華民國四十二年三月六日總統令修正公布第 19、20 條條文",
		"中華民國四十五年十一月十九日總統令修正公布第 25、26 條條文",
		"中華民國四十七年七月二十六日總統（47）台總字第 4087 號令修正公布第 18 條條文",
		"中華民國六十年八月三十一日總統（60）台統（一）義字第 824 號令修正公布第 20 條條文",
		"中華民國七十年五月二日總統（70）台統（一）義字第 2766 號令修正發布第 22 條條文",
		"中華民國七十一年一月二十日總統（71）台統（一）義字第 0408 號令修正公布第 5 條條文",
		"中華民國七十五年一月十七日總統（75）華總（一）義字第 0291 號令修正公布第 20 條條文",
		"中華民國七十五年五月十四日總統（75）華總（一）義字第 2390 號令修正公布第 25 條條文",
		"中華民國七十七年六月八日總統（77）華總（一）義字第 2251 號令增訂公布第 26-1 條條文",
		"中華民國七十八年七月二十八日總統修正公布第 5 條條文",
		"中華民國八十年十二月三十一日總統（80）華總（一）義字第 6904 號令修正公布第 5 條條文",
		"中華民國八十一年一月二十九日總統（81）華總（一）義字第 0530 號令修正公布第 19、20 條條文；增訂第 25-1、26-2 及第 27-1 條條文；並刪除第 4 條條文",
		"中華民國八十二年二月二十日總統令修正公布第 18 條條文",
		"中華民國八十二年十月二十日總統（82）華總（一）義字第 5306 號令修正公布第 19 條條文",
		"中華民國八十二年十二月二十四日總統（82）華總（一）義字第 6930 號令修正公布第 15 條條文",
		"中華民國八十三年十一月二十三日總統（83）華總（一）義字第 7144 號令修正公布第 7 條條文",
		"中華民國八十四年一月二十日總統（84）華總（一）義字第 0326 號令修正公布第 7 條條文",
		"中華民國八十八年一月二十五日總統（88）華總（一）義字第 8800015650 號令修正發布全文 35 條",
		"中華民國八十八年六月三十日總統（88）華總（一）義字第 8800150320 號令修正公布第 11、15、22、24～28 條條文；並增訂第 19-1 條條文",
		"中華民國九十年十一月十四日總統（90）華總一義字第 9000222620 號令修正公布第 33、35 條條文",
		"中華民國九十一年一月二十五日總統（91）華總一義字第 09100015650 號令修正公布第 33 條條文；並刪除第 11 條條文",
		"中華民國九十四年一月十二日總統華總一義字第 09400002071 號令修正公布第 15、23 條條文；並增訂第 22-1、22-2、27-1、27-2、33-1 條條文",
		"中華民國九十四年二月二日總統華總一義字第 09400016301 號令修正公布第 33、35 條條文；修正之第三十三條條文，自立法院第六屆立法委員就職日起施行",
		"中華民國九十六年十二月十九日總統華總一義字第 09600170501 號令修正公布第 10、32、35 條條文；並自立法院第七屆立法委員就職日（九十七年二月一日）起施行",
		"中華民國九十六年十二月二十六日總統華總一義字第 09600175611 號令修正公布第 9、23、33、35 條條文；增訂第 33-2 條條文；並自立法院第七屆立法委員就職日（九十七年二月一日）起施行",
		"中華民國九十八年一月二十一日總統華總一義字第 09800014591 號令修正公布第 10 條條文",
		"中華民國一百年一月二十六日總統華總一義字第 10000015531 號令修正公布第 33 條條文",
		"中華民國一百零一年十一月十四日總統華總一義字第 10100255361 號令修正公布第 32 條條文；第 2 項之附表自一百零二年一月一日施行",
		"中華民國一百零四年六月二十四日總統華總一義字第 10400073921 號令修正公布第 18 條條文",
		"中華民國一百零五年十二月七日總統華總一義字第 10500153001 號令修正公布第 3、5 條條文"
	],
	"divisions": [],
	"articles": [
		{
			"number": 100,
			"content": "本法依憲法第七十六條制定之。"
		},
		{
			"number": 200,
			"content": "立法院行使憲法所賦予之職權。\r\n前項職權之行使及委員行為之規範，另以法律定之。"
		},
		{
			"number": 300,
			"content": "立法院設院長、副院長各一人，由立法委員互選產生；其選舉辦法，另定\r\n之。\r\n立法院院長、副院長不得擔任政黨職務，應本公平中立原則行使職權，維\r\n持立法院秩序，處理議事。"
		},
		{
			"number": 400,
			"content": "立法院會議，以院長為主席。全院委員會亦同。\r\n院長因事故不能出席時，以副院長為主席；院長、副院長均因事故不能出\r\n席時，由出席委員互推一人為主席。"
		},
		{
			"number": 500,
			"content": "立法院會議，公開舉行，必要時得開秘密會議。\r\n行政院院長或各部、會首長，得請開秘密會議。\r\n除秘密會議外，立法院應透過電視、網路等媒體通路，全程轉播本院會議\r\n、委員會會議及黨團協商實況，並應全程錄影、錄音。\r\n秘密會議應予速記、錄音，不得公開。但經院會同意公開者，不在此限。\r\n有關透過電視轉播事項，編列預算交由財團法人公共電視文化事業基金會\r\n辦理，不受電波頻率不得租賃、借貸或轉讓之限制。\r\n議事轉播應逐步提供同步聽打或手語翻譯等無障礙資訊服務，以保障身心\r\n障礙者平等參與政治與公共生活之權利。"
		},
		{
			"number": 600,
			"content": "立法院臨時會，依憲法第六十九條規定行之，並以決議召集臨時會之特定\r\n事項為限。\r\n停開院會期間，遇重大事項發生時，經立法委員四分之一以上之請求，得\r\n恢復開會。"
		},
		{
			"number": 700,
			"content": "立法院設程序委員會，其組織規程，另定之。"
		},
		{
			"number": 800,
			"content": "立法院設紀律委員會，其組織規程，另定之。"
		},
		{
			"number": 900,
			"content": "立法院依憲法增修條文第十二條之規定，得設修憲委員會，其組織規程，\r\n另定之。"
		},
		{
			"number": 1000,
			"content": "立法院依憲法第六十七條之規定，設下列委員會：\r\n一、內政委員會。\r\n二、外交及國防委員會。\r\n三、經濟委員會。\r\n四、財政委員會。\r\n五、教育及文化委員會。\r\n六、交通委員會。\r\n七、司法及法制委員會。\r\n八、社會福利及衛生環境委員會。\r\n立法院於必要時，得增設特種委員會。"
		},
		{
			"number": 1100,
			"content": "（刪除）"
		},
		{
			"number": 1200,
			"content": "立法院各委員會之組織，另以法律定之。"
		},
		{
			"number": 1300,
			"content": "立法院院長、副院長之任期至該屆立法委員任期屆滿之日為止。\r\n立法院院長綜理院務。\r\n立法院院長因事故不能視事時，由副院長代理其職務。"
		},
		{
			"number": 1400,
			"content": "立法院置秘書長一人，特任；副秘書長一人，職務列簡任第十四職等，均\r\n由院長遴選報告院會後，提請任命之。\r\n秘書長承院長之命，處理本院事務，並指揮監督所屬職員。副秘書長承院\r\n長之命，襄助秘書長處理本院事務。"
		},
		{
			"number": 1500,
			"content": "立法院設下列各處、局、館、中心：\r\n一、秘書處。\r\n二、議事處。\r\n三、公報處。\r\n四、總務處。\r\n五、資訊處。\r\n六、法制局。\r\n七、預算中心。\r\n八、國會圖書館。\r\n九、中南部服務中心。\r\n十、議政博物館。"
		},
		{
			"number": 1600,
			"content": "秘書處掌理下列事項：\r\n一、關於文書收發、分配、繕校及檔案管理事項。\r\n二、關於文稿之撰擬、審核及文電處理事項。\r\n三、關於印信典守事項。\r\n四、關於研究發展及管制考核事項。\r\n五、關於國會外交事務事項。\r\n六、關於公共關係事項。\r\n七、關於新聞之編輯、發布及聯絡事項。\r\n八、關於新聞資料之蒐集、分析、整理及保管事項。\r\n九、關於本院視聽媒體之規劃、設計及運用事項。\r\n十、關於新聞媒體之聯繫及委員活動之報導事項。\r\n十一、其他有關秘書業務事項。\r\n十二、不屬其他處、局、中心、館之事項。"
		},
		{
			"number": 1700,
			"content": "議事處掌理下列事項：\r\n一、關於議程編擬事項。\r\n二、關於議案條文之整理及議案文件之撰擬事項。\r\n三、關於本院會議紀錄事項。\r\n四、關於會議文件之分發及議場事務之管理事項。\r\n五、關於議案文件之準備、登記、分類及保管事項。\r\n六、其他有關議事事項。"
		},
		{
			"number": 1800,
			"content": "公報處掌理下列事項：\r\n一、關於本院會議及委員會會議之錄影錄音及轉播事項。\r\n二、關於本院會議及委員會會議之速記事項。\r\n三、關於公報編印及發行事項。\r\n四、關於各類文件之印刷事項。\r\n五、關於錄影錄音之複製及發行事項。\r\n六、其他有關公報事項。"
		},
		{
			"number": 1900,
			"content": "總務處掌理下列事項：\r\n一、關於事務管理事項。\r\n二、關於款項出納事項。\r\n三、關於公產、公物之保管事項。\r\n四、關於委員會館管理事項。\r\n五、關於醫療服務事項。\r\n六、關於營繕、採購事項。\r\n七、關於車輛管理事項。\r\n八、關於警衛隊之管理事項。\r\n九、關於民眾服務事項。\r\n十、其他有關一般服務事項。"
		},
		{
			"number": 1901,
			"content": "資訊處掌理下列事項︰\r\n一、關於立法資訊系統之整體規劃、系統分析、設計、建置及維護事項。\r\n二、關於委員服務資訊系統之整體規劃、系統分析、設計、建置及維護事\r\n    項。\r\n三、關於行政資訊系統之整體規劃、系統分析、設計、建置及維護事項。\r\n四、關於網路、網站之整體規劃、設計、建置及維護事項。\r\n五、關於資訊訓練之規劃與執行事項。\r\n六、其他有關資訊服務事項。"
		},
		{
			"number": 2000,
			"content": "法制局掌理下列事項：\r\n一、關於立法政策之研究、分析、評估及諮詢事項。\r\n二、關於法律案之研究、分析、評估及諮詢事項。\r\n三、關於外國立法例及制度之研究、編譯及整理事項。\r\n四、關於法學之研究事項。\r\n五、其他有關法制諮詢事項。"
		},
		{
			"number": 2100,
			"content": "預算中心掌理下列事項：\r\n一、關於中央政府預算之研究、分析、評估及諮詢事項。\r\n二、關於中央政府決算之研究、分析、評估及諮詢事項。\r\n三、關於預算相關法案之研究、分析、評估及諮詢事項。\r\n四、其他有關預、決算諮詢事項。"
		},
		{
			"number": 2200,
			"content": "國會圖書館掌理下列事項：\r\n一、關於立法書刊光碟資料之蒐集、管理及運用事項。\r\n二、關於立法報章資料之蒐集、管理及運用事項。\r\n三、關於立法資料之分析、研究、檢索及參考事項。\r\n四、關於立法出版品之編纂及交換事項。\r\n五、關於國會圖書館館際合作事項。\r\n六、其他有關圖書館研究、發展及服務事項。"
		},
		{
			"number": 2201,
			"content": "中南部服務中心掌理下列事項：\r\n一、關於本院與行政院暨其所屬機關中南部單位及辦公室間業務聯繫事項\r\n    。\r\n二、關於本院受理及協調中南部民眾陳情請願事項。\r\n三、關於本院中南部委員服務及聯繫事項。\r\n四、關於中南部服務中心秘書及庶務等事項。\r\n五、關於中南部服務中心員工訓練進修事宜。\r\n六、其他有關中南部民眾服務事項。"
		},
		{
			"number": 2202,
			"content": "議政博物館掌理下列事項：\r\n一、關於議政史料之蒐集、整理、典藏及展覽事項。\r\n二、關於議政史料之分析、研究及運用事項。\r\n三、關於議政史料數位化及服務事項。\r\n四、其他有關議政資料之聯繫服務事項。"
		},
		{
			"number": 2300,
			"content": "立法院置顧問一人至二人，職務列簡任第十三職等至第十四職等，掌理議\r\n事、法規之諮詢、撰擬及審核事項；參事十二人至十四人，職務列簡任第\r\n十二職等至第十三職等，掌理關於法規之撰擬、審核及院長指派之事項。\r\n前項員額中，參事七人出缺不補。"
		},
		{
			"number": 2400,
			"content": "立法院置處長五人，職務列簡任第十二職等至第十三職等；副處長五人，\r\n職務列簡任第十一職等至第十二職等；秘書十人，職務列簡任第十職等至\r\n第十二職等；編審十人、高級分析師二人至三人、主任一人，職務列簡任\r\n第十職等至第十一職等；科長三十一人至三十四人，職務列薦任第九職等\r\n；專員二十八人至三十三人、技正二人至三人、編譯三人至五人、分析師\r\n三人，職務均列薦任第七職等至第九職等；編輯六人至八人、設計師五人\r\n至六人、管理師七人至八人、藥師一人，職務均列薦任第六職等至第八職\r\n等；護士長一人、技士四人至六人、科員五十二人至六十三人、速記員四\r\n十人至六十人，職務均列委任第五職等或薦任第六職等至第七職等；助理\r\n管理師九人、操作員七人至八人、護士二人至四人、藥劑生二人、檢驗員\r\n一人、病歷管理員一人、校對員十二人至十六人、技佐六人至八人，職務\r\n均列委任第四職等至第五職等，其中助理管理師五人、操作員四人、護士\r\n二人、藥劑生一人、檢驗員一人、校對員八人、技佐四人，職務得列薦任\r\n第六職等；辦事員二十二人至二十八人，職務列委任第三職等至第五職等\r\n；書記三十五人至三十九人，職務列委任第一職等至第三職等。\r\n本法修正施行前依雇員管理規則進用之現職書記，其未具公務人員任用資\r\n格者，得占用前項書記職缺繼續僱用至離職為止。"
		},
		{
			"number": 2500,
			"content": "法制局置局長一人，職務列簡任第十二職等至第十三職等；副局長一人，\r\n職務列簡任第十一職等至第十二職等；組長五人，由研究員兼任；研究員\r\n十一人至十七人，職務均列簡任第十職等至第十二職等；副研究員十三人\r\n至十九人，職務列簡任第十職等至第十一職等；助理研究員十三人至十九\r\n人，職務列薦任第八職等至第九職等；科員一人，職務列委任第五職等或\r\n薦任第六職等至第七職等；辦事員一人，職務列委任第三職等至第五職等\r\n；書記一人，職務列委任第一職等至第三職等。"
		},
		{
			"number": 2600,
			"content": "預算中心置主任一人，職務列簡任第十二職等至第十三職等；副主任一人\r\n，職務列簡任第十一職等至第十二職等；組長五人，由研究員兼任；研究\r\n員十一人至十七人，職務列簡任第十職等至第十二職等；副研究員十三人\r\n至十九人，職務列簡任第十職等至第十一職等；助理研究員十三人至十九\r\n人，職務列薦任第八職等至第九職等；科員一人，職務列委任第五職等或\r\n薦任第六職等至第七職等；操作員一人，職務列委任第三職等至第五職等\r\n；辦事員一人，職務列委任第三職等至第五職等。"
		},
		{
			"number": 2700,
			"content": "國會圖書館置館長一人，職務列簡任第十二職等至第十三職等；副館長一\r\n人，職務列簡任第十一職等至第十二職等；秘書一人、編纂二人至四人，\r\n職務均列簡任第十職等至第十二職等；編審三人至四人，職務列簡任第十\r\n職等至第十一職等；科長三人，職務列薦任第九職等；專員五人，職務列\r\n薦任第七職等至第九職等；編輯八人至九人，職務列薦任第六職等至第八\r\n職等；科員九人至十二人，職務列委任第五職等或薦任第六職等至第七職\r\n等；辦事員九人至十二人，職務列委任第三職等至第五職等；書記三人至\r\n七人，職務列委任第一職等至第三職等。"
		},
		{
			"number": 2701,
			"content": "中南部服務中心置主任一人，職務列簡任第十二職等至第十三職等；副主\r\n任一人，職務列簡任第十一職等至第十二職等；秘書一人，職務列簡任第\r\n十職等至第十二職等；編審二人，職務列簡任第十職等至第十一職等；科\r\n長三人，職務列薦任第九職等；專員五人，分析師一人，職務均列薦任第\r\n七職等至第九職等；管理師一人，職務列薦任第六職等至第八職等；科員\r\n十人，技士一人，職務均列委任第五職等或薦任第六職等至第七職等；辦\r\n事員三人，職務列委任第三職等至第五職等；書記二人，職務列委任第一\r\n職等至第三職等。"
		},
		{
			"number": 2702,
			"content": "議政博物館置館長一人，職務列簡任第十二職等至第十三職等；副館長一\r\n人，職務列簡任第十一職等至第十二職等；秘書一人，編纂一人，職務均\r\n列簡任第十職等至第十二職等；科長二人，職務列薦任第九職等；專員二\r\n人，職務列薦任第七職等至第九職等；編輯三人，職務列薦任第六職等至\r\n第八職等；科員三人，職務列委任第五職等或薦任第六職等至第七職等；\r\n辦事員二人，職務列委任第三職等至第五職等；書記二人，職務列委任第\r\n一職等至第三職等。"
		},
		{
			"number": 2800,
			"content": "第二十五條及第二十六條所列之研究員、副研究員、助理研究員，必要時\r\n得依聘用人員聘用條例之規定聘用之。\r\n前項聘用人員之待遇，除依相關規定外，得由立法院另定之。"
		},
		{
			"number": 2900,
			"content": "立法院設人事處，置處長一人，職務列簡任第十二職等至第十三職等；副\r\n處長一人，職務列簡任第十一職等至第十二職等，依法辦理人事管理事項\r\n；其餘所需工作人員，就本法所定員額內派充之。"
		},
		{
			"number": 3000,
			"content": "立法院設會計處，置會計長一人，職務列簡任第十二職等至第十三職等；\r\n副會計長一人，職務列簡任第十一職等至第十二職等，依法辦理歲計、會\r\n計並兼辦統計事項；其餘所需工作人員，就本法所定員額內派充之。"
		},
		{
			"number": 3100,
			"content": "總務處警衛隊，置隊長一人、副隊長二人、督察員一人、警務員一人、分\r\n隊長四人、小隊長十二人至十四人、警務佐一人、隊員一百二十人至一百\r\n五十人，掌理本院安全維護與警衛事宜。\r\n前項警衛隊員警，由內政部警政署派充之。\r\n本法修正施行前僱用之駐衛警，得繼續僱用至離職時止。\r\n本院安全維護遇有特殊情況時，得商請內政部警政署增派人員。"
		},
		{
			"number": 3200,
			"content": "立法委員每人得置公費助理八人至十四人，由委員聘用；立法院應每年編\r\n列每一立法委員一定數額之助理費及其辦公事務預算。公費助理與委員同\r\n進退；其依勞動基準法所規定之相關費用，均由立法院編列預算支應之。\r\n前項立法委員辦公事務等必要費用之項目及標準如附表，自中華民國一百\r\n零二年一月一日施行。"
		},
		{
			"number": 3300,
			"content": "每屆立法委員選舉當選席次達三席且席次較多之五個政黨得各組成黨團；\r\n席次相同時，以抽籤決定組成之。立法委員依其所屬政黨參加黨團。每一\r\n政黨以組成一黨團為限；每一黨團至少須維持三人以上。\r\n未能依前項規定組成黨團之政黨或無黨籍之委員，得加入其他黨團。黨團\r\n未達五個時，得合組四人以上之政團；依第四項將名單送交人事處之政團\r\n，以席次較多者優先組成，黨（政）團總數合計以五個為限。\r\n前項政團準用有關黨團之規定。\r\n各黨團應於每年首次會期開議日前一日，將各黨團所屬委員名單經黨團負\r\n責人簽名後，送交人事處，以供認定委員所參加之黨團。\r\n黨團辦公室由立法院提供之。\r\n各黨團置公費助理十人至十六人，由各黨團遴選，並由其推派之委員聘用\r\n之；相關費用依前條之規定。\r\n前項現職公費助理於中華民國八十七年三月一日至九十四年六月三十日間\r\n，由各黨團遴選並由其推派之委員或各該政黨聘用，並實際服務於黨團之\r\n助理年資，得辦理勞動基準法工作年資結清事宜。"
		},
		{
			"number": 3301,
			"content": "本法第二十七條之一、第二十七條之二所需人員，優先自臺灣省諮議會移\r\n撥，其中原依雇員管理規則僱用之現職雇員，其未具公務人員任用資格者\r\n，得占用第二十七條之一、第二十七條之二書記職缺，繼續僱用至離職時\r\n為止。"
		},
		{
			"number": 3302,
			"content": "為配合第七屆立法院委員會組織調整及人員精簡，立法院任職滿二十年，\r\n年滿五十歲任用、派用之人員，得准其自願退休，擇領或兼領月退休金或\r\n支領一次退休金，不受公務人員退休法第四條第一項第二款規定之限制。\r\n前項自願退休人員之職稱及數額，依下列各款規定，並依申請順序核准之\r\n：\r\n一、參事以上或同陞遷序列職稱者共七人。\r\n二、秘書或同陞遷序列職稱者或單位副主管共四人。\r\n三、編審或同陞遷序列職稱者共四人。\r\n四、科長或同陞遷序列職稱者共四人。\r\n五、專員或同陞遷序列職稱者共四人。\r\n六、編輯、科員、校對員、書記或同陞遷序列職稱者共四人。\r\n前項第一款至第五款之人員自願退休，不得再行遞補或進用之職缺，為參\r\n事、委員會秘書、編審、科長、專員。\r\n自中華民國九十七年二月一日起，依第一項辦理自願退休者，最高得一次\r\n加發七個月之慰助金，每延後一個月退休者，減發一個月之慰助金，實施\r\n日期至中華民國九十七年八月三十一日止。但於實施期間屆齡退休者，依\r\n提前退休之月數發給慰助金。\r\n前項慰助金指俸額、技術或專業加給及主管職務加給。\r\n支領慰助金人員，於退休生效之日起七個月內再任有給公職者，應由再任\r\n機關追繳扣除退休月數之慰助金。\r\n依第一項辦理自願退休之人員，除符合規定得請領公教人員保險養老給付\r\n或勞工保險老年給付者外，其損失之公教人員保險或勞工保險已投保年資\r\n，準用公教人員保險法第十四條或勞工保險條例第五十九條規定之給付基\r\n準，發給補償金。所領之補償金，於其將來再參加各該保險領取養老或老\r\n年給付時，應繳回立法院；其所領之養老或老年給付金額較原補償金額低\r\n時，僅繳回與所領之養老或老年給付同金額之補償金。"
		},
		{
			"number": 3400,
			"content": "立法院處務規程，由立法院秘書長擬訂，經院長核定，報告院會後施行。"
		},
		{
			"number": 3500,
			"content": "本法自公布日施行。\r\n本法中華民國九十六年十一月三十日及十二月七日修正之條文，自立法院\r\n第七屆立法委員就職日起施行。"
		}
	]
}