{
	"pcode": "A0010104",
	"type": "命令",
	"title": "公務員懲戒委員會辦事細則",
	"url": "https://law.moj.gov.tw/LawClass/LawAll.aspx?pcode=A0010104",
	"category": [
		"廢止法規",
		"司法院"
	],
	"lastUpdate": "20110825",
	"isDiscarded": true,
	"isTranslated": false,
	"history": [
		"中華民國三十七年七月二十八日公務員懲戒委員會令人字第 29 號令訂定發布全文 28 條",
		"中華民國四十二年一月十六日司法院核定公務員懲戒委員會修正發布全文 51 條",
		"中華民國一百年八月二十五日司法院院台廳行二字第 1000012163 號函核定廢止中華民國一百年五月十八日公務員懲戒委員會臺會文字第 1000000111 號函"
	],
	"divisions": [],
	"articles": [
		{
			"number": 100,
			"content": "本細則依公務員懲戒委員會組織法第九條制定之。"
		},
		{
			"number": 200,
			"content": "公務員懲戒委員會設書記廳分左列各科室：\r\n一、文書科。\r\n二、議事科。\r\n三、總務科。\r\n四、會計室。\r\n五、統計室。\r\n六、人事室。"
		},
		{
			"number": 300,
			"content": "各科置科長一人，就薦任書記官中派充之，掌理各該科事務。\r\n書記官長為檢討業務得舉行書記廳會議；各科室主管認為必要時亦得舉行\r\n本科室會議。\r\n前項會議記錄應呈書記官長核閱。"
		},
		{
			"number": 400,
			"content": "各科得分股辦事，每股置股長一人，就本科書記官中派充之，分掌各該股\r\n事務。"
		},
		{
			"number": 500,
			"content": "各科室主管就所屬職雇員指定承辦事項後，應列表報告書記官長轉送委員\r\n長查核，各科室職員於必要時得派兼辦其他科室事務。"
		},
		{
			"number": 600,
			"content": "各科室所擬稿件應有擬稿人及核稿人署名，並註明年月日送請書記官長判\r\n行或轉請委員長判行。\r\n凡屬例行稿件用簽稿並送辦法。"
		},
		{
			"number": 700,
			"content": "各科室稿件與其他各科室有關涉者應送請會簽。"
		},
		{
			"number": 800,
			"content": "凡送印文件如原稿，未經委員長或書記官長判行者，監印員不得蓋印，每\r\n日用印公文應由監印員將案由及顆數逐日登入稽印簿，送請書記官長核閱\r\n。"
		},
		{
			"number": 900,
			"content": "各科室職雇員承辦事件必須隨到隨辦，其係緊急者尤應提前辦理，但有特\r\n別情形經長官許可者不在此限。\r\n各科室職雇員對於承辦工作或與聞事務，依公務員服務法第四條之規定有\r\n絕對保守秘密之義務。"
		},
		{
			"number": 1000,
			"content": "定期應辦事項，一屆期末，承辦人員須即著手辦理；月計之件，不得逾越\r\n七日，年計之件，不得超過四十日。"
		},
		{
			"number": 1100,
			"content": "本會每日辦公時間依照通令規定辦理，各職雇員應在考勤簿內簽到簽退。\r\n考勤規則另定之。"
		},
		{
			"number": 1200,
			"content": "委員及職員因病或因事請假者，依照公務員請假規則辦理；職員請假日數\r\n未滿五日者及雇員請假由書記官長核准，職員請假在五日以上者及委員請\r\n假由委員長核准。"
		},
		{
			"number": 1300,
			"content": "例假循例休息，但有緊要事件得臨時召集辦公。"
		},
		{
			"number": 1400,
			"content": "每日下午散值後由書記官長派員值宿，例假日派員值日。"
		},
		{
			"number": 1500,
			"content": "文書科職掌如左：\r\n一、關於彙編工作計劃及報告事項。\r\n二、關於文電撰擬事項。\r\n三、關於收發文件事項。\r\n四、關於繕寫文件事項。\r\n五、關於校對及傳覽文件事項。\r\n六、關於卷宗編檔保管事項。\r\n七、關於書記廳會議之紀錄事項。\r\n八、關於圖書之編輯及管理事項。\r\n科長兼辦第一款事項，書記官一人承辦第二款第五款及第八款事項，又一\r\n人承辦第三款及第六款事項，又一人承辦第四款事項，又一人承辦第四款\r\n及第七款事項。"
		},
		{
			"number": 1600,
			"content": "每日收入文件由文書科摘由編號註明年月日時，登入總收文簿，送請書記\r\n官長分交各科室擬辦。\r\n凡文件有直書委員長以下各員本人姓名及有秘密及親啟字樣者，他人不得\r\n開拆；如遇緊急文件或電報，應立時送由書記官長呈請委員核閱，俟發下\r\n後再補行編號摘由。"
		},
		{
			"number": 1700,
			"content": "凡送交文書科繕校之文件，以經委員長或書記官長判行者為限，餘由各科\r\n室自行繕校，但有特殊情形經書記官長許可者不在此限。"
		},
		{
			"number": 1800,
			"content": "繕校文件應按接繕先後次序辦理，但屬於速件者不在此限。"
		},
		{
			"number": 1900,
			"content": "繕寫文件應由文書科科長分配所屬繕寫人員辦理，繕完後連同原稿繳還科\r\n長指定人員或自行校對。\r\n前項校對人員，應於校對文件之末頁加蓋名戳以明責任。\r\n繕寫人員每日應將繕寫公文件數、字數立簿登記送陳科長核閱存查。"
		},
		{
			"number": 2000,
			"content": "校對文件時，如發現繕寫錯誤，應即查照原稿改正，再行登簿送請蓋印。"
		},
		{
			"number": 2100,
			"content": "每日發出文件由文書科摘由編號註明年月日時登入發文簿，隨將原稿送還\r\n各科室，但文件註明密字者無須摘由。"
		},
		{
			"number": 2200,
			"content": "凡發出文件應用送達簿由收受機關或本人蓋章並註明收到字樣，郵寄者由\r\n郵局加蓋日戳並將郵局憑單回執保存。"
		},
		{
			"number": 2300,
			"content": "各科室文卷除因特殊情形自行保管者外，其有應行歸檔者應將種別、類別\r\n、案由、件數、附件等項加記入歸檔文卷簿，隨簿送交文書科點收分別歸\r\n檔。\r\n文卷歸檔後各科室承辦人員，如須調閱應用調卷證調取送還時再將調卷證\r\n收回。"
		},
		{
			"number": 2400,
			"content": "議事科職掌如左：\r\n一、關於懲戒案件編號分配及登記事項。\r\n二、關於懲戒案件之申辯及調查事項。\r\n三、關於議事日程編製及通知開會事項。\r\n四、關於審議紀錄及整理事項。\r\n五、關於議決書校對及印發事項。\r\n六、關於議決案處理事項。\r\n書記官一員承辦第一款第三款及第四款事項，又一員承辦第二款及第五款\r\n事項，又一員承辦第二款及第六款事項。"
		},
		{
			"number": 2500,
			"content": "懲戒案件到會時，由議事科編號送請書記官長轉呈委員長分配後，通知配\r\n受委員辦理，並即登入懲戒案件總簿及其他備查簿冊。\r\n刑事終結再開始懲戒程序之案件，作為新收另行編號依照前項規定辦理。"
		},
		{
			"number": 2600,
			"content": "懲戒程序進行中所收文件，議事科應查明登記，簽請書記官長呈請委員長\r\n核批後通知配受委員核辦。"
		},
		{
			"number": 2700,
			"content": "關於左列事項，議事科應負責稽查並隨時通知配受委員：\r\n一、飭令申辯其申辯書已否送達。\r\n二、申辯書應否通知監察院。\r\n三、囑託調查其調查已否報告。\r\n四、公示送達其公示日期已否屆滿。\r\n五、移送法院或軍法機關之案件其刑事已否終結。\r\n六、監察院移送案件將屆三個月該案件已否辦結。\r\n前項通知應備通知單，第一第三及第五各款應聲明如有催詢之必要請即通\r\n知議事科辦理，對於第六款應聲明如未能在三個月內辦結時請將未能辦結\r\n情形通知議事科，轉報委員長查核。"
		},
		{
			"number": 2800,
			"content": "每次審議會議事科，應先編印議程調集案卷，並將審查報告書於開會前二\r\n日，連同開會通知書分送各出席委員。\r\n審議會場按主席委員出席委員及列席人員席次排列。"
		},
		{
			"number": 2900,
			"content": "審議案件經主席委員宣告主文時，紀錄員應即記入審議錄；遇有重要或繁\r\n雜案件並應將各委員發言要點紀錄備查。"
		},
		{
			"number": 3000,
			"content": "議決案件經配受委員製作議決書稿，議事科應將該件發交繕正送經主稿委\r\n員核定後，依次送請審查委員及出席委員分別審查及簽署。\r\n前項議決書原本審簽完竣時，議事科應即校對，送請書記官長轉呈委員長\r\n察閱後，繕印正本分別呈報或送達。\r\n校對議決書正本應以文書科為初校，議事科為覆校。\r\n第十九條第二項之規定於覆校人員準用之。\r\n議決書審簽完畢後至發出，以七日為限；並應依監察法第十六條之規定儘\r\n先函達監察院。"
		},
		{
			"number": 3100,
			"content": "同案中一人先議決，他人未結部份應由議事科注意，函知該關係機關，務\r\n須於辦結時函知本會以憑辦理。"
		},
		{
			"number": 3200,
			"content": "議事科應就每案附辦案進度表一紙，將收受命令、申辯、調查、公示送達\r\n、提出審查報告、議決、審查、簽署、發送各日期填入，隨時送請委員長\r\n及配受委員核閱，每屆月終並將收結案件及辦理情形分別表報委員長核閱\r\n。"
		},
		{
			"number": 3300,
			"content": "總務科職掌如左：\r\n一、關於公款出納事項。\r\n二、關於典守印信事項。\r\n三、關於員工福利及衛生事項。\r\n四、關於勤工管理及訓練事項。\r\n五、關於公物購置及保管事項。\r\n六、關於編製財產目錄及表冊事項。\r\n科長兼辦第一款事項，書記官一人承辦第二款及第六款事項，又一人承辦\r\n第三款第四款及第五款事項。"
		},
		{
			"number": 3400,
			"content": "本會委員及職雇員俸薪公費等項，由總務科按月分別造冊，會同會計室、\r\n人事室送請書記官長核發，勤工工餉由總務科長核發。"
		},
		{
			"number": 3500,
			"content": "本會經費由總務科照章存入國庫，動支時須憑總務科長、出納人員、會計\r\n主任及書記官長委員長印鑑向國庫支取。"
		},
		{
			"number": 3600,
			"content": "本會一切用品，由總務科請購；價值在○元以內者得由總務科長核定，○\r\n元以上者由書記官長核定，○○元以上者由委員長核定；其他各種開支亦\r\n同。"
		},
		{
			"number": 3700,
			"content": "前條用品購置後應由總務科連同單據送會計室驗收，並在原單據上加蓋驗\r\n收人員名章，該單據始為有效，會計室發覺商店所開發票應具手續或形式\r\n不具備者，得請總務科更換，凡手續齊全之發票除驗收人員及經手人蓋章\r\n外，並應送總務科長蓋章。"
		},
		{
			"number": 3800,
			"content": "購進物品經驗收後由總務科保管，並應隨時分別登記財產明細帳及收發物\r\n品帳，發出時亦同。"
		},
		{
			"number": 3900,
			"content": "各科室人員因公需用物品，應於領物單內填明物品名稱、數量簽名蓋章並\r\n經主管長官蓋章後送由總務科核發。"
		},
		{
			"number": 4000,
			"content": "每月終了五日內，總務科應將財產及物品增減收發餘存數量編製財產增減\r\n表，送會計室審核後呈請書記官長核閱。"
		},
		{
			"number": 4100,
			"content": "配置各單位器具公物，由總務科登記編號粘簽並填造清單，交由各單位保\r\n管使用，如有移動損壞，應即通知總務科登記。"
		},
		{
			"number": 4200,
			"content": "本會財產除按月編報增減表外，並於年度結束期間由總務科實地查點後，\r\n依法編製財產目錄呈報。"
		},
		{
			"number": 4300,
			"content": "會計主任一人，掌理會計室事務，書記官一人承辦本室記帳造表事項；統\r\n計員一人，掌理統計室事務；人事室主任一人，掌理人事室事務。"
		},
		{
			"number": 4400,
			"content": "會計室、統計室、人事室之辦事細則另定之。"
		},
		{
			"number": 4500,
			"content": "委員長綜理會務其責任如左：\r\n一、工作計劃之決定。\r\n二、編制預算之扼要提示。\r\n三、本會委員會及審議會之召集。\r\n四、懲戒案件進行程序之查察指導。\r\n五、本會工作之監督考核。\r\n六、委員職員之任免獎懲。\r\n七、重要文件之判行。\r\n八、其他有關政務之處理。"
		},
		{
			"number": 4600,
			"content": "書記官長承委員長之命，處理書記廳事務其責任如左：\r\n一、指導書記廳職務之分配。\r\n二、本會經費之依法支用。\r\n三、委員長交辦事項及機要文件之辦理。\r\n四、臨時提請委員長注意之重要事項。\r\n五、本會交代事項之襄辦。\r\n六、書記廳工作之監督考核。\r\n七、書記廳職員任免獎懲之擬議。\r\n八、雇員任免獎懲之核定。\r\n九、書記廳全部文稿之審核。\r\n十、例行文件之判行。"
		},
		{
			"number": 4700,
			"content": "各科室主管之責任如左：\r\n一、長官交辦事件執行之擬議。\r\n二、重要事件執行之擬議。\r\n三、本管工作之監督考核。\r\n四、所屬職雇員任免獎懲之初步擬議。\r\n五、本管文稿之審核。\r\n六、例行事件之處理。"
		},
		{
			"number": 4800,
			"content": "非主管職員各就所承辦之事項負其責任。"
		},
		{
			"number": 4900,
			"content": "本會委員辦案規則另定之。"
		},
		{
			"number": 5000,
			"content": "本會為佐理事務得置學習書記官，其任用標準及學習規則另定之。"
		},
		{
			"number": 5100,
			"content": "本細則自呈奉司法院核定之日施行。"
		}
	]
}