{
	"pcode": "A0010004",
	"type": "命令",
	"title": "國民大會紀律委員會組織規程",
	"url": "https://law.moj.gov.tw/LawClass/LawAll.aspx?pcode=A0010004",
	"category": [
		"國民大會（憲法國民大會章條文已停止適用）"
	],
	"lastUpdate": "19960709",
	"isTranslated": false,
	"history": [
		"中華民國三十七年四月七日第一屆國民大會第一次會議第二次大會通過",
		"中華民國四十三年三月三日第一屆國民大會第二次會議第二次大會修正通過",
		"中華民國四十九年三月一日第一屆國民大會第三次會議第二次大會決議沿用本規程",
		"中華民國五十五年二月三日國民大會臨時會第一次大會通過沿用本規程",
		"中華民國五十五年二月二十八日第一屆國民大會第四次會議第一次大會修正通過",
		"中華民國六十一年二月二十八日第一屆國民大會第五次會議第一次大會通過沿用本規程",
		"中華民國六十七年二月二十七日第一屆國民大會第六次會議第一次大會通過沿用本規程",
		"中華民國八十五年七月九日第三屆國民大會第一次會議第三次大會修正通過全文 10 條"
	],
	"divisions": [],
	"articles": [
		{
			"number": 100,
			"content": "本規程依國民大會組織法第七條訂定之。"
		},
		{
			"number": 200,
			"content": "紀律委員會設委員十五人，其人選經各黨團依政黨比例推薦，由議長提請\r\n大會決定之。"
		},
		{
			"number": 300,
			"content": "紀律委員會設召集人一人至三人，由各委員互推之。"
		},
		{
			"number": 400,
			"content": "紀律委員會開會時，由召集人互推一人為主席。"
		},
		{
			"number": 500,
			"content": "紀律委員會會議應有委員三分之一之出席，其議決以出席委員過半數之同\r\n意為之。"
		},
		{
			"number": 600,
			"content": "被移付懲戒之代表得向紀律委員會提出申辯。"
		},
		{
			"number": 700,
			"content": "紀律委員會審議大會交付之懲戒案件，得按情節輕重為左列之處分：\r\n一、書面警告。\r\n二、口頭道歉。\r\n三、書面道歉。\r\n四、停止出席大會會議一次至八次。"
		},
		{
			"number": 800,
			"content": "紀律委員會之懲戒審議應繕具報告書，提請大會決定之。\r\n前條第二款及第三款之懲戒，大會得同時決議，如當事人於限期內不提出\r\n道歉時，則依前條第四款處理之。"
		},
		{
			"number": 900,
			"content": "紀律委員會配置秘書及其他人員，由秘書長指派之。"
		},
		{
			"number": 1000,
			"content": "本規程由國民大會通過後施行，修正時亦同。"
		}
	]
}