{
	"pcode": "A0010117",
	"type": "命令",
	"title": "總統副總統文物審鑑委員會設置辦法",
	"url": "https://law.moj.gov.tw/LawClass/LawAll.aspx?pcode=A0010117",
	"category": [
		"總統",
		"總統府",
		"國史館目"
	],
	"lastUpdate": "20180504",
	"isTranslated": false,
	"history": [
		"中華民國一百零七年五月四日國史館國采字第 1071000620 號令訂定發布全文 7 條；並自發布日施行"
	],
	"divisions": [],
	"articles": [
		{
			"number": 100,
			"content": "本辦法依總統副總統文物管理條例（以下簡稱本條例）第六條之二第四項\r\n規定訂定之。"
		},
		{
			"number": 200,
			"content": "總統副總統文物審鑑委員會（以下簡稱本會）之任務如下：\r\n一、政府機關或機構，及私人或團體所有文物，保存價值之入藏審定。\r\n二、典藏文物不符典藏效益之註銷審定。"
		},
		{
			"number": 300,
			"content": "本會置委員九人至十一人，其中一人為召集人，由館長或館長指定之委員\r\n兼任；其餘委員由館長遴聘館內人員及館外專家學者擔任。\r\n前項館外專家學者應具備文物相關學術專長或實務經驗，且人數不得少於\r\n委員總人數二分之一。\r\n本會任一性別之委員比例不得少於三分之一。\r\n本會委員為無給職，館外委員得依相關規定支給出席費及交通費等。"
		},
		{
			"number": 400,
			"content": "本會委員任期二年，期滿得連任。\r\n因委員出缺而增補之委員，其任期至原任期屆滿為止。"
		},
		{
			"number": 500,
			"content": "本會會議，於必要時召開，由召集人召集並擔任主席。\r\n召集人請假或因故不能召集會議時，由其指定其他委員一人代理之；召集\r\n人未指定代理人者，由本會出席之委員互推一人代理之。\r\n會議應有過半數委員出席，始得開會。出席委員過半數之同意，始得決議\r\n；可否同數時，取決於主席。"
		},
		{
			"number": 600,
			"content": "本會得視需要請提案人員列席報告或說明，並得就專業領域之需求，邀請\r\n專家學者列席或提供書面意見。\r\n前項列席或書面提供意見之館外專家學者，得依相關規定支給費用。"
		},
		{
			"number": 700,
			"content": "本辦法自發布日施行。"
		}
	]
}