{
	"pcode": "A0010048",
	"type": "命令",
	"title": "立法院公報指導委員會組織規程",
	"url": "https://law.moj.gov.tw/LawClass/LawAll.aspx?pcode=A0010048",
	"category": [
		"廢止法規",
		"立法院"
	],
	"lastUpdate": "20010227",
	"isDiscarded": true,
	"isTranslated": false,
	"history": [
		"中華民國五十五年十一月二十五日立法院第一屆第三十八會期第十七次會議通過",
		"中華民國九十年二月二十七日立法院第 4 屆第 5 會期第 2 次會議通過廢止"
	],
	"divisions": [],
	"articles": [
		{
			"number": 100,
			"content": "立法院公報指導委員會，依據立法院組織法第十八條第二項之規定組織之\r\n。"
		},
		{
			"number": 200,
			"content": "關於立法院公報、立法專刊編輯發行事宜，由本會指導之。"
		},
		{
			"number": 300,
			"content": "本會設委員九人，由院會選舉之，每年改選一次。"
		},
		{
			"number": 400,
			"content": "本會設召集委員三人，由委員互選之。"
		},
		{
			"number": 500,
			"content": "本會會議每週舉行一次，必要時得召開臨時會議。\r\n前項會議須有委員過半數之出席，所作決議須有出席委員過半數之通過。"
		},
		{
			"number": 600,
			"content": "本規程未規定事項，依立法院各委員會組織法之規定辦理之。"
		},
		{
			"number": 700,
			"content": "本規程由立法院院會通過施行。"
		}
	]
}