{
	"pcode": "A0010061",
	"type": "命令",
	"title": "高等行政法院處務規程",
	"url": "https://law.moj.gov.tw/LawClass/LawAll.aspx?pcode=A0010061",
	"category": [
		"司法",
		"院本部",
		"組織目"
	],
	"lastUpdate": "20141121",
	"isTranslated": false,
	"history": [
		"中華民國八十九年七月四日司法院（89）院台廳行一字第 16008 號函訂定發布全文 84 條；並溯自八十九年七月一日起施行",
		"中華民國九十年二月二十六日司法院（90）院台廳行一字第 04978 號函修正發布第 48 條條文",
		"中華民國九十二年四月十日司法院（九二）院台廳司一字第 09525 號函修正發布第 29、33、37 條條文；並增訂第 48-1 條條文",
		"中華民國九十七年十二月四日司法院院台廳司一字第 0970026208 號令修正發布第 33 條條文",
		"中華民國一百零一年八月二十日司法院院台廳司一字第 1010023736 號令修正發布第 4、10、15～17、19、33、36、48-1、84 條條文；增訂第 28-1～28-8 條條文及第四章之一章名；除第 4、10、16、17、33、48-1 條條文自發布日施行外，其餘自一百零一年九月六日施行",
		"中華民國一百零三年十一月二十一日司法院院台廳司一字第 1030032567 號令修正發布第 35、82、84 條條文；並自發布日施行"
	],
	"divisions": [
		{
			"type": "章",
			"number": 100,
			"title": "通則",
			"start": 100,
			"end": 800
		},
		{
			"type": "章",
			"number": 200,
			"title": "院長",
			"start": 900,
			"end": 1400
		},
		{
			"type": "章",
			"number": 300,
			"title": "庭長、法官",
			"start": 1500,
			"end": 2600
		},
		{
			"type": "章",
			"number": 400,
			"title": "專業法庭",
			"start": 2700,
			"end": 2800
		},
		{
			"type": "章",
			"number": 401,
			"title": "司法事務官室",
			"start": 2801,
			"end": 2808
		},
		{
			"type": "章",
			"number": 500,
			"title": "書記處",
			"start": 2900,
			"end": 4801
		},
		{
			"type": "章",
			"number": 600,
			"title": "人事室、會計室、統計室、政風室、資訊室",
			"start": 4900,
			"end": 6000
		},
		{
			"type": "章",
			"number": 700,
			"title": "處理文件程序",
			"start": 6100,
			"end": 8100
		},
		{
			"type": "章",
			"number": 800,
			"title": "附則",
			"start": 8200,
			"end": 8400
		}
	],
	"articles": [
		{
			"number": 100,
			"content": "本規程依行政法院組織法第三十條之規定訂定之。"
		},
		{
			"number": 200,
			"content": "高等行政法院處理事務，除法規別有規定外，依本規程行之。"
		},
		{
			"number": 300,
			"content": "高等行政法院文件，以高等行政法院或院長名義行之。但依法規或依其性\r\n質得以各庭、科、室或書記處名義行之者，不在此限。"
		},
		{
			"number": 400,
			"content": "法官年度司法事務分配、代理次序、合議審判時法官之配置及事務分配之\r\n變更，適用法官法之規定。"
		},
		{
			"number": 500,
			"content": "高等行政法院其他職員事務之分配，由院長決定之。"
		},
		{
			"number": 600,
			"content": "高等行政法院辦公時間，依中央政府法令之規定。但遇特別情形有延長之\r\n必要時不在此限。\r\n星期日及例假日，書記處應派員輪流值日。每日散值後，應派員值夜。"
		},
		{
			"number": 700,
			"content": "高等行政法院員工到值散值時間，應親註於考勤簿並簽名，或以電子刷卡\r\n方式為之，逐日層送院長核閱。其因事、因病或其他事由請假者，依照公\r\n務員請假規則辦理。"
		},
		{
			"number": 800,
			"content": "高等行政法院職員對於承辦或與聞事件未經宣布者，應嚴守秘密。"
		},
		{
			"number": 900,
			"content": "院長綜理全院行政事務，其處理院內事務以命令行之。但尋常事務得命書\r\n記處以傳覽簿行之。\r\n院長因督促行政事務進行，得酌定辦結期限。"
		},
		{
			"number": 1000,
			"content": "院長之職責如下：\r\n一、工作計畫之決定。\r\n二、法律建議案之核定及高等行政法院單行法規之核定發布。\r\n三、庭數之擬議。\r\n四、職員員額之擬議。\r\n五、編製概算及預算案之提示。\r\n六、各單位工作之監督指導及考核。\r\n七、職員之任免、獎懲、監督及考核。\r\n八、重要行政文件之判行。\r\n九、法官會議及其他重要會議之主持。\r\n十、上級機關重要行政命令執行之監督考核。\r\n十一、向上級或有關機關建議或報告事項之核定。\r\n十二、人民陳訴事件之處理。\r\n十三、其他有關院務之處理。"
		},
		{
			"number": 1100,
			"content": "院長對於行政事務之處理，認有諮詢之必要時，得召集庭長會議、庭長、\r\n法官聯席會議或行政會議。"
		},
		{
			"number": 1200,
			"content": "高等行政法院院長得視該院事務之增減及業務之需要，擬具年度概算，報\r\n請司法院核辦。"
		},
		{
			"number": 1300,
			"content": "院長有事故不能執行職務時，由資深庭長或院長指定之庭長代理，並陳報\r\n司法院。"
		},
		{
			"number": 1400,
			"content": "院長為謀審判業務及行政事務之改進，得指定人員擔任研究、設計、審核\r\n等事宜。\r\n前項人員得指定停止辦理事件之庭長、法官擔任。"
		},
		{
			"number": 1500,
			"content": "各庭置庭長一人，法官二人，合議審判訴訟事件。\r\n前項庭數之設置，應報司法院核備。"
		},
		{
			"number": 1600,
			"content": "庭長之職責如下：\r\n一、本庭事務之監督。\r\n二、本庭評議之主持。\r\n三、本庭評議簿之保管。\r\n四、本庭關於訴訟進行文件之判行。\r\n五、本庭法官所擬裁判書之核定。\r\n六、法官會議決議及院長交辦事項之處理。\r\n七、本庭法官工作之考核與獎懲之擬議。\r\n八、對調辦事法官之督導考核。\r\n九、配置本庭法官助理及其他職員工作之指揮及操行、學識、能力之考核\r\n    監督與獎懲之擬議。\r\n十、人民陳訴事件之調查及擬議。\r\n十一、法律問題之研究。\r\n十二、抽籤或電腦分案事務之主持。\r\n十三、有關業務改進建議事項。\r\n十四、其他有關庭務之處理。\r\n前項規定，於未設庭長之審判長準用之。"
		},
		{
			"number": 1700,
			"content": "各庭庭長相互間行政事務之劃分與處理，由院長決定之。"
		},
		{
			"number": 1800,
			"content": "庭長有事故不能執行職務時，行政事務之代理依代理次序表。"
		},
		{
			"number": 1900,
			"content": "法官職責如下：\r\n一、主辦事件之審理進行。\r\n二、關於主辦事件訴訟進行文稿之審核。\r\n三、參與評議時意見之陳述。\r\n四、主辦事件裁判書之撰擬。\r\n五、就主辦事件對於配置書記官執行職務之指揮考核。\r\n六、其他有關審判之事項。\r\n第十六條第二款至第五款之規定於法官充審判長時準用之。"
		},
		{
			"number": 2000,
			"content": "法官配受之事件，因故不能辦理者，應經庭長報請院長核定後重行分案。\r\n其接辦之法官仍因故不能辦理者，亦同。\r\n法官依前項規定將事件移出或移入者，應補分或減分相同數額之新收事件\r\n。"
		},
		{
			"number": 2100,
			"content": "高等行政法院得指定庭長、法官專責辦理下列事項，並酌予減分或停分事\r\n件：\r\n一、確定事件之審查事項。\r\n二、人民陳訴事件之處理事項。\r\n三、法令疑義之研擬事項。\r\n四、規劃、推動司法業務革新事項。"
		},
		{
			"number": 2200,
			"content": "法官每屆月終，應將本月份事件收結情形及遲延、視為不遲延事件未結原\r\n因列表分送庭長、院長核閱。"
		},
		{
			"number": 2300,
			"content": "行言詞辯論時，審判長認有定額旁聽之必要者，得通知書記處製發旁聽證\r\n。\r\n前項規定於法官行準備程序時，準用之。"
		},
		{
			"number": 2400,
			"content": "評議之決議應記載於評議簿，如法官中有與決議不同意見者，應於評議簿\r\n附記其意見。"
		},
		{
			"number": 2500,
			"content": "法官配受事件依法應製作裁判書，並依法律規定期限，將裁判書交付書記\r\n官公告主文、製作正本後，送院長研閱。"
		},
		{
			"number": 2600,
			"content": "院長於必要時，得指定庭長襄助研閱裁判書。"
		},
		{
			"number": 2700,
			"content": "高等行政法院於必要時得設專業法庭。\r\n依法令應由行政法院處理之專業事件，得指定專人或專庭處理之，但事務\r\n較簡者，得指定人員兼辦之。"
		},
		{
			"number": 2800,
			"content": "專業法庭得置庭長，綜理全庭行政事務，並視事務繁簡配置法官、書記官\r\n及其他必要人員。"
		},
		{
			"number": 2801,
			"content": "高等行政法院設司法事務官室，置司法事務官；司法事務官在二人以上者\r\n，置主任司法事務官。\r\n司法事務官之事務分配，由主任司法事務官報請院長決定之。"
		},
		{
			"number": 2802,
			"content": "司法事務官應受院長之行政監督。"
		},
		{
			"number": 2803,
			"content": "司法事務官辦理事務，應受該管事務庭長之職務監督。未置庭長者，由院\r\n長指定適當之人員行使之。"
		},
		{
			"number": 2804,
			"content": "司法事務官辦理之案件，其編號、計數、分案、報結，應依高等行政法院\r\n及地方法院行政訴訟事件編號計數分案報結實施要點規定辦理。"
		},
		{
			"number": 2805,
			"content": "司法事務官配受之事務，因故不能辦理者，應經主任司法事務官報請院長\r\n核定分配與次一符號之司法事務官辦理。其接辦之司法事務官仍因故不能\r\n辦理者，亦同。次一符號以下之司法事務官均不能接辦時，由院長指定其\r\n他適當人員辦理之。\r\n司法事務官依前項規定將事務移出或移入者，應補分或減分相同數額案件\r\n。"
		},
		{
			"number": 2806,
			"content": "初任司法事務官前五年內製作之處分、裁定等辦案書類，應於原本製作完\r\n成時，檢同卷證，送該管事務之庭長及院長審閱。\r\n案件較繁之法院或未置庭長者，院長得另行指定庭長或其他適當人員襄助\r\n審閱。"
		},
		{
			"number": 2807,
			"content": "司法事務官應於月終將本月份事務收結情形，列表分送主任司法事務官、\r\n該管事務庭長、院長核閱。"
		},
		{
			"number": 2808,
			"content": "司法事務官依法承法官之命辦理事務時，於必要範圍內，得指揮命令法官\r\n助理執行職務。但不得與法官明示之意思相反。"
		},
		{
			"number": 2900,
			"content": "高等行政法院設書記處，置書記官長一人，承院長之命，處理該院一般行\r\n政事務，並指揮監督所屬書記官、法官助理及其他人員。"
		},
		{
			"number": 3000,
			"content": "書記官長之職責如下：\r\n一、承院長之命處理行政事務。\r\n二、院長交辦事項及機要文件之辦理。\r\n三、所屬各科職員之指揮監督及工作調整之擬議。\r\n四、重要會議之籌劃進行。\r\n五、建議院長有關業務改進及注意事項。\r\n六、重要行政文件之審核。\r\n七、尋常行政文件之簽發。\r\n八、書記處重要文件之判行。\r\n九、新聞之發布及其他公共關係之聯繫事項。\r\n十、各科室就其主管事務爭議事項歸屬之指定。"
		},
		{
			"number": 3100,
			"content": "書記官長因故不能執行職務時，應由院長指定適當人員代理之。\r\n科長因事故不能執行職務時，由書記官長指定代理人。其代理期間逾三日\r\n者，應報經院長核定。\r\n書記官以下職員因故不能執行職務時，由書記官長指定適當人員代理之，\r\n其代理期間逾三日者並報告院長。"
		},
		{
			"number": 3200,
			"content": "書記官長為討論書記處行政事務，得召集所屬職員會議，由書記官長任主\r\n席，但不採表決制。"
		},
		{
			"number": 3300,
			"content": "書記處設下列科，承長官之命，辦理各該科主管事務。\r\n一、紀錄科；其設有專業法庭者，得各設專業法庭紀錄科。各紀錄科視業\r\n    務需要，並得分設一科至三科。\r\n二、文書科。\r\n三、研究發展考核科。\r\n四、總務科。\r\n五、訴訟輔導科。\r\n六、置法警長一人、法警若干人，必要時得置副法警長一人；法警管理依\r\n法警管理辦法之規定，其他作業要點及執行職務注意事項由高等行政法院\r\n另定之。\r\n除前項規定外，院長得視業務之需要，以命令設審查科、資料科或指定專\r\n人辦理之。\r\n書記處各科置科長一人，書記官若干人，其事務繁者，得分股辦事；設有\r\n審查科、資料科者，其科長或股長之指派，程序亦同。\r\n前項科長由院長報請司法院就一等書記官指派兼任之；股長由院長就所屬\r\n一等或二等書記官指派兼任之。\r\n書記處置通譯、法警、執達員、錄事、庭務員若干人，辦理有關通譯、警\r\n衛、送達及值庭等事務。"
		},
		{
			"number": 3400,
			"content": "書記官於收受案卷或文件後，應即依照規定登記有關簿冊或建檔，其應由\r\n庭長、法官處理者，即分別送請核閱。其應由書記官自處理或應簽請院長\r\n處理者，即分別處理。"
		},
		{
			"number": 3500,
			"content": "承辦文件，除依法令屬於書記官職權者外，應送請各該單位主管核轉院長\r\n核定。但一般例行文稿、例行報表或以各單位名義行之者，得依其性質由\r\n庭長、法官或書記官長或各單位主管核定之。"
		},
		{
			"number": 3600,
			"content": "紀錄科職掌如下：\r\n一、事件之編號及分配事項。\r\n二、訴訟卷證之點收整理及編訂事項。\r\n三、案卷及文件之點收登記事項。\r\n四、裁判參考資料之整理編目事項。\r\n五、筆錄及期日通知之製作事項。\r\n六、事件文稿之撰擬事項。\r\n七、整理編訂保管案卷及訴訟卷證之保管事項。\r\n八、裁判正本之製作、送達與主文之公告事項。\r\n九、已結卷宗之編訂、發還、歸檔事項。\r\n十、裁判後文件之處理事項。\r\n十一、各項報表製作或提供統計資料事項。\r\n十二、其他依法令應由紀錄科辦理事務或長官交辦事項。\r\n紀錄科並應受庭長之指揮監督。\r\n前二項規定於專業法庭紀錄科準用之。"
		},
		{
			"number": 3700,
			"content": "紀錄科書記官應隨時將案件進行與終結情形，翔實登載書記官辦案進行簿\r\n作業系統，並於月終送請法官、庭長、院長核閱。如有必要，並得隨時調\r\n閱。"
		},
		{
			"number": 3800,
			"content": "紀錄科應用簿冊、表單，其格式得由司法院統一規定之。"
		},
		{
			"number": 3900,
			"content": "設有審查科者，其職掌如下：\r\n一、文書科送交訴訟文卷之點收事項。\r\n二、新案卷宗及卷證標目之編訂事項。\r\n三、訴訟事件之總登記事項。\r\n四、訴訟事件程序上初步審查事項。\r\n五、訴訟事件分案前之文稿撰擬事項。\r\n六、訴訟事件分案前卷證之保管事項。\r\n七、訴訟事件之分配事項。\r\n八、不經裁判而終結事件之處理。\r\n九、原處分、訴願案卷之調取及送達起訴狀繕本並通知答辯等事項。\r\n十、其他事務或長官交辦事項。\r\n訴訟事件程序初步審查應辦事項另訂之。\r\n審查科就訴訟事件程序上應辦事項，並受辦理分案及審查之庭長指揮監督\r\n。\r\n未設審查科者，第一項之職掌由紀錄科掌理之。"
		},
		{
			"number": 4000,
			"content": "文書科之職掌如下：\r\n一、印信之典守事項。\r\n二、文件之收發、分配、譯電、繕印及校對事項。\r\n三、行政文件之撰擬、呈轉及傳覽事項。\r\n四、工作計畫及各項報告之彙編事項。\r\n五、法令之編輯、摘錄、分送、傳觀、通告、分類登記及保管事項。\r\n六、各項會議及集會之籌劃及紀錄事項。\r\n七、有關行政法令之研擬、保管、彙編事項。\r\n八、報刊、雜誌有關新聞之剪輯、保存事項。\r\n九、人民陳訴、申請、檢舉事件之文書處理事項。\r\n十、律師之登錄事項。\r\n十一、其他事務或長官交辦事項。"
		},
		{
			"number": 4100,
			"content": "設有資料科者，其職掌如下：\r\n一、文件之編檔保存、圖書報刊及裁判書之徵集閱覽及管理事項。\r\n二、法令、規章、大法官解釋、判例、判解、最高行政法院、高等行政法\r\n    院院長、庭長、法官聯席會議決議等之蒐集與管理事項。\r\n三、定期出刊公報、裁判書全文及其他書籍等之編輯發行事項。\r\n四、卷宗之編號歸檔及保管事項。\r\n未設資料科者，前項之職掌由文書科掌理之。"
		},
		{
			"number": 4200,
			"content": "研究發展考核科之職掌如下：\r\n一、研究發展工作之推行事項。\r\n二、年度工作計畫之編擬事項。\r\n三、文書稽催管制事項。\r\n四、訴訟事件進行檢查事項。\r\n五、列管事項之追蹤、管制、考核事項。\r\n六、自行檢查事項。\r\n七、其他有關研究發展考核及長官交辦事項。\r\n研究發展考核進行情形及結果，承辦人員應按月列表送請書記官長轉陳院\r\n長核閱，並依其職權作適當之處理。"
		},
		{
			"number": 4300,
			"content": "總務科之職掌如下：\r\n一、經費暨其他款項之出納及保管事項。\r\n二、司法狀紙樣張請領、審核及印售事項。\r\n三、司法與其他收入及繳庫事項。\r\n四、保管案內特別文件及重要物品事項。\r\n五、財產物品之購置、保管、發給事項。\r\n六、公有廳舍營建、修繕及分配使用事項。\r\n七、出版及發行事項。\r\n八、安全維護、消防及衛生事項。\r\n九、同仁福利事項。\r\n十、司機、技工、工友之訓練、管理、考核及獎懲等事項。\r\n十一、會議及集會場地之佈置事項。\r\n十二、公務車輛調派事項。\r\n十三、其他關於庶務或長官交辦事項。\r\n主辦總務人員應隨時注意支出之款項是否已超出預算，必要時應向上級官\r\n陳明。"
		},
		{
			"number": 4400,
			"content": "訴訟輔導科之職掌如下：\r\n一、輔導訴訟當事人或關係人對於訴訟進行之手續。\r\n二、洽領裁判書類正本及其他應送達或發還之文書。\r\n三、答覆關於訴訟程序之詢問。\r\n四、查詢裁判主文及有關訴訟事件進行情形。\r\n五、洽辦法律扶助事項。\r\n六、洽請閱覽卷宗。\r\n七、其他有關便民服務或長官交辦事項。"
		},
		{
			"number": 4500,
			"content": "訴訟輔導科辦理為民服務與訴訟輔導事項，準用法院訴訟輔導科為民服務\r\n規則規定。"
		},
		{
			"number": 4600,
			"content": "訴訟卷宗之調取應經法官簽章，行政卷宗之調取應經單位主管以上人員簽\r\n章。"
		},
		{
			"number": 4700,
			"content": "科長之職責如下：\r\n一、本科職員事務之分配。但別有院令者不在此限。\r\n二、長官交辦事項之擬議。\r\n三、主管事項之調查與執行。\r\n四、本科文稿之審核。\r\n五、主管重要文稿之撰擬。\r\n六、本科職員之監督、考核與獎懲之擬議。\r\n七、本科例行文件之簽發。\r\n八、其他法定事項之處理。\r\n前項規定於股長準用之。"
		},
		{
			"number": 4800,
			"content": "書記官之職責如下：\r\n一、辦理分配事務事項。\r\n二、科長或股長指定各該科股職掌內之有關事項。\r\n三、長官交辦事項。\r\n四、其他有關事項。\r\n書記官應服從其配屬庭長、法官之指揮命令執行職務，並應服從依行政法\r\n院組織法第十條第三項規定，調至高等行政法院協助法官辦事之地方法院\r\n及其分院法官、試署法官或候補法官，於職務權限內之指揮命令執行職務\r\n。但該辦事法官、試署法官或候補法官之指揮命令與受其協助之庭長、法\r\n官之指揮命令有牴觸者，應服從其配屬庭長、法官之指揮命令。"
		},
		{
			"number": 4801,
			"content": "高等行政法院得視業務需要，置法官助理若干人；其遴聘及管理等事項由\r\n司法院定之。\r\n法官助理之職掌如下：\r\n一、承法官之命，辦理訴訟案件程序之審查、法律問題之分析、資料之蒐\r\n    集。\r\n二、其他交辦事項。\r\n第四十八條第二項之規定於法官助理準用之。\r\n法官助理應將辦理之事項確實登載工作日誌，並於月終送請法官、庭長、\r\n院長核閱。如有必要，並得隨時調閱。"
		},
		{
			"number": 4900,
			"content": "高等行政法院設人事室，置主任一人、科員若干人。\r\n人事室職掌如下：\r\n一、機關組織及員額編制事項。\r\n二、任免、遷調、送審、動態、請任、請免事項。\r\n三、差假、勤惰之考查及登記事項。\r\n四、平時考核、考績、獎懲事項。\r\n五、考試、訓練、進修、出國事項。\r\n六、待遇、福利、各項補助之研擬審核事項。\r\n七、關於公務人員及眷屬保險、福利互助、員工康樂活動事項。\r\n八、關於退休、退職、資遣、撫卹事項。\r\n九、關於人事資料之登記、統計、編報、保管事項。\r\n十、其他有關人事事務或長官交辦事項。"
		},
		{
			"number": 5000,
			"content": "人事室主任，依法律主辦人事管理事務，並受院長之指揮監督。"
		},
		{
			"number": 5100,
			"content": "高等行政法院設會計室，置主任一人，科員若干人。\r\n會計室職掌如下：\r\n一、公務歲計、公務出納與公務財物之會計事項。\r\n二、預算、決算之編製事項。\r\n三、會計、現金財務、財物預算及工作之審核事項。\r\n四、營繕工程及購置財物之會同監辦事項。\r\n五、付款憑單與收支轉帳傳票之編製與覆核事項。\r\n六、各類會計帳簿之登錄事項。\r\n七、會計報表之編送事項。\r\n八、會計憑證、簿籍、報表及會計檔卷之保管事項。\r\n九、其他有關會計事務或長官交辦事項。"
		},
		{
			"number": 5200,
			"content": "會計室主任，依法律主辦會計事務，並受院長之指揮監督。"
		},
		{
			"number": 5300,
			"content": "高等行政法院設統計室，置主任一人，科員若干人。\r\n統計室職掌如下：\r\n一、結案資料之整理分析與編製事項。\r\n二、訴訟事件廢棄原因之研究分析與整理事項。\r\n三、辦案成績資料之整理分析與製作事項。\r\n四、統計圖表之繪製事項。\r\n五、統計法令報表文書之輯錄保管事項。\r\n六、有關業務研究改進統計資料之提供。\r\n七、司法調查統計資料之提供。\r\n八、其他有關統計事務或長官交辦事項。"
		},
		{
			"number": 5400,
			"content": "統計室主任，依法律主辦統計事務，並受院長之指揮監督。"
		},
		{
			"number": 5500,
			"content": "高等行政法院設政風室，置主任一人、科員若干人。\r\n政風室職掌如下：\r\n一、政風法令之擬訂及宣導事項。\r\n二、貪瀆不法之預防、發掘及處理檢舉事項。\r\n三、政風興革建議事項。\r\n四、政風考核獎懲建議事項。\r\n五、公務機密維護事項。\r\n六、公職人員財產申報事項。\r\n七、其他有關政風事務或長官交辦事項。"
		},
		{
			"number": 5600,
			"content": "政風室主任，依法律主辦政風事務，並受院長之指揮監督。"
		},
		{
			"number": 5700,
			"content": "高等行政法院設資訊室，置主任一人，設計師、資訊管理師、助理設計師\r\n若干人。\r\n資訊室之職掌如下：\r\n一、電腦之操作、安全維護及人員訓練事項。\r\n二、系統程式、文書之保管、更新、資料輸出入及其管理事項。\r\n三、應用程式之測試及修改事項。\r\n四、資訊資料庫之建立運用、管理事項。\r\n五、資訊管理及著作權保護之事項。\r\n六、其他有關資訊業務或長官交辦之事項。"
		},
		{
			"number": 5800,
			"content": "資訊室主任，依法律主辦資訊管理事項，並受院長之指揮監督。"
		},
		{
			"number": 5900,
			"content": "人事室、會計室、統計室、政風室、資訊室主辦文稿，應經由書記官長送\r\n請院長核定。"
		},
		{
			"number": 6000,
			"content": "人事室、會計室、統計室、政風室、資訊室之辦事要點另定之。"
		},
		{
			"number": 6100,
			"content": "各科室應就其職掌事務，分別設置各種簿冊、表單。其格式得由司法院統\r\n一規定之。\r\n前項簿冊、表單，得以電腦登錄或列印清單代之。"
		},
		{
			"number": 6200,
			"content": "凡收入文件由文書科摘由編號，註明收文年、月、日、時，登入總收文簿\r\n或總收文清單，層送院長核閱後，分科擬辦。如係訴訟文件並應保存其信\r\n封。\r\n密件請院長親自拆閱，總收文簿內僅編號不摘由。"
		},
		{
			"number": 6300,
			"content": "審查科或審查人員對於新收事件，應依收受之先後編號，並隨時依規定審\r\n查、分案。"
		},
		{
			"number": 6400,
			"content": "分案前續收之訴訟文件，審查科或審查人員應併入原卷。\r\n分庭未結事件續收文件，隨時分送各主辦法官處理。\r\n對於已結事件之文件，分送各主辦股書記官處理。\r\n訴訟事件進行情形不明者，由審查科或審查人員查明後，依前三項規定分\r\n辦之。"
		},
		{
			"number": 6500,
			"content": "紀錄科書記官應填載辦案進行簿，每月送由科長轉陳法官、庭長、院長核\r\n閱。\r\n其他科室簿冊、表單，除另有規定外，每月送由科室主管轉陳書記官長、\r\n院長核閱。"
		},
		{
			"number": 6600,
			"content": "各科室應辦理事件有與他科室相關聯者，應由科室主管協商辦理，如彼此\r\n意見不同者，由書記官長決定之。"
		},
		{
			"number": 6700,
			"content": "各科室承辦事項屬於例行或尋常性質者，應即循例擬稿或簽具意見送核，\r\n如其性質重要或有疑義者，應先簽請權責長官核示後再行辦理。"
		},
		{
			"number": 6800,
			"content": "各科室職員所擬稿件經判行後，發還繕校用印，應加蓋校對員、監印員名\r\n戳。"
		},
		{
			"number": 6900,
			"content": "各科室文稿及登記表冊之人名、地名及數目字之錯誤，由擬稿人、登記人\r\n負責，其例行及奉命處理之文件如有錯誤，由該科室主管負責。"
		},
		{
			"number": 7000,
			"content": "監印人員應將每日用印文件件數登載簿冊，陳送書記官長核閱；未經判行\r\n之稿件不得用印。但經有權長官授權者，不在此限。"
		},
		{
			"number": 7100,
			"content": "凡發出文件，應由文書科發文人員摘由、編號、註明年、月、日、時，登\r\n入總發文簿或總發文清單，但密件不摘由。"
		},
		{
			"number": 7200,
			"content": "發出文件應由收受者在送達簿或送達清單上簽名或蓋章，其為郵寄者應將\r\n郵局執據粘存或由郵局加蓋日戳。\r\n公告文件應摘由、編號、註明年、月、日、時於發文簿。"
		},
		{
			"number": 7300,
			"content": "訴訟卷宗、行政卷宗及各類表單，應由文書科分別保存，訴訟卷宗並應依\r\n結案年月日順序保存之。\r\n卷宗、表單之歸檔及保存期限，準用司法院暨所屬法院文卷保存期限實施\r\n要點規定。"
		},
		{
			"number": 7400,
			"content": "保存之卷宗，必須調閱時，應經科長或書記官長以上人員簽章，始得檢付\r\n。調取卷宗時，文書科管卷人員應予登錄，返還時亦同。"
		},
		{
			"number": 7500,
			"content": "資料科或承辦人員應將新頒或修訂法令，隨時選送各庭長及法官，並於每\r\n三個月終，編造該三個月內公布之各種法令目錄，分送之。"
		},
		{
			"number": 7600,
			"content": "司法院公布之法令、解釋及最高行政法院、高等行政法院院長、庭長、法\r\n官聯席會議決議關於法令見解之決議案，應由資料科或承辦人員摘錄要旨\r\n、註明標目、號數、關係法條，至相當件數時，編輯成冊，分送各庭庭長\r\n、法官及相關科室。"
		},
		{
			"number": 7700,
			"content": "高等行政法院新置圖書應由資料科或承辦人員每年終編製目錄，印送各職\r\n員。"
		},
		{
			"number": 7800,
			"content": "總務科收支款項，應隨時分別登簿。\r\n每日收支完畢後，應即檢齊單據，送會計室登帳。"
		},
		{
			"number": 7900,
			"content": "總務科支出款項，均須取得正式單據，其有事實上不能取得者，由經收人\r\n員出具單據經主管人員蓋章證明。"
		},
		{
			"number": 8000,
			"content": "總務科發給物品，以領物單為憑，並於點發後註明實發數目，每屆月終彙\r\n訂成冊，以備稽核。"
		},
		{
			"number": 8100,
			"content": "書記官長及總務科長應稽查下列各款事項：\r\n一、每月支用之款，是否依照計畫，有無超過預算。\r\n二、每月結存之款，是否與現存款額相符。\r\n三、收支各項單據，是否完全。\r\n四、支用各款及購置發給物品，是否核實。"
		},
		{
			"number": 8200,
			"content": "各單位承辦文稿除本規程另有規定外，應逐級核轉送陳院長核定。但一般\r\n例行文稿，得依其性質逐級授權決定。\r\n前項授權由分層負責明細表定之。\r\n高等行政法院應訂定分層負責明細表，並陳報司法院核定。\r\n高等行政法院得自行訂定辦事要點，並陳報司法院備查。"
		},
		{
			"number": 8300,
			"content": "高等行政法院為使停止辦案庭長、法官從事研究工作，視業務需要得設立\r\n各研究小組或指定專人研究，其研究項目及成員由院長指定之。"
		},
		{
			"number": 8400,
			"content": "本規程自中華民國八十九年七月一日施行。\r\n本規程修正條文自發布日施行。但中華民國一百零一年八月二十日修正發\r\n布之條文，除第四條、第十條、第十六條、第十七條、第三十三條、第四\r\n十八條之一自發布日施行外，其餘自一百零一年九月六日施行。"
		}
	]
}