{
	"pcode": "A0010007",
	"type": "命令",
	"title": "國民大會宣言起草委員會組織規程",
	"url": "https://law.moj.gov.tw/LawClass/LawAll.aspx?pcode=A0010007",
	"category": [
		"國民大會（憲法國民大會章條文已停止適用）"
	],
	"lastUpdate": "19900303",
	"isTranslated": false,
	"history": [
		"中華民國七十九年三月三日第一屆國民大會第八次會議第六次大會通過"
	],
	"divisions": [],
	"articles": [
		{
			"number": 100,
			"content": "本規程依國民大會組織法第七條之規定訂定之。"
		},
		{
			"number": 200,
			"content": "國民大會宣言起草委員會 (以下簡稱本委員會) 設委員十九人至二十三人\r\n，其人選由主席團提請大會決定之。"
		},
		{
			"number": 300,
			"content": "本委員會設召集人一人至三人，由各委員互推之。"
		},
		{
			"number": 400,
			"content": "本委員會開會時，由召集人互推一人為主席。"
		},
		{
			"number": 500,
			"content": "本委員會得設置執筆小組及總執筆一人，其人選由召集人提請本委員會決\r\n定之。"
		},
		{
			"number": 600,
			"content": "本委員會開會時，得邀請有關人員列席說明並提供有關資料。"
		},
		{
			"number": 700,
			"content": "本委員會通過大會宣言草案後，送經主席團提請大會決定之。"
		},
		{
			"number": 800,
			"content": "本委員會配置顧問、秘書、幹事及其他人員，均由秘書處派充之。"
		},
		{
			"number": 900,
			"content": "本規程由國民大會主席團會議通過，提報大會後施行。"
		}
	]
}