{
	"pcode": "A0010073",
	"type": "法律",
	"title": "監察院監察委員行署組織條例",
	"url": "https://law.moj.gov.tw/LawClass/LawAll.aspx?pcode=A0010073",
	"category": [
		"監察",
		"院本部",
		"組織目"
	],
	"lastUpdate": "19490611",
	"isTranslated": false,
	"history": [
		"中華民國三十七年七月二十八日總統令制定公布全文 12 條",
		"中華民國三十八年六月十一日總統令修正公布第 2 條條文"
	],
	"divisions": [],
	"articles": [
		{
			"number": 100,
			"content": "本條例依監察院組織法第八條之規定制定之。"
		},
		{
			"number": 200,
			"content": "監察院劃全國為十七監察區，設監察委員行署，其區劃如左：\r\n一、甘寧青區。\r\n二、豫魯區。\r\n三、晉陜綏區。\r\n四、雲貴區。\r\n五、兩廣區。\r\n六、兩湖區。\r\n七、皖贛區。\r\n八、閩臺區。\r\n九、蘇浙區。\r\n十、冀熱察區。\r\n十一、川康區。\r\n十二、新疆區。\r\n十三、遼寧安東遼北區。\r\n十四、吉林松江合江區。\r\n十五、嫩江龍江興安區。\r\n十六、西藏區。\r\n十七、蒙古區。\r\n各監察區監察委員行署，經監察院會議決議得不設立或合併設立。\r\n直轄市屬於所在地之監察區，不另設監察委員行署。"
		},
		{
			"number": 300,
			"content": "監察委員行署由監察委員三人主持之。\r\n主持行署之監察委員，以迴避本區為原則，由全體監察委員推選之，任期\r\n一年，不得連任。"
		},
		{
			"number": 400,
			"content": "監察委員行署設行署委員會議，議決有關行署各事項，但法律另有規定者\r\n從其規定。\r\n行署委員會議主席由委員輪流擔任之。"
		},
		{
			"number": 500,
			"content": "監察委員行署設秘書室、總務科、調查科。"
		},
		{
			"number": 600,
			"content": "秘書室職掌如左：\r\n一、關於機要文件之處理事項。\r\n二、關於文稿之分配及審核事項。\r\n三、關於書狀之簽擬事項。\r\n四、關於職員之考績考勤事項。\r\n五、關於會議紀錄事項。\r\n六、其他交辦事項。"
		},
		{
			"number": 700,
			"content": "總務科職掌如左：\r\n一、關於典守印信事項。\r\n二、關於文書之撰擬收發及保管事項。\r\n三、關於本署刊物及規章之編纂事項。\r\n四、關於款項之出納及保管事項。\r\n五、關於物品之購置修繕保管事項。\r\n六、關於員工福利事項。\r\n七、關於工警之管理訓練事項。\r\n八、其他庶務事項。"
		},
		{
			"number": 800,
			"content": "調查科職掌如左：\r\n一、關於專案之調查事項。\r\n二、關於地方行政社會情況之調查事項。\r\n三、關於調查報告之整理事項。\r\n四、關於調查表冊之編製整理事項。\r\n五、其他臨時調查事項。"
		},
		{
			"number": 900,
			"content": "監察委員行署置主任秘書一人，簡任。秘書一人，科長二人，調查專員二\r\n人至四人，均薦任。科員四人至六人，調查員二人至四人，助理員四人至\r\n六人，均委任。並得酌用雇員六人至十二人。"
		},
		{
			"number": 1000,
			"content": "監察委員行署置會計員、統計員及人事管理員各一人，助理員二人至四人\r\n，依法分別辦理歲計會計統計及人事事項。"
		},
		{
			"number": 1100,
			"content": "監察委員行署委員會議規則及辦事細則，由監察院會議定之。"
		},
		{
			"number": 1200,
			"content": "本條例自公布日施行。"
		}
	]
}