{
	"pcode": "A0010040",
	"type": "命令",
	"title": "行政院九二一震災災後重建推動委員會暫行組織規程",
	"url": "https://law.moj.gov.tw/LawClass/LawAll.aspx?pcode=A0010040",
	"category": [
		"廢止法規",
		"行政院研究發展考核委員會"
	],
	"lastUpdate": "20110601",
	"isDiscarded": true,
	"isTranslated": false,
	"attachments": [
		"https://law.moj.gov.tw/LawClass/LawGetFile.ashx?FileId=0000025230",
		"https://law.moj.gov.tw/LawClass/LawGetFile.ashx?FileId=0000232696"
	],
	"history": [
		"中華民國八十九年五月三十日行政院（89）台研綜字第 03044 號令訂定發布全文 12 條；並自發布日起施行",
		"中華民國八十九年九月二十二日行政院（89）台研綜字第 0017884-1 號令修正發布第 2、7、9 條條文",
		"中華民國八十九年十二月十八日行政院（89）台研綜字第 0022825-1 號令修正發布第 4、7 條條文",
		"中華民國九十二年七月九日行政院院臺內字第 0920032851 號令修正發布第 2、3、7、9 條條文及編組表",
		"中華民國九十三年一月九日行政院院臺內字第 0930080369 號令修正發布第 5 條條文",
		"中華民國九十三年九月二十二日行政院院臺建字第 0930038392 號令修正發布第 2、3、7 條條文及編組表",
		"中華民國九十四年五月十日行政院院授研綜字第 0940009725 號令修正發布第 5、7 條條文及編組表",
		"中華民國一百年六月一日行政院院授研綜字第 10022605841 號令發布廢止"
	],
	"divisions": [],
	"articles": [
		{
			"number": 100,
			"content": "行政院 (以下簡稱本院) 為推動災後重建工作，特依九二一震災重建暫行\r\n條例第五條第一項規定，設行政院九二一震災災後重建推動委員會 (以下\r\n簡稱本會) 。"
		},
		{
			"number": 200,
			"content": "本會掌理下列事項：                                              \r\n一、災後重建工作整體計畫之統籌規劃及審議、災區行政機關、文教、道\r\n    路公共建設之重建、歷史性建築之修建、土石流、山坡地、河川、堰\r\n    塞湖等災害防治與水土保持、水利設施等工作之協調事項。        \r\n二、災區產業重建與發展、城鄉地區更新、農村聚落與原住民聚落重建、\r\n    行政院社區重建更新基金之管理、房屋貸款專案融資等工作之協調事\r\n    項。                                                        \r\n三、災區重建工作之人民陳情、議事、文書、印信、出納、庶務、人事、\r\n    會計、檔案管理及法規彙整事項。                              \r\n四、新聞聯絡及其他災後重建工作事項。\r\n前項所列重建事項，各級政府機關負責推動執行如有窒礙難行、情況急迫\r\n或需統籌辦理者，得由本會逕予推動執行。"
		},
		{
			"number": 300,
			"content": "本會設綜合業務處、行政處，分別掌理前條所列事項，並得分科辦事。"
		},
		{
			"number": 400,
			"content": "本會置召集人、副召集人各一人，由本院院長、副院長兼任之，委員三十\r\n四人至三十八人，由召集人就本院政務委員、相關機關首長、災區地方政\r\n府、民間團體代表及災民代表派 (聘) 兼之。\r\n前項災民代表人數不得少於五人。"
		},
		{
			"number": 500,
			"content": "本會委員會議視實際需要召開。\r\n前項會議以召集人為主席，召集人不克親自出席會議時，由副召集人代理\r\n之。\r\n本會開會時，得邀請相關機關代表或學者、專家出席提供意見。"
		},
		{
			"number": 600,
			"content": "本會置執行長一人，承召集人之命，綜理會務；置副執行長若干人，襄助\r\n執行長指揮督導所屬業務。"
		},
		{
			"number": 700,
			"content": "本會置主任秘書一人、處長二人、副處長二人、科長五人及工作人員若干\r\n人，由本院相關機關人員派兼。"
		},
		{
			"number": 800,
			"content": "本規程所列各職稱及工作人員之員額，另以編組表定之。"
		},
		{
			"number": 900,
			"content": "本會得視重建業務需要，設各種任務小組，由召集人指定適當人員兼任領  \r\n隊或執行秘書，所需工作人員，由本會或其他相關機關人員派兼之。      \r\n前項小組成員，得由領隊邀請相關機關、學者專家及民間團體代表擔任。"
		},
		{
			"number": 1000,
			"content": "本會得視業務需要，報請本院核准聘僱人員。"
		},
		{
			"number": 1100,
			"content": "本會執行長得視實際需要召集工作會報，協調推動各項災後重建工作。"
		},
		{
			"number": 1200,
			"content": "本規程自發布日施行。"
		}
	]
}