{
	"pcode": "A0010022",
	"type": "法律",
	"title": "國家安全局組織法",
	"url": "https://law.moj.gov.tw/LawClass/LawAll.aspx?pcode=A0010022",
	"category": [
		"總統",
		"國家安全會議",
		"組織目"
	],
	"lastUpdate": "20111230",
	"isTranslated": false,
	"history": [
		"中華民國八十二年十二月三十日總統（82）華總（一）義字第 7095 號令制定公布全文 23 條",
		"中華民國九十二年一月二十二日總統華總一義字第 09200007590 號令修正公布第 1、2、11、20 條條文",
		"中華民國九十七年一月二日總統華總一義字第 09600179061 號令修正公布第 5、9 條條文",
		"中華民國一百年十二月三十日總統華總一義字第 10000291391 號令修正公布全文 10 條；並自公布日施行"
	],
	"divisions": [],
	"articles": [
		{
			"number": 100,
			"content": "本法依中華民國憲法增修條文第二條及國家安全會議組織法第八條制定之\r\n。"
		},
		{
			"number": 200,
			"content": "國家安全局（以下簡稱本局）隸屬於國家安全會議，綜理國家安全情報工\r\n作與特種勤務之策劃及執行；並對國防部總政治作戰局、國防部軍事情報\r\n局、國防部電訊發展室、國防部軍事安全總隊、國防部憲兵司令部、行政\r\n院海岸巡防署、內政部警政署、內政部入出國及移民署、法務部調查局等\r\n機關所主管之有關國家安全情報事項，負統合指導、協調、支援之責。\r\n前項有關國家安全情報工作之統合指導、協調、支援事項之規定及其相關\r\n運作之辦法，由本局另定之。\r\n本局掌理下列事項：\r\n一、臺灣地區安全、大陸地區及國際情報工作。\r\n二、國家戰略情報研析。\r\n三、科技情報工作。\r\n四、統籌政府機關密碼政策及其裝備研製、鑑測、密碼保密等。\r\n五、國家安全情報工作督察業務。\r\n六、協同有關機關辦理總統、副總統與其配偶及一親等直系血親；卸任總\r\n    統、副總統；總統、副總統候選人及其配偶；總統、副總統當選人與\r\n    其配偶及一親等直系血親；以及其他經總統核定人員之安全維護。\r\n七、其他有關國家安全情報及特種勤務事項。\r\n前項第六款所稱直系血親，除尊親屬外，應以家屬為限；有關安全維護之\r\n指揮權責、編組、值勤用槍時機、必要之查驗、管制作為及其相關事項之\r\n辦法，由本局另定之。"
		},
		{
			"number": 300,
			"content": "本局置局長一人，特任或上將；副局長三人，職務列簡任第十四職等或中\r\n將，其中一人得比照簡任第十四職等。"
		},
		{
			"number": 400,
			"content": "本局置主任秘書，職務列簡任第十三職等至第十四職等或中將。"
		},
		{
			"number": 500,
			"content": "本局因情報或特勤工作需要，得設必要之內部單位。"
		},
		{
			"number": 600,
			"content": "本局各職稱之官等（階）、職等及員額，另以編制表定之。"
		},
		{
			"number": 700,
			"content": "本局為辦理情報或特勤工作有關事項，得設駐外單位或派員駐境外辦事。"
		},
		{
			"number": 800,
			"content": "本局為執行營區安全工作及情報、特勤任務等所需基層事務人力，得以兵\r\n役人員充任之，並會同相關部會辦理，其組成另以編組裝備表定之。"
		},
		{
			"number": 900,
			"content": "本局之部分預算得列為機密，應受立法院秘密審查；其預算編列、執行及\r\n決算審查，由有關機關以機密方式處理之。\r\n為維護國家安全之需要，有緊急調度資金之必要時，本局得經國家安全會\r\n議決議、行政院同意後，動用行政院預備金。\r\n前項情事，本局應於一個月內向立法院詳細報告緊急調度預備金之原因及\r\n用途。立法院不同意時，應立即歸墊並為必要之處置。"
		},
		{
			"number": 1000,
			"content": "本法自公布日施行。"
		}
	]
}