{
	"pcode": "A0010082",
	"type": "命令",
	"title": "臺灣省政府暫行組織規程",
	"url": "https://law.moj.gov.tw/LawClass/LawAll.aspx?pcode=A0010082",
	"category": [
		"廢止法規",
		"內政部"
	],
	"lastUpdate": "20051231",
	"isDiscarded": true,
	"isTranslated": false,
	"history": [
		"中華民國八十七年十二月十九日行政院（87）台內字第 62542 號令訂定發布全文 43 條中華民國八十八年七月一日行政院（88）台內字第 25541 號公告發布廢止",
		"中華民國八十八年六月二十九日行政院（88）台內字第 25198 號令訂定發布全文 18 條；本規程自八十八年七月一日起施行，至八十九年十二月三十一日止",
		"中華民國八十九年十二月三十日行政院（89）台內字第 36303 號令修正發布第 4、5、7、12、18 條條文；並增訂第 17-1 條條文",
		"中華民國九十一年十二月十一日行政院院臺內字第 0910062209 號令修正發布第 5、18 條條文及第 15 條之編制表；並刪除第 11、13、17-1 條條文；該次修正發布之第 5、11、13、17-1 條條文自發布日施行",
		"中華民國九十四年十二月三十一日當然廢止中華民國九十五年十月三十一日行政院院臺秘字第 0950050203 號公告發布自九十四年十二月三十一日屆滿，當然廢止"
	],
	"divisions": [],
	"articles": [
		{
			"number": 100,
			"content": "本規程依臺灣省政府功能業務與組織調整暫行條例第五條第一項規定訂定\r\n之。"
		},
		{
			"number": 200,
			"content": "臺灣省政府 (以下簡稱本府) 為行政院派出機關，受行政院指揮監督，辦\r\n理下列事項：\r\n一、監督縣 (市) 自治事項。\r\n二、執行本府行政事務。\r\n三、其他法令授權或行政院交辦事項。"
		},
		{
			"number": 300,
			"content": "本府置委員九人，組成省政府委員會議，行使職權，其中一人為主席，特\r\n任，綜理省政業務；一人為副主席，職務比照簡任第十四職等，襄助主席\r\n處理業務；其餘委員職務比照簡任第十三職等，襄理主席督導業務；均由\r\n行政院院長提請總統任命之。"
		},
		{
			"number": 400,
			"content": "下列事項應經省政府委員會議之決定：\r\n一、監督縣 (市) 自治事項。\r\n二、本府所屬機關組織編制事項。\r\n三、涉及各組、室、會共同關係重大事項。\r\n四、主席交議事項。\r\n五、其他法令授權、行政院交辦或有關省政之重要事項。"
		},
		{
			"number": 500,
			"content": "本府設組、室，分別掌理下列事項：\r\n一、民政組：\r\n (一) 監督縣 (市) 民政自治事項。\r\n (二) 辦理臺灣光復節等慶祝、紀念活動及省垣各項祭典事項。\r\n (三) 辦理省政興革及建議事項。\r\n (四) 輔導協助縣 (市) 辦理動員事項。\r\n (五) 其他依法令授權或行政院交辦之民政事項。\r\n二、文教組：\r\n (一) 監督縣 (市) 教育、文化及體育等自治事項。\r\n (二) 辦理臺灣省教師申訴評議事項。\r\n (三) 辦理臺灣省學產基金會、臺灣省中小學教師福利基金會、臺灣省社\r\n      區文化發展基金會、中國童子軍臺灣省童子軍基金會、臺灣文化基\r\n      金會及其他省級文教基金會之輔導管理事項。\r\n (四) 辦理臺灣省教育、文化、體育之資料蒐集及分析研究事項。\r\n (五) 其他依法令授權或行政院交辦之文教事項。\r\n三、經建組：\r\n (一) 監督縣 (市) 農業、交通及公共安全等自治事項。\r\n (二) 監督地方推動基層建設、公共設施興修及小型工程興建等事項。\r\n (三) 推動臺灣省消費者保護事項。\r\n (四) 督導臺灣省各區車輛行車事故鑑定事項。\r\n (五) 辦理臺灣省農業、土地之資料蒐集及分析研究等事項。\r\n (六) 其他依法令授權或行政院交辦之經建事項。\r\n四、財務組：\r\n (一) 監督縣 (市) 財政自治事項。\r\n (二) 執行本府財務及相關業務等事項。\r\n (三) 地方補助經費之核撥及相關事項。\r\n (四) 其他依法令授權或行政院交辦之財務事項。\r\n五、社會及衛生組：\r\n (一) 監督縣 (市) 社會服務、勞工行政、衛生及環境保護等自治事項。\r\n (二) 辦理臺灣省衛生、環境保護、社會福利等資料之蒐集及分析研究事\r\n      項。\r\n (三) 臺灣省急難救助基金之管理運用事項。\r\n (四) 其他依法令授權或行政院交辦之社會及衛生事項。\r\n六、公共事務管理組：\r\n (一) 辦理本府環境衛生、污水處理、庭園綠化、公共建築、路燈、公共\r\n      場所、辦公廳舍、員工宿舍及交通車輛等管理事項。\r\n (二) 行政院交辦之公共事務管理事項。\r\n七、資料室：\r\n (一) 辦理省政資料之蒐集、管理與臺灣月刊等相關書刊之編印及發行等\r\n      事項。\r\n (二) 辦理本府圖書管理等事項。\r\n八、秘書室：\r\n (一) 辦理省政府委員會議議程及紀錄等事項。\r\n (二) 辦理本府施政計畫報告之綜合協調聯繫、公文檢查及稽催等事項。\r\n (三) 辦理本府新聞發布、聯繫、公共關係、交際、機要、視察及編譯等\r\n      事項。\r\n (四) 辦理臺灣省姐妹州聯繫及其他外事業務等事項。\r\n (五) 辦理本府文書、印信典守、檔案管理及事務管理等事項。\r\n (六) 辦理本府中長程計畫之研擬、綜合及推動等事項。\r\n (七) 其他不屬於各組、室事項。"
		},
		{
			"number": 600,
			"content": "本府置秘書長一人，職務列簡任第十三職等至第十四職等，承主席之命，\r\n副主席之指導，處理本府事務；副秘書長二人，職務列簡任第十二職等至\r\n第十三職等，襄助秘書長處理本府事務。"
		},
		{
			"number": 700,
			"content": "本府置顧問、參事、組長、主任、主任委員、副組長、副主任、執行秘書\r\n、參議、委員、專門委員、消費者保護官、科長、技正、秘書、視察、編\r\n審、編譯、諮議、專員、股長、分析師、設計師、管理師、技士、科員、\r\n技佐、辦事員及書記。"
		},
		{
			"number": 800,
			"content": "本府設人事室，置主任、專門委員、科長、專員、股長、科員、助理員，\r\n依法辦理人事管理事項。"
		},
		{
			"number": 900,
			"content": "本府設會計室，置會計主任、專門委員、科長、專員、股長、分析師、科\r\n員、設計師、管理師、辦事員，依法辦理歲計、會計、統計及資訊等事項\r\n。"
		},
		{
			"number": 1000,
			"content": "本府設政風室，置主任、專門委員、專員、股長、科員、助理員，依法辦\r\n理政風事項。"
		},
		{
			"number": 1100,
			"content": "（刪除）"
		},
		{
			"number": 1200,
			"content": "本府為處理有關法制業務及協助監督縣 (市) 自治立法事項，設法規委員\r\n會，所需工作人員，由本規程所定員額內派充之。"
		},
		{
			"number": 1300,
			"content": "（刪除）"
		},
		{
			"number": 1400,
			"content": "本府為辦理車輛行車事故鑑定事宜，分十二區設車輛行車事故鑑定委員會\r\n；其組織規程另定之。"
		},
		{
			"number": 1500,
			"content": "本規程所列各職稱之官等職等及員額，另以暫行編制表定之。"
		},
		{
			"number": 1600,
			"content": "省政府委員會議，除省政府委員出席外，主席並得指定人員列席。　　　\r\n省政府委員會議議事規則，由本府定之。"
		},
		{
			"number": 1700,
			"content": "本府分層負責明細表，由本府定之。"
		},
		{
			"number": 1701,
			"content": "（刪除）"
		},
		{
			"number": 1800,
			"content": "本規程自中華民國八十八年七月一日施行，至臺灣省政府功能業務與組織\r\n調整暫行條例施行期限屆滿時止。\r\n本規程中華民國八十九年十二月三十日修正發布之第四條、第五條、第七\r\n條及第十二條，自中華民國九十年一月一日施行；中華民國九十一年十二\r\n月十一日修正發布之第五條、第十一條、第十三條及第十七條之一，自發\r\n布日施行。"
		}
	]
}