{
	"pcode": "A0010032",
	"type": "法律",
	"title": "行政院組織法",
	"url": "https://law.moj.gov.tw/LawClass/LawAll.aspx?pcode=A0010032",
	"category": [
		"行政",
		"院本部",
		"組織目"
	],
	"lastUpdate": "20100203",
	"isTranslated": true,
	"english": "Organizational Act of the Executive Yuan",
	"history": [
		"中華民國三十六年三月三十一日國民政府制定公布全文 16 條",
		"中華民國三十六年四月二十二日國民政府修正公布全文 16 條",
		"中華民國三十六年十二月二十五日國民政府修正公布全文 17 條；並自三十七年五月二十五日施行",
		"中華民國三十七年五月十三日國民政府修正公布第 3、5、15 條條文",
		"中華民國三十八年三月二十一日總統令修正公布第 3、5 條條文",
		"中華民國四十一年十一月二十日總統令修正公布第 5 條條文",
		"中華民國六十九年六月二十九日總統（69）台統（一）義字第 3666 號令修正發布第 3 條條文",
		"中華民國九十九年二月三日總統華總一義字第 09900024171 號令修正公布全文 15 條；並自一百零一年一月一日開始施行"
	],
	"divisions": [],
	"articles": [
		{
			"number": 100,
			"content": "本法依憲法第六十一條制定之。"
		},
		{
			"number": 200,
			"content": "行政院行使憲法所賦予之職權。"
		},
		{
			"number": 300,
			"content": "行政院設下列各部：\r\n一、內政部。\r\n二、外交部。\r\n三、國防部。\r\n四、財政部。\r\n五、教育部。\r\n六、法務部。\r\n七、經濟及能源部。\r\n八、交通及建設部。\r\n九、勞動部。\r\n十、農業部。\r\n十一、衛生福利部。\r\n十二、環境資源部。\r\n十三、文化部。\r\n十四、科技部。"
		},
		{
			"number": 400,
			"content": "行政院設下列各委員會：\r\n一、國家發展委員會。\r\n二、大陸委員會。\r\n三、金融監督管理委員會。\r\n四、海洋委員會。\r\n五、僑務委員會。\r\n六、國軍退除役官兵輔導委員會。\r\n七、原住民族委員會。\r\n八、客家委員會。"
		},
		{
			"number": 500,
			"content": "行政院置政務委員七人至九人，特任。\r\n政務委員得兼任前條委員會之主任委員。"
		},
		{
			"number": 600,
			"content": "行政院設行政院主計總處及行政院人事行政總處。"
		},
		{
			"number": 700,
			"content": "行政院設中央銀行。"
		},
		{
			"number": 800,
			"content": "行政院設國立故宮博物院。"
		},
		{
			"number": 900,
			"content": "行政院設下列相當中央二級獨立機關：\r\n一、中央選舉委員會。\r\n二、公平交易委員會。\r\n三、國家通訊傳播委員會。"
		},
		{
			"number": 1000,
			"content": "行政院院長綜理院務，並指揮監督所屬機關及人員。\r\n行政院院長因事故不能視事時，由副院長代理其職務。"
		},
		{
			"number": 1100,
			"content": "行政院院長得邀請或指定有關人員列席行政院會議。"
		},
		{
			"number": 1200,
			"content": "行政院置秘書長一人，特任，綜合處理本院幕僚事務；副秘書長二人，其\r\n中一人職務比照簡任第十四職等，襄助秘書長處理本院幕僚事務。\r\n行政院置發言人一人，特任，處理新聞發布及聯繫事項，得由政務職務人\r\n員兼任之。"
		},
		{
			"number": 1300,
			"content": "行政院各職稱之官等職等及員額，另以編制表定之。"
		},
		{
			"number": 1400,
			"content": "行政院為處理特定事務，得於院內設專責單位。"
		},
		{
			"number": 1500,
			"content": "本法自中華民國一百零一年一月一日開始施行。"
		}
	]
}