{
	"pcode": "A0010068",
	"type": "命令",
	"title": "考試院研究發展委員會組織規程",
	"url": "https://law.moj.gov.tw/LawClass/LawAll.aspx?pcode=A0010068",
	"category": [
		"考試",
		"院本部",
		"組織目"
	],
	"lastUpdate": "20161007",
	"isTranslated": false,
	"history": [
		"中華民國八十三年八月三十日考試院（83）考台秘議字第 2699 號令訂定發布全文 11 條",
		"中華民國九十一年八月十四日考試院考台研字第 0910006930 號令修正發布全文 11 條；並自發布日施行",
		"中華民國九十二年十一月十九日考試院考台研究字第 09200097171 號令修正發布第 3～6 條條文",
		"中華民國一百零五年三月七日考試院考臺研字第 10500015961 號令修正發布第 3 條條文",
		"中華民國一百零五年十月七日考試院考臺研字第 10500070991 號令修正發布第 3、7 條條文"
	],
	"divisions": [],
	"articles": [
		{
			"number": 100,
			"content": "考試院 (以下簡稱本院) 為研究發展憲法所定職掌有關事項，依本院組織\r\n法第十條第二項規定，設研究發展委員會 (以下簡稱本會) 。"
		},
		{
			"number": 200,
			"content": "本會掌理事項如下：\r\n一、關於考選制度研究發展事項。\r\n二、關於銓敘制度研究發展事項。\r\n三、關於保障、培訓制度及公務人員退休撫卹基金管理、監督之研究發展\r\n    事項。\r\n四、關於研究報告編印事項。\r\n五、關於研究發展結論處理追蹤事項。\r\n六、其他有關考銓研究發展事項。"
		},
		{
			"number": 300,
			"content": "本會置主任委員一人，綜理會務，由秘書長兼任；置副主任委員一人，襄\r\n理會務，由副秘書長兼任；委員十七人至二十五人，由本院就下列人員遴\r\n聘兼任之：\r\n一、本院暨所屬機關及行政院人事行政總處之簡任職員。\r\n二、學者專家。\r\n前項第二款人員之任期為一年，期滿得續聘之；任期出缺時得補行遴聘，\r\n其任期至原任期屆滿之日為止。"
		},
		{
			"number": 400,
			"content": "第二條第一款至第三款所定事項，得由本會委員主持進行相關研究，或請\r\n專家學者協助研究。"
		},
		{
			"number": 500,
			"content": "本會置執行秘書一人，承主任委員之命，處理本會日常事務，由院長指派\r\n本院高級職員兼任之；工作人員若干人，由本院員額內派兼之。\r\n本會置研究員若干人，負責研究資料之蒐集整理分析等工作，由院長就本\r\n院暨所屬機關職員派兼之或就院外人員聘兼之。"
		},
		{
			"number": 600,
			"content": "本會每年年度開始前，應擬定年度研究專題，提委員會議通過，陳請核定\r\n後，進行研究。\r\n本會經院會、委員會議決議，或配合業務需求，陳請核定後，得針對特定\r\n問題，進行專題研究。\r\n本會得就特定研究專題委託學術機構或專家學者進行研究。"
		},
		{
			"number": 700,
			"content": "本會委員會議每二個月召開一次，必要時，得召開臨時會議。會議由主任\r\n委員召集，並為主席。主任委員未能出席時，由副主任委員代理之。"
		},
		{
			"number": 800,
			"content": "本會召開委員會議時，得邀請有關人員列席。"
		},
		{
			"number": 900,
			"content": "本會委員會議通過之研究結果，經提報院會決定後，送交有關機關參處或\r\n規劃實施，並於六個月內提報處理情形。"
		},
		{
			"number": 1000,
			"content": "本會委員為無給職。但外聘委員及研究員得依規定支給交通費或出席費。"
		},
		{
			"number": 1100,
			"content": "本規程自發布日施行。"
		}
	]
}