{
	"pcode": "A0010051",
	"type": "法律",
	"title": "司法院組織法",
	"url": "https://law.moj.gov.tw/LawClass/LawAll.aspx?pcode=A0010051",
	"category": [
		"司法",
		"院本部",
		"組織目"
	],
	"lastUpdate": "20150204",
	"isTranslated": true,
	"english": "The Judicial Yuan Organization Act",
	"history": [
		"中華民國三十六年三月三十一日國民政府制定公布全文 12 條",
		"中華民國三十六年十二月二十五日國民政府修正公布全文 13 條；並自三十七年六月二十四日施行",
		"中華民國四十六年十二月十三日總統修正公布第 4 條條文並增訂第 5、6 條；原第 5 條以下依次遞改；並自同日施行",
		"中華民國六十九年六月二十九日總統（69）台統（一）義字第 3667 號令修正公布全文 23 條",
		"中華民國八十一年十一月二十日總統（81）華總（一）義字第 5642 號令修正公布全文 23 條",
		"中華民國九十年五月二十三日總統（90）華總一義字第 9000099050 號令修正發布第 5、11、13、15-1、18、20 條條文；並增訂第 15-2 條條文",
		"中華民國九十八年一月二十一日總統華總一義字第 09800015711 號令修正公布第 8 條條文",
		"中華民國一百零二年五月二十二日總統華總一義字第 10200092051 號令修正公布第 22-1、23 條條文；施行日期，由司法院定之中華民國一百零二年五月二十四日司法院院台廳司一字第 1020013997 號令定自一百零二年七月一日施行",
		"中華民國一百零四年二月四日總統華總一義字第 10400013361 號令修正公布全文 22 條：並自公布日施行"
	],
	"divisions": [],
	"articles": [
		{
			"number": 100,
			"content": "本法依憲法第八十二條制定之。"
		},
		{
			"number": 200,
			"content": "司法院行使憲法所賦予之職權。"
		},
		{
			"number": 300,
			"content": "司法院置大法官十五人；其職權之行使，另以法律定之。"
		},
		{
			"number": 400,
			"content": "大法官應具有下列資格之一：\r\n一、曾任實任法官十五年以上而成績卓著者。\r\n二、曾任實任檢察官十五年以上而成績卓著者。\r\n三、曾實際執行律師業務二十五年以上而聲譽卓著者。\r\n四、曾任教育部審定合格之大學或獨立學院專任教授十二年以上，講授法\r\n    官法第五條第四項所定主要法律科目八年以上，有專門著作者。\r\n五、曾任國際法庭法官或在學術機關從事公法學或比較法學之研究而有權\r\n    威著作者。\r\n六、研究法學，富有政治經驗，聲譽卓著者。\r\n具有前項任何一款資格之大法官，其人數不得超過總名額三分之一。\r\n第一項資格之認定，以提名之日為準。"
		},
		{
			"number": 500,
			"content": "大法官須超出黨派以外，獨立行使職權，不受任何干涉。\r\n實任法官轉任之大法官任期屆滿者，視同停止辦理審判案件之法官，不計\r\n入機關所定員額，支領法官法第七十二條第一項及第二項所定俸給總額之\r\n三分之二，並準用政務人員退職撫卹條例之規定。\r\n實任檢察官轉任之大法官任期屆滿者，準用前項規定。"
		},
		{
			"number": 600,
			"content": "司法院設各級法院、行政法院及公務員懲戒委員會；其組織均另以法律定\r\n之。"
		},
		{
			"number": 700,
			"content": "司法院院長綜理院務及監督所屬機關。\r\n司法院院長因故不能視事時，由副院長代理其職務。\r\n司法院院長出缺時，由副院長代理；其代理期間至總統提名繼任院長經立\r\n法院同意，總統任命之日為止。\r\n司法院副院長出缺時，暫從缺；至總統提名繼任副院長經立法院同意，總\r\n統任命之日為止。\r\n司法院院長、副院長同時出缺時，由總統就大法官中指定一人代理院長；\r\n其代理期間至總統提名繼任院長、副院長經立法院同意，總統任命之日為\r\n止。"
		},
		{
			"number": 800,
			"content": "司法院置秘書長一人，特任；副秘書長一人，職務列簡任第十四職等。秘\r\n書長承院長之命，處理本院事務，並指揮、監督所屬職員；副秘書長承院\r\n長之命，襄助秘書長處理本院事務。"
		},
		{
			"number": 900,
			"content": "司法院設下列各廳、處，掌理本院行使職權之相關事項：\r\n一、民事廳。\r\n二、刑事廳。\r\n三、行政訴訟及懲戒廳。\r\n四、少年及家事廳。\r\n五、司法行政廳。\r\n六、大法官書記處。\r\n七、秘書處。\r\n八、資訊處。\r\n九、公共關係處。"
		},
		{
			"number": 1000,
			"content": "司法院各廳各置廳長、副廳長一人；各處各置處長、副處長一人。廳長、\r\n處長，職務均列簡任第十二職等至第十三職等；副廳長、副處長，職務均\r\n列簡任第十一職等至第十二職等；其餘所需工作人員，應就本法所定員額\r\n內派充之。\r\n前項廳長、處長分別掌理各該廳、處業務；各副廳長、副處長襄助廳長、\r\n處長處理業務。"
		},
		{
			"number": 1100,
			"content": "司法院置參事六人至八人，職務列簡任第十二職等至第十三職等，掌理法\r\n案、命令之撰擬、審核，法制意見之提供及其他交辦事項。"
		},
		{
			"number": 1200,
			"content": "司法院置秘書八人至十四人，職務列薦任第八職等至第九職等，其中七人\r\n，職務得列簡任第十職等至第十二職等；編纂三人，職務列簡任第十職等\r\n至第十二職等；專門委員八人至十二人，高級分析師一人，高級管理師一\r\n人，職務均列簡任第十職等至第十一職等；科長三十一人至四十九人，職\r\n務列薦任第九職等；編審六人至八人，專員四十二人至五十四人，分析師\r\n四人，技正一人，職務均列薦任第七職等至第九職等；設計師三人，管理\r\n師三人，職務均列薦任第六職等至第八職等；科員八十七人至一百十五人\r\n，職務列委任第五職等或薦任第六職等至第七職等；速記員一人至二人，\r\n職務列委任第五職等或薦任第六職等至第七職等；技士五人，職務列委任\r\n第五職等或薦任第六職等至第七職等；書記官十二人至二十人，職務列委\r\n任第五職等，其中九人，職務得列薦任第七職等至第九職等；助理設計師\r\n七人，職務列委任第五職等或薦任第六職等至第七職等；操作員八人，職\r\n務列委任第四職等至第五職等，其中四人，職務得列薦任第六職等；助理\r\n員一人至六人，職務列委任第四職等至第五職等；法警一人至三人，職務\r\n列委任第三職等至第五職等；書記十二人至十八人，職務列委任第一職等\r\n至第三職等。\r\n司法院原依雇員管理規則僱用之現職雇員，其未具公務人員任用資格者，\r\n得占用前項書記職缺繼續僱用至離職時為止。"
		},
		{
			"number": 1300,
			"content": "司法院因業務需要，得調各級法院法官至司法院辦理行政事項。\r\n司法院因大法官審理案件需要，得調實任法官至司法院協助辦理案件之實\r\n體審查、爭點分析及裁判書草擬等事務。"
		},
		{
			"number": 1400,
			"content": "司法院置大法官助理十五人，依相關法令聘用各種專業人員充任之；承大\r\n法官之命，協助辦理案件之程序審查、爭點初步整理及資料蒐集等事務。\r\n具專業證照執業資格者，經聘用充任大法官助理期間，計入其專業執業年\r\n資。\r\n大法官助理之遴聘、訓練、業務、管理及考核等相關事項，由司法院定之\r\n。"
		},
		{
			"number": 1500,
			"content": "司法院設人事處、會計處、統計處及政風處，依法律規定，分別辦理人事\r\n、歲計、會計、統計及政風事項。\r\n人事處、會計處、統計處及政風處各置處長一人、副處長一人。處長，職\r\n務列簡任第十二職等至第十三職等；副處長，職務列簡任第十一職等至第\r\n十二職等；其餘所需工作人員，應就本法所定員額內派充之。"
		},
		{
			"number": 1600,
			"content": "各廳、處得視業務需要分科辦事；各科於必要時得再分股，股長由薦任秘\r\n書、編審、專員、分析師或薦任科員兼任，不另列等。\r\n大法官書記處辦理支援審判業務事項之科長、股長得由薦任書記官兼任，\r\n均不另列等。"
		},
		{
			"number": 1700,
			"content": "司法院院長為集思廣益，研商重要事項，得召開司法院會議；其會議規則\r\n，由司法院定之。"
		},
		{
			"number": 1800,
			"content": "司法院得因業務需要，於院內設各種委員會；其委員及所需工作人員，由\r\n院長就所屬人員中指派兼任之。"
		},
		{
			"number": 1900,
			"content": "司法院設法官學院；其組織另以法律定之。"
		},
		{
			"number": 2000,
			"content": "司法院因保存、陳列司法文物需要，得設司法博物館；其組織規程由司法\r\n院定之。"
		},
		{
			"number": 2100,
			"content": "司法院處務規程，由司法院定之。"
		},
		{
			"number": 2200,
			"content": "本法自公布日施行。"
		}
	]
}