{
	"pcode": "A0010062",
	"type": "命令",
	"title": "司法院及所屬機關訴願審議委員會組織規程",
	"url": "https://law.moj.gov.tw/LawClass/LawAll.aspx?pcode=A0010062",
	"category": [
		"司法",
		"院本部",
		"組織目"
	],
	"lastUpdate": "20070928",
	"isTranslated": false,
	"history": [
		"中華民國八十四年四月二十八日司法院（84）院台參字第 08144 號函訂定發布全文 8 條",
		"中華民國八十九年八月十一日司法院（89）院台訴字第 19548 號令修正發布全文 5 條；本規程修正條文自本法修正條文施行之日起施行",
		"中華民國九十六年九月二十八日司法院院台訴字第 0960020209 號令修正發布第 3 條條文"
	],
	"divisions": [],
	"articles": [
		{
			"number": 100,
			"content": "本規程依訴願法 (以下簡稱本法) 第五十二條第三項規定訂定之。"
		},
		{
			"number": 200,
			"content": "司法院 (以下簡稱本院) 及所屬機關為辦理訴願事件，應設訴願審議委員\r\n會 (以下簡稱訴願會) 。"
		},
		{
			"number": 300,
			"content": "訴願會置主任委員一人，本院由院長指派秘書長兼任；所屬機關由首長指\r\n派庭長或委員兼任。\r\n訴願會置委員五人至十五人，由機關調派本機關高級人員兼任，並遴聘社\r\n會公正人士、學者、專家擔任（以下簡稱外聘委員）。其中外聘委員不得\r\n少於委員人數二分之一，任期為二年，期滿得續聘之。\r\n訴願會辦事人員由機關首長調派本機關職員具有法制專長者兼任之，並指\r\n定一人為執行秘書。"
		},
		{
			"number": 400,
			"content": "執行秘書承主任委員之命，辦理訴願會一般行政事項。"
		},
		{
			"number": 500,
			"content": "本規程自發布日施行。\r\n本規程修正條文自本法修正條文施行之日施行。"
		}
	]
}