{
	"pcode": "A0010053",
	"type": "法律",
	"title": "法院組織法",
	"url": "https://law.moj.gov.tw/LawClass/LawAll.aspx?pcode=A0010053",
	"category": [
		"司法",
		"院本部",
		"組織目"
	],
	"lastUpdate": "20190104",
	"effectiveDate": "20190704",
	"effectiveContent": "本法 108.01.04  修正之第 3、115 條條文，增訂之第 51-1～51-11、57-1  條條文及刪除之第 57 條條文，自公布後六個月施行。",
	"isTranslated": true,
	"english": "Court Organic Act",
	"attachments": [
		"https://law.moj.gov.tw/LawClass/LawGetFile.ashx?FileId=0000025923",
		"https://law.moj.gov.tw/LawClass/LawGetFile.ashx?FileId=0000025924",
		"https://law.moj.gov.tw/LawClass/LawGetFile.ashx?FileId=0000025926",
		"https://law.moj.gov.tw/LawClass/LawGetFile.ashx?FileId=0000025927",
		"https://law.moj.gov.tw/LawClass/LawGetFile.ashx?FileId=0000157179",
		"https://law.moj.gov.tw/LawClass/LawGetFile.ashx?FileId=0000218021",
		"https://law.moj.gov.tw/LawClass/LawGetFile.ashx?FileId=0000218022",
		"https://law.moj.gov.tw/LawClass/LawGetFile.ashx?FileId=0000233701",
		"https://law.moj.gov.tw/LawClass/LawGetFile.ashx?FileId=0000233702",
		"https://law.moj.gov.tw/LawClass/LawGetFile.ashx?FileId=0000233703",
		"https://law.moj.gov.tw/LawClass/LawGetFile.ashx?FileId=0000233704",
		"https://law.moj.gov.tw/LawClass/LawGetFile.ashx?FileId=0000236160"
	],
	"history": [
		"中華民國二十一年十月二十八日國民政府制定公布全文 91 條；並自二十四年七月一日施行",
		"中華民國二十四年七月二十二日國民政府修正公布第 33、37、38 條條文",
		"中華民國二十七年九月二十一日國民政府修正公布第 55 條條文",
		"中華民國三十四年四月十七日國民政府修正公布第 33、35、48、51、54、91 條條文",
		"中華民國三十五年一月十七日國民政府修正公布第 16、19、34、36、45、50 條條文",
		"中華民國五十七年十二月十九日總統令修正公布第 63 條條文",
		"中華民國五十八年四月十日總統令修正公布第 34、35 條條文",
		"中華民國六十九年六月二十九日總統（69）台統（一）義字第 3669 號令修正公布第 21、26、27、34、35、45、49、50、51、56、63、87 條條文暨第 5 章章名",
		"中華民國七十八年十二月二十二日總統（78）華總（一）義字第 6973 號令修正公布全文 115 條",
		"中華民國八十八年二月三日總統（88）華總（一）義字第 8800020620 號令修正公布第 11、12、33、34、49、51、73～75 條條文；並增訂第 66-1～66-4 條條文",
		"中華民國九十年一月十七日總統（90）華總一義字第 9000009280 號令修正公布第 15、34、103、106 條條文",
		"中華民國九十年五月二十三日總統（90）華總一義字第 9000099380 號令修正發布第 66、79 條條文",
		"中華民國九十四年六月十五日總統華總一義字第 09400088871 號令修正公布第 11、22、23、33、38、39、49、52、53、69～71、73～75 條條文；並增訂第 114-1 條條文",
		"中華民國九十五年二月三日總統華總一義字第 09500014891 號令修正公布第 12、62、66 條條文；並增訂第 59-1、63-1 條條文",
		"中華民國九十五年十二月二十七日總統華總一義字第 09500182671 號令修正公布第 34 條條文",
		"中華民國九十六年七月十一日總統華總一義字第 09600088101 號令修正公布第 11、16、17、37 條條文；並增訂第 17-1、17-2 條條文",
		"中華民國九十七年六月十一日總統華總一義字第 09700081991 號令修正公布第 17-2 條條文",
		"中華民國九十九年十一月二十四日總統華總一義字第 09900317121 號令修正公布第 34、66、83 條條文",
		"中華民國一百年十一月二十三日總統華總一義字第 10000257911 號令修正公布第 14、15、32、79 條條文",
		"中華民國一百零三年一月二十九日總統華總一義字第 10300011851 號令修正公布第 17、37 條條文",
		"中華民國一百零四年二月四日總統華總一義字第 10400012421 號令修正公布第 18、23、39、53、98、99 條條文及第 11 條條文之附表",
		"中華民國一百零四年七月一日總統華總一義字第 10400077201 號令修正公布第 90、93、95 條條文；並增訂第 90-1～90-4 條條文",
		"中華民國一百零五年六月二十二日總統華總一義字第 10500063071 號令增訂公布第 14-1 條條文；並自一百零六年一月一日施行",
		"中華民國一百零五年十二月七日總統華總一義字第 10500150311 號令修正公布第 63-1 條條文；並自一百零六年一月一日施行",
		"中華民國一百零六年六月十四日總統華總一義字第 10600073721 號令修正公布第 66-2、66-4、67 條條文",
		"中華民國一百零七年五月二十三日總統華總一義字第 10700055461 號令修正公布第 73 條條文之附表；並增訂第 114-2 條條文",
		"中華民國一百零七年六月十三日總統華總一義字第 10700062991 號令修正公布第 83 條條文",
		"中華民國一百零八年一月四日總統華總一義字第 10800001291 號令修正公布第 3、115 條條文；增訂第 51-1～51-11、57-1 條條文；刪除第 57 條條文；並自公布後六個月施行"
	],
	"divisions": [
		{
			"type": "章",
			"number": 100,
			"title": "總則",
			"start": 100,
			"end": 700
		},
		{
			"type": "章",
			"number": 200,
			"title": "地方法院",
			"start": 800,
			"end": 3000
		},
		{
			"type": "章",
			"number": 300,
			"title": "高等法院",
			"start": 3100,
			"end": 4600
		},
		{
			"type": "章",
			"number": 400,
			"title": "最高法院",
			"start": 4700,
			"end": 5701
		},
		{
			"type": "章",
			"number": 500,
			"title": "檢察機關",
			"start": 5800,
			"end": 7600
		},
		{
			"type": "章",
			"number": 600,
			"title": "司法年度及事務分配",
			"start": 7700,
			"end": 8300
		},
		{
			"type": "章",
			"number": 700,
			"title": "法庭之開閉及秩序",
			"start": 8400,
			"end": 9600
		},
		{
			"type": "章",
			"number": 800,
			"title": "法院之用語",
			"start": 9700,
			"end": 10000
		},
		{
			"type": "章",
			"number": 900,
			"title": "裁判之評議",
			"start": 10100,
			"end": 10600
		},
		{
			"type": "章",
			"number": 1000,
			"title": "司法上之互助",
			"start": 10700,
			"end": 10900
		},
		{
			"type": "章",
			"number": 1100,
			"title": "司法行政之監督",
			"start": 11000,
			"end": 11400
		},
		{
			"type": "章",
			"number": 1200,
			"title": "附則",
			"start": 11401,
			"end": 11500
		}
	],
	"articles": [
		{
			"number": 100,
			"content": "本法所稱法院，分左列三級：\r\n一、地方法院。\r\n二、高等法院。\r\n三、最高法院。"
		},
		{
			"number": 200,
			"content": "法院審判民事、刑事及其他法律規定訴訟案件，並依法管轄非訟事件。"
		},
		{
			"number": 300,
			"content": "地方法院審判案件，以法官一人獨任或三人合議行之。\r\n高等法院審判案件，以法官三人合議行之。\r\n最高法院審判案件，除法律另有規定外，以法官五人合議行之。"
		},
		{
			"number": 400,
			"content": "合議審判，以庭長充審判長；無庭長或庭長有事故時，以庭員中資深者充\r\n之，資同以年長者充之。\r\n獨任審判，即以該法官行審判長之職權。"
		},
		{
			"number": 500,
			"content": "法官審判訴訟案件，其事務分配及代理次序，雖有未合本法所定者，審判\r\n仍屬有效。\r\n前項規定，於非訟事件之處理準用之。"
		},
		{
			"number": 600,
			"content": "高等法院分院及地方法院分院審判訴訟案件及處理非訟事件，適用關於各\r\n該本院之規定。"
		},
		{
			"number": 700,
			"content": "地方法院及其分院、高等法院及其分院管轄區域之劃分或變更，由司法院\r\n定之。"
		},
		{
			"number": 800,
			"content": "直轄市或縣（市）各設地方法院。但得視其地理環境及案件多寡，增設地\r\n方法院分院；或合設地方法院；或將其轄區之一部劃歸其他地方法院或其\r\n分院，不受行政區劃限制。\r\n在特定地區，因業務需要，得設專業地方法院；其組織及管轄等事項，以\r\n法律定之。"
		},
		{
			"number": 900,
			"content": "地方法院管轄事件如左：\r\n一、民事、刑事第一審訴訟案件。但法律別有規定者，不在此限。\r\n二、其他法律規定之訴訟案件。\r\n三、法律規定之非訟事件。"
		},
		{
			"number": 1000,
			"content": "地方法院得設簡易庭，其管轄事件依法律之規定。"
		},
		{
			"number": 1100,
			"content": "地方法院或其分院之類別及員額，依附表之規定。\r\n各地方法院或其分院應適用之類別及其變更，由司法院定之。"
		},
		{
			"number": 1200,
			"content": "地方法院置法官，薦任第八職等至第九職等或簡任第十職等至第十一職等\r\n；試署法官，薦任第七職等至第九職等；候補法官，薦任第六職等至第八\r\n職等。\r\n實任法官繼續服務十年以上，成績優良，經審查合格者，得晉敘至簡任第\r\n十二職等至第十三職等；繼續服務十五年以上，成績優良，經審查合格者\r\n，得晉敘至簡任第十二職等至第十四職等。\r\n前項簡任第十四職等法官員額，不得逾地方法院實任法官總額三分之一。\r\n第二項晉敘法官之資格、審查委員會之組成、審查程序及限制不得申請晉\r\n敘情形等事項之審查辦法，由司法院定之。\r\n司法院因應地方法院業務需要，得調候補法官至地方法院辦事，承法官之\r\n命，辦理訴訟案件程序及實體之審查、法律問題之分析、資料之蒐集、裁\r\n判書之草擬等事務。\r\n地方法院於必要時，得置法官助理，依聘用人員聘用條例聘用各種專業人\r\n員充任之；承法官之命，辦理訴訟案件程序之審查、法律問題之分析、資\r\n料之蒐集等事務。\r\n候補法官調地方法院辦事期間，計入其候補法官年資。\r\n具律師執業資格者，經聘用充任法官助理期間，計入其律師執業年資。\r\n法官助理之遴聘、訓練、業務、管理及考核等相關事項，由司法院以命令\r\n定之。"
		},
		{
			"number": 1300,
			"content": "地方法院置院長一人，由法官兼任，簡任第十職等至第十二職等，綜理全\r\n院行政事務。但直轄市地方法院兼任院長之法官，簡任第十一職等至第十\r\n三職等。"
		},
		{
			"number": 1400,
			"content": "地方法院分設民事庭、刑事庭、行政訴訟庭，其庭數視事務之繁簡定之；\r\n必要時得設專業法庭。"
		},
		{
			"number": 1401,
			"content": "地方法院與高等法院分設刑事強制處分庭，辦理偵查中強制處分聲請案件\r\n之審核。但司法院得視法院員額及事務繁簡，指定不設刑事強制處分庭之\r\n法院。\r\n承辦前項案件之法官，不得辦理同一案件之審判事務。\r\n前二項之規定，自中華民國一百零六年一月一日施行。"
		},
		{
			"number": 1500,
			"content": "民事庭、刑事庭、行政訴訟庭、專業法庭及簡易庭之庭長，除由兼任院長\r\n之法官兼任者外，餘由其他法官兼任，簡任第十職等至第十一職等或薦任\r\n第九職等，監督各該庭事務。\r\n曾任高等法院或其分院法官二年以上，調地方法院或其分院兼任院長或庭\r\n長之法官、法官者，得晉敘至簡任第十二職等至第十四職等。"
		},
		{
			"number": 1600,
			"content": "地方法院設民事執行處，由法官或司法事務官辦理其事務；其法官在二人\r\n以上者，由一人兼任庭長，簡任第十職等至第十一職等或薦任第九職等，\r\n監督該處事務。"
		},
		{
			"number": 1700,
			"content": "地方法院設公設辯護人室，置公設辯護人，薦任第七職等至第九職等或簡\r\n任第十職等至第十一職等；其公設辯護人在二人以上者，置主任公設辯護\r\n人，薦任第九職等或簡任第十職等至第十二職等。\r\n實任公設辯護人服務滿十五年以上，成績優良，經審查合格者，得晉敘至\r\n簡任第十二職等。\r\n曾任高等法院或其分院、智慧財產法院公設辯護人四年以上，調地方法院\r\n或其分院之公設辯護人，成績優良，經審查合格者，得晉敘至簡任第十二\r\n職等。\r\n曾任高等法院或其分院、智慧財產法院公設辯護人之服務年資，合併計算\r\n。\r\n第二項、第三項之審查辦法，由司法院定之。\r\n具律師資格者於擔任公設辯護人期間，計入其律師執業期間。"
		},
		{
			"number": 1701,
			"content": "地方法院設司法事務官室，置司法事務官，薦任第七職等至第九職等；司\r\n法事務官在二人以上者，置主任司法事務官，薦任第九職等至簡任第十職\r\n等。\r\n具律師執業資格者，擔任司法事務官期間，計入其律師執業年資。"
		},
		{
			"number": 1702,
			"content": "司法事務官辦理下列事務：\r\n一、返還擔保金事件、調解程序事件、督促程序事件、保全程序事件、公\r\n    示催告程序裁定事件、確定訴訟費用額事件。\r\n二、拘提、管收以外之強制執行事件。\r\n三、非訟事件法及其他法律所定之非訟事件。\r\n四、其他法律所定之事務。\r\n司法事務官得承法官之命，彙整起訴及答辯要旨，分析卷證資料，整理事\r\n實及法律疑義，並製作報告書。\r\n司法事務官辦理第一項各款事件之範圍及日期，由司法院定之。"
		},
		{
			"number": 1800,
			"content": "地方法院設調查保護室，置少年調查官、少年保護官、家事調查官、心理\r\n測驗員、心理輔導員及佐理員。少年調查官、少年保護官及家事調查官合\r\n計二人以上者，置主任調查保護官一人；合計六人以上者，得分組辦事，\r\n組長由少年調查官、少年保護官或家事調查官兼任，不另列等。\r\n少年調查官、少年保護官及家事調查官，薦任第七職等至第九職等；主任\r\n調查保護官，薦任第九職等至簡任第十職等；心理測驗員及心理輔導員，\r\n薦任第六職等至第八職等；佐理員，委任第四職等至第五職等，其中二分\r\n之一得列薦任第六職等。"
		},
		{
			"number": 1900,
			"content": "地方法院設公證處，置公證人及佐理員；公證人在二人以上者，置主任公\r\n證人。公證人，薦任第七職等至第九職等；主任公證人，薦任第九職等或\r\n簡任第十職等；佐理員，委任第三職等至第五職等。"
		},
		{
			"number": 2000,
			"content": "地方法院設提存所，置主任及佐理員。主任，薦任第九職等或簡任第十職\r\n等；佐理員，委任第三職等至第五職等或薦任第六職等至第八職等。\r\n前項薦任佐理員員額，不得逾同一法院佐理員總額二分之一。"
		},
		{
			"number": 2100,
			"content": "地方法院設登記處，置主任及佐理員。主任，薦任第九職等或簡任第十職\r\n等；佐理員，委任第三職等至第五職等或薦任第六職等至第八職等。\r\n前項薦任佐理員員額，不得逾同一法院佐理員總額二分之一。"
		},
		{
			"number": 2200,
			"content": "地方法院設書記處，置書記官長一人，薦任第九職等至簡任第十職等，承\r\n院長之命處理行政事務；一等書記官，薦任第八職等至第九職等；二等書\r\n記官，薦任第六職等至第七職等；三等書記官，委任第四職等至第五職等\r\n，分掌紀錄、文書、研究考核、總務、資料及訴訟輔導等事務，並得分科\r\n、分股辦事，科長由一等書記官兼任，股長由一等書記官或二等書記官兼\r\n任，均不另列等。\r\n前項一等書記官、二等書記官總額，不得逾同一法院一等書記官、二等書\r\n記官、三等書記官總額二分之一。"
		},
		{
			"number": 2300,
			"content": "地方法院置一等通譯，薦任第七職等至第八職等；二等通譯，薦任第六職\r\n等至第七職等；三等通譯，委任第四職等至第五職等；技士，委任第五職\r\n等或薦任第六職等至第七職等；執達員，委任第三職等至第五職等；錄事\r\n、庭務員，均委任第一職等至第三職等。\r\n前項一等通譯、二等通譯總額，不得逾同一法院一等通譯、二等通譯、三\r\n等通譯總額二分之一。\r\n地方法院為辦理值庭、執行、警衛、解送人犯及有關司法警察事務，置法\r\n警；法警長，委任第五職等或薦任第六職等至第七職等；副法警長，委任\r\n第四職等至第五職等或薦任第六職等；法警，委任第三職等至第五職等；\r\n其管理辦法，由司法院會同行政院定之。\r\n地方法院因傳譯需要，應逐案約聘原住民族或其他各種語言之特約通譯；\r\n其約聘辦法，由司法院定之。"
		},
		{
			"number": 2400,
			"content": "地方法院設人事室，置主任一人，薦任第八職等至第九職等，副主任一人\r\n，薦任第七職等至第九職等；必要時得依法置佐理人員，依法律規定辦理\r\n人事管理、人事查核等事項。\r\n直轄市地方法院人事室，必要時得分股辦事，由佐理人員兼任之，不另列\r\n等。事務較簡之地方法院，得僅置人事管理員，委任第五職等至薦任第七\r\n職等。"
		},
		{
			"number": 2500,
			"content": "地方法院設會計室、統計室，各置主任一人，均薦任第八職等至第九職等\r\n；必要時得依法各置佐理人員，依法律規定分別辦理歲計、會計、統計等\r\n事項。\r\n直轄市地方法院會計室、統計室，必要時得分股辦事，均由佐理人員兼任\r\n，不另列等。事務較簡之地方法院，得僅置會計員、統計員，均委任第五\r\n職等至薦任第七職等。"
		},
		{
			"number": 2600,
			"content": "地方法院設資訊室，置主任一人，薦任第七職等至第九職等，承院長之命\r\n處理資訊室之行政事項；資訊管理師，薦任第六職等至第七職等，操作員\r\n，委任第三職等至第五職等；必要時得置設計師，薦任第六職等至第八職\r\n等，以處理資訊事項。"
		},
		{
			"number": 2700,
			"content": "地方法院分院置院長一人，由法官兼任，簡任第十職等至第十二職等，綜\r\n理該分院行政事務。"
		},
		{
			"number": 2800,
			"content": "地方法院院長，得派本院法官兼行分院法官之職務。"
		},
		{
			"number": 2900,
			"content": "地方法院分院管轄事件，與地方法院同。"
		},
		{
			"number": 3000,
			"content": "第十一條至第二十六條規定，於地方法院分院準用之。"
		},
		{
			"number": 3100,
			"content": "省、直轄市或特別區域各設高等法院。但得視其地理環境及案件多寡，增\r\n設高等法院分院；或合設高等法院；或將其轄區之一部劃歸其他高等法院\r\n或其分院，不受行政區劃之限制。"
		},
		{
			"number": 3200,
			"content": "高等法院管轄事件如下：\r\n一、關於內亂、外患及妨害國交之刑事第一審訴訟案件。\r\n二、不服地方法院及其分院第一審判決而上訴之民事、刑事訴訟案件。但\r\n    法律另有規定者，從其規定。\r\n三、不服地方法院及其分院裁定而抗告之案件。但法律另有規定者，從其\r\n    規定。\r\n四、其他法律規定之訴訟案件。"
		},
		{
			"number": 3300,
			"content": "高等法院或其分院之類別及員額，依附表之規定。\r\n高等法院或其分院應適用之類別及其變更，由司法院定之。"
		},
		{
			"number": 3400,
			"content": "高等法院置法官，簡任第十職等至第十一職等或薦任第九職等；試署法官\r\n，薦任第七職等至第九職等。\r\n高等法院法官繼續服務二年以上，得晉敘至簡任第十二職等至第十四職等\r\n；依第十二條第二項規定晉敘有案者，得敘至簡任第十二職等至第十三職\r\n等或簡任第十二職等至第十四職等。\r\n司法院因應高等法院業務需要，得調地方法院或其分院試署法官或候補法\r\n官至高等法院辦事，承法官之命，辦理訴訟案件程序及實體之審查、法律\r\n問題之分析、資料之蒐集、裁判書之草擬等事務。\r\n高等法院於必要時得置法官助理，依聘用人員聘用條例聘用各種專業人員\r\n充任之，承法官之命，辦理訴訟案件程序之審查、法律問題之分析、資料\r\n之蒐集等事務。\r\n試署法官或候補法官調高等法院辦事期間，計入其試署法官或候補法官年\r\n資。\r\n具律師執業資格者，經聘用充任法官助理期間，計入其律師執業年資。\r\n第十二條第九項規定，於高等法院準用之。"
		},
		{
			"number": 3500,
			"content": "高等法院置院長一人，由法官兼任，簡任第十三職等至第十四職等，綜理\r\n全院行政事務。"
		},
		{
			"number": 3600,
			"content": "高等法院分設民事庭、刑事庭，其庭數視事務之繁簡定之；必要時得設專\r\n業法庭。各庭庭長，除由兼任院長之法官兼任者外，餘由其他法官兼任，\r\n簡任第十一職等至第十三職等，監督各該庭事務。"
		},
		{
			"number": 3700,
			"content": "高等法院設公設辯護人室，置公設辯護人，簡任第十職等至第十一職等或\r\n薦任第九職等；其公設辯護人在二人以上者，置主任公設辯護人，簡任第\r\n十職等至第十二職等。\r\n前項公設辯護人繼續服務四年以上，成績優良，經審查合格者，得晉敘至\r\n簡任第十二職等；已依第十七條第二項、第三項、少年及家事法院組織法\r\n第十一條第二項、第三項規定晉敘有案者，得敘至簡任第十二職等。\r\n前項公設辯護人之服務年資與曾任高等法院分院、智慧財產法院公設辯護\r\n人之服務年資，合併計算。\r\n第二項之審查辦法，由司法院定之。"
		},
		{
			"number": 3800,
			"content": "高等法院設書記處，置書記官長一人，薦任第九職等至簡任第十一職等，\r\n承院長之命處理行政事務；一等書記官，薦任第八職等至第九職等；二等\r\n書記官，薦任第六職等至第七職等；三等書記官，委任第四職等至第五職\r\n等，分掌紀錄、文書、研究考核、總務、資料及訴訟輔導事務，並得分科\r\n、分股辦事，科長由一等書記官兼任；股長由一等書記官或二等書記官兼\r\n任，均不另列等。\r\n前項一等書記官、二等書記官總額，不得逾同一法院一等書記官、二等書\r\n記官、三等書記官總額二分之一。"
		},
		{
			"number": 3900,
			"content": "高等法院置一等通譯，薦任第八職等至第九職等；二等通譯，薦任第六職\r\n等至第七職等；三等通譯，委任第四職等至第五職等；技士，委任第五職\r\n等或薦任第六職等至第七職等；執達員，委任第三職等至第五職等；錄事\r\n、庭務員，均委任第一職等至第三職等。\r\n前項一等通譯、二等通譯總額，不得逾同一法院一等通譯、二等通譯、三\r\n等通譯總額二分之一。\r\n第二十三條第三項、第四項規定，於高等法院或其分院準用之。"
		},
		{
			"number": 4000,
			"content": "高等法院設人事室，置主任一人，簡任第十職等，副主任一人，薦任第九\r\n職等或簡任第十職等；科員，委任第四職等至第五職等或薦任第六職等至\r\n第七職等，其中薦任科員不得逾同一法院科員總額三分之一，依法律規定\r\n辦理人事管理、人事查核等事項，並得分科辦事；科長，薦任第九職等。"
		},
		{
			"number": 4100,
			"content": "高等法院設會計室、統計室，各置主任一人，均簡任第十職等；必要時得\r\n依法各置佐理人員，依法律規定分別辦理歲計、會計、統計等事項，並得\r\n分科辦事；科長，薦任第九職等。"
		},
		{
			"number": 4200,
			"content": "高等法院設資訊室，置主任一人，簡任第十職等，承院長之命處理資訊室\r\n之行政事項；資訊管理師，薦任第六職等至第七職等，操作員，委任第三\r\n職等至第五職等；必要時得置科長、設計師，科長，薦任第九職等，設計\r\n師，薦任第六職等至第八職等，處理資訊事項。"
		},
		{
			"number": 4300,
			"content": "高等法院分院置院長一人，由法官兼任，簡任第十二職等至第十四職等，\r\n綜理該分院行政事務。"
		},
		{
			"number": 4400,
			"content": "高等法院院長得派本院法官兼行分院法官職務。"
		},
		{
			"number": 4500,
			"content": "高等法院分院管轄事件，與高等法院同。"
		},
		{
			"number": 4600,
			"content": "第三十四條至第四十二條之規定，於高等法院分院準用之。"
		},
		{
			"number": 4700,
			"content": "最高法院設於中央政府所在地。"
		},
		{
			"number": 4800,
			"content": "最高法院管轄事件如左：\r\n一、不服高等法院及其分院第一審判決而上訴之刑事訴訟案件。\r\n二、不服高等法院及其分院第二審判決而上訴之民事、刑事訴訟案件。\r\n三、不服高等法院及其分院裁定而抗告之案件。\r\n四、非常上訴案件。\r\n五、其他法律規定之訴訟案件。"
		},
		{
			"number": 4900,
			"content": "最高法院員額，依附表之規定。"
		},
		{
			"number": 5000,
			"content": "最高法院置院長一人，特任，綜理全院行政事務，並任法官。"
		},
		{
			"number": 5100,
			"content": "最高法院置法官，簡任第十三職等至第十四職等；分設民事庭、刑事庭，\r\n其庭數視事務之繁簡定之；各庭置庭長一人，除由院長兼任者外，餘由法\r\n官兼任，簡任第十四職等，監督各該庭事務。\r\n司法院得調高等法院以下各級法院及其分院法官或候補法官至最高法院辦\r\n事，承法官之命，辦理訴訟案件程序及實體之審查、法律問題之分析、資\r\n料之蒐集、裁判書之草擬等事務。\r\n最高法院於必要時得置法官助理，依聘用人員聘用條例聘用各種專業人員\r\n充任之；承法官之命，辦理訴訟案件程序之審查、法律問題之分析、資料\r\n之蒐集等事務。\r\n法官或候補法官調最高法院辦事期間，計入其法官或候補法官年資。\r\n具律師執業資格者經聘用充任法官助理期間，計入其律師執業年資。"
		},
		{
			"number": 5101,
			"content": "最高法院之民事庭、刑事庭為數庭者，應設民事大法庭、刑事大法庭，裁\r\n判法律爭議。"
		},
		{
			"number": 5102,
			"content": "最高法院民事庭、刑事庭各庭審理案件，經評議後認採為裁判基礎之法律\r\n見解，與先前裁判之法律見解歧異者，應以裁定敘明理由，依下列方式處\r\n理：\r\n一、民事庭提案予民事大法庭裁判。\r\n二、刑事庭提案予刑事大法庭裁判。\r\n最高法院民事庭、刑事庭各庭為前項裁定前，應先以徵詢書徵詢其他各庭\r\n之意見。受徵詢庭應於三十日內以回復書回復之，逾期未回復，視為主張\r\n維持先前裁判之法律見解。經任一受徵詢庭主張維持先前裁判之法律見解\r\n時，始得為前項裁定。"
		},
		{
			"number": 5103,
			"content": "最高法院民事庭、刑事庭各庭審理案件，經評議後認採為裁判基礎之法律\r\n見解具有原則重要性，得以裁定敘明理由，提案予民事大法庭、刑事大法\r\n庭裁判。"
		},
		{
			"number": 5104,
			"content": "最高法院民事庭、刑事庭各庭審理案件期間，當事人認為足以影響裁判結\r\n果之法律見解，民事庭、刑事庭先前裁判之見解已產生歧異，或具有原則\r\n重要性，得以書狀表明下列各款事項，向受理案件之民事庭、刑事庭聲請\r\n以裁定提案予民事大法庭、刑事大法庭裁判：\r\n一、所涉及之法令。\r\n二、法律見解歧異之裁判，或法律見解具有原則重要性之具體內容。\r\n三、該歧異見解或具有原則重要性見解對於裁判結果之影響。\r\n四、聲請人所持法律見解。\r\n前項聲請，檢察官以外之當事人應委任律師為代理人或辯護人為之。但民\r\n事事件之聲請人釋明有民事訴訟法第四百六十六條之一第一項但書、第二\r\n項情形，不在此限。\r\n最高法院民事庭、刑事庭各庭受理第一項之聲請，認為聲請不合法律上之\r\n程式或法律上不應准許，應以裁定駁回之。"
		},
		{
			"number": 5105,
			"content": "提案庭於大法庭言詞辯論終結前，因涉及之法律爭議已無提案之必要，得\r\n以裁定敘明理由，撤銷提案。"
		},
		{
			"number": 5106,
			"content": "民事大法庭、刑事大法庭裁判法律爭議，各以法官十一人合議行之，並分\r\n別由最高法院院長及其指定之庭長，擔任民事大法庭或刑事大法庭之審判\r\n長。\r\n民事大法庭、刑事大法庭之庭員，由提案庭指定庭員一人及票選之民事庭\r\n、刑事庭法官九人擔任。\r\n前項由票選產生之大法庭庭員，每庭至少應有一人，且兼任庭長者不得逾\r\n總人數二分之一。"
		},
		{
			"number": 5107,
			"content": "前條第一項由院長指定之大法庭審判長、第二項之票選大法庭庭員任期均\r\n為二年。票選庭員之人選、遞補人選，由法官會議以無記名投票，分別自\r\n民事庭、刑事庭全體法官中依得票數較高，且符合前條第三項規定之方式\r\n選舉產生。遞補人選之任期至原任期屆滿為止。\r\n院長或其指定之大法庭審判長出缺或有事故不能擔任審判長時，由前項遞\r\n補人選遞補之，並以大法庭庭員中資深庭長充審判長，無庭長者，以其他\r\n資深庭員充之，資同以年長者充之。票選之大法庭庭員出缺或有事故，不\r\n能擔任民事大法庭、刑事大法庭庭員時，由前項遞補人選遞補之。\r\n前條第二項提案庭指定之庭員出缺、有事故不能擔任民事大法庭、刑事大\r\n法庭庭員時，由提案庭另行指定庭員出任。\r\n民事大法庭、刑事大法庭審理中之法律爭議，遇民事大法庭、刑事大法庭\r\n庭員因改選而更易時，仍由原審理該法律爭議之民事大法庭、刑事大法庭\r\n繼續審理至終結止；其庭員出缺或有事故不能擔任民事大法庭、刑事大法\r\n庭庭員時，亦按該法律爭議提交民事大法庭、刑事大法庭時之預定遞補人\r\n選遞補之。"
		},
		{
			"number": 5108,
			"content": "民事大法庭、刑事大法庭裁判法律爭議，應行言詞辯論。\r\n前項辯論，檢察官以外之當事人應委任律師為代理人或辯護人為之。於民\r\n事事件委任訴訟代理人，準用民事訴訟法第四百七十四條第三項之規定；\r\n於刑事案件被告未選任辯護人者，審判長應指定公設辯護人或律師為被告\r\n行言詞辯論。\r\n第一項之辯論期日，民事事件被上訴人未委任訴訟代理人或當事人一造之\r\n訴訟代理人未到場者，由他造之訴訟代理人陳述後為裁定；兩造之訴訟代\r\n理人均未到場者，得不行辯論。刑事案件被告之辯護人、自訴代理人中一\r\n造或兩造未到場者，亦同。\r\n民事大法庭、刑事大法庭認有必要時，得依職權或依當事人、其代理人或\r\n辯護人之聲請，就專業法律問題選任專家學者，以書面或於言詞辯論時到\r\n場陳述其法律上意見。\r\n前項陳述意見之人，應揭露下列資訊，並準用民事訴訟法或刑事訴訟法關\r\n於鑑定人之規定：\r\n一、相關專業意見或資料之準備或提出，是否與當事人、關係人或其代理\r\n    人或辯護人有分工或合作關係。\r\n二、相關專業意見或資料之準備或提出，是否受當事人、關係人或其代理\r\n    人或辯護人之金錢報酬或資助及其金額或價值。\r\n三、其他提供金錢報酬或資助者之身分及其金額或價值。"
		},
		{
			"number": 5109,
			"content": "民事大法庭、刑事大法庭裁判法律爭議，應以裁定記載主文與理由行之，\r\n並自辯論終結之日起三十日內宣示。\r\n法官於評議時所持法律上之意見與多數意見不同，經記明於評議簿，並於\r\n裁定宣示前補具不同意見書者，應與裁定一併公布。"
		},
		{
			"number": 5110,
			"content": "民事大法庭、刑事大法庭之裁定，對提案庭提交之案件有拘束力。"
		},
		{
			"number": 5111,
			"content": "除本法另有規定外，民事訴訟法、刑事訴訟法及其他相關法律之規定與大\r\n法庭規範性質不相牴觸者，亦準用之。"
		},
		{
			"number": 5200,
			"content": "最高法院設書記廳，置書記官長一人，簡任第十一職等至第十三職等，承\r\n院長之命處理行政事務；一等書記官，薦任第八職等至第九職等；二等書\r\n記官，薦任第六職等至第七職等；三等書記官，委任第四職等至第五職等\r\n，分掌紀錄、文書、研究考核、總務、資料及訴訟輔導等事務，並得分科\r\n、分股辦事，科長由一等書記官兼任；股長由一等書記官或二等書記官兼\r\n任，均不另列等。\r\n前項一等書記官、二等書記官總額，不得逾一等書記官、二等書記官、三\r\n等書記官總額二分之一。"
		},
		{
			"number": 5300,
			"content": "最高法院置一等通譯，薦任第八職等至第九職等；二等通譯，薦任第六職\r\n等至第七職等；三等通譯，委任第四職等至第五職等；技士，委任第五職\r\n等或薦任第六職等至第七職等；執達員，委任第三職等至第五職等；錄事\r\n、庭務員，均委任第一職等至第三職等。\r\n前項一等通譯、二等通譯總額，不得逾一等通譯、二等通譯、三等通譯總\r\n額二分之一。\r\n第二十三條第三項、第四項之規定，於最高法院準用之。"
		},
		{
			"number": 5400,
			"content": "最高法院設人事室，置主任一人，簡任第十職等，副主任一人，薦任第九\r\n職等或簡任第十職等；科員，委任第四職等至第五職等或薦任第六職等至\r\n第七職等，其中薦任科員不得逾總額三分之一，依法律規定辦理人事管理\r\n、人事查核等事項，並得分股辦事；股長由科員兼任，不另列等。"
		},
		{
			"number": 5500,
			"content": "最高法院設會計室、統計室，各置主任一人，均簡任第十職等；必要時得\r\n依法各置佐理人員，依法律規定分別辦理歲計、會計、統計等事項，並得\r\n分股辦事；股長由佐理人員兼任，不另列等。"
		},
		{
			"number": 5600,
			"content": "最高法院設資訊室，置主任一人，簡任第十職等，承院長之命處理資訊室\r\n之行政事項；設計師，薦任第六職等至第八職等；資訊管理師，薦任第六\r\n職等至第七職等；操作員，第三職等至第五職等，處理資訊事項。"
		},
		{
			"number": 5700,
			"content": "（刪除）"
		},
		{
			"number": 5701,
			"content": "最高法院於中華民國一百零七年十二月七日本法修正施行前依法選編之判\r\n例，若無裁判全文可資查考者，應停止適用。\r\n未經前項規定停止適用之判例，其效力與未經選編為判例之最高法院裁判\r\n相同。\r\n於中華民國一百零七年十二月七日本法修正之條文施行後三年內，人民於\r\n上開條文施行後所受確定終局裁判援用之判例、決議，發生牴觸憲法之疑\r\n義者，得準用司法院大法官審理案件法第五條第一項第二款之規定聲請解\r\n釋憲法。"
		},
		{
			"number": 5800,
			"content": "各級法院及分院各配置檢察署。"
		},
		{
			"number": 5900,
			"content": "各級法院及分院檢察署置檢察官，最高法院檢察署以一人為檢察總長，其\r\n他法院及分院檢察署各以一人為檢察長，分別綜理各該署行政事務。\r\n各級法院及分院檢察署檢察官員額在六人以上者，得分組辦事，每組以一\r\n人為主任檢察官，監督各該組事務。"
		},
		{
			"number": 5901,
			"content": "法務部設檢察官人事審議委員會，審議高等法院檢察署以下各級法院及其\r\n分院檢察署主任檢察官、檢察官之任免、轉任、遷調、考核及獎懲事項。\r\n前項審議之決議，應報請法務部部長核定後公告之。\r\n法務部部長遴任檢察長前，檢察官人事審議委員會應提出職缺二倍人選，\r\n由法務部部長圈選之。檢察長之遷調應送檢察官人事審議委員會徵詢意見\r\n。\r\n檢察官人事審議委員會置委員十七人，由法務部部長指派代表四人、檢察\r\n總長及其指派之代表三人與全體檢察官所選出之代表九人組成之，由法務\r\n部部長指派具司法官身分之次長為主任委員。\r\n前項選任委員之任期，均為一年，連選得連任一次。\r\n全體檢察官代表，以全國為單一選區，以秘密、無記名及單記直接選舉產\r\n生，每一檢察署以一名代表為限。\r\n檢察官人事審議委員會之組成方式、審議對象、程序、決議方式及相關事\r\n項之審議規則，由法務部徵詢檢察官人事審議委員會後定之。"
		},
		{
			"number": 6000,
			"content": "檢察官之職權如左：\r\n一、實施偵查、提起公訴、實行公訴、協助自訴、擔當自訴及指揮刑事裁\r\n    判之執行。\r\n二、其他法令所定職務之執行。"
		},
		{
			"number": 6100,
			"content": "檢察官對於法院，獨立行使職權。"
		},
		{
			"number": 6200,
			"content": "檢察官於其所屬檢察署管轄區域內執行職務。但遇有緊急情形或法律另有\r\n規定者，不在此限。"
		},
		{
			"number": 6300,
			"content": "檢察總長依本法及其他法律之規定，指揮監督該署檢察官及高等法院以下\r\n各級法院及分院檢察署檢察官。\r\n檢察長依本法及其他法律之規定，指揮監督該署檢察官及其所屬檢察署檢\r\n察官。\r\n檢察官應服從前二項指揮監督長官之命令。"
		},
		{
			"number": 6301,
			"content": "高等法院以下各級法院及其分院檢察署為辦理重大貪瀆、經濟犯罪、嚴重\r\n危害社會秩序案件需要，得借調相關機關之專業人員協助偵查。\r\n高等法院以下各級法院及其分院檢察署檢察官執行前項職務時，得經臺灣\r\n高等法院檢察署檢察長或檢察總長之指定，執行各該審級檢察官之職權，\r\n不受第六十二條之限制。\r\n中華民國一百零五年十一月十八日修正之本條規定，自一百零六年一月一\r\n日施行。"
		},
		{
			"number": 6400,
			"content": "檢察總長、檢察長得親自處理其所指揮監督之檢察官之事務，並得將該事\r\n務移轉於其所指揮監督之其他檢察官處理之。"
		},
		{
			"number": 6500,
			"content": "高等法院及地方法院檢察署檢察長，得派本署檢察官兼行其分院檢察署檢\r\n察官之職務。"
		},
		{
			"number": 6600,
			"content": "最高法院檢察署檢察總長，特任；主任檢察官，簡任第十四職等；檢察官\r\n，簡任第十三職等至第十四職等。\r\n高等法院檢察署檢察長，簡任第十三職等至第十四職等；其分院檢察署檢\r\n察長，簡任第十二職等至第十四職等。高等法院及分院檢察署主任檢察官\r\n，簡任第十一職等至第十三職等；檢察官，簡任第十職等至第十一職等或\r\n薦任第九職等；繼續服務二年以上者，得晉敘至簡任第十二職等至第十四\r\n職等。\r\n地方法院及分院檢察署檢察長，簡任第十職等至第十二職等；主任檢察官\r\n，簡任第十職等至第十一職等或薦任第九職等；檢察官，薦任第八職等至\r\n第九職等或簡任第十職等至第十一職等；試署檢察官，薦任第七職等至第\r\n九職等；候補檢察官，薦任第六職等至第八職等。但直轄市地方法院檢察\r\n署檢察長，簡任第十一職等至第十三職等。\r\n曾任高等法院或其分院檢察署檢察官二年以上，調地方法院或其分院檢察\r\n署檢察長、主任檢察官、檢察官者，得晉敘至簡任第十二職等至第十四職\r\n等。\r\n第三十四條第二項後段於高等法院及分院檢察署主任檢察官、檢察官準用\r\n之。\r\n第二項、第四項之規定，溯自中華民國九十年一月十九日生效。\r\n第十二條第二項至第四項於地方法院及分院檢察署主任檢察官、檢察官準\r\n用之；其審查辦法由法務部定之。\r\n最高法院檢察署檢察總長由總統提名，經立法院同意任命之，任期四年，\r\n不得連任。\r\n總統應於前項規定生效後一個月內，向立法院提出最高法院檢察署檢察總\r\n長人選。\r\n最高法院檢察署檢察總長除年度預算案及法律案外，無須至立法院列席備\r\n詢。\r\n最高法院檢察署檢察總長因故出缺或無法視事時，總統應於三個月內重新\r\n提出人選，經立法院同意任命之，其任期重行計算四年，不得連任。\r\n最高法院檢察署檢察總長於任命時具司法官身分者，於卸任時，得回任司\r\n法官。\r\n最高法院檢察署檢察總長於任滿前一個月，總統應依第八項規定辦理。"
		},
		{
			"number": 6601,
			"content": "法務部得調高等法院以下各級法院及其分院檢察署檢察官或候補檢察官至\r\n最高法院檢察署辦事，承檢察官之命，辦理訴訟案件程序之審查、法律問\r\n題之分析、資料之蒐集及書類之草擬等事項。\r\n法務部得調地方法院及其分院檢察署試署檢察官或候補檢察官至高等法院\r\n或其分院檢察署辦事，承檢察官之命，協助檢察官辦理訴訟案件程序之審\r\n查、法律問題之分析、資料之蒐集及書類之草擬等事項。\r\n法務部得調候補檢察官至地方法院或其分院檢察署辦事，承實任檢察官之\r\n命，協助檢察官辦理訴訟案件程序之審查、法律問題之分析、資料之蒐集\r\n及書類之草擬等事項。\r\n檢察官、試署檢察官或候補檢察官依前三項規定調辦事期間，計入其檢察\r\n官、試署檢察官或候補檢察官年資。"
		},
		{
			"number": 6602,
			"content": "各級法院及其分院檢察署設檢察事務官室，置檢察事務官；檢察事務官在\r\n二人以上者，置主任檢察事務官；並得視業務需要分組辦事，各組組長由\r\n檢察事務官兼任，不另列等。\r\n檢察事務官，薦任第七職等至第九職等，第七十三條第一項附表所定第一\r\n類地方法院及其分院檢察署之檢察事務官，其中二人得列簡任第十職等；\r\n主任檢察事務官，薦任第九職等或簡任第十職等。"
		},
		{
			"number": 6603,
			"content": "檢察事務官受檢察官之指揮，處理下列事務：\r\n一、實施搜索、扣押、勘驗或執行拘提。\r\n二、詢問告訴人、告發人、被告、證人或鑑定人。\r\n三、襄助檢察官執行其他第六十條所定之職權。\r\n檢察事務官處理前項前二款事務，視為刑事訴訟法第二百三十條第一項之\r\n司法警察官。"
		},
		{
			"number": 6604,
			"content": "檢察事務官，應就具有下列資格之一者任用之：\r\n一、經公務人員高等考試或司法人員特種考試相當等級之檢察事務官考試\r\n    及格者。\r\n二、經律師考試及格，並具有薦任職任用資格者。\r\n三、曾任警察官或法務部調查局調查人員三年以上，成績優良，並具有薦\r\n    任職任用資格者。\r\n四、具有公立或經立案之私立大學、獨立學院以上學歷，曾任法院或檢察\r\n    署書記官，辦理民刑事紀錄三年以上，成績優良，具有薦任職任用資\r\n    格者。\r\n各級法院及其分院檢察署為辦理陸海空軍刑法或其他涉及軍事、國家與社\r\n會安全及相關案件需要，得借調國防部所屬具軍法官資格三年以上之人員\r\n，辦理檢察事務官事務，並準用前條第二項規定。借調期間不得逾四年，\r\n其借調方式、年資、待遇、給與、考績、獎懲及相關事項之辦法，由法務\r\n部會同國防部定之。\r\n主任檢察事務官，應就具有檢察事務官及擬任職等任用資格，並具有領導\r\n才能者遴任之。\r\n具律師執業資格者任檢察事務官期間，計入其律師執業年資。"
		},
		{
			"number": 6700,
			"content": "地方法院及分院檢察署設觀護人室，置觀護人、臨床心理師及佐理員。觀\r\n護人在二人以上者，置主任觀護人；在六人以上者，得分組辦事，組長由\r\n觀護人兼任，不另列等。\r\n觀護人，薦任第七職等至第九職等，第七十三條第一項附表所定第一類地\r\n方法院及其分院檢察署之觀護人，其中二人得列簡任第十職等；主任觀護\r\n人，薦任第九職等或簡任第十職等；臨床心理師，列師（三）級；佐理員\r\n，委任第四職等至第五職等，其中二分之一得列薦任第六職等。"
		},
		{
			"number": 6800,
			"content": "高等法院以下各級法院及其分院檢察署，置法醫師，法醫師在二人以上者\r\n，置主任法醫師。法醫師，薦任第七職等至第九職等；主任法醫師，薦任\r\n第九職等或簡任第十職等。但地方法院及其分院檢察署法醫師得列委任第\r\n五職等。\r\n高等法院以下各級法院及其分院檢察署，置檢驗員，委任第三職等至第五\r\n職等或薦任第六職等至第八職等。"
		},
		{
			"number": 6900,
			"content": "第二十二條、第二十三條第三項、第三十八條、第五十二條之規定，於地\r\n方法院或其分院檢察署、高等法院或其分院檢察署、最高法院檢察署分別\r\n準用之。\r\n高等法院以下各級法院及其分院檢察署，得設執行科，掌理關於刑事執行\r\n事務，並得分股辦事。科長由一等書記官兼任；股長由一等書記官或二等\r\n書記官兼任，均不另列等。\r\n高等法院或其分院檢察署，得設所務科，掌理關於監督看守所及少年觀護\r\n所之行政事務，並得分股辦事。置科長一人，薦任第九職等；科員，委任\r\n第五職等或薦任第六職等至第七職等；書記，委任第一職等至第三職等；\r\n股長由薦任科員兼任，不另列等。"
		},
		{
			"number": 7000,
			"content": "最高法院檢察署、高等法院及分院檢察署置一等通譯，薦任第八職等至第\r\n九職等；二等通譯，薦任第六職等至第七職等；三等通譯，委任第四職等\r\n至第五職等；技士，委任第五職等或薦任第六職等至第七職等。\r\n地方法院及分院檢察署置一等通譯，薦任第七職等至第八職等；二等通譯\r\n，薦任第六職等至第七職等；三等通譯，委任第四職等至第五職等；技士\r\n，委任第五職等或薦任第六職等至第七職等。\r\n前二項一等通譯、二等通譯總額，不得逾同一檢察署一等通譯、二等通譯\r\n、三等通譯總額二分之一。"
		},
		{
			"number": 7100,
			"content": "各級法院及分院檢察署置錄事，委任第一職等至第三職等。"
		},
		{
			"number": 7200,
			"content": "第二十四條至第二十六條、第四十條至第四十二條、第五十四條至第五十\r\n六條之規定，於地方法院或其分院檢察署、高等法院或其分院檢察署、最\r\n高法院檢察署分別準用之。"
		},
		{
			"number": 7300,
			"content": "地方法院或其分院檢察署之類別及員額，依附表之規定。\r\n各地方法院或其分院檢察署應適用之類別及其變更，由行政院定之。"
		},
		{
			"number": 7400,
			"content": "高等法院或其分院檢察署之類別及員額，依附表之規定。\r\n高等法院或其分院檢察署應適用之類別及其變更，由行政院定之。"
		},
		{
			"number": 7500,
			"content": "最高法院檢察署員額，依附表之規定。"
		},
		{
			"number": 7600,
			"content": "檢察官得調度司法警察，法官於辦理刑事案件時，亦同。\r\n調度司法警察條例另定之。"
		},
		{
			"number": 7700,
			"content": "司法年度，每年自一月一日起至十二月三十一日止。"
		},
		{
			"number": 7800,
			"content": "各級法院及分院與各級法院及分院檢察署之處務規程，分別由司法院與法\r\n務部定之。"
		},
		{
			"number": 7900,
			"content": "各級法院及分院於每年度終結前，由院長、庭長、法官舉行會議，按照本\r\n法、處務規程及其他法令規定，預定次年度司法事務之分配及代理次序。\r\n辦理民事、刑事、行政訴訟及其他特殊專業類型案件之法官，其年度司法\r\n事務分配辦法，由司法院另定之。\r\n第一項會議並應預定次年度關於合議審判時法官之配置。"
		},
		{
			"number": 8000,
			"content": "前條會議，以院長為主席，其決議以過半數之意見定之，可否同數時，取\r\n決於主席。"
		},
		{
			"number": 8100,
			"content": "事務分配、代理次序及合議審判時法官之配置，經預定後，因案件或法官\r\n增減或他項事故，有變更之必要時，得由院長徵詢有關庭長、法官意見後\r\n定之。"
		},
		{
			"number": 8200,
			"content": "地方法院及其分院法官因事故不能執行職務時，得由地方法院院長命候補\r\n法官暫代其職務。\r\n高等法院或地方法院法官因事故不能執行職務時，得由高等法院或地方法\r\n院院長調用其分院法官暫代其職務。\r\n高等法院及其分院法官因事故不能執行職務時，得由高等法院院長調用地\r\n方法院或其分院法官暫代其職務。\r\n最高法院法官因事故不能執行職務時，得由最高法院院長商調高等法院或\r\n其分院法官暫代其職務。\r\n前二項暫代其職務之期間，不得逾六個月。"
		},
		{
			"number": 8300,
			"content": "各級法院及分院應定期出版公報或以其他適當方式，公開裁判書。但其他\r\n法律另有規定者，依其規定。\r\n前項公開，除自然人之姓名外，得不含自然人之身分證統一編號及其他足\r\n資識別該個人之資料。\r\n高等法院以下各級法院及其分院檢察署，應於第一審裁判書公開後，公開\r\n起訴書，並準用前二項規定。"
		},
		{
			"number": 8400,
			"content": "法庭開庭，於法院內為之。但法律別有規定者，不在此限。\r\n法院內開庭時，在法庭實施訴訟程序之公務員及依法執行職務之人、訴訟\r\n當事人與訴訟關係人，均應設置席位；其席位布置，應依當事人平等之原\r\n則為之。\r\n除參與審判之法官或經審判長許可者外，在庭之人陳述時，起立，陳述後\r\n復坐。\r\n審判長蒞庭及宣示判決時，在庭之人均應起立。\r\n法庭席位布置及旁聽規則，由司法院定之。"
		},
		{
			"number": 8500,
			"content": "高等法院以下各級法院或分院於必要時，得在管轄區域內指定地方臨時開\r\n庭。\r\n前項情形，其法官除就本院法官中指派者外，得以所屬分院或下級法院法\r\n官充之。\r\n第一項臨時開庭辦法，由司法院定之。"
		},
		{
			"number": 8600,
			"content": "訴訟之辯論及裁判之宣示，應公開法庭行之。但有妨害國家安全、公共秩\r\n序或善良風俗之虞時，法院得決定不予公開。"
		},
		{
			"number": 8700,
			"content": "法庭不公開時，審判長應將不公開之理由宣示。\r\n前項情形，審判長仍得允許無妨礙之人旁聽。"
		},
		{
			"number": 8800,
			"content": "審判長於法庭之開閉及審理訴訟，有指揮之權。"
		},
		{
			"number": 8900,
			"content": "法庭開庭時，審判長有維持秩序之權。"
		},
		{
			"number": 9000,
			"content": "法庭開庭時，應保持肅靜，不得有大聲交談、鼓掌、攝影、吸煙、飲食物\r\n品及其他類似之行為。\r\n法庭開庭時，除法律另有規定外，應予錄音。必要時，得予錄影。\r\n在庭之人非經審判長許可，不得自行錄音、錄影；未經許可錄音、錄影者\r\n，審判長得命其消除該錄音、錄影內容。\r\n前項處分，不得聲明不服。"
		},
		{
			"number": 9001,
			"content": "當事人及依法得聲請閱覽卷宗之人，因主張或維護其法律上利益，得於開\r\n庭翌日起至裁判確定後六個月內，繳納費用聲請法院許可交付法庭錄音或\r\n錄影內容。但經判處死刑、無期徒刑或十年以上有期徒刑之案件，得於裁\r\n判確定後二年內聲請。\r\n前項情形，依法令得不予許可或限制聲請閱覽、抄錄或攝影卷內文書者，\r\n法院得不予許可或限制交付法庭錄音或錄影內容。\r\n第一項情形，涉及國家機密者，法院得不予許可或限制交付法庭錄音或錄\r\n影內容；涉及其他依法令應予保密之事項者，法院得限制交付法庭錄音或\r\n錄影內容。\r\n前三項不予許可或限制交付內容之裁定，得為抗告。"
		},
		{
			"number": 9002,
			"content": "法庭錄音、錄影內容，應保存至裁判確定後二年，始得除去其錄音、錄影\r\n。但經判處死刑或無期徒刑確定之案件，其保存期限依檔案法之規定。"
		},
		{
			"number": 9003,
			"content": "前三條所定法庭之錄音、錄影及其利用保存等相關事項之辦法，由司法院\r\n定之。"
		},
		{
			"number": 9004,
			"content": "持有法庭錄音、錄影內容之人，就所取得之錄音、錄影內容，不得散布、\r\n公開播送，或為非正當目的之使用。\r\n違反前項之規定者，由行為人之住所、居所，或營業所、事務所所在地之\r\n地方法院處新臺幣三萬元以上三十萬元以下罰鍰。但其他法律另有特別規\r\n定者，依其規定。\r\n前項處罰及救濟之程序，準用相關法令之規定。"
		},
		{
			"number": 9100,
			"content": "有妨害法庭秩序或其他不當行為者，審判長得禁止其進入法庭或命其退出\r\n法庭，必要時得命看管至閉庭時。\r\n前項處分，不得聲明不服。\r\n前二項之規定，於審判長在法庭外執行職務時準用之。"
		},
		{
			"number": 9200,
			"content": "律師在法庭代理訴訟或辯護案件，其言語行動如有不當，審判長得加以警\r\n告或禁止其開庭當日之代理或辯護。非律師而為訴訟代理人或辯護人者，\r\n亦同。"
		},
		{
			"number": 9300,
			"content": "審判長為第九十條第三項、第九十一條及第九十二條之處分時，應命記明\r\n其事由於筆錄。"
		},
		{
			"number": 9400,
			"content": "第八十四條至第九十三條有關審判長之規定，於受命法官、受託法官執行\r\n職務時準用之。"
		},
		{
			"number": 9500,
			"content": "違反審判長、受命法官、受託法官所發維持法庭秩序之命令，致妨害法院\r\n執行職務，經制止不聽者，處三月以下有期徒刑、拘役或新臺幣三萬元以\r\n下罰金。"
		},
		{
			"number": 9600,
			"content": "法官及書記官在法庭執行職務時，應服制服，檢察官、公設辯護人及律師\r\n在法庭執行職務時，亦同。\r\n前項人員之服制，由司法院會同行政院定之。"
		},
		{
			"number": 9700,
			"content": "法院為審判時，應用國語。"
		},
		{
			"number": 9800,
			"content": "訴訟當事人、證人、鑑定人及其他有關係之人，如有不通曉國語者，由通\r\n譯傳譯之；其為聽覺或語言障礙者，除由通譯傳譯外，並得依其選擇以文\r\n字訊問，或命以文字陳述。"
		},
		{
			"number": 9900,
			"content": "訴訟文書應用我國文字。但有供參考之必要時，應附記所用之方言或外國\r\n語文。"
		},
		{
			"number": 10000,
			"content": "前三條之規定，於辦理檢察事務時準用之。"
		},
		{
			"number": 10100,
			"content": "合議裁判案件，應依本法所定法官人數評議決定之。"
		},
		{
			"number": 10200,
			"content": "裁判之評議，以審判長為主席。"
		},
		{
			"number": 10300,
			"content": "裁判之評議，於裁判確定前均不公開。"
		},
		{
			"number": 10400,
			"content": "評議時法官應各陳述意見，其次序以資淺者為先，資同以年少者為先，遞\r\n至審判長為終。"
		},
		{
			"number": 10500,
			"content": "評議以過半數之意見決定之。\r\n關於數額，如法官之意見分三說以上，各不達過半數時，以最多額之意見\r\n順次算入次多額之意見，至達過半數為止。\r\n關於刑事，如法官之意見分三說以上，各不達過半數時，以最不利於被告\r\n之意見順次算入次不利於被告之意見，至達過半數為止。"
		},
		{
			"number": 10600,
			"content": "評議時各法官之意見應記載於評議簿，並應於該案裁判確定前嚴守秘密。\r\n案件之當事人、訴訟代理人、辯護人或曾為輔佐人，得於裁判確定後聲請\r\n閱覽評議意見。但不得抄錄、攝影或影印。"
		},
		{
			"number": 10700,
			"content": "法院處理事務，應互相協助。"
		},
		{
			"number": 10800,
			"content": "檢察官執行職務，應互相協助。"
		},
		{
			"number": 10900,
			"content": "書記官於權限內之事務，應互相協助，觀護人、執達員、法警，亦同。"
		},
		{
			"number": 11000,
			"content": "各級法院行政之監督，依左列規定：\r\n一、司法院院長監督各級法院及分院。\r\n二、最高法院院長監督該法院。\r\n三、高等法院院長監督該法院及其分院與所屬地方法院及其分院。\r\n四、高等法院分院院長監督該分院與轄區內地方法院及其分院。\r\n五、地方法院院長監督該法院及其分院。\r\n六、地方法院分院院長監督該分院。"
		},
		{
			"number": 11100,
			"content": "各級法院檢察署行政之監督，依左列規定：\r\n一、法務部部長監督各級法院及分院檢察署。\r\n二、最高法院檢察署檢察總長監督該檢察署。\r\n三、高等法院檢察署檢察長監督該檢察署及其分院檢察署與所屬地方法院\r\n    及其分院檢察署。\r\n四、高等法院分院檢察署檢察長監督該檢察署與轄區內地方法院及其分院\r\n    檢察署。\r\n五、地方法院檢察署檢察長監督該檢察署及其分院檢察署。\r\n六、地方法院分院檢察署檢察長監督該檢察署。"
		},
		{
			"number": 11200,
			"content": "依前二條規定有監督權者，對於被監督之人員得為左列處分：\r\n一、關於職務上之事項，得發命令使之注意。\r\n二、有廢弛職務，侵越權限或行為不檢者，加以警告。"
		},
		{
			"number": 11300,
			"content": "被監督之人員，如有前條第二款情事，而情節較重或經警告不悛者，監督\r\n長官得依公務員懲戒法辦理。"
		},
		{
			"number": 11400,
			"content": "本章之規定，不影響審判權之行使。"
		},
		{
			"number": 11401,
			"content": "各級法院及各級法院檢察署原依雇員管理規則進用之現職執達員、法警、\r\n錄事、庭務員、雇員，其未具公務人員任用資格者，得占用原職之職缺，\r\n繼續僱用至離職時為止。"
		},
		{
			"number": 11402,
			"content": "本法及其他法律所稱地方法院檢察署、高等法院檢察署、最高法院檢察署\r\n、高等法院及其分院檢察署、高等法院檢察署智慧財產分署、高等法院以\r\n下各級法院及其分院檢察署、地方法院及其分院檢察署、各級法院及分院\r\n檢察署，自本法中華民國一百零七年五月八日修正條文施行之日起，分別\r\n改稱為地方檢察署、高等檢察署、最高檢察署、高等檢察署及其檢察分署\r\n、高等檢察署智慧財產檢察分署、高等檢察署以下各級檢察署及其檢察分\r\n署、地方檢察署及其檢察分署、各級檢察署及檢察分署。"
		},
		{
			"number": 11500,
			"content": "本法自公布日施行。\r\n中華民國一百零七年十二月七日修正之條文，自公布後六個月施行。"
		}
	]
}