{
	"pcode": "A0010015",
	"type": "法律",
	"title": "稽勳委員會組織條例",
	"url": "https://law.moj.gov.tw/LawClass/LawAll.aspx?pcode=A0010015",
	"category": [
		"廢止法規",
		"總統府"
	],
	"lastUpdate": "19970507",
	"isDiscarded": true,
	"isTranslated": false,
	"history": [
		"中華民國三十六年七月十七日國民政府制定公布全文 12 條",
		"中華民國八十六年五月七日總統（86）華總（一）義字第 8600104770 號令公布廢止"
	],
	"divisions": [],
	"articles": [
		{
			"number": 100,
			"content": "稽勳委員會隸屬於國民政府，掌理勳績之審核事項。"
		},
		{
			"number": 200,
			"content": "稽勳委員會置委員十一人至十五人，由國民政府遴聘之，以內政部部長\r\n外交部部長、銓敘部部長、僑務委員會委員長為當然委員。"
		},
		{
			"number": 300,
			"content": "稽勳委員會置常務委員五人，處理會務，由國民政府於委員中指定之。"
		},
		{
			"number": 400,
			"content": "稽勳委員會設秘書處，置左列各科，分掌事務：\r\n審核科職掌如左：\r\n一、關於勳績之調查事項。\r\n二、關於勳績之稽核事項。\r\n三、關於勳績之審擬事項。\r\n登記科職掌如左：\r\n一、關於受勳人員之登記事項。\r\n二、關於勳章之法規、圖說編纂事項。\r\n總務科職掌如左：\r\n一、關於文書之收發、分配、撰擬、繕校及保管事項。\r\n二、關於印信典守事項。\r\n三、關於出納及庶務事項。\r\n四、關於會議事項。\r\n五、不屬於其他各科事項。"
		},
		{
			"number": 500,
			"content": "稽勳委員會秘書處置主任秘書一人，簡任，承常務委員之命，處理處務，\r\n並指揮、監督所屬職員；秘書五人，簡任，輔助主任秘書分辦處務。"
		},
		{
			"number": 600,
			"content": "稽勳委員會秘書處置科長三人，薦任；科員九人，其中三人薦任，餘委任\r\n；書記官三人至六人，委任。"
		},
		{
			"number": 700,
			"content": "稽勳委員會秘書以下人員，得向有關機關商調相當人員兼任。但其中專任\r\n人員不得超過各該官等員額二分之一。"
		},
		{
			"number": 800,
			"content": "稽勳委員會秘書處置會計員一人，委任，依法律之規定，辦理歲計、會計\r\n及統計事務。"
		},
		{
			"number": 900,
			"content": "稽勳委員會秘書處置人事管理員一人，委任，依人事管理條例之規定，辦\r\n理人事事務。"
		},
		{
			"number": 1000,
			"content": "稽勳委員會秘書處得用雇員五人至七人。"
		},
		{
			"number": 1100,
			"content": "稽勳委員會處務規程，由會擬訂，呈請國民政府核定之。"
		},
		{
			"number": 1200,
			"content": "本條例自公布日施行。"
		}
	]
}