{
	"pcode": "A0010027",
	"type": "命令",
	"title": "總統府及所屬機關訴願審議委員會組織規程",
	"url": "https://law.moj.gov.tw/LawClass/LawAll.aspx?pcode=A0010027",
	"category": [
		"總統",
		"總統府",
		"組織目"
	],
	"lastUpdate": "20011205",
	"isTranslated": false,
	"history": [
		"中華民國九十年十二月五日總統府祕書長（90）華總參字第 09010049971 號令訂定發布全文 5 條；並自發布日施行"
	],
	"divisions": [],
	"articles": [
		{
			"number": 100,
			"content": "本規程依訴願法第五十二條第三項規定訂定之。"
		},
		{
			"number": 200,
			"content": "總統府及所屬機關為辦理訴願事件，應設訴願審議委員會 (以下簡稱訴願\r\n會) 。"
		},
		{
			"number": 300,
			"content": "訴願會置委員五人至十五人，其中一人為主任委員，由機關首長就本機關\r\n副首長或具法制專長之高級職員調派專任或兼任；其餘委員由機關首長就\r\n本機關高級職員調派專任或兼任，並遴聘社會公正人士、學者、專家擔任\r\n；其中社會公正人士、學者、專家不得少於委員人數二分之一。委員應有\r\n二分之一以上具有法制專長。\r\n訴願會所需承辦人員，由機關首長就本機關職員中具法制專長者調派之，\r\n並得指定一人為執行秘書。"
		},
		{
			"number": 400,
			"content": "訴願會兼任人員及外聘委員均為無給職。但外聘委員得依規定支給兼職酬\r\n勞或出席費。"
		},
		{
			"number": 500,
			"content": "本規程自發布日施行。"
		}
	]
}