{
	"pcode": "A0010103",
	"type": "命令",
	"title": "國家安全會議處務規程",
	"url": "https://law.moj.gov.tw/LawClass/LawAll.aspx?pcode=A0010103",
	"category": [
		"總統",
		"國家安全會議",
		"組織目"
	],
	"lastUpdate": "20040811",
	"isTranslated": false,
	"history": [
		"中華民國八十四年六月十七日國家安全會議勤處字第 0211 號函訂定發布全文 37 條",
		"中華民國八十七年九月一日國家安全會議勤人字第 445 號函修正發布",
		"中華民國九十二年八月五日國家安全會議勤人字第 0927400354 號令修正發布全文 36 條",
		"中華民國九十三年八月十一日國家安全會議勤人字第 0937400368 號令修正發布全文 32 條；並自發布日施行"
	],
	"divisions": [
		{
			"type": "章",
			"number": 100,
			"title": "總則",
			"start": 100,
			"end": 800
		},
		{
			"type": "章",
			"number": 200,
			"title": "職掌",
			"start": 900,
			"end": 1400
		},
		{
			"type": "章",
			"number": 300,
			"title": "權責",
			"start": 1500,
			"end": 2300
		},
		{
			"type": "章",
			"number": 400,
			"title": "會議",
			"start": 2400,
			"end": 3000
		},
		{
			"type": "章",
			"number": 500,
			"title": "附則",
			"start": 3100,
			"end": 3200
		}
	],
	"articles": [
		{
			"number": 100,
			"content": "本規程依國家安全會議（以下簡稱本會議）組織法第十五條規定訂定之。"
		},
		{
			"number": 200,
			"content": "本會議會務之處理，除法令另有規定外，依本規程辦理之。"
		},
		{
			"number": 300,
			"content": "秘書長為本會議首長，綜理本會議全般會務，並指揮、監督所屬職員。"
		},
		{
			"number": 400,
			"content": "副秘書長襄助秘書長處理會務。"
		},
		{
			"number": 500,
			"content": "諮詢委員承秘書長之命，辦理有關國家安全之諮詢研究工作。"
		},
		{
			"number": 600,
			"content": "本會議為從事諮詢研究業務，得視實際需要組成研究小組，所需工作人員\r\n，除調派秘書處人員支援外，得借調其他機關人員或聘用諮詢助理。"
		},
		{
			"number": 700,
			"content": "秘書處處長承秘書長之命，及副秘書長之督導，綜理秘書處業務；副處長\r\n襄助處長處理相關事務；各組室主管各就主管事務或奉交辦事項，指揮、\r\n監督所屬職員辦理之。"
		},
		{
			"number": 800,
			"content": "本會議秘書處設第一組、第二組、第三組、人事室、會計室及政風室；各\r\n組得視業務需要分科辦事。"
		},
		{
			"number": 900,
			"content": "第一組掌理下列事項：\r\n一、第一科：\r\n（一）關於國家安全會議、主管工作會議、業務檢討策進會議、處務會報\r\n      等會議之聯繫、協調事項。\r\n（二）關於會議議案之研擬、議程之編撰及紀錄等事項。\r\n（三）關於會議決議及裁示事項之聯繫及執行情形之追蹤管制等事項。\r\n（四）關於國家安全之國防、外交、兩岸業務之聯繫、協調與處理等事項\r\n      。\r\n（五）關於外賓接待、聯繫、傳譯、及會議紀錄等事項。\r\n（六）其他奉交辦事項。\r\n二、第二科：\r\n（一）關於本會議施政計畫之擬訂事項。\r\n（二）關於國家安全之財經、重大變故業務聯繫、協調與處理事項。\r\n（三）關於國會之聯繫、協調及相關資料之研擬、綜整事項。\r\n（四）關於本會議大事紀要及年鑑之撰擬事項。\r\n（五）關於本會議新聞發布及聯繫事項。\r\n（六）其他奉交辦事項。\r\n三、第三科：\r\n（一）關於國家安全之資料蒐集、彙整、編譯事項。\r\n（二）關於每日重要新聞剪報工作及其他相關情資之彙整送陳事項。\r\n（三）關於全文影像資料庫建置事項。\r\n（四）關於圖書館管理及其相關事項。\r\n（五）其他奉交辦事項。"
		},
		{
			"number": 1000,
			"content": "第二組掌理下列事項：\r\n一、關於國家安全有關之大政方針之諮詢研究事項。\r\n二、關於國防諮詢研究事項。\r\n三、關於外交諮詢研究事項。\r\n四、關於兩岸關係諮詢研究事項。\r\n五、關於國內外重大財經諮詢研究事項。\r\n六、關於國家安全威脅及危機應變諮詢研究事項。\r\n七、關於各項專案會議之召開事項。\r\n八、關於國家安全定期及不定期報告之撰擬事項。\r\n九、其他相關諮詢研究事項。"
		},
		{
			"number": 1100,
			"content": "第三組掌理下列事項：\r\n一、第一科：\r\n（一）關於本會議招標、採購、驗收、營繕工程等相關事項。\r\n（二）關於防護、安全及清潔衛生管理等事項。\r\n（三）關於現金出納管理等相關事項。\r\n（四）關於本會議交通、各型公務車輛調派、養護及保險等車輛管理事項\r\n      。\r\n（五）關於本會議技工、工友、駕駛之僱用、調派、管理、考核、訓練及\r\n      退離等事項。\r\n（六）關於本會議之財產登記、增置、經管、養護、減損等物品管理事項\r\n      。\r\n（七）關於會議、典禮、場地之佈置及其他各項行政支援等相關事項。\r\n（八）其他奉交辦事項。\r\n二、第二科：\r\n（一）關於文書處理、總收發文及繕校等事項。\r\n（二）關於印信管理、典守事項。\r\n（三）關於公文流程管理、公文稽催及檔案管理等事項。\r\n（四）關於文書處理及檔案管理之教育訓練事項。\r\n（五）其他奉交辦事項。\r\n三、第三科：\r\n（一）關於本會議資訊相關系統之整體規劃、建置及維護事項。\r\n（二）關於資訊設備之採購規劃、安裝及管理事項。\r\n（三）關於本會議通訊系統之規劃與維護事項。\r\n（四）關於資訊安全之相關事項。\r\n（五）關於協助各組室辦理資訊相關業務事項。\r\n（六）關於資訊教育訓練之相關事項。\r\n（七）其他奉交辦事項。"
		},
		{
			"number": 1200,
			"content": "人事室掌理下列事項：\r\n一、關於本會議組織編制、職務編組歸系、人員配置等事項。\r\n二、關於本會議軍文職人員之任免、陞調、考績（成）、獎懲、保險、退\r\n    休、撫卹、資遣、人事資料管理等事項。\r\n三、關於本會議人員之差勤管理、登錄、識別證製發等事項。\r\n四、關於本會議人員之訓練進修及福利康樂等活動之籌辦事項。\r\n五、其他奉交辦事項。"
		},
		{
			"number": 1300,
			"content": "會計室掌理下列事項：\r\n一、關於本會議經費之歲計、會計、統計等事項。\r\n二、關於本會議概算、預算、決算之擬編事項。\r\n三、關於預算分配、管制、審核等事項。\r\n四、關於會計簿籍之登記、會計報表之編整及付款憑單、記帳憑證之編製\r\n    事項。\r\n五、關於本會議年度預算立法院審議之備詢資料彙整事項。\r\n六、關於原始憑證之審核與經費結報等事項。\r\n七、關於會計檔案之保管事項。\r\n八、其他奉交辦事項。"
		},
		{
			"number": 1400,
			"content": "政風室掌理下列事項：\r\n一、關於本會議政風工作年度計畫之擬訂事項。\r\n二、關於本會議政風法令之宣導事項。\r\n三、關於本會議員工貪瀆不法之預防及公務機密之維護等事項。\r\n四、關於公職人員財產申報之宣導及實質審查事項。\r\n五、關於民眾陳情事項之協處事項。\r\n六、關於政風人事案件之考核及核轉事項。\r\n七、其他奉交辦事項。"
		},
		{
			"number": 1500,
			"content": "本會議業務之處理，實施分層負責制度，逐級授權決定之，各級主管人員\r\n對已授權之事項得逕行決定或代行。其分層負責明細表另定之。"
		},
		{
			"number": 1600,
			"content": "經簽奉秘書長核定之研究專案，得逕呈負責專案之副秘書長或諮詢委員處\r\n理之。"
		},
		{
			"number": 1700,
			"content": "本會議與國內或國際相關學術機構進行合作交流事宜，或邀請學者、專家\r\n進行相關之研討會，由秘書長核定後依相關規定辦理之。"
		},
		{
			"number": 1800,
			"content": "本會議所有之公文書、研究專題、專案研究、各項會議資料、文件、均須\r\n依檔案管理規定，辦理建檔及歸檔。"
		},
		{
			"number": 1900,
			"content": "本會議各級人員處理公文書，應依文書處理手冊、檔案法及本會議文書處\r\n理及檔案管理作業補充說明等相關規定處理；公文書收件後，如無法確定\r\n承辦人員時，由其上級主管商定之；公文處理時限依下列規定：\r\n一、最速件隨到隨辦。\r\n二、速件不得超過三日。\r\n三、普通件不得超過六日。\r\n四、前項公文如案情複雜，無法於限期內完成者，得視需要，簽准展期辦\r\n    理。"
		},
		{
			"number": 2000,
			"content": "本會議人員辦理機密以上公文應按公文保密規定作業程序處理。"
		},
		{
			"number": 2100,
			"content": "本會議各級人員處理事務，如有違誤、稽延，依相關作業規定處理。"
		},
		{
			"number": 2200,
			"content": "本會議各項研究成果均視為本會議之集體智慧財產，未經核准，不得作為\r\n個人著書、寫作、引用之參考資料，亦不得複印或攜出。離職時，亦同。"
		},
		{
			"number": 2300,
			"content": "本會議人員因事不能執行職務或請假時，應依照本會議員工職務代理名冊\r\n規定委託代理，代理人就代理職務負其責任。"
		},
		{
			"number": 2400,
			"content": "國家安全會議奉總統交議或由行政院院長提案或本會議秘書長簽報總統核\r\n准後召開，出席人員依組織法第四條規定之。"
		},
		{
			"number": 2500,
			"content": "高層會議奉總統交議或由行政院院長提案或本會議秘書長簽報總統核准後\r\n召開，參加人員由總統視會議性質指定之。"
		},
		{
			"number": 2600,
			"content": "專案會議，經簽奉秘書長核准後召開之。必要時，得邀請相關機關人員或\r\n學者專家列席。"
		},
		{
			"number": 2700,
			"content": "諮詢委員會議，由秘書長視需要召開之。出席人員為副秘書長、諮詢委員\r\n、秘書處處長及指定人員。"
		},
		{
			"number": 2800,
			"content": "本會議為處理業務需要，得定期召開主管工作會議，由秘書長主持，本會\r\n議處長以上人員出席，必要時得指定人員列席。"
		},
		{
			"number": 2900,
			"content": "每半年召開一次業務檢討策進會，由秘書長主持，組室主管以上人員參加\r\n。"
		},
		{
			"number": 3000,
			"content": "秘書處處務會報，由處長主持，各組室主管及奉指定人員出席。"
		},
		{
			"number": 3100,
			"content": "本會議各項事務管理規定，有未盡事宜者均另訂之。"
		},
		{
			"number": 3200,
			"content": "本規程自發布日施行。"
		}
	]
}