{
	"pcode": "A0010030",
	"type": "法律",
	"title": "三一九槍擊事件真相調查特別委員會條例",
	"url": "https://law.moj.gov.tw/LawClass/LawAll.aspx?pcode=A0010030",
	"category": [
		"立法"
	],
	"lastUpdate": "20060501",
	"isTranslated": false,
	"history": [
		"中華民國九十三年九月二十四日總統華總一義字第 09300168371 號令制定公布全文 19 條；並自公布日施行",
		"中華民國九十五年五月一日總統華總一義字第 09500058961 號令修正發布第 2～4、8、11～13、15、17 條條文；增訂第 8-1～8-3 條條文；並刪除第 16 條條文"
	],
	"divisions": [],
	"articles": [
		{
			"number": 100,
			"content": "為查明中華民國九十三年三月十九日槍擊總統、副總統候選人事件 (以下\r\n簡稱三一九槍擊事件) 真相，平息選舉爭議、安定政局，特制定本條例，\r\n並據以設置「三一九槍擊事件真相調查特別委員會」 (以下簡稱本會) 。\r\n本條例未規定者，適用其他相關法律規定。"
		},
		{
			"number": 200,
			"content": "本會置委員十七人，由立法院各黨 (政) 團依據立法院各政黨席次比例推\r\n薦具有專業知識、聲譽卓著之公正人士，經立法院決議後，由立法院院長\r\n聘任之；召集委員一人，由委員互選產生之。\r\n各黨 (政) 團應於本條例修正公布或每屆立法委員宣誓就職後，五日內提\r\n出推薦人選，逾期未提出者，視為放棄推薦。其缺額由現額委員選出之召\r\n集委員於五日內逕行遴選後，經立法院決議通過後，由立法院院長聘任之\r\n。\r\n召集委員對外代表本會，其因故不能執行職務時，由委員互推一人代行其\r\n職務。\r\n本會委員不得由監察委員或其他任職於行政、考試機關或公營事業機構之\r\n人員出任。立法委員亦不得兼任。"
		},
		{
			"number": 300,
			"content": "本會應於委員任命後十日內自行集會，互選出召集委員；其後之委員會由\r\n召集委員召集之。"
		},
		{
			"number": 400,
			"content": "本會及本會委員須超出黨派以外，依法公正獨立行使職權，對全國人民負\r\n責，不受其他機關之指揮監督，亦不受任何干涉。\r\n本會處理有關本條例事務所為之處分，得以本會名義行之，本會並有起訴\r\n及應訴之當事人能力。"
		},
		{
			"number": 500,
			"content": "本會委員提議調查之事項，經其他委員四人審查同意者，得由該委員逕行\r\n調查。調查結果，由本會依第六條規定處理，不得自行對外公布或發表任\r\n何意見。"
		},
		{
			"number": 600,
			"content": "本會之決議，應經過半數委員之出席，出席委員過半數之同意行之。\r\n本會調查報告之定稿及公布，應經全體委員過半數同意行之。\r\n本會委員對前項調查報告，有不同意見或協同意見者，本會應併同公布。"
		},
		{
			"number": 700,
			"content": "本會就三一九槍擊事件，發生前、後其事件本身或衍生之相關事項均應進\r\n行調查，以查明主導人及有關人員之動機、目的、事實經過及其影響等之\r\n真相。"
		},
		{
			"number": 800,
			"content": "本會或本會委員依本條例為調查時，得為下列行為：\r\n一、通知有關機關、團體、事業或個人到場陳述事實經過或陳述意見。\r\n二、通知有關機關、團體、事業或個人提出有關檔案冊籍、文件及其他必\r\n    要之資料或證物。但審判中之案件資料之調閱，應經該繫屬法院之同\r\n    意。\r\n三、派員前往有關機關、團體、事業或個人之辦公場所、事務所、營業所\r\n    或其他場所為必要之調查或勘驗。\r\n四、委託鑑定。\r\n五、於必要時，得就指定案件或事項，委託其他機關調查。\r\n六、其他必要之調查行為。\r\n各機關接受前項第五款之委託後，應即進行調查，並以書面答復。\r\n本會執行調查之人員依法執行公務時，應出示有關執行職務之證明文件；\r\n其未出示者，受調查者得拒絕之。\r\n本會或本會委員行使調查權時，有關受調查者之程序保障，除本條例另有\r\n規定外，準用監察法有關規定。"
		},
		{
			"number": 801,
			"content": "本會調查人員必要時得臨時封存有關證件資料，或攜去、留置其全部或一\r\n部。\r\n封存、攜去或留置屬於政府機關持有之證件資料者，應經該主管長官之允\r\n許。除經舉證證明確有妨害重大國家利益，並於七日內取得行政法院假處\r\n分裁定同意者外，該主管長官不得拒絕。\r\n凡攜去之證件，該主管人員應加蓋圖章，由調查人員給予收據。"
		},
		{
			"number": 802,
			"content": "本會及本會委員行使職權，應注意遵守正當法律程序，以符合比例原則之\r\n方式為之。\r\n接受調查之有關機關、團體、事業或有關人員，不得以任何理由規避、拖\r\n延或拒絕。但經舉證證明確有妨害重大國家利益或因配合調查致本身有遭\r\n受刑事處罰或行政罰之虞者，不在此限。\r\n違反前項規定者，除向立法院報告並公布外，得按次連續處新臺幣十萬元\r\n以下罰鍰。\r\n前項罰鍰案件之處理，準用行政程序法及行政執行法之規定。\r\n第二項但書及前條第二項除外情形之有無，發生爭議時，受調查者得向本\r\n會所在地之行政法院提起確認訴訟確認之。各級行政法院於受理後，應於\r\n三個月內裁判之。\r\n前項確認訴訟，適用行政訴訟法之規定。"
		},
		{
			"number": 803,
			"content": "本會調查人員必要時，得知會當地政府、檢察機關或其他有關機關協助。\r\n本會調查人員於調查證據遭遇抗拒或為保全證據時，得通知憲警機關協助\r\n，作必要之措施。"
		},
		{
			"number": 900,
			"content": "本會為行使職權，得借調檢察官或軍事檢察官至本會協助調查。\r\n檢察官及軍事檢察官借調本會協助調查期間，不受原所屬機關及其上級機\r\n關長官之指揮監督。"
		},
		{
			"number": 1000,
			"content": "本會對於約詢證人或與其有密切利害關係之人，認有保護及豁免其刑責之\r\n必要者，準用證人保護法關於證人保護及豁免刑責之規定。"
		},
		{
			"number": 1100,
			"content": "調查委員之辦公處所及行政事務，由本會籌辦。\r\n本會召集委員得聘請顧問三人至五人，並得指派、調用或以契約進用適當\r\n人員兼充協同調查人員。\r\n前項調用人員，行政機關不得拒絕。\r\n本會所需經費由立法院預算支應。必要時由行政院第二預備金項下支應，\r\n行政院不得拒絕。"
		},
		{
			"number": 1200,
			"content": "本會對於調查之事件，應於三個月內向立法院提出書面調查報告，並公布\r\n之。如真相仍未查明，應繼續調查，每三個月向立法院提出報告，並公布\r\n之。\r\n本會之報告內容，應具體分析事件之原因、事實經過、影響，並提出建議\r\n。"
		},
		{
			"number": 1300,
			"content": "本會調查結果，涉及刑事責任者，移送檢察官或軍事檢察官依法偵辦。\r\n前項案件應於六個月內偵查終結。"
		},
		{
			"number": 1400,
			"content": "本會委員之調查及討論均不公開。\r\n本會委員及參與本會事務有關人員就職務上所知悉或持有之各項文書、圖\r\n畫、消息、物品及其他資訊，除本法或其他法令規定得予公開者外，應保\r\n守秘密，不得洩漏於第三人。"
		},
		{
			"number": 1500,
			"content": "本會委員喪失行為能力或違反法令者，得經立法院決議，予以除名。\r\n本會委員除名或因故出缺時，由原推薦之黨 (政) 團於五日內推薦其他人\r\n選，經立法院決議通過後遞補之，並由立法院院長於五日內聘任之。"
		},
		{
			"number": 1600,
			"content": "（刪除）"
		},
		{
			"number": 1700,
			"content": "本會委員及顧問均為無給職，但得酌支報酬。\r\n前項報酬支給標準，由立法院定之。"
		},
		{
			"number": 1800,
			"content": "本會於偵查或審判與調查事件相關案件之司法機關提出請求時，應給予立\r\n即、最大之協助。"
		},
		{
			"number": 1900,
			"content": "本條例自公布日施行。"
		}
	]
}