{
	"pcode": "A0010070",
	"type": "命令",
	"title": "考試院會議規則",
	"url": "https://law.moj.gov.tw/LawClass/LawAll.aspx?pcode=A0010070",
	"category": [
		"考試",
		"院本部",
		"組織目"
	],
	"lastUpdate": "20150402",
	"isTranslated": false,
	"history": [
		"中華民國三十七年九月十一日考試院令訂定發布",
		"中華民國三十九年一月二十六日考試院令修正發布第 3 條條文",
		"中華民國三十九年八月三日考試院令修正發布第 10 條條文",
		"中華民國四十三年九月十三日考試院（43）台試秘文字第 1105 號令修正發布第 10 條條文",
		"中華民國四十五年十二月三十一日考試院（45）台試秘文字第 2442 號令修正發布",
		"中華民國四十六年四月二十四日考試院（46）台試秘一字第 0733 號令修正發布第 19 條條文",
		"中華民國四十九年十二月二十九日考試院（49）考台秘一字第 1733 號令修正發布",
		"中華民國五十一年五月二日考試院（51）考台秘一字第 0590 號令修正發布第 11 條條文",
		"中華民國五十二年三月四日考試院（52）考台秘一字第 0322 號令修正發布第 11 條條文",
		"中華民國五十三年八月七日考試院（53）考台秘一字第 1401 號令修正發布第 11、16 條條文",
		"中華民國五十三年九月十日考試院（53）考台秘一字第 1608 號令修正發布第 11 條條文",
		"中華民國五十四年三月十三日考試院（54）考台秘一字第 0416 號令修正發布第 11 條條文",
		"中華民國七十一年六月一日考試院（71）考台秘一字第 2004 號令修正發布",
		"中華民國七十五年三月二十四日考試院（75）考台秘一字第 0904 號令修正發布全文 38 條",
		"中華民國八十年九月二十五日考試院（80）考台秘一字第 3169 號令修正發布",
		"中華民國八十三年九月三十日考試院（83）考台秘議字第 3134 號令修正發布第 2 條條文",
		"中華民國八十五年五月二十三日考試院（85）考台秘議字第 03258 號令修正發布第 2、7、10、11 條條文",
		"中華民國八十五年十一月十五日考試院（85）考台秘議字第 07076 號令修正發布",
		"中華民國八十八年十一月二十五日考試院（88）考台秘議字第 08130 號令修正發布全文 38 條；並自發布日起施行",
		"中華民國九十一年九月十六日考試院考台秘議字第 0910007812 號令修正發布第 23、24 條條文；並增訂第 24-1、24-2 條條文",
		"中華民國九十一年十一月十一日考試院考台秘議字第 0910009478 號令修正發布第 2、5、12、17、20、23～32 條條文",
		"中華民國九十二年二月二十五日考試院考台秘議字第 09200015731 號令修正發布第 24 條條文",
		"中華民國九十七年九月十五日考試院考臺秘議字第 09700067111 號令修正發布第 23、24、24-1、24-2、26、27 條條文",
		"中華民國一百零四年四月二日考試院考臺秘議字第 10400024651 號令修正發布全文 40 條；並自發布日施行"
	],
	"divisions": [
		{
			"type": "章",
			"number": 100,
			"title": "總則",
			"start": 100,
			"end": 700
		},
		{
			"type": "章",
			"number": 200,
			"title": "議程",
			"start": 800,
			"end": 1100
		},
		{
			"type": "章",
			"number": 300,
			"title": "開會",
			"start": 1200,
			"end": 2000
		},
		{
			"type": "章",
			"number": 400,
			"title": "討論",
			"start": 2100,
			"end": 2200
		},
		{
			"type": "章",
			"number": 500,
			"title": "審查",
			"start": 2300,
			"end": 3000
		},
		{
			"type": "章",
			"number": 600,
			"title": "表決",
			"start": 3100,
			"end": 3300
		},
		{
			"type": "章",
			"number": 700,
			"title": "復議",
			"start": 3400,
			"end": 3600
		},
		{
			"type": "章",
			"number": 800,
			"title": "會議紀錄",
			"start": 3700,
			"end": 3800
		},
		{
			"type": "章",
			"number": 900,
			"title": "附則",
			"start": 3900,
			"end": 4000
		}
	],
	"articles": [
		{
			"number": 100,
			"content": "本規則依考試院組織法第十八條規定訂定之。"
		},
		{
			"number": 200,
			"content": "考試院會議（以下簡稱本院會議）依考試院組織法第七條規定，由院長、\r\n副院長、考試委員、考選部部長、銓敘部部長及公務人員保障暨培訓委員\r\n會主任委員組織之。\r\n考試院秘書長、副秘書長、考選部、銓敘部、公務人員保障暨培訓委員會\r\n副首長及行政院人事行政總處人事長均應列席。"
		},
		{
			"number": 300,
			"content": "本院會議須有應出席人員過半數之出席，方得開會。其議決以出席人員過\r\n半數之同意為之；可否同數時，取決於主席。\r\n前項開會人數，以第二條第一項應出席人員實有人數為準。"
		},
		{
			"number": 400,
			"content": "本院會議以院長為主席。院長不能出席時，以副院長為主席；副院長亦不\r\n能出席時，由出席人員中公推考試委員一人為主席。"
		},
		{
			"number": 500,
			"content": "本院會議每星期四舉行一次。院長或其他應出席人員三分之一以上認為必\r\n要時，得改開秘密會議或召集臨時會議，或停止舉行會議。\r\n前項會議日期如逢例假日，得順延於後一日舉行，或停止舉行會議。"
		},
		{
			"number": 600,
			"content": "本院會議議決事項，由院長執行之。"
		},
		{
			"number": 700,
			"content": "本院會議考試委員座次，每屆第一次會議前抽籤編定，以後每滿一年得抽\r\n換一次。"
		},
		{
			"number": 800,
			"content": "本院會議議程由秘書處編擬，經院長核定後，除有特殊情形外，至遲於開\r\n會前二日送達各出列席人員。但機密議案得於會場臨時分送，並於會後收\r\n回。"
		},
		{
			"number": 900,
			"content": "本院會議議程應分列會議時間、地點、報告事項、討論事項及臨時動議。\r\n討論案件應具案由、說明及擬辦，並附相關資料。"
		},
		{
			"number": 1000,
			"content": "下列事項應列入報告事項：\r\n一、上次會議紀錄。\r\n二、會議決議事項執行之情形。\r\n三、院部會薦任第九職等以上正副主管人員及各機關（構）、學校簡任第\r\n    十職等以上人事正副主管人員之任免名冊。\r\n四、中央政府總預算有關本院主管之歲入歲出預算及決算。\r\n五、國外考察及國內分區視導考銓業務考察計畫。\r\n六、各種類考試及全部科目免試辦理經過。\r\n七、各種考試增加錄取名額案與依法補行錄取案。\r\n八、考選部重要業務報告。\r\n九、銓敘部重要業務報告。\r\n十、公務人員保障暨培訓委員會重要業務報告。\r\n十一、行政院人事行政總處重要人事考銓業務報告。\r\n十二、考試院秘書長重要工作報告。\r\n十三、其他報請核備事項及有關報告。\r\n未及編入議程之緊急或重要事項，得於議程報告事項後，臨時提出之。"
		},
		{
			"number": 1100,
			"content": "下列事項應列入討論事項：\r\n一、關於考銓政策之決定。\r\n二、關於本院施政綱領、年度施政計畫及概算。\r\n三、關於向立法院提出之法律案。\r\n四、關於院部會發布及應由院核准之重要規程、規則、細則、辦法、綱要\r\n    、標準、準則及事例。\r\n五、關於舉行考試與典（主）試委員長人選之決定。\r\n六、關於院部會間共同事項。\r\n七、出席人員有關考銓事項之提案。\r\n八、其他有關考銓重要事項。\r\n未及編入議程之緊急或重要事項，得於議程討論事項後，臨時提出之。"
		},
		{
			"number": 1200,
			"content": "本院會議開會時，出席、列席人員均應於會議簽到簿分別簽名，其因公、\r\n因病或因事不能出席或列席，應於會前通知秘書處報告本院會議。"
		},
		{
			"number": 1300,
			"content": "開會前由秘書長報告出席人數，已足開會人數時，主席即宣告開會。已屆\r\n開會時間而不足開會人數時，主席得宣告延後開會；延後開會時間已屆，\r\n如仍不足人數時，主席得宣告改期開會或改開談話會。"
		},
		{
			"number": 1400,
			"content": "議程所列報告事項應依序進行，如有出席人員提議，並有三人以上連署或\r\n附議時，應移列討論事項討論之。\r\n出席人員之提案，應有三人以上連署或附議。"
		},
		{
			"number": 1500,
			"content": "在會議進行中遇有重要臨時事項，必要時，主席得徵詢出席人員二分之一\r\n以上之同意，變更議程，提前處理。"
		},
		{
			"number": 1600,
			"content": "本院會議開會時間為上午九時至中午十二時。\r\n院會進行中，主席得酌定時間，宣告休息。\r\n散會時間已屆，而議案尚未討論完畢，主席得徵詢出席人員二分之一以上\r\n之同意，酌定延長時間。"
		},
		{
			"number": 1700,
			"content": "出席或列席人員請求發言，應徵求主席同意，依序為之；二人以上同時請\r\n求者，由主席定其發言之先後。每位發言時間，不得逾五分鐘。但經主席\r\n同意，得延長三分鐘。\r\n二次以上發言者，應於前一次發言人員全部結束後為之。每位發言時間，\r\n以三分鐘為限。\r\n超過前二項時間者，主席得中止其發言。出席或列席人員發言如有超出議\r\n題範圍者，主席得提請其注意或停止其發言；其他出席人員亦得提請主席\r\n為之。"
		},
		{
			"number": 1800,
			"content": "第十條第一項第八款至第十三款規定之報告事項，報告時間不得逾五分鐘\r\n，但經主席同意，得延長三分鐘。\r\n超過前項時間者，主席得中止其報告。"
		},
		{
			"number": 1900,
			"content": "出席、列席人員在會議進行中，如因事須先退席時，應取得主席同意。"
		},
		{
			"number": 2000,
			"content": "參加會議之人員對於會議內容，應嚴守秘密，不得洩漏。\r\n本院會議之決議、決定事項，需發布新聞者，由本院新聞發言人統一對外\r\n發布。"
		},
		{
			"number": 2100,
			"content": "主席於宣告討論案件時，按照議案之次序逐案討論；必要時，主席得徵詢\r\n出席人員二分之一以上之同意，變更之。\r\n討論案件性質相同或具相當關聯性者，得合併討論。"
		},
		{
			"number": 2200,
			"content": "主席對於議案之討論，認為已達付表決之程度時，經徵得出席人員同意後\r\n，得宣告停止討論，即付表決。\r\n出席人員亦得提出停止討論之動議，經三人以上連署或附議，主席徵得出\r\n席人員同意後，逕付表決。"
		},
		{
			"number": 2300,
			"content": "討論之議案得經主席徵求出席人員二分之一以上之同意，交付審查會審查\r\n。"
		},
		{
			"number": 2400,
			"content": "討論之議案視其性質，得交由全院審查會或小組審查會審查。\r\n全院審查會以副院長、考試委員、考選部部長、銓敘部部長及公務人員保\r\n障暨培訓委員會主任委員組成之，由副院長召集，遇有特殊情形時，得交\r\n由考試委員召集。\r\n小組審查會以應出席人員七人至十一人組成之，議案之相關部會首長，為\r\n當然審查委員；其召集人及審查委員，分別輪流擔任。"
		},
		{
			"number": 2500,
			"content": "審查會開會時以召集人為主席。召集人不能出席時，由出席委員公推一人\r\n為主席。"
		},
		{
			"number": 2600,
			"content": "小組審查會於審查議案時，如因情事變更，得報請本院會議同意，改開全\r\n院審查會。"
		},
		{
			"number": 2700,
			"content": "審查會審查議案之期限，未明定者以不超過四星期為原則。"
		},
		{
			"number": 2800,
			"content": "議案交付審查時，應指定有關列席人員參加，並由本院相關單位及關係部\r\n會準備必要之參考資料。\r\n審查會召集人認為必要時，得邀請其他有關人員列席說明，說明完畢應即\r\n離席。\r\n審查會認為必要時，得舉行說明會或公聽會。"
		},
		{
			"number": 2900,
			"content": "審查會於議案審查完畢後，由召集人作成審查報告，提本院會議討論。"
		},
		{
			"number": 3000,
			"content": "審查委員對於本院會議交付審查之議案，作成審查報告後，向本院會議提\r\n出討論時，除在審查會中聲明保留發言權者外，不得再提不同意見。"
		},
		{
			"number": 3100,
			"content": "議案討論終結，主席應即提付表決，如有兩個以上修正動議並有附議時，\r\n應就其與原案旨趣距離較遠者，依次付表決；如先付表決者已得可決時，\r\n其餘修正動議不再付表決。"
		},
		{
			"number": 3200,
			"content": "議案付表決時，由主席視其性質，以下列方式之一行之，但出席人員有異\r\n議時，應徵求議場多數之意見決定之：\r\n一、口頭表決。\r\n二、舉手表決。\r\n三、投票表決。\r\n四、表決器表決。\r\n前項第二款及第三款之表決，如有出席人員提議，並經三人以上連署或附\r\n議時，應將其贊成、反對或棄權者之姓名，分別記明。"
		},
		{
			"number": 3300,
			"content": "議案表決之結果，主席應當場報告並記明會議紀錄。\r\n出席人員對於表決結果有疑問時，得經出席人員三分之一以上同意，提請\r\n主席重行表決，但以一次為限。"
		},
		{
			"number": 3400,
			"content": "復議之議案，院長認為有必要時，或經出席人員五分之一以上連署或附議\r\n時，得提付復議。\r\n復議案須有應出席人員過半數之出席及出席人員二分之一以上之同意為之\r\n。"
		},
		{
			"number": 3500,
			"content": "復議動議應於原案決議後尚未執行、下次會議散會前提出之。其討論之時\r\n間，由主席徵得出席人員同意後決定之。"
		},
		{
			"number": 3600,
			"content": "經復議之議案於表決確定後，不得再為復議之動議。"
		},
		{
			"number": 3700,
			"content": "本院會議紀錄，應載明下列事項：\r\n一、屆別、會議次數。\r\n二、會議時間。\r\n三、會議地點。\r\n四、出席者及列席者姓名。\r\n五、請假者及缺席者姓名。\r\n六、主席姓名。\r\n七、紀錄者姓名。\r\n八、報告事項之案由及決定。\r\n九、討論事項之案由及決議。\r\n十、其他應行記載之事項。"
		},
		{
			"number": 3800,
			"content": "本院會議紀錄於下次會議時宣讀之，每屆最後一次會議之紀錄，於散會前\r\n宣讀。\r\n前項紀錄，出席人員如認為有遺漏、錯誤時，由主席徵得出席人員同意後\r\n更正之。\r\n會議紀錄經宣讀並經主席簽名後，除秘密事項外，應印送出列席人員及有\r\n關單位。\r\n會議中有關發言之發言錄或錄音，應予保存。"
		},
		{
			"number": 3900,
			"content": "本規則未規定事項，適用會議規範之規定。"
		},
		{
			"number": 4000,
			"content": "本規則自發布日施行。"
		}
	]
}