{
	"pcode": "A0010038",
	"type": "命令",
	"title": "行政院公共工程委員會法規委員會組織規程",
	"url": "https://law.moj.gov.tw/LawClass/LawAll.aspx?pcode=A0010038",
	"category": [
		"行政",
		"行政院公共工程委員會",
		"組織目"
	],
	"lastUpdate": "19960530",
	"isTranslated": false,
	"history": [
		"中華民國八十五年五月三十日行政院公共工程委員會（85）工程秘字第 1050 號令訂定發布全文 11 條"
	],
	"divisions": [],
	"articles": [
		{
			"number": 100,
			"content": "行政院公共工程委員會 (以下簡稱本會) 為處理法制事務，依本會組織條\r\n例第十六條規定，設法規委員會 (以下簡稱法規會) 。"
		},
		{
			"number": 200,
			"content": "法規會掌理下列事項：\r\n一、年度立法計畫及法規整理計畫之審議事項。\r\n二、法規制 (訂) 定、修正、廢止之研議或審議事項。\r\n三、法規疑義之研議或闡釋事項。\r\n四、法規資料之蒐集、整理及編印事項。\r\n五、法制作業之協調、聯繫事項。\r\n六、其他有關法制事項。"
		},
		{
			"number": 300,
			"content": "法規會置主任委員一人，由本會主任委員指定本會副主任委員一人兼任之\r\n；副主任委員一人，襄助主任委員處理會務，由本會主任委員就本會適當\r\n人員中指定一人兼任之。"
		},
		{
			"number": 400,
			"content": "法規會置委員七人至十一人，由本會主任委員指派本會有關高級人員兼任\r\n或就學者、專家聘兼之。任期均為二年，期滿得續派 (聘) 之。"
		},
		{
			"number": 500,
			"content": "法規會置執行秘書一人，承主任委員之命，處理日常事務；工作人員三人\r\n至七人，受執行秘書之指揮監督，辦理所任事務。\r\n前項人員，均由本會法定員額內派充之。"
		},
		{
			"number": 600,
			"content": "法規會委員會議，由主任委員召集之，並為主席；主任委員未能出席時，\r\n由副主任委員代理之。"
		},
		{
			"number": 700,
			"content": "法規會委員會議之決議，應有過半數委員之出席，出席委員過半數之同意\r\n行之。可否同數時，由主席裁決之。"
		},
		{
			"number": 800,
			"content": "法規會委員會議開會時，得邀請有關單位、人員或專家、學者列席。"
		},
		{
			"number": 900,
			"content": "法規會必要時得委託學術機構或專家、學者，協助蒐集或研究有關本會法\r\n規之資料。"
		},
		{
			"number": 1000,
			"content": "法規會委員為無給職。但非本會人員兼任者，得依規定支給兼職酬勞。"
		},
		{
			"number": 1100,
			"content": "本規程自發布日施行。"
		}
	]
}