{
	"pcode": "A0010060",
	"type": "命令",
	"title": "最高行政法院處務規程",
	"url": "https://law.moj.gov.tw/LawClass/LawAll.aspx?pcode=A0010060",
	"category": [
		"司法",
		"院本部",
		"組織目"
	],
	"lastUpdate": "20141121",
	"isTranslated": false,
	"history": [
		"中華民國八十九年七月四日司法院（89）院台廳行一字第 16008 號函訂定發布全文 77 條；並溯自八十九年七月一日起施行",
		"中華民國九十年二月二十六日司法院（90）院台廳行一字第 04978 號函修正發布第 39 條條文",
		"中華民國一百年四月二十五日司法院院台廳司一字第 1000010020 號令增訂發布第 18-1 條條文",
		"中華民國一百零一年三月十三日司法院院台廳司一字 1010007152 號令修正發布第 56、57、77 條條文；並自一百零一年四月十六日施行",
		"中華民國一百零三年七月十六日司法院院台廳司一字第 1030020203 號令修正發布第 56、77 條條文；並自發布日施行",
		"中華民國一百零三年十一月二十一日司法院院台廳司一字第 1030032569 號令增訂發布第 76-1、76-2 條條文"
	],
	"divisions": [
		{
			"type": "章",
			"number": 100,
			"title": "通則",
			"start": 100,
			"end": 800
		},
		{
			"type": "章",
			"number": 200,
			"title": "院長",
			"start": 900,
			"end": 1400
		},
		{
			"type": "章",
			"number": 300,
			"title": "庭長、法官",
			"start": 1500,
			"end": 2800
		},
		{
			"type": "章",
			"number": 400,
			"title": "書記廳",
			"start": 2900,
			"end": 4100
		},
		{
			"type": "章",
			"number": 500,
			"title": "人事室、會計室、統計室、政風室、資訊室",
			"start": 4200,
			"end": 5300
		},
		{
			"type": "章",
			"number": 600,
			"title": "處理文件程序",
			"start": 5400,
			"end": 7400
		},
		{
			"type": "章",
			"number": 700,
			"title": "附則",
			"start": 7500,
			"end": 7700
		}
	],
	"articles": [
		{
			"number": 100,
			"content": "本規程依行政法院組織法第三十條之規定訂定之。"
		},
		{
			"number": 200,
			"content": "最高行政法院 (以下簡稱本院) 處理事務，除法規別有規定外，依本規程\r\n行之。"
		},
		{
			"number": 300,
			"content": "本院文件，以本院或院長名義行之。但依法規或依其性質得以各庭、科、\r\n室或書記廳名義行之者，不在此限。"
		},
		{
			"number": 400,
			"content": "本院庭長、法官次年度之事務分配、代理次序及合議審判法官之配置，於\r\n每年年終會議決定之。\r\n前項決定，應製成事務分配表及代理次序表。\r\n院長認為必要時，得於年終會議前召集庭長、法官若干人，組成作業小組\r\n，預擬前項事務分配表及代理次序表草案。\r\n第一項會議後，遇有人員變動或其他事由須變更前項之分配表及次序表時\r\n，得由院長徵詢有關庭長、法官之意見後決定之。"
		},
		{
			"number": 500,
			"content": "本院其他職員事務之分配，由院長決定之。"
		},
		{
			"number": 600,
			"content": "本院辦公時間，依中央政府法令之規定。但遇特別情形有延長之必要時不\r\n在此限。\r\n星期日及例假日，書記廳應派員輪流值日。每日散值後，應派員值夜。"
		},
		{
			"number": 700,
			"content": "本院員工到值散值時間，應親註於考勤簿並簽名，或以電子刷卡方式為之\r\n，逐日層送院長核閱。其因事、因病或其他事由請假者，依照公務員請假\r\n規則辦理。"
		},
		{
			"number": 800,
			"content": "本院職員對於承辦或與聞事件未經宣布者，應嚴守秘密。"
		},
		{
			"number": 900,
			"content": "院長綜理全院行政事務，其處理院內事務以命令行之。但尋常事務得命書\r\n記廳以傳覽簿行之。\r\n院長因督促行政事務進行，得酌定辦結期限。"
		},
		{
			"number": 1000,
			"content": "院長之職責如下：\r\n一、本院工作計畫之決定。\r\n二、法律建議案之核定及本院單行法規之核定發布。\r\n三、本院庭數之擬議。\r\n四、本院職員員額之擬議。\r\n五、裁判書之事後研閱。\r\n六、編製概算及預算案之提示。\r\n七、本院各單位工作之監督指導及考核。\r\n八、本院職員之任免、獎懲、監督及考核。\r\n九、重要行政文件之判行。\r\n十、庭長會議、庭長、法官聯席會議、年終會議及其他重要會議之主持。\r\n十一、上級機關重要行政命令執行之監督考核。\r\n十二、人民陳訴事件之處理。\r\n十三、向上級或有關機關建議或報告事項之核定。\r\n十四、其他有關院務之處理。"
		},
		{
			"number": 1100,
			"content": "院長對於行政事務之處理，認有諮詢之必要時，得召集庭長會議、庭長、\r\n法官聯席會議或行政會議。"
		},
		{
			"number": 1200,
			"content": "本院院長得視事務之增減及業務之需要，擬具年度概算，報請司法院核辦\r\n。"
		},
		{
			"number": 1300,
			"content": "院長有事故不能執行職務時，由資深庭長或院長指定之庭長代理，並陳報\r\n司法院。"
		},
		{
			"number": 1400,
			"content": "院長為謀審判業務及行政事務之改進，得指定人員擔任研究、設計、審核\r\n等事宜。\r\n前項人員得指定停止辦理事件之庭長、法官擔任。"
		},
		{
			"number": 1500,
			"content": "各庭置庭長一人，法官四人，合議審判訴訟事件。"
		},
		{
			"number": 1600,
			"content": "庭長之職責如下：\r\n一、本庭事務之監督。\r\n二、本庭評議之主持及評議簿之保管。\r\n三、本庭關於訴訟進行文件之判行。\r\n四、本庭法官所擬裁判書之核定。\r\n五、本庭裁判可備充判例之選擇。\r\n六、年終會議決議及院長交辦事項之處理。\r\n七、本庭法官工作之考核與獎懲之擬議。\r\n八、對調辦事法官之督導考核。\r\n九、配置本庭法官助理及其他職員工作之指揮及操行、學識、能力之考核\r\n    監督與獎懲之擬議。\r\n十、人民陳訴事件之調查及擬議。\r\n十一、法律問題之研究。\r\n十二、抽籤及電腦分案事務之主持。\r\n十三、有關業務改進建議事項。\r\n前項規定，於未設庭長之審判長準用之。"
		},
		{
			"number": 1700,
			"content": "各庭庭長相互間行政事務之劃分與處理，由年終會議或院長徵詢有關庭長\r\n意見後決定之。"
		},
		{
			"number": 1800,
			"content": "庭長有事故不能執行職務時，行政事務之代理依代理次序表。"
		},
		{
			"number": 1801,
			"content": "對於上訴事件得設置審查庭，審查當事人之上訴是否以違背法令為理由。\r\n前項事務之分配，由院長提交年終會議決定之，其於中途設置或變更者，\r\n提交庭長會議決定之。"
		},
		{
			"number": 1900,
			"content": "法官職責如下：\r\n一、主辦事件之審理進行。\r\n二、關於主辦事件訴訟進行文稿之審核。\r\n三、參與評議時意見之陳述。\r\n四、主辦事件裁判書之撰擬。\r\n五、就主辦事件對於配置書記官執行職務之指揮考核。\r\n六、其他有關審判程序之事項。\r\n七、院長、庭長交辦之審判外之院務。\r\n第十六條第二款至第五款之規定於法官充審判長時準用之。"
		},
		{
			"number": 2000,
			"content": "各庭法官席次，以任職年月日之先後定之，任職期間相同者，以職等高者\r\n為先，職等相同者，以年長者為先，其間有斷資者，應前後接續計算年資\r\n。"
		},
		{
			"number": 2100,
			"content": "各庭法官因事故致評議缺員時，依代理次序表，由他庭法官代理。"
		},
		{
			"number": 2200,
			"content": "言詞辯論時，審判長認有定額旁聽之必要者，得通知書記廳製發旁聽證。"
		},
		{
			"number": 2300,
			"content": "評議之決議應記載於評議簿，如法官中有與決議不同意見者，應於該評議\r\n簿附記其意見。"
		},
		{
			"number": 2400,
			"content": "法官配受事件依法應製作裁判書，並依法律規定期限，將裁判書交付書記\r\n官製作正本後，送院長研閱。\r\n院長於必要時，得指定庭長襄助研閱之。"
		},
		{
			"number": 2500,
			"content": "經評議決定之裁判主文，應由各該庭書記科立即公告，抄送文書科，並通\r\n知行政機關以外之當事人。"
		},
		{
			"number": 2600,
			"content": "訴訟事件具有參考價值者，應由審判長或法官交文書科摘錄裁判要旨連同\r\n裁判書正本提出於庭長、法官聯席會議審查。"
		},
		{
			"number": 2700,
			"content": "本院之裁判，其所持法律見解，認有編為判例之必要者，應經由庭長、法\r\n官聯席會議，以現職辦案人員總額三分之二多數決議後，報請司法院備查\r\n。\r\n關於訴訟事件法律上之見解，認有變更判例之必要時，適用前項規定。"
		},
		{
			"number": 2800,
			"content": "各庭為統一法令之見解，或院長認有必要時，得由院長召集庭長、法官聯\r\n席會議。"
		},
		{
			"number": 2900,
			"content": "本院設書記廳，置書記官長一人，承院長之命，處理行政事務，並指揮監\r\n督書記廳一切事務。"
		},
		{
			"number": 3000,
			"content": "書記官長之職責如下：\r\n一、承院長之命處理本院行政事務。\r\n二、院長交辦事項及機要文件之辦理。\r\n三、所屬各科職員之指揮監督及工作調整之擬議。\r\n四、本院重要會議之籌劃進行。\r\n五、建議院長有關業務改進及注意事項。\r\n六、本院重要行政文件之審核。\r\n七、本院尋常行政文件之簽發。\r\n八、書記廳重要文件之判行。\r\n九、新聞之發布及其他公共關係之聯繫事項。\r\n十、各科室就其主管事務爭議事項歸屬之指定。"
		},
		{
			"number": 3100,
			"content": "書記廳設下列科，承長官之命，辦理各該科主管事務：\r\n一、各庭各設書記科。\r\n二、審查科。\r\n三、文書科。\r\n四、研究發展考核科。\r\n五、總務科。\r\n六、訴訟輔導科。\r\n七、本院置法警長一人，法警若干人，必要時得置副法警長一人，法警之\r\n    管理準用法警管理辦法之規定，其他作業要點及執行職務注意事項由\r\n    本院另訂之。\r\n各科置科長一人，書記官若干人，科長以一等書記官兼任之。\r\n各科於業務需要，得分股辦事，股長由一等或二等書記官兼任之。書記廳\r\n置通譯、法警、執達員、錄事、庭務員若干人，辦理有關通譯、警衛、送\r\n達及值庭等事務。"
		},
		{
			"number": 3200,
			"content": "書記科職掌如下：\r\n一、訴訟卷證之點收整理及編訂事項。\r\n二、訴訟事件之登記事項。\r\n三、裁判參考資料之整理編目事項。\r\n四、筆錄及期日通知之製作事項。\r\n五、訴訟進行中文稿之撰擬事項。\r\n六、裁判之編號事項。\r\n七、訴訟卷證之保管事項。\r\n八、裁判正本之製作、送達與主文之通知、公告事項。\r\n九、已結卷宗之編訂、發還、歸檔事項。\r\n十、裁判後文件之處理事項。\r\n十一、其他依法令應由書記科辦理事務或長官交辦事項。\r\n各庭書記科並應受各該庭長之指揮監督。"
		},
		{
			"number": 3300,
			"content": "審查科之職掌如下：\r\n一、文書科送交訴訟文卷之點收事項。\r\n二、新案卷宗及卷證標目之編訂事項。\r\n三、訴訟事件之總登記事項。\r\n四、訴訟事件程序上初步審查事項。\r\n五、訴訟事件分案前之文稿撰擬事項。\r\n六、訴訟事件分案前卷證之保管事項。\r\n七、訴訟事件之分配事項。\r\n八、不經裁判而終結事件之處理。\r\n九、其他事務或長官交辦事項。\r\n訴訟事件程序初步審查應辦事項另訂之。\r\n審查科就訴訟事件程序上應辦事項，並受辦理分案及審查之庭長指揮監督\r\n。"
		},
		{
			"number": 3400,
			"content": "文書科之職掌如下：\r\n一、印信之典守事項。\r\n二、文件之收發、分配、譯電、繕印及校對事項。\r\n三、行政文件之撰擬、呈轉及傳覽事項。\r\n四、工作計畫及報告之彙編事項。\r\n五、文件之編檔保存及圖書報刊徵集管理事項。\r\n六、法令之編輯、分送、通告、分類登記及保管事項。\r\n七、裁判資料之蒐集、分析、登記、製卡、保管、複製及送登公報事項。\r\n八、裁判書及其他刊物之編輯校對事項。\r\n九、判例要旨之彙輯事項。\r\n十、會議及集會之紀錄事項。\r\n十一、本院有關行政法令之研擬、保管、彙編事項。\r\n十二、報刊、雜誌有關新聞之剪輯、保存事項。\r\n十三、人民陳訴、申請、檢舉事件之文書處理事項。\r\n十四、其他事務或長官交辦事項。"
		},
		{
			"number": 3500,
			"content": "研究發展考核科之職掌如下：\r\n一、研究發展工作之推行事項。\r\n二、年度工作計畫之編擬事項。\r\n三、文書稽催管制事項。\r\n四、訴訟事件進行檢查事項。\r\n五、列管事項之追蹤、管制、考核事項。\r\n六、其他有關研究發展考核及長官交辦事項。\r\n研究發展考核進行情形及結果，承辦人員應按月列表送請書記官長轉陳院\r\n長核閱，並依其職權作適當之處理。"
		},
		{
			"number": 3600,
			"content": "總務科之職掌如下：\r\n一、本院經費暨其他款項之出納及保管事項。\r\n二、司法與其他收入及繳庫事項。\r\n三、保管案內特別文件及重要物品事項。\r\n四、本院財產物品之購置、保管、發給事項。\r\n五、公有廳舍營建、修繕及分配使用事項。\r\n六、出版及發行事項。\r\n七、本院安全維護、消防及衛生事項。\r\n八、同仁福利事項。\r\n九、司機、技工、工友之訓練、管理、考核及獎懲等事項。\r\n十、會議及集會場地之布置事項。\r\n十一、公務車輛調派事項。\r\n十二、其他關於庶務或長官交辦事項。"
		},
		{
			"number": 3700,
			"content": "訴訟輔導科之職掌如下：\r\n一、輔導訴訟當事人或關係人對於訴訟進行之手續。\r\n二、洽領裁判書類正本及其他應送達或發還之文書。\r\n三、答覆關於訴訟程序之詢問。\r\n四、查詢裁判主文及有關訴訟事件進行情形。\r\n五、洽辦法律扶助事項。\r\n六、洽請閱覽卷宗。\r\n七、其他有關便民服務或長官交辦事項。"
		},
		{
			"number": 3800,
			"content": "科長之職責如下：\r\n一、本科職員事務之分配。但別有院令者不在此限。\r\n二、長官交辦事項之擬議。\r\n三、主管事項之調查與執行。\r\n四、本科文稿之審核。\r\n五、主管重要文稿之撰擬。\r\n六、本科職員之監督、考核與獎懲之擬議。\r\n七、本科例行文件之簽發。\r\n八、其他法定事項之處理。\r\n前項規定於股長準用之。"
		},
		{
			"number": 3900,
			"content": "書記官之職責如下：\r\n一、辦理分配事務事項。\r\n二、科長或股長指定各該科股職掌內之有關事項。\r\n三、長官交辦事項。\r\n四、其他有關事項。\r\n書記官應服從其配屬庭長、法官之指揮命令執行職務，並應服從依行政法\r\n院組織法第十五條第二項規定，調至最高行政法院協助法官辦事之高等行\r\n政法院或高等法院以下各級法院及其分院法官、試署法官或候補法官，於\r\n職務權限內之指揮命令執行職務。但該辦事法官、試署法官或候補法官之\r\n指揮命令與受其協助之庭長、法官之指揮命令有牴觸者，應服從其配屬庭\r\n長、法官之指揮法令。"
		},
		{
			"number": 4000,
			"content": "書記官長為討論書記廳行政事務，得召集所屬職員會議，由書記官長任主\r\n席，但不採表決制。"
		},
		{
			"number": 4100,
			"content": "書記官長因事故不能執行職務時，應報請院長指定適當人員代理。\r\n科長因事故不能執行職務時，由書記官長指定代理人。\r\n其餘職員因事故不能執行職務時，依事務性質由科室主管指定代理人。\r\n第二項代理期間逾三日者，應報經院長核定。"
		},
		{
			"number": 4200,
			"content": "本院設人事室，置主任一人、科員若干人。\r\n人事室職掌如下：\r\n一、機關組織及員額編制事項。\r\n二、任免、遷調、送審、動態、請任、請免事項。\r\n三、差假、勤惰之考查及登記事項。\r\n四、平時考核、考績、獎懲事項。\r\n五、考試、訓練、進修、出國事項。\r\n六、待遇、福利、各項補助之研擬審核事項。\r\n七、公務人員及眷屬保險、福利互助、員工康樂活動事項。\r\n八、退休、退職、資遣、撫卹事項。\r\n九、人事資料之登記、統計、編報、保管事項。\r\n十、其他有關人事事務或長官交辦事項。"
		},
		{
			"number": 4300,
			"content": "人事室主任，依法律主辦人事管理事務，並受院長之指揮監督。"
		},
		{
			"number": 4400,
			"content": "本院設會計室，置主任一人，科員若干人。\r\n會計室職掌如下：\r\n一、公務歲計、公務出納與公務財物之會計事項。\r\n二、預算、決算之編製事項。\r\n三、會計、現金財務、財物預算及工作之審核事項。\r\n四、營繕工程及購置財物之會同監辦事項。\r\n五、付款憑單與收支轉帳傳票之編製與覆核事項。\r\n六、各類會計帳簿之登錄事項。\r\n七、會計報表之編送事項。\r\n八、會計憑證、簿籍、報表及會計檔卷之保管事項。\r\n九、其他有關會計事務或長官交辦事項。"
		},
		{
			"number": 4500,
			"content": "會計室主任，依法律主辦會計事務，並受院長之指揮監督。"
		},
		{
			"number": 4600,
			"content": "本院設統計室，置主任一人，科員若干人。\r\n統計室職掌如下：\r\n一、結案資料之整理分析與編製事項。\r\n二、訴訟事件廢棄原因之研究分析與整理事項。\r\n三、辦案成績資料之整理分析與製作事項。\r\n四、統計圖表之繪製事項。\r\n五、統計法令報表文書之輯錄保管事項。\r\n六、業務研究改進統計資料之提供。\r\n七、其他有關統計事務或長官交辦事項。"
		},
		{
			"number": 4700,
			"content": "統計室主任，依法律主辦統計事務，並受院長之指揮監督。"
		},
		{
			"number": 4800,
			"content": "本院設政風室，置主任一人、科員若干人。\r\n政風室職掌如下：\r\n一、政風法令之擬訂及宣導事項。\r\n二、貪瀆不法之預防、發掘及處理檢舉事項。\r\n三、政風興革建議事項。\r\n四、政風考核獎懲建議事項。\r\n五、公務機密維護事項。\r\n六、公職人員財產申報事項。\r\n七、其他有關政風事務或長官交辦事項。"
		},
		{
			"number": 4900,
			"content": "政風室主任，依法律主辦政風事務，並受院長之指揮監督。"
		},
		{
			"number": 5000,
			"content": "本院設資訊室，置主任一人，設計師、資訊管理師、助理設計師若干人。\r\n資訊室之職掌如下：\r\n一、電腦之操作、安全維護及人員訓練事項。\r\n二、系統程式、文書之保管、更新、資料輸出入及其管理事項。\r\n三、應用程式之測試及修改事項。\r\n四、資訊資料庫之建立運用、管理事項。\r\n五、資訊管理及著作權保護之事項。\r\n六、其他有關資訊業務或長官交辦之事項。"
		},
		{
			"number": 5100,
			"content": "資訊室主任，依法律主辦資訊管理事項，並受院長之指揮監督。"
		},
		{
			"number": 5200,
			"content": "人事室、會計室、統計室、政風室、資訊室主辦文稿，應經由書記官長送\r\n請院長核定。"
		},
		{
			"number": 5300,
			"content": "人事室、會計室、統計室、政風室、資訊室之辦事要點另定之。"
		},
		{
			"number": 5400,
			"content": "各科室應就其職掌事務，分別設置各種簿冊、表單，其格式得由司法院統\r\n一規定之。\r\n前項簿冊、表單，得以電腦登錄或列印清單代之。"
		},
		{
			"number": 5500,
			"content": "凡收入文件由文書科摘由編號，註明收文年、月、日、時，登入總收文簿\r\n或總收文清單，層送院長核閱後，分科擬辦。如係訴訟文件並應保存其信\r\n封。\r\n密件送請院長親自拆閱，總收文簿內僅編號不摘由。"
		},
		{
			"number": 5600,
			"content": "行政訴訟事件之編號、計數、分案、報結，應依最高行政法院訴訟事件編\r\n號計數分案報結要點及事務分配之規定辦理。\r\n前項最高行政法院訴訟事件編號計數分案報結要點，由本院定之。"
		},
		{
			"number": 5700,
			"content": "分案前續收之訴訟文件，審查科應併入原卷。\r\n分庭未結事件續收文件，隨時分送各主辦法官處理。\r\n對於已結事件之文件，分送各主辦股書記官處理。\r\n訴訟事件進行情形不明者，由審查科查明後，依前三項規定分辦之。"
		},
		{
			"number": 5800,
			"content": "書記科書記官應填載辦案進行簿，每月送由科長轉陳法官、庭長、院長核\r\n閱。\r\n其他科室簿冊、表單，除另有規定外，每月送由科室主管轉陳書記官長、\r\n院長核閱。"
		},
		{
			"number": 5900,
			"content": "各科室應辦理事件有與他科室相關聯者，應由科室主管協商辦理，如彼此\r\n意見不同者，由書記官長決定之。"
		},
		{
			"number": 6000,
			"content": "各科室承辦事項屬於例行或尋常性質者，應即循例擬稿或簽具意見送核，\r\n如其性質重要或有疑義者，應先簽請權責長官核示後再行辦理。"
		},
		{
			"number": 6100,
			"content": "各科室職員所擬稿件經判行後，發還繕校用印，應加蓋校對員、監印員名\r\n戳。"
		},
		{
			"number": 6200,
			"content": "各科室文稿及登記表冊之人名、地名及數目字之錯誤，由擬稿人、登記人\r\n負責，其例行及奉命處理之文件如有錯誤，由該科室主管負責。"
		},
		{
			"number": 6300,
			"content": "監印人員應將每日用印文件件數登載簿冊，陳送書記官長核閱；未經判行\r\n之稿件不得用印。但經有權長官授權者，不在此限。"
		},
		{
			"number": 6400,
			"content": "凡發出文件，應由文書科發文人員摘由、編號、註明年、月、日、時，登\r\n入總發文簿或總發文清單，但密件不摘由。"
		},
		{
			"number": 6500,
			"content": "發出文件應由收受者在送達簿或送達清單上簽名或蓋章，其為郵寄者應將\r\n郵局執據粘存或由郵局加蓋日戳。\r\n公告文件應摘由、編號、註明年、月、日、時於發文簿。"
		},
		{
			"number": 6600,
			"content": "訴訟卷宗、行政卷宗及各類表單，應由文書科分別保存，訴訟卷宗並應依\r\n結案年月日順序保存之。\r\n卷宗、表單之歸檔及保存期限實施要點另訂之。"
		},
		{
			"number": 6700,
			"content": "保存之卷宗，必須調閱時，應經審查科科長或書記官長以上人員簽章，始\r\n得檢付。調取卷宗時，文書科管卷人員應予登錄，返還時亦同。"
		},
		{
			"number": 6800,
			"content": "文書科應將新頒或修訂法令，隨時選送各庭長及法官，並於每三個月終，\r\n編造該三個月內公布之各種法令目錄，分送之。"
		},
		{
			"number": 6900,
			"content": "司法院公布之法令、解釋及本院院長、庭長、法官聯席會議決議關於法令\r\n見解之決議案，應由文書科摘錄要旨、註明標目、號數、關係法條，至相\r\n當件數時，編輯成冊，分送各庭庭長、法官及相關科室。"
		},
		{
			"number": 7000,
			"content": "本院新置圖書應由文書科每年年終編製目錄，印送各職員。"
		},
		{
			"number": 7100,
			"content": "總務科收支款項，應隨時分別登簿。\r\n每日收支完畢後，應即檢齊單據，送會計室登帳。"
		},
		{
			"number": 7200,
			"content": "總務科支出款項，均須取得正式單據，其有事實上不能取得者，由經收人\r\n員出具單據經主管人員蓋章證明。"
		},
		{
			"number": 7300,
			"content": "總務科發給物品，以領物單為憑，並於點發後註明實發數目，每屆月終彙\r\n訂成冊，以備稽核。"
		},
		{
			"number": 7400,
			"content": "書記官長及總務科長應稽查下列各款事項：\r\n一、每月支用之款，是否依照計畫，有無超過預算。\r\n二、每月結存之款，是否與現存款額相符。\r\n三、收支各項單據，是否完全。\r\n四、支用各款及購置發給物品，是否核實。"
		},
		{
			"number": 7500,
			"content": "本院關於判例之編輯及裁判書之刊載公報，得設置編輯委員會。\r\n前項委員會之辦事要點另定之。"
		},
		{
			"number": 7600,
			"content": "本院為使停止辦案庭長、法官從事研究工作，視業務需要得設立各研究小\r\n組或指定專人研究，其研究項目及成員由院長指定之。"
		},
		{
			"number": 7601,
			"content": "各單位承辦文稿除本規程另有規定外，應逐級核轉送陳院長核定。但一般\r\n例行文稿，得依其性質逐級授權決定。\r\n前項授權由分層負責明細表定之。"
		},
		{
			"number": 7602,
			"content": "最高行政法院應訂定分層負責明細表，並陳報司法院核定。"
		},
		{
			"number": 7700,
			"content": "本規程自中華民國八十九年七月一日施行。\r\n本規程修正條文，除中華民國一百零一年三月十三日修正之條文，自一百\r\n零一年四月十六日施行外，自發布日施行。"
		}
	]
}