{
	"pcode": "A0010092",
	"type": "命令",
	"title": "高雄市政府組織規程（99.10.08訂定）",
	"url": "https://law.moj.gov.tw/LawClass/LawAll.aspx?pcode=A0010092",
	"category": [
		"廢止法規",
		"行政院"
	],
	"lastUpdate": "20120418",
	"isDiscarded": true,
	"isTranslated": false,
	"attachments": [
		"https://law.moj.gov.tw/LawClass/LawGetFile.ashx?FileId=0000084743",
		"https://law.moj.gov.tw/LawClass/LawGetFile.ashx?FileId=0000232843"
	],
	"history": [
		"中華民國九十九年十月八日行政院院臺秘字第 0990104070 號令訂定發布全文 16 條暨編制表；並自九十九年十二月二十五日施行",
		"中華民國九十九年十二月十三日行政院院臺秘字第 0990069476 號令修正發布第 6 條條文；並自九十九年十二月二十五日施行",
		"中華民國一百零一年四月十八日行政院院臺綜字第 1010018586 號令發布廢止"
	],
	"divisions": [],
	"articles": [
		{
			"number": 100,
			"content": "本規程依地方制度法第六十二條第五項規定訂定之。"
		},
		{
			"number": 200,
			"content": "高雄市政府（以下簡稱本府）辦理本市自治事項，並執行中央政府委辦事\r\n項。"
		},
		{
			"number": 300,
			"content": "本府置市長，綜理市政，並指揮監督本府所屬機關及員工；置副市長三人\r\n，襄理市政。"
		},
		{
			"number": 400,
			"content": "本府置秘書長，承市長之命，襄理市政；置副秘書長，襄助秘書長處理業\r\n務。"
		},
		{
			"number": 500,
			"content": "本府置參事、技監、顧問、參議，承市長之命，辦理市政設計、撰擬及審\r\n核法案、命令、工作計畫，並備諮詢有關市政等事項。"
		},
		{
			"number": 600,
			"content": "本府設下列各局、處、委員會：\r\n一、秘書處。\r\n二、民政局。\r\n三、財政局。\r\n四、教育局。\r\n五、經濟發展局。\r\n六、海洋局。\r\n七、農業局。\r\n八、觀光局。\r\n九、都市發展局。\r\n十、工務局。\r\n十一、水利局。\r\n十二、社會局\r\n十三、勞工局。\r\n十四、警察局。\r\n十五、消防局。\r\n十六、衛生局。\r\n十七、環境保護局。\r\n十八、捷運工程局。\r\n十九、文化局。\r\n二十、交通局。\r\n二十一、法制局。\r\n二十二、兵役局。\r\n二十三、地政局。\r\n二十四、新聞局。\r\n二十五、研究發展考核委員會。\r\n二十六、原住民事務委員會。\r\n二十七、客家事務委員會。\r\n二十八、主計處。\r\n二十九、人事處。\r\n三十、政風處。\r\n各局、處、委員會之組織規程，由本府另定之。"
		},
		{
			"number": 700,
			"content": "本府必要時，得設所屬二級機關；其組織規程另定之。"
		},
		{
			"number": 800,
			"content": "本市各區設區公所，區公所之組織規程另定之。"
		},
		{
			"number": 900,
			"content": "本府設空中大學，其組織規程另定之。"
		},
		{
			"number": 1000,
			"content": "本府為處理特定事務得設各種任務編組，其設置要點另定之。"
		},
		{
			"number": 1100,
			"content": "市長辭職、去職或死亡時，由行政院派員代理。\r\n市長停職時，由副市長代理，副市長出缺或不能代理時，由行政院派員代\r\n理。\r\n市長請假或因故不能執行職務時，職務代理順序如下：\r\n一、副市長。\r\n二、秘書長。\r\n三、由市長指定局長一人。"
		},
		{
			"number": 1200,
			"content": "本組織規程所列各職稱之官等職等及員額，另以編制表定之。\r\n各職稱之官等職等，依職務列等表之規定。"
		},
		{
			"number": 1300,
			"content": "本府設市政會議，以下列人員組成之：\r\n一、市長。\r\n二、副市長。\r\n三、秘書長。\r\n四、副秘書長。\r\n五、所屬一級機關首長。\r\n六、市長指定人員。\r\n市政會議由市長召集，並為主席；市長因故不能出席時，由職務代理人為\r\n主席。"
		},
		{
			"number": 1400,
			"content": "下列事項應經市政會議之決議：\r\n一、施政計畫及預算。\r\n二、提出市議會之議案及報告。\r\n三、本府及所屬機關（構）組織自治條例、組織規程及自治法規。\r\n四、涉及各機關（構）共同關係事項。\r\n五、市長交辦事項。\r\n六、其他有關市政之重要事項。"
		},
		{
			"number": 1500,
			"content": "本府分層負責明細表由本府定之。\r\n本府各局、處及委員會分層負責明細表分甲表及乙表。甲表由各局、處及\r\n委員會擬訂，報本府核定；乙表由各局、處及委員會定之，報本府備查。"
		},
		{
			"number": 1600,
			"content": "本規程自中華民國九十九年十二月二十五日施行。"
		}
	]
}