{
	"pcode": "A0010101",
	"type": "命令",
	"title": "總統府法規委員會組織規程",
	"url": "https://law.moj.gov.tw/LawClass/LawAll.aspx?pcode=A0010101",
	"category": [
		"總統",
		"總統府",
		"組織目"
	],
	"lastUpdate": "20101213",
	"isTranslated": false,
	"history": [
		"中華民國九十九年十二月十三日總統府華總參字第 09910093651 號令訂定發布全文 11 條；並自發布日施行"
	],
	"divisions": [],
	"articles": [
		{
			"number": 100,
			"content": "總統府（以下簡稱本府）為處理法制事務，依本府組織法第十四條之一規\r\n定設法規委員會（以下簡稱本會）。"
		},
		{
			"number": 200,
			"content": "本會掌理下列事項：\r\n一、關於本府法規制（訂）定、修正、廢止之審議事項。\r\n二、關於本府法規適用疑義之研議或闡釋事項。\r\n三、關於本府組織法、處務規程及不屬於其他單位之法制事項。\r\n四、關於國家賠償案件之處理事項。\r\n五、關於本府各單位辦理有關法令事務之會辦、諮詢或訴訟協助事項。\r\n六、關於法令資料之蒐集、分析、整理及研究事項。\r\n七、其他有關法制事項。"
		},
		{
			"number": 300,
			"content": "本會置主任委員一人，綜理會務，由本府秘書長指定參事一人兼任之。"
		},
		{
			"number": 400,
			"content": "本會置委員七人至十一人，由本府秘書長遴聘學者、專家擔任之或就本府\r\n高階職員派兼之，聘期為二年，期滿得予續聘。"
		},
		{
			"number": 500,
			"content": "本會置工作人員若干人，由本府法定員額內派充之。"
		},
		{
			"number": 600,
			"content": "本會視業務需要，不定期舉行委員會議，由主任委員召集之，並為主席；\r\n主任委員不能出席時，由委員互推一人代理之。"
		},
		{
			"number": 700,
			"content": "本會委員會議，應有全體委員過半數之出席，始得開會；出席委員半數之\r\n同意，始得決議；可否同數時，由主席裁決之。"
		},
		{
			"number": 800,
			"content": "主任委員對於本會審議之案件，得指定委員先行審查，並於開會時提出審\r\n查報告。"
		},
		{
			"number": 900,
			"content": "本會開會時，得通知本府相關單位派員列席，並得邀請專家、學者或有關\r\n機關代表列席。"
		},
		{
			"number": 1000,
			"content": "本會委員為無給職。"
		},
		{
			"number": 1100,
			"content": "本規程自發布日施行。"
		}
	]
}