{
	"pcode": "A0010054",
	"type": "法律",
	"title": "最高法院設置分庭條例",
	"url": "https://law.moj.gov.tw/LawClass/LawAll.aspx?pcode=A0010054",
	"category": [
		"司法",
		"院本部",
		"組織目"
	],
	"lastUpdate": "19430720",
	"isTranslated": false,
	"history": [
		"中華民國二十七年一月二十二日國民政府制定公布全文 9 條",
		"中華民國二十七年七月三十日國民政府修正公布全文 10 條",
		"中華民國三十二年七月二十日國民政府令修正公布"
	],
	"divisions": [],
	"articles": [
		{
			"number": 100,
			"content": "最高法院為便於處理訴訟事件，得就適當區域設置分庭。"
		},
		{
			"number": 200,
			"content": "最高法院分庭之設置及其管轄區域，以司法院院令定之。"
		},
		{
			"number": 300,
			"content": "最高法院分庭得設於各該區域之高等法院或分院內。"
		},
		{
			"number": 400,
			"content": "最高法院分庭受理各該區域內不服高等法院或分院之裁判而上訴或抗告之\r\n事件。"
		},
		{
			"number": 500,
			"content": "最高法院分庭設推事五人至七人，以資深一人充庭長，處理該分庭一切事\r\n務，並兼民刑事庭審判長，其餘推事分掌民刑審判事件。"
		},
		{
			"number": 600,
			"content": "最高法院分庭檢察官之職務，得由各該區域內高等法院或分院檢察官代理\r\n。"
		},
		{
			"number": 700,
			"content": "最高法院分庭之書記官，得由分庭就各該區域之高等法院或分院內呈請調\r\n用若干人，辦理紀錄及其他一切事務。"
		},
		{
			"number": 800,
			"content": "最高法院分庭得酌用雇員，繕寫文件。"
		},
		{
			"number": 900,
			"content": "最高法院分庭得借用各該區域內高等法院或分院印信。"
		},
		{
			"number": 1000,
			"content": "本條例自公布日施行。\r\n\r\n附註：依法院組織法第四條以次，原稱「推事」者，一律改稱「法官」。"
		}
	]
}