{
	"pcode": "A0010026",
	"type": "法律",
	"title": "國史館臺灣文獻館組織條例",
	"url": "https://law.moj.gov.tw/LawClass/LawAll.aspx?pcode=A0010026",
	"category": [
		"總統",
		"總統府",
		"組織目"
	],
	"lastUpdate": "20011024",
	"isTranslated": false,
	"history": [
		"中華民國九十年十月二十四日總統（90）華總一義字第 9000205250 號令制定公布全文 11 條中華民國九十年十二月二十日總統府（90）華總人一字第 9000250950 號令 、 行政院（90）台文字第 070564 號令會銜發布自九十一年一月一日施行"
	],
	"divisions": [],
	"articles": [
		{
			"number": 100,
			"content": "本條例依國史館組織條例第十一條規定制定之。"
		},
		{
			"number": 200,
			"content": "國史館臺灣文獻館 (以下簡稱本館) 掌理下列事項：\r\n一、臺灣史事研究及志書修纂等事項。\r\n二、史料與珍藏史籍之編譯、研究、出版、學術研討會之辦理及定期性刊\r\n    物之編印發行等事項。\r\n三、圖書、期刊、手稿、古文書、風土民俗、圖片、地圖等史料之採集及\r\n    文獻資料之整理、登錄、編目等事項。\r\n四、文獻史料之蒐集、整理、典藏、展示、研究、出版及推廣等事項。\r\n五、文獻史蹟之蒐集、勘考、展示、推廣及交流等事項。\r\n六、文獻史料數位化、資訊服務之規劃建置及協調推動等事項。\r\n七、其他有關臺灣文獻事項。"
		},
		{
			"number": 300,
			"content": "本館設採集組、整理組、編輯組，分別掌理前條所列事項。"
		},
		{
			"number": 400,
			"content": "本館設秘書室，掌理議事、公共關係、文書、檔案、印信、出納、事務管\r\n理、財產管理及其他不屬於各組、室事項。"
		},
		{
			"number": 500,
			"content": "本館置館長一人，職務列簡任第十二職等，綜理館務，並指揮、監督所屬\r\n人員；副館長一人，職務列簡任第十一職等，襄助館務。"
		},
		{
			"number": 600,
			"content": "本館置主任秘書一人，組長三人，職務均列簡任第十職等；專門委員一人\r\n或二人，職務列薦任第九職等至簡任第十職等；秘書一人或二人，編纂七\r\n人至九人，職務均列薦任第八職等至第九職等；專員三人或四人，職務列\r\n薦任第七職等至第八職等；科員六人至十人，職務列委任第五職等或薦任\r\n第六職等至第七職等；辦事員三人或四人，職務列委任第三職等至第五職\r\n等；書記五人，職務列委任第一職等至第三職等。\r\n前項員額中書記四人，出缺後不補。"
		},
		{
			"number": 700,
			"content": "本館設人事室，置主任一人，職務列薦任第八職等，依法辦理人事管理事\r\n項；其餘所需工作人員，就本條例所定員額內派充之。"
		},
		{
			"number": 800,
			"content": "本館設會計室，置會計主任一人，職務列薦任第八職等，依法辦理歲計、\r\n會計及統計事項；其餘所需工作人員，就本條例所定員額內派充之。"
		},
		{
			"number": 900,
			"content": "第五條至第八條所定列有官等、職等人員，其職務所適用之職系，依公務\r\n人員任用法第八條之規定，就有關職系選用之。"
		},
		{
			"number": 1000,
			"content": "本館辦事細則，由本館擬訂，報請國史館核定之。"
		},
		{
			"number": 1100,
			"content": "本條例施行日期，由總統府會同行政院以命令定之。"
		}
	]
}