{
	"pcode": "A0010106",
	"type": "法律",
	"title": "國家發展委員會組織法",
	"url": "https://law.moj.gov.tw/LawClass/LawAll.aspx?pcode=A0010106",
	"category": [
		"行政",
		"國家發展委員會",
		"組織目"
	],
	"lastUpdate": "20130821",
	"isTranslated": true,
	"english": "The Organic Act of the National Development Council",
	"history": [
		"中華民國一百零二年八月二十一日總統華總一義字第 10200156121 號令制定公布全文 8 條；施行日期，由行政院以命令定之中華民國一百零二年十月三十日行政院院授研綜字第 1022260985 號令發布定自一百零三年一月二十二日施行"
	],
	"divisions": [],
	"articles": [
		{
			"number": 100,
			"content": "行政院為辦理國家發展之規劃、協調、審議、資源分配業務，特設國家發\r\n展委員會（以下簡稱本會）。"
		},
		{
			"number": 200,
			"content": "本會掌理下列事項：\r\n一、國家發展政策之綜合性規劃、協調、審議及資源分配。\r\n二、國家發展計畫之綜合性規劃、協調、審議、資源分配及中長程計畫性\r\n    別平等影響評估之協調。\r\n三、經濟發展政策之綜合性規劃、協調、審議及資源分配。\r\n四、社會發展政策之綜合性規劃、協調、審議及資源分配，地方重要施政\r\n    、中長程計畫之輔導。\r\n五、產業發展政策之綜合性規劃、協調、審議及資源分配。\r\n六、人力資源發展政策之綜合性規劃、協調、審議及資源分配。\r\n七、國土、區域及離島發展與永續發展政策之綜合性規劃、協調、審議及\r\n    資源分配。\r\n八、文化與族群發展政策之資源分配協調及審議。\r\n九、管制考核政策之綜合性規劃、協調、審議及資源分配。\r\n十、政府資訊管理政策之綜合性規劃、協調、審議及資源分配。\r\n十一、行政與法制革新政策之綜合性規劃、協調、審議及資源分配，與法\r\n      規影響評估之協調。\r\n十二、其他國家發展政策之綜合性規劃、協調、審議及資源分配。"
		},
		{
			"number": 300,
			"content": "本會置主任委員一人，由行政院政務委員兼任；副主任委員三人，其中二\r\n人職務比照簡任第十四職等；另一人職務列簡任第十四職等。\r\n本會置委員十七人至二十七人，由行政院院長指定行政院政務委員、秘書\r\n長、財政部部長、經濟及能源部部長、交通及建設部部長、勞動部部長、\r\n農業部部長、衛生福利部部長、環境資源部部長、文化部部長、科技部部\r\n長、金融監督管理委員會主任委員、原住民族委員會主任委員、客家委員\r\n會主任委員、行政院主計總處主計長、中央銀行總裁及相關部會首長兼任\r\n之。"
		},
		{
			"number": 400,
			"content": "本會置主任秘書，職務列簡任第十二職等。"
		},
		{
			"number": 500,
			"content": "本會設檔案管理局，研議及執行政府機關檔案管理應用事項。"
		},
		{
			"number": 600,
			"content": "本會各職稱之官等職等及員額，另以編制表定之。"
		},
		{
			"number": 700,
			"content": "本法施行前，原依派用人員派用條例審定准予登記有案之現職人員，其未\r\n具公務人員任用資格者，得繼續留任原職稱原官等之職務至離職時為止。"
		},
		{
			"number": 800,
			"content": "本法施行日期，由行政院以命令定之。"
		}
	]
}