{
	"pcode": "A0010024",
	"type": "命令",
	"title": "國家安全會議訴願審議委員會組織規程",
	"url": "https://law.moj.gov.tw/LawClass/LawAll.aspx?pcode=A0010024",
	"category": [
		"總統",
		"國家安全會議",
		"組織目"
	],
	"lastUpdate": "20020904",
	"isTranslated": false,
	"history": [
		"中華民國八十七年五月七日秘書長（87）勤人字第 205 號令訂定發布全文 9 條",
		"中華民國九十一年九月四日國家安全會議秘書長勤一字第 0917100178 號令修正發布名稱及全文 5 條（原名稱：國家安全會議暨所屬機關訴願審議委員會組織規程；新名稱：國家安全會議訴願審議委員會組織規程）"
	],
	"divisions": [],
	"articles": [
		{
			"number": 100,
			"content": "本規程依訴願法第五十二條第三項規定訂定之。"
		},
		{
			"number": 200,
			"content": "國家安全會議為辦理訴願事件，應設訴願審議委員會 (以下簡稱訴願會)\r\n。"
		},
		{
			"number": 300,
			"content": "訴願會置委員四人至十二人，其中一人為主任委員，由機關首長就本機關\r\n副首長或高級職員調派專任或兼任；其餘委員由機關首長就本機關高級職\r\n員調派專任或兼任，並遴聘社會公正人士、學者或專家擔任；其中社會公\r\n正人士、學者或專家不得少於委員人數二分之一。\r\n訴願會所需承辦人員，由機關首長就本機關職員中具法制專長者調派之，\r\n並指定一人為執行秘書。"
		},
		{
			"number": 400,
			"content": "機關依訴願業務需要，應訂定訴願會組成人員編組表，列明職稱、職等、\r\n員額，並報經機關首長核定。\r\n前項編組表人員，於機關預算員額內勻用。"
		},
		{
			"number": 500,
			"content": "本規程自發布日施行。"
		}
	]
}