{
	"pcode": "A0010006",
	"type": "命令",
	"title": "國民大會特種審查委員會設置辦法",
	"url": "https://law.moj.gov.tw/LawClass/LawAll.aspx?pcode=A0010006",
	"category": [
		"國民大會（憲法國民大會章條文已停止適用）"
	],
	"lastUpdate": "19910411",
	"isTranslated": false,
	"history": [
		"中華民國八十年四月十一日第一屆國民大會第二次臨時會第一次大會通過"
	],
	"divisions": [],
	"articles": [
		{
			"number": 100,
			"content": "一、本辦法依國民大會組織法第七條規定訂定之。"
		},
		{
			"number": 200,
			"content": "二、特種審查委員會任務為審查憲法有關之提案。"
		},
		{
			"number": 300,
			"content": "三、特種查委員會委員依左列方式產生之：\r\n (一) 本次臨時會主席團主席。\r\n (二) 有關憲法提案之領銜提案人。\r\n (三) 代表自由登記參加。"
		},
		{
			"number": 400,
			"content": "四、特種審查委員會設召集人七至九人，其人選由委員推舉之。"
		},
		{
			"number": 500,
			"content": "五、特種審查委員會開會時，由召集人互推一人為主席。"
		},
		{
			"number": 600,
			"content": "六、特種審查委員應有參加委員三分之一以上人數之出席始得開議，議案\r\n    之議決，以出席委員過半數之同意為之。"
		},
		{
			"number": 700,
			"content": "七、特種審查委員會得通知有關人員列席說明。"
		},
		{
			"number": 800,
			"content": "八、特種審查委員會會議，以公開方式進行之。"
		},
		{
			"number": 900,
			"content": "九、特種審查委員會應將審查之經過及其結果，繕具報告書，分別報請大\r\n    會決定之。"
		},
		{
			"number": 1000,
			"content": "十、特種審查委員會開會時，秘書長、副秘書長得列席會議。並由秘書\r\n      處配置秘書、幹事及其他人員協助辦理議事工作。"
		},
		{
			"number": 1100,
			"content": "十一、本辦法由第一屆國民大會第二次臨時會主席團會議通過報告大會後\r\n      施行。"
		}
	]
}