{
	"pcode": "A0010067",
	"type": "命令",
	"title": "考試院法規委員會組織規程",
	"url": "https://law.moj.gov.tw/LawClass/LawAll.aspx?pcode=A0010067",
	"category": [
		"考試",
		"院本部",
		"組織目"
	],
	"lastUpdate": "20020814",
	"isTranslated": false,
	"history": [
		"中華民國八十三年八月三十日考試院（83）考台秘議字第 2697 號令訂定發布全文 10 條",
		"中華民國九十一年八月十四日考試院考台法字第 0910006904 號令修正發布全文 10 條；並自發布日施行"
	],
	"divisions": [],
	"articles": [
		{
			"number": 100,
			"content": "考試院 (以下簡稱本院) 為處理法制事務，依本院組織法第十條第二項規\r\n定設法規委員會 (以下簡稱本會) 。"
		},
		{
			"number": 200,
			"content": "本會掌理事項如下：\r\n一、關於法規案件制 (訂) 定、修正、廢止之研議或審議事項。\r\n二、關於法規疑義之研議、解釋事項。\r\n三、關於國家賠償事件之處理事項。\r\n四、關於法規之整理及編印事項。\r\n五、關於法規資料之蒐集、建立及管理事項。\r\n六、關於法規動態之登記、統計及管制事項。\r\n七、關於法制作業之協調聯繫事項。\r\n八、其他有關法制事項。"
		},
		{
			"number": 300,
			"content": "本會置主任委員一人，由秘書長兼任；副主任委員一人，由副秘書長兼任\r\n；委員十人至十八人，由院長就本院高級職員遴派兼任，必要時並得聘請\r\n學者、專家兼任之。\r\n前項委員任期二年，期滿得續派 (聘) 之；任期內出缺時，得補行遴派 (\r\n聘) ，其任期至原任期屆滿之日為止。"
		},
		{
			"number": 400,
			"content": "本會置執行秘書一人，承主任委員之命，處理本會日常事務，由院長指派\r\n本院高級職員兼任之；工作人員若干人，由本院法定員額內調用之。"
		},
		{
			"number": 500,
			"content": "本會會議由主任委員召集並為主席，主任委員不能出席時，由副主任委員\r\n代理之。"
		},
		{
			"number": 600,
			"content": "本會會議須有委員過半數之出席，始得開會；出席委員過半數之同意，始\r\n得決議；可否同數時，取決於主席。不同意之委員及其異議，得列入紀錄\r\n，以備查考。"
		},
		{
			"number": 700,
			"content": "主任委員視議案之需要，得指定委員若干人先行審查或作專案研究，並於\r\n開會時提出報告。"
		},
		{
			"number": 800,
			"content": "本會會議得通知議案有關單位派員列席，必要時並得邀請學者、專家或有\r\n關機關代表列席。"
		},
		{
			"number": 900,
			"content": "本會兼任人員均為無給職。但外聘委員及受邀列席會議之學者、專家，得\r\n依規定支給交通費或出席費。"
		},
		{
			"number": 1000,
			"content": "本規程自發布日施行。"
		}
	]
}