{
	"pcode": "A0020060",
	"type": "命令",
	"title": "立法院議場規則",
	"url": "https://law.moj.gov.tw/LawClass/LawAll.aspx?pcode=A0020060",
	"category": [
		"立法"
	],
	"lastUpdate": "20001228",
	"isTranslated": false,
	"history": [
		"中華民國五十一年一月二十三日立法院第一屆第二十八會期第三十四次會議通過",
		"中華民國五十六年十二月二十六日立法院第一屆第四十會期第二十七次會議修正",
		"中華民國六十九年十二月二十六日立法院第六十六會期第二十六次會議通過增訂第 9-1 條條文",
		"中華民國七十八年五月十六日立法院第八十三會期第二十五次會議通過",
		"中華民國八十九年十二月二十八日立法院第四屆第四會期第二十六次會議修正通過全文 17 條"
	],
	"divisions": [],
	"articles": [
		{
			"number": 100,
			"content": "立法院 (以下簡稱本院) 議場 (以下簡稱議場) 之使用與管理，依本規則\r\n之規定。"
		},
		{
			"number": 200,
			"content": "議場中央舉行本院會議之場所為會場。\r\n會場內立法委員 (以下簡稱委員) 席次之排列，依立法院議事規則第三條\r\n之規定，委員席對方正中設發言臺，發言臺後設主席臺，主席臺牆壁中央\r\n懸掛國旗及  國父遺像。"
		},
		{
			"number": 300,
			"content": "主席臺之右下方設秘書長席。"
		},
		{
			"number": 400,
			"content": "發言臺左右方設記錄人員席位。"
		},
		{
			"number": 500,
			"content": "會場四週設會場幹事席位。"
		},
		{
			"number": 600,
			"content": "委員席前左右方設政府首長席，其後附設政府首長隨員席位。"
		},
		{
			"number": 700,
			"content": "總統或國賓蒞臨本院發表演講時，設特別席。"
		},
		{
			"number": 800,
			"content": "會場樓走道前設記者席，走道後中央設來賓、記者席，左右兩方設旁聽席\r\n。"
		},
		{
			"number": 900,
			"content": "議場大門內左右兩方為委員休息室，二樓中央為貴賓室，左、右兩方為新\r\n聞記者休息室，三樓為黨團協商室。\r\n主席臺後左方為主席休息室，其旁為秘書長休息室，右方為行政院長休息\r\n室，其旁為政府首長隨員休息室。\r\n議場東門二樓中央及左、右方為政府首長休息室。"
		},
		{
			"number": 901,
			"content": "院會舉行時，法案主審委員會負責報告之委員及委員會職員，坐於規定席\r\n次。"
		},
		{
			"number": 1000,
			"content": "開會時，非出席列席及政府首長隨員與會場工作人員，不得進入會場。\r\n電視記者、攝影記者及有關錄影人員，限在議場二樓攝影或錄影。"
		},
		{
			"number": 1100,
			"content": "議場門口設詢問處，答復詢問及通知出席列席人員至議場外會客室會客。"
		},
		{
			"number": 1200,
			"content": "會場四周門口設警衛人員崗位，對於不得進入會場人員有制止之責，於秘\r\n密會議時，警衛人員崗位移設於議場四周門口，依立法院議事規則第四十\r\n七條之規定負責檢查進入議場人員之憑證。"
		},
		{
			"number": 1300,
			"content": "議場門內設簽到處，以備出席委員、列席政府首長簽到。\r\n會場門外兩旁設衣帽、電話間。"
		},
		{
			"number": 1400,
			"content": "會議進行時，會場內應確保寧靜。\r\n委員席桌面設叫人鈴，以備委員按鈴通知會場幹事辦理交辦事項。\r\n發言臺上有人發言時，他人不得由臺前經過。\r\n非委員不得坐於委員席位，非列席政府首長不得坐於政府首長席位。\r\n會場幹事在會場內應穿著制服，佩帶識別證，以資識別，對於不坐於規定\r\n席位者有勸告之責。"
		},
		{
			"number": 1500,
			"content": "會場除供立法院會議、全院委員會、全院各委員會聯席會議及預備會議之\r\n用外，非經院會通過，不得作其他用途。"
		},
		{
			"number": 1600,
			"content": "議場之管理，由秘書長負責。"
		},
		{
			"number": 1700,
			"content": "本規則經院會通過後施行。"
		}
	]
}