{
	"pcode": "A0020083",
	"type": "命令",
	"title": "司法院遴選律師、教授、副教授、助理教授、講師轉任法院法官審查辦法",
	"url": "https://law.moj.gov.tw/LawClass/LawAll.aspx?pcode=A0020083",
	"category": [
		"廢止法規",
		"司法院"
	],
	"lastUpdate": "20110323",
	"isDiscarded": true,
	"isTranslated": false,
	"attachments": [
		"https://law.moj.gov.tw/LawClass/LawGetFile.ashx?FileId=0000032624",
		"https://law.moj.gov.tw/LawClass/LawGetFile.ashx?FileId=0000032626",
		"https://law.moj.gov.tw/LawClass/LawGetFile.ashx?FileId=0000032630",
		"https://law.moj.gov.tw/LawClass/LawGetFile.ashx?FileId=0000034347",
		"https://law.moj.gov.tw/LawClass/LawGetFile.ashx?FileId=0000038646",
		"https://law.moj.gov.tw/LawClass/LawGetFile.ashx?FileId=0000038647",
		"https://law.moj.gov.tw/LawClass/LawGetFile.ashx?FileId=0000038648",
		"https://law.moj.gov.tw/LawClass/LawGetFile.ashx?FileId=0000233899",
		"https://law.moj.gov.tw/LawClass/LawGetFile.ashx?FileId=0000233900",
		"https://law.moj.gov.tw/LawClass/LawGetFile.ashx?FileId=0000233901",
		"https://law.moj.gov.tw/LawClass/LawGetFile.ashx?FileId=0000233919",
		"https://law.moj.gov.tw/LawClass/LawGetFile.ashx?FileId=0000234013",
		"https://law.moj.gov.tw/LawClass/LawGetFile.ashx?FileId=0000234014",
		"https://law.moj.gov.tw/LawClass/LawGetFile.ashx?FileId=0000234015"
	],
	"history": [
		"中華民國八十七年六月十一日司法院（87）院台人一字第 12829 號函訂定發布全文 11 條",
		"中華民國八十八年七月二十九日司法院（88）院台人二字第 20329 號函修正發布全文 11 條；並自發布日起施行",
		"中華民國八十九年五月二十六日司法院（89）院台人二字第 12813 號函修正發布全文 12 條；本辦法除第 9 條修正部分，自九十年一月一日施行外，餘自發布日施行",
		"中華民國九十一年九月十九日司法院（91）院台人二字第 24748 號令修正發布第 2、12 條條文；本辦法自修正發布日施行",
		"中華民國九十一年十二月十三日司法院（九一）院台人二字第 31993 號令修正發布第 7 條條文",
		"中華民國九十二年十一月十二日司法院（九二）院台人二字第 28466 號令修正發布第 3、7 條條文",
		"中華民國九十三年十二月二十三日司法院院台人二字第 0930031068 號令修正發布第 3～5、9 條條文之附件一 ～ 三",
		"中華民國九十五年二月十五日司法院院台人二字第 0950000123 號令修正發布名稱及全文 25 條；並自修正發布日施行（原名稱：司法院遴選律師 、 教授 、 副教授 、 講師充任法院法官審查辦法；新名稱：司法院遴選律師 、 教授 、 副教授 、 助理教授 、 講師轉任法院法官審查辦法）中華民國九十五年三月三日司法院院台人二字第 0950005183 號令公告「司法院遴選律師 、 教授 、 副教授 、 助理教授 、 講師轉任法院法官審查辦法第五條規定，得列入承辦案件之案件類別及計數標準一覽表」",
		"中華民國九十五年四月二十一日司法院院台人二字第 0950009506 號令修正發布第 17 條條文及第 4 條條文之附件六",
		"中華民國九十五年十一月六日司法院院台人二字第 0950021662 號令修正發布第 4、6、18、23 條條文及附件二 、 附件四 、 附件五",
		"中華民國一百年三月二十三日司法院院台人四字第 1000006989 號令發布廢止"
	],
	"divisions": [
		{
			"type": "章",
			"number": 100,
			"title": "總則",
			"start": 100,
			"end": 200
		},
		{
			"type": "章",
			"number": 200,
			"title": "遴選方式及程序",
			"start": 300,
			"end": 1600,
			"children": [
				{
					"type": "節",
					"number": 100,
					"title": "律師",
					"start": 300,
					"end": 1300
				},
				{
					"type": "節",
					"number": 200,
					"title": "教授、副教授、助理教授、講師",
					"start": 1400,
					"end": 1600
				}
			]
		},
		{
			"type": "章",
			"number": 300,
			"title": "審查、訓練及任用",
			"start": 1700,
			"end": 2300
		},
		{
			"type": "章",
			"number": 400,
			"title": "附則",
			"start": 2400,
			"end": 2500
		}
	],
	"articles": [
		{
			"number": 100,
			"content": "司法院為遴選優良律師、教授、副教授、助理教授、講師轉任法院法官，\r\n依司法人員人事條例有關規定，訂定本辦法。"
		},
		{
			"number": 200,
			"content": "依司法人員人事條例第九條第三款、第四款申請者，其年齡應未滿五十五\r\n歲，其依第四款申請者並應具有薦任職任用資格。\r\n前項所稱之薦任職任用資格，係指依下列規定而取得任用資格者：\r\n一、依公務人員考試法、公務人員升官等考試法，或在民國七十六年一月\r\n    十六日前依考試法、分類職位公務人員考試法或當時實施之公務人員\r\n    升等考試法所舉辦之薦任以上或相當薦任職以上之公務人員考試及格\r\n    取得者。\r\n二、經專門職業及技術人員高等考試或相當之特種考試及格，並依專門職\r\n    業及技術人員轉任公務人員條例規定轉任公務人員取得者。\r\n第二項考試科目應包含司法人員人事條例第六條所定之主要法律科目一科\r\n以上。\r\n依司法人員人事條例第十二條第三款申請者，其年齡應未滿五十五歲，並\r\n具簡任職任用資格以及同條例第十一條第二項之資格。\r\n前項所稱之簡任職任用資格，係指具備第二項之考試及格資格而依公務人\r\n員任用法取得之簡任職任用資格。"
		},
		{
			"number": 300,
			"content": "律師轉任法院法官依下列方式之一遴選：\r\n一、律師自行申請。\r\n二、司法院公開甄試。\r\n三、司法院主動遴選。"
		},
		{
			"number": 400,
			"content": "依本辦法第三條第一款申請者，應向司法院提出下列文件：\r\n一、申請書（其格式如附件一）。\r\n二、簡歷表（其格式如附件二）。\r\n三、公立醫院體格檢查合格之體檢表（其格式如附件三）。\r\n四、律師高等考試及格證書及學歷證明。\r\n五、由執業之主管機關或服務機關（構）出具服務成績優良證明文件。\r\n六、執業期間承辦案件一覽表三份（其格式如附件四、五）及其檔案磁片\r\n    、光碟或其他電子儲存媒體乙份。\r\n七、登錄及執行律師職務三年以上之證明文件。\r\n八、由中華民國律師公會全國聯合會（以下簡稱律師全聯會）最近三個月\r\n    出具之考核推薦證明（其格式如附件六）。但執行律師職務未滿一年\r\n    六個月者除外。\r\n九、執業期間承辦訴訟案件所擬書狀，每一案號為一件，分民、刑事各二\r\n    十件，分別裝訂成冊，各四冊。\r\n前項第九款申請人應檢齊之書類，於其取得律師執業資格後，曾任法官助\r\n理或檢察事務官三年以上者，服務期間依法院組織法或行政法院組織法規\r\n定所承辦事務經法官或檢察官簽證之擬稿，每一案號為一件，四十件，裝\r\n訂成冊，各四冊。併計律師執業年資或任法官助理、檢察事務官服務年資\r\n以上二種年資者，由申請人選擇提出辦案書狀或辦案擬稿，或按二種年資\r\n之比例提出，以供審查；司法院並得抽調其執業期間所承辦之其他案件合\r\n併審查。\r\n前二項應備文件未齊備者，司法院得定相當期間命其補正，逾期未補正者\r\n，其申請視為撤回。"
		},
		{
			"number": 500,
			"content": "得列為前條第一項第六款附件四之訴訟案件類別及計數標準由司法院公告\r\n之。但同一案件有二以上之律師代理或辯護時，申請人須提出經該訴訟案\r\n件所有代理或辯護律師證明，確為申請人所承辦並由其撰寫書狀，始得計\r\n入。\r\n曾出具前項證明書之律師，依本辦法自行申請轉任法官者，不得再以該證\r\n明書內所載之案件，列入其承辦案件一覽表內。"
		},
		{
			"number": 600,
			"content": "司法院受理前條申請後，應辦理下列事項：\r\n一、品德調查，並得函請申請人、其登錄地區律師公會、法院或曾任職機\r\n    關（構）提供相關資料。\r\n二、審查第四條第一項第九款及第二項之書類。\r\n前項第二款書類由司法院敦請具實任八年以上法官資格者審查，並評定其\r\n成績。"
		},
		{
			"number": 700,
			"content": "依本辦法第三條第二款申請甄試者，應向司法院提出下列文件：\r\n一、申請書（其格式如附件一）。\r\n二、簡歷表（其格式如附件二）。\r\n三、公立醫院體格檢查合格之體檢表（其格式如附件三）。\r\n四、律師高等考試及格證書及學歷證明。\r\n五、由執業主管機關或服務機關（構）出具之服務成績優良證明文件。\r\n六、登錄及執行律師職務六年以上之證明文件。\r\n七、其他甄試公告所列文件。\r\n申請甄試者，除應檢附前項各款文件外，並得自行檢具下列資料：\r\n一、各項專業證明。\r\n二、最近三年報稅資料。\r\n三、曾服務機關（構）之推薦信函。\r\n四、其他相關資料。"
		},
		{
			"number": 800,
			"content": "甄試方式，採筆試及口試。\r\n筆試應考科目分為下列四科：\r\n一、民事法。\r\n二、刑事法。\r\n三、民事書類製作。\r\n四、刑事書類製作。\r\n除前項應考科目外，司法院得依業務需要指定選考科目，由申請甄試者選\r\n考之；於必要時，並得委託其他機關（構）辦理。\r\n應考科目及選考科目成績之計算比例及限制，由司法院於甄試兩個月前公\r\n告之。\r\n筆試平均分數未達六十分者，不得參加口試。口試成績不及格者，不予錄\r\n取。"
		},
		{
			"number": 900,
			"content": "司法院對申請甄試且符合口試資格者，得函請執業地區律師公會或曾任職\r\n之機關（構）等提供品德、辦案能力及其他相關資料。"
		},
		{
			"number": 1000,
			"content": "司法院為辦理本辦法第三條第三款規定事項，設「延攬資深優良律師遴選\r\n小組」（以下簡稱遴選小組），負責辦理下列事項：\r\n一、主動遴選資深優良律師。\r\n二、議決各法院提出之資深優良律師人選。\r\n前項資深優良律師，係指曾執行律師職務十四年以上，且聲譽卓著或在專\r\n業領域有貢獻者。"
		},
		{
			"number": 1100,
			"content": "遴選小組置委員九至十九人，任期二年，其中一人為召集人，由司法院秘\r\n書長兼任，其餘委員由司法院副秘書長、各廳廳長、人事處處長、臺灣高\r\n等法院院長擔任，並由司法院院長自法官、檢察官、律師、學者中德高望\r\n重者及社會賢達人士遴聘之。\r\n遴選小組每年至少開會一次，必要時召集人得臨時召集之。\r\n遴選小組之決議，應有委員總額三分之二以上出席，出席委員四分之三以\r\n上同意行之。\r\n委員須親自出席，不得委託他人代理。"
		},
		{
			"number": 1200,
			"content": "各法院依本辦法第十條第一項提出之資深優良律師人選，應經該法院現有\r\n法官三分之二以上連署或票選同意後，送遴選小組議決。\r\n法院辦理前項業務時，除另有規定外，其人選名單、推薦人數及其他作業\r\n程序，由各法院自行為之。"
		},
		{
			"number": 1300,
			"content": "依本辦法第十條遴選或議決通過之律師，遴選小組應主動邀請其轉任，並\r\n請其檢附下列文件，提送本辦法第十七條之審查委員會審查：\r\n一、同意書（其格式如附件七）。\r\n二、簡歷表（其格式如附件二）。\r\n三、律師高等考試及格證書。\r\n四、登錄及執行律師職務十四年以上之證明文件。\r\n五、其他應備文件。"
		},
		{
			"number": 1400,
			"content": "依司法人員人事條例第九條第四款申請者，應向司法院提出下列文件：\r\n一、申請書（其格式如附件一）。\r\n二、簡歷表（其格式如附件二）。\r\n三、公立醫院體格檢查合格之體檢表（其格式如附件三）。\r\n四、獨立學院以上畢業證書。\r\n五、薦任職以上之公務人員考試及格證書或經銓敘合格之證明文件。\r\n六、任教授、副教授、助理教授三年以上或講師五年以上，講授主要法律\r\n    科目二年以上證明文件（含教育部教師資格審查合格證書及任教學校\r\n    核實出具之服務成績優良之年資及講授主要法律科目之證明文件）。\r\n七、任教主要法律科目之中華民國法律編著有系統之著作一種，並以獨立\r\n    完成及最近五年出版者為限，字數須在五萬字以上，並於每篇詳註參\r\n    考書目之章節或頁次，期刊之卷期別及頁次，共四冊。"
		},
		{
			"number": 1500,
			"content": "依司法人員人事條例第十二條第三款申請者，應向司法院提出下列文件：\r\n一、申請書（其格式如附件一）。\r\n二、簡歷表（其格式如附件二）\r\n三、公立醫院體格檢查合格之體檢表（其格式如附件三）。\r\n四、獨立學院以上畢業證書。\r\n五、本辦法第二條第四項之證明文件。\r\n六、取得薦任實授司法官資格之證明文件、任主要法律科目之專任教授證\r\n    明文件（證明文件比照第十四條第六款辦理）。\r\n七、任教主要法律科目之中華民國法律編著有系統之著作一種，並以獨立\r\n    完成及最近五年出版者為限，字數須在十萬字以上，並於每篇詳註參\r\n    考書目之章節或頁次，期刊之卷期別及頁次，共八冊。"
		},
		{
			"number": 1600,
			"content": "司法院受理前二條申請後，應辦理下列事項：\r\n一、品德調查，並得函請申請人、其曾任職機關（學校）表示意見或提供\r\n    相關資料。\r\n二、專門著作審查。\r\n前項第二款專門著作審查，由司法院民事廳、刑事廳、行政訴訟及懲戒廳\r\n、少年及家事廳廳長為之，並評定其成績。依前條申請轉任最高法院法官\r\n者，並應送最高法院院長審查，必要時得聘請法律學者三人審查之。"
		},
		{
			"number": 1700,
			"content": "司法院設遴選律師、教授、副教授、助理教授、講師轉任法院法官審查委\r\n員會（以下簡稱審查委員會），置主任委員一人，由副院長兼任；委員由\r\n考試委員代表二人、監察委員代表一人、最高法院院長、司法院秘書長、\r\n銓敘部政務次長、學者專家一人、司法院副秘書長、各廳廳長、人事處處\r\n長、司法院人事審議委員會委員互選之高等法院及地方法院代表各一人、\r\n律師全聯會理事長、中央政府所在地高等法院院長及地方法院院長兼任外\r\n；審查個案時，應增聘轉任法官之律師登錄地區之法院院長，或教授、副\r\n教授、助理教授、講師任教學校校長為審查委員，以辦理轉任者之審查事\r\n項；必要時得邀請轉任者列席說明。\r\n主任委員因故不能出席時，由院長指定其他委員1人代行其職務。\r\n律師登錄地區法院院長需事先徵詢各該法院法官之意見。"
		},
		{
			"number": 1800,
			"content": "審查委員會辦理下列事項：\r\n一、審查轉任者之資格條件。\r\n二、審查轉任者之品德調查結果。\r\n三、審查轉任者配合訴訟案件進行之評量資料。\r\n四、聽取並詢問轉任者列席說明事宜。\r\n五、審查轉任者書類及著作成績。\r\n六、本辦法第八條之口試。\r\n七、審查第十四條及第十五條所訂事項。\r\n八、審查或研議其他有關事項。"
		},
		{
			"number": 1900,
			"content": "轉任者有下列情形之一者，審查委員會應為不予遴選之決議：\r\n一、有公務人員任用法第二十八條各款所列情事之一者。\r\n二、曾受公務員懲戒法懲戒處分者。\r\n三、最近十年內曾依律師法受除名或停止執行職務之懲戒處分，或最近二\r\n    年曾依律師法受申誡或警告處分者。\r\n四、為人關說訴訟案件者。\r\n五、書類或著作之審查成績，其平均分數未達七十分者。\r\n六、品德不佳者。\r\n七、不當社交或言行不檢者。\r\n八、敬業精神不足者。\r\n九、有其他不適宜轉任法官之情形者。"
		},
		{
			"number": 2000,
			"content": "審查委員會之決議應有委員過半數之出席，出席委員過半數之同意行之。\r\n審查委員須親自出席，不得委託他人代理。"
		},
		{
			"number": 2100,
			"content": "經審查委員會審議通過者，應依司法人員人事條例第二十八條規定施予職\r\n前訓練。\r\n前項職前訓練由司法院辦理。但登錄及執行律師職務未滿六年者，應參加\r\n當期法務部司法官訓練所之訓練。"
		},
		{
			"number": 2200,
			"content": "司法院為辦理前條職前訓練，設遴選律師轉任法官職前訓練委員會，決定\r\n職前訓練方針、每期訓練計畫及其他有關訓練重要事項，並交由司法院司\r\n法人員研習所執行。\r\n前項委員會置主任委員一人，由最高法院院長兼任、委員由司法院副秘書\r\n長、各廳廳長、人事處處長、大法官書記處處長、司法院司法人員研習所\r\n所長及臺灣高等法院院長兼任之。"
		},
		{
			"number": 2300,
			"content": "登錄及執行律師職務未滿六年而自行申請轉任者，經參加當期法務部司法\r\n官訓練所訓練成績及格後，應依司法人員人事條例第十條規定，派代候補\r\n法官。其候補期間為五年，第一年、第二年依候補法官輪辦事務及服務成\r\n績考查辦法第二條第一項第二款辦理事務，第三年至第五年依同辦法第二\r\n條第一項第三款之規定辦理事務。\r\n前項以外之轉任者，由司法院施予職前訓練合格後，經司法院人事審議委\r\n員會審議通過者，依司法人員人事條例第十條規定派代如下：\r\n一、承辦訴訟案件未達二百件而自行申請轉任者，其候補期間及應辦事務\r\n    ，依前項規定辦理。\r\n二、登錄及執行律師職務未滿十年者，除前款規定者外，派代為地方法院\r\n    候補法官，候補期間為一年，並依候補法官輪辦事務及服務成績考查\r\n    辦法第二條第一項第三款規定辦理事務。\r\n三、登錄及執行律師職務十年以上者，除第一款規定人員外，派代為地方\r\n    法院試署法官。\r\n自行申請轉任之律師，請求依第二項第二款、第三款規定縮短候補期間者\r\n，應於申請時一併檢送所有承辦訴訟案件終局裁判書類當事人欄部分影本\r\n，以供查核。\r\n第二項人員，於初任二年內，不得調派至其申請轉任前二年內曾執業地區\r\n之法院服務。但有下列情形之一者，不在此限：\r\n一、由司法院主動遴選者。\r\n二、審查委員會於審議轉任者之申請案時，經就其執業情形決議得免予迴\r\n    避之法院。\r\n三、派職時，出缺之法院均屬應予迴避之法院。\r\n執行律師職務之年資，自加入律師公會之日起算，並以轉任者申請轉任法\r\n官日之前一日為年資結算日。"
		},
		{
			"number": 2400,
			"content": "本辦法未規定者，適用其他有關法令之規定。"
		},
		{
			"number": 2500,
			"content": "本辦法自修正發布日施行。但本辦法修正施行前，司法院已接受曾執行律\r\n師職務六年以上且承辦訴訟案件二百五十件以上者之申請時，除第五條承\r\n辦訴訟案件認定標準、第二十三條第三項，應於申請時併送所有承辦訴訟\r\n案件終局裁判書類，及第二十三條第五項年資計算標準，適用修正前之規\r\n定外，餘均適用本辦法之規定。"
		}
	]
}