{
	"pcode": "A0020122",
	"type": "命令",
	"title": "監察院監察獎章頒給辦法",
	"url": "https://law.moj.gov.tw/LawClass/LawAll.aspx?pcode=A0020122",
	"category": [
		"監察",
		"院本部",
		"監察目"
	],
	"lastUpdate": "20011226",
	"isTranslated": false,
	"history": [
		"中華民國八十七年十月十三日監察院（87）院台人字第 871600949 號令訂定發布全文 9 條；並自發布日起施行",
		"中華民國九十年十二月二十六日監察院（90）院台人字第 901601172 號令修正發布第 2 條條文"
	],
	"divisions": [],
	"articles": [
		{
			"number": 100,
			"content": "監察院 (以下簡稱本院) 為獎勵對監察業務具有特殊貢獻之人士，特依獎\r\n章條例第九條規定訂定本辦法。"
		},
		{
			"number": 200,
			"content": "具有左列情形之一者，頒給監察獎章 (以下簡稱本獎章) ：\r\n一、對監察制度之創新或監察業務之革新，具有重大貢獻者。\r\n二、主辦重要監察工作計畫或執行重要監察政策，成效卓著者。\r\n三、對監察理論及實務之研究、論著，有具體重大貢獻者。\r\n四、宣揚我國監察制度，提升國際地位，具有重大貢獻者。\r\n五、從事監察業務，澄清吏治，察舉不法，具有優良事蹟者。\r\n六、對國際監察業務之推展，貢獻卓著者。\r\n七、其他對監察工作負責盡職，貢獻卓著，足資表揚者。"
		},
		{
			"number": 300,
			"content": "本獎章分為一等、二等、三等，均用襟綬，除事蹟特著或情形特殊外，初\r\n次頒給三等，並得因功晉等，同一事蹟不得頒給二個等次以上之獎章。但\r\n頒給外國人士，得不受頒給等次之限制。\r\n本獎章及附發小型獎章之式樣及圖說如附表一。"
		},
		{
			"number": 400,
			"content": "符合本辦法第二條之規定者，得由本院院長、副院長、監察委員或單位主\r\n管二人以上推舉，交由審查委員會審查。\r\n推舉頒給本獎章，應填具事蹟表及檢附有關證明文件。事蹟表格式如附表\r\n二。"
		},
		{
			"number": 500,
			"content": "本獎章之頒給，由本院組設之審查委員會審查通過，報請院長核定後，以\r\n公開儀式頒給之。\r\n審查委員會置主任委員一人，由副院長擔任，委員七人由監察委員互選之\r\n，任期二年。"
		},
		{
			"number": 600,
			"content": "本獎章之頒給應附發證書，載明受獎人之事蹟。頒給外國人士並附譯本。\r\n獎章證書格式如附表三。"
		},
		{
			"number": 700,
			"content": "獎章受獎人為公務人員者，應送銓敘部審查登記。"
		},
		{
			"number": 800,
			"content": "受獎人死亡，本獎章得追頒之，由其配偶或直系親屬接受。"
		},
		{
			"number": 900,
			"content": "本辦法自發布日施行。"
		}
	]
}