{
	"pcode": "A0020159",
	"type": "命令",
	"title": "財團法人公益社團法人請求個案評鑑法官許可辦法",
	"url": "https://law.moj.gov.tw/LawClass/LawAll.aspx?pcode=A0020159",
	"category": [
		"司法",
		"院本部",
		"司法行政目"
	],
	"lastUpdate": "20120105",
	"isTranslated": false,
	"attachments": [
		"https://law.moj.gov.tw/LawClass/LawGetFile.ashx?FileId=0000106090",
		"https://law.moj.gov.tw/LawClass/LawGetFile.ashx?FileId=0000235259"
	],
	"history": [
		"中華民國一百零一年一月五日司法院院台廳司一字第 1010000209 號令 、 行政院令院臺法字第 1000071890 號令會同訂定發布全文 9 條；並自一百零一年一月六日施行"
	],
	"divisions": [],
	"articles": [
		{
			"number": 100,
			"content": "本辦法依法官法（以下簡稱本法）第三十五條第六項規定訂定之。"
		},
		{
			"number": 200,
			"content": "財團法人或以公益為目的之社團法人，合於下列要件者，得經目的事業主\r\n管機關許可後，請求法官評鑑委員會對法官進行個案評鑑：\r\n一、經許可設立三年以上。\r\n二、財團法人登記財產總額新臺幣一千萬元以上或社團法人之社員人數二\r\n    百人以上。\r\n三、對健全司法具有成效。\r\n前項第三款所稱對健全司法具有成效，指該法人任務與健全司法有關，包\r\n括定期舉辦法學研討會、出版法學刊物或長期推廣法學教育等有助於健全\r\n司法之作為並有具體事證者。"
		},
		{
			"number": 300,
			"content": "財團法人或以公益為目的之社團法人申請許可請求個案評鑑法官，應檢具\r\n下列文件，向目的事業主管機關提出：\r\n一、申請書。\r\n二、財團法人登記財產總額新臺幣一千萬元以上或社團法人之社員人數二\r\n    百人以上，且經許可設立三年以上之證明文件。\r\n三、定期舉辦法學研討會、出版法學刊物或長期推廣法學教育等對健全司\r\n    法具有成效之證明。\r\n四、經董事會或理事會決議通過之證明。\r\n前項第一款申請書應記載法人團體名稱、申請目的及所檢附文件名稱與件\r\n數。\r\n財團法人或以公益為目的之社團法人申請不合程式或所檢附之文件不備者\r\n，目的事業主管機關應定期間命其補正。"
		},
		{
			"number": 400,
			"content": "前條之申請，有下列各款情事之一者，目的事業主管機關應不予許可：\r\n一、未具備第二條第一項所定要件。\r\n二、不合程式或文件不備，經通知限期補正，逾期仍未補正。"
		},
		{
			"number": 500,
			"content": "目的事業主管機關依本辦法規定許可得請求個案評鑑法官者，應核發許可\r\n書。許可書應依附件格式記載法人團體名稱、許可評鑑對象及依據、有效\r\n期間及許可日期。\r\n前項許可期限為三年；期限屆滿後，擬續為請求個案評鑑法官者，應依第\r\n三條規定重新申請許可。"
		},
		{
			"number": 600,
			"content": "財團法人或以公益為目的之社團法人不得就請求個案評鑑法官收取任何報\r\n酬。"
		},
		{
			"number": 700,
			"content": "法官評鑑委員會應將評鑑決議通知各該目的事業主管機關。"
		},
		{
			"number": 800,
			"content": "本辦法於目的事業主管機關許可財團法人或以公益為目的之社團法人請求\r\n個案評鑑檢察官時，準用之。\r\n財團法人或以公益為目的之社團法人同時請求許可個案評鑑法官、檢察官\r\n，目的事業主管機關應分別核發許可書。"
		},
		{
			"number": 900,
			"content": "本辦法自中華民國一百零一年一月六日施行。"
		}
	]
}