{
	"pcode": "A0020173",
	"type": "命令",
	"title": "國史館及所屬機關公務人員交代條例施行細則",
	"url": "https://law.moj.gov.tw/LawClass/LawAll.aspx?pcode=A0020173",
	"category": [
		"總統",
		"總統府",
		"國史館目"
	],
	"lastUpdate": "20131108",
	"isTranslated": false,
	"history": [
		"中華民國一百零二年十一月八日國史館國人字第 1020004098 號令訂定發布全文 18 條；並自發布日施行"
	],
	"divisions": [],
	"articles": [
		{
			"number": 100,
			"content": "本細則依公務人員交代條例（以下簡稱本條例）第二十條第一項規定訂定\r\n之。"
		},
		{
			"number": 200,
			"content": "國史館（以下簡稱本館）及所屬機關首長、主管人員及經管人員之交代，\r\n或機關分立裁併、辦理交代時，除本條例另有規定外，依本細則規定辦理\r\n。"
		},
		{
			"number": 300,
			"content": "本館及所屬機關首長交接（代），由各該上級機關派員監交。\r\n本館及所屬機關主管人員交接（代），由各該機關首長派員監交。\r\n經管人員交接（代），由各該機關首長派員會同該管主管人員監交。\r\n移接事項尚未核結陳報前，監交人員他調職務或離職致無法行使監交職責\r\n者，得陳請另行指派。"
		},
		{
			"number": 400,
			"content": "機關首長移交應造具下列清冊：\r\n一、印信清冊。\r\n二、員工名冊。\r\n三、會計報告。\r\n四、出納清冊。\r\n五、未辦或已辦未了之重要案件清冊。\r\n六、當年度施政或工作計畫、業務計畫、當年度施政計畫及其進度表。\r\n七、財物事務總目錄。\r\n八、文物、史料清冊。\r\n九、其他有關本機關業務應行移交事項之表冊。"
		},
		{
			"number": 500,
			"content": "主管人員移交應造具下列清冊:\r\n一、單位章戳清冊。\r\n二、未辦或未了案件清冊。\r\n三、財物事務總目錄。\r\n四、其他有關主管業務或財物應行移交事項之表冊。"
		},
		{
			"number": 600,
			"content": "經管人員移交，應就經管業務、事務、財物等編造移交清冊。"
		},
		{
			"number": 700,
			"content": "後任機關首長、主管人員及經管人員接收前任移交清冊，在規定結報期間\r\n內，尚未結報即行卸任者，得將前任交代案連同本任移交清冊，一併移交\r\n其後任接收；後任機關首長、主管人員及經管人員接收前任移交清冊，已\r\n逾規定結報期間，尚未結報即將卸任者，應將前任移交案附具未結報原因\r\n先行陳報，並辦理本任移交手續。"
		},
		{
			"number": 800,
			"content": "機關首長移交清冊應編造一式四份，送交新任人員會同監交人員盤查點收\r\n，加蓋印章，以一份存本機關，由移交人員及新任人員各執一份，一份函\r\n報其上級機關核定。"
		},
		{
			"number": 900,
			"content": "第五條規定之財物事務清冊及總目錄，各機關移交主管人員應編造一式三\r\n份，送交新任人員會同監交人員盤查點收，加蓋印章，由移交人員及新任\r\n人員各執一份，一份會陳機關首長核定。\r\n經管人員移交時，應具備之清冊，比照前項規定辦理。"
		},
		{
			"number": 1000,
			"content": "機關首長及主管人員移交之財物事務總目錄，應分別以所屬主管人員及經\r\n管人員編造之財物事務總目錄及清冊，彙總移交，不另彙編。\r\n機關首長移交之財產總目錄，應加彙截至交代月份前一個月之國有財產增\r\n減結存表。"
		},
		{
			"number": 1100,
			"content": "機關首長交接發生爭執，應由移交人或接收人會同監交人，明事實並擬\r\n具處理意見，陳報其上級主管機關核定；主管人員及經管人員交接發生爭\r\n執，應陳報本機關首長核定。"
		},
		{
			"number": 1200,
			"content": "各級人員應依本條例規定之期限辦理移交、接收及陳報，如確有特殊情形\r\n不能依限辦理完畢時，應事先詳述理由陳報上級機關或陳報本機關首長核\r\n准展期；其展期不得超過一個月。"
		},
		{
			"number": 1300,
			"content": "各級人員移交，除依本條例第十六條規定指定代辦移交人員，並陳報各該\r\n移交人員之上級主管核准外，應親自辦理。"
		},
		{
			"number": 1400,
			"content": "各級人員移交之財物事務清冊總目錄，如經發現錯誤或不清者，移交人員\r\n應至遲於接獲通知一個月內查明補正，或函復說明。如逾期不照辦，得退\r\n回其錯誤或可疑之清冊或總目錄，並會同監交人員，報請上級機關或本機\r\n關首長核辦。"
		},
		{
			"number": 1500,
			"content": "機關首長移交，主辦會計人員，應將任內收支帳目截至交代日止逐項結總\r\n，並編製各項會計報告，移交新任接收。"
		},
		{
			"number": 1600,
			"content": "各級人員移交，除上級機關指定外，應在原任所辦理。"
		},
		{
			"number": 1700,
			"content": "各級人員移交，應依本條例規定之辦理移交日期，將任內經管事項移交完\r\n畢，屆時仍未移交或移交不清者，應由新任人員會同監交人員，報請上級\r\n機關或本機關首長核辦。\r\n上級機關首長或本機關首長，對於前項報告，應即依本條例第十七條規定\r\n，指定日期，派員督飭卸任人員依限移交清楚，逾期移交不清者，依法令\r\n規定程序，函報本館移付懲戒。"
		},
		{
			"number": 1800,
			"content": "本細則自發布日施行。"
		}
	]
}