{
	"pcode": "A0020191",
	"type": "命令",
	"title": "國史館臺灣文獻館辦事細則",
	"url": "https://law.moj.gov.tw/LawClass/LawAll.aspx?pcode=A0020191",
	"category": [
		"總統",
		"總統府",
		"國史館目"
	],
	"lastUpdate": "20180501",
	"isTranslated": false,
	"history": [
		"中華民國九十一年一月一日國史館臺灣文獻館 91 文人字第 0006 號函訂定",
		"中華民國九十五年十月二十六日國史館臺灣文獻館臺人字第 0950202352 號函修正第 9、10 條條文",
		"中華民國一百零七年五月一日國史館臺灣文獻館臺人字第 10700012071 號令修正發布第 6、8～13、18、26 條條文"
	],
	"divisions": [],
	"articles": [
		{
			"number": 100,
			"content": "本細則依國史館臺灣文獻館組織條例第十條規定訂定之。"
		},
		{
			"number": 200,
			"content": "國史館臺灣文獻館（以下簡稱本館）處理館務，除法令另有規定外，依本\r\n細則辦理。"
		},
		{
			"number": 300,
			"content": "本館設各組、室，分別掌理本館組織條例規定事務。"
		},
		{
			"number": 400,
			"content": "本館館長承國史館館長之命綜理館務，並指揮監督所屬職員；副館長襄助\r\n館長處理館務；主任秘書綜核文稿，處理事務；組室主管人員就其主管事\r\n務或交辦事項，指揮監督所屬職員辦理之。"
		},
		{
			"number": 500,
			"content": "人事室主任依人事法規之規定，受館長指揮監督，處理人事管理事項。"
		},
		{
			"number": 600,
			"content": "主計室主任依主計法規之規定，受館長指揮監督，處理歲計、會計及統計\r\n事項。"
		},
		{
			"number": 700,
			"content": "本館專門委員、秘書、編纂、專員、科員、辦事員及書記等人員，承主管\r\n之命依法處理主辦事項。"
		},
		{
			"number": 800,
			"content": "秘書室職掌如下：\r\n一、本館施政計畫、研究發展、管制考核及法制作業等事項。\r\n二、本館業務會報、諮詢委員會議等議事及管考事項、工作報告及大事記\r\n    彙編等事項。\r\n三、本館對外公共關係業務聯繫及上級機關視察業務簡報等事項。\r\n四、本館志工招募、組訓及運用等統籌事項。\r\n五、本館資訊規劃、推展及運用等統籌事項。\r\n六、本館各項營繕工程之招標、驗收等事項。\r\n七、本館財產管理、員工眷舍及出版品管理等事項。\r\n八、本館採購、水電、空調、消防安全及環境清潔管理等事項。\r\n九、本館印信典守、公文繕校、收發文及檔案管理等事項。\r\n十、本館駕駛、技工、工友及車輛調派管理等事項。\r\n十一、本館員工薪資發放、代收款、所得稅、公勞健保及零用金支付等出\r\n      納事項。\r\n十二、其他不屬於各組室業務事項。"
		},
		{
			"number": 900,
			"content": "採集組職掌如下：\r\n一、臺灣文獻採集事項。\r\n二、臺灣古文書採購、整理建檔及出版事項。\r\n三、口述訪談及出版等事項。\r\n四、臺灣地名調查、編輯及出版等事項。\r\n五、地方政府機關（構）擬毀檔案蒐集、檢選事項。\r\n六、碑碣拓本採集、登錄及管理等事項。\r\n七、臺灣民俗文物採集、整理、典藏、研究、展示、推廣、出版、鑑賞、\r\n    修復及管理等事項。\r\n八、其他有關採集業務事項。"
		},
		{
			"number": 1000,
			"content": "整理組職掌如下：\r\n一、文獻檔案點收、整理編目、保存維護、典藏及庫房管理等事項。\r\n二、文獻檔案數位典藏、資料庫系統維護、開放應用、諮詢閱覽及借調等\r\n    事項。\r\n三、文獻檔案編譯、展示、推廣、研究、出版及學術研討會等事項。\r\n四、圖書、期刊及其他類型資料整理編目、典藏及書庫管理、流通閱覽及\r\n    圖書系統維護等事項。\r\n五、其他有關整理業務事項。"
		},
		{
			"number": 1100,
			"content": "編輯組職掌如下：\r\n一、志書纂修計畫擬定及執行事項。\r\n二、各族群史修纂計畫擬定與執行事項。\r\n三、臺灣早期史料編譯計畫事項。\r\n四、臺灣文獻季刊編輯及出版事項。\r\n五、文獻書刊申請獎勵事項。\r\n六、傑出臺灣文獻獎辦理事項。\r\n七、臺灣文獻專題演講等事項。\r\n八、臺灣史蹟展示、推廣及管理等事項。\r\n九、其他有關編輯業務事項。"
		},
		{
			"number": 1200,
			"content": "人事室掌理本館人事事項。"
		},
		{
			"number": 1300,
			"content": "主計室掌理本館歲計、會計及統計事項。"
		},
		{
			"number": 1400,
			"content": "為加強公務處理，提高工作效率，實施分層負責制度，由館長就本館職權\r\n及單位職掌，部分授權副館長、主任秘書及主管人員決定處理，並由被授\r\n權者負其決定之責任。"
		},
		{
			"number": 1500,
			"content": "公文均應送請館長決行，經館長授權者，得依前條規定由被授權者代行並\r\n負其責。"
		},
		{
			"number": 1600,
			"content": "各單位處理事務，本單位內部意見不同時，由單位主管決定之；涉及其他\r\n單位職掌者，由主任秘書召集會商解決之。"
		},
		{
			"number": 1700,
			"content": "本館分層負責明細表另訂之。"
		},
		{
			"number": 1800,
			"content": "本館每月舉行業務會報一次，每年舉行擴大業務會報，必要時得舉行臨時\r\n會報，由館長召集之。"
		},
		{
			"number": 1900,
			"content": "業務會報由館長、副館長、主任秘書及各組室主管組成，負責審議下列事\r\n項：\r\n一、業務報告與檢討。\r\n二、業務之協調與合作。\r\n三、各主管人員之建議事項。\r\n四、館長交議事項。\r\n舉行擴大業務會報時由全體同仁參加。"
		},
		{
			"number": 2000,
			"content": "業務會報必要時得指派有關人員列席。"
		},
		{
			"number": 2100,
			"content": "業務會報議決事項，由館長核定實施。"
		},
		{
			"number": 2200,
			"content": "本館職員應遵守公務員服務法及其他有關法令規定。"
		},
		{
			"number": 2300,
			"content": "本館公款支付，應依有關法令辦理。"
		},
		{
			"number": 2400,
			"content": "本館文書處理依文書流程管理手冊及有關規定辦理。"
		},
		{
			"number": 2500,
			"content": "本館事務管理依事務管理手冊及有關規定辦理。"
		},
		{
			"number": 2600,
			"content": "本細則自發布日施行。"
		}
	]
}