{
	"pcode": "A0020113",
	"type": "命令",
	"title": "考試院檔案申請閱覽規則",
	"url": "https://law.moj.gov.tw/LawClass/LawAll.aspx?pcode=A0020113",
	"category": [
		"廢止法規",
		"考試院"
	],
	"lastUpdate": "20060505",
	"isDiscarded": true,
	"isTranslated": false,
	"history": [
		"中華民國八十九年七月十五日考試院（89）考台秘文字第 06794 號令訂定發布全文 12 條；並自發布日起施行",
		"中華民國九十五年五月五日考試院考臺秘文字第 09500036731 號令發布廢止"
	],
	"divisions": [],
	"articles": [
		{
			"number": 100,
			"content": "考試院 (以下簡稱本院) 檔案申請閱覽、抄錄、影印、攝影 (以下簡稱閱\r\n覽) 有關事宜，除法令另有規定外，依本規則行之。"
		},
		{
			"number": 200,
			"content": "申請閱覽檔案者，應填具申請書 (格式如附件一) ，或以書面載明申請閱\r\n覽文件內容要旨及用途等，並檢附有關證明文件影本。\r\n\r\n附件一  考試院檔案閱覽申請書\r\n┌───┬───────────────┬──────────┐\r\n│      │姓名 (或機關        性別：    │地址：              │\r\n│      │團體名稱) ：        國籍：    │電話：              │\r\n│      │出生年月日：                  ├──────────┤\r\n│申請人│身分證字號：                  │申請閱覽訴願卷宗者與│\r\n│      │事務所或營業                  │本案之關係：        │\r\n│      │所名稱：                      │□訴願人  □參加人  │\r\n│      │立案證號：                    │□訴願代理人        │\r\n│      │                              │□利害關係人        │\r\n├───┼───────────────┼──────────┤\r\n│代理人│姓名：              性別：    │通訊處所：          │\r\n│或機關│出生年月日：                  │電話：              │\r\n│團體代│身分證字號：                  │與申請人之關係：    │\r\n│表    │                              │                    │\r\n├───┼───────────────┼──────────┤\r\n│助  理│姓名：        出生年月日：    │身分證字號：        │\r\n│人  員│                              │                    │\r\n├───┴───────────────┴──────────┤\r\n│申請內容要旨：                                              │\r\n├──────────────────────────────┤\r\n│文件用途：                                                  │\r\n├──────────────────────────────┤\r\n│                                      申請人   (簽名或蓋章) │\r\n│                                                年  月  日  │\r\n│                                                            │\r\n│                (虛線以下請勿填寫)                          │\r\n├------------------------------------------------------------┤\r\n│處理意見：                                                  │\r\n│□擬同意閱覽。                                              │\r\n│□依      第    條第    項規定，擬不同意閱覽。              │\r\n├──────────────────────────────┤\r\n│批                                                          │\r\n│                                                            │\r\n│示                                                          │\r\n└──────────────────────────────┘"
		},
		{
			"number": 300,
			"content": "本院受理申請閱覽檔案案件 (以下簡稱申請案件) ，由主管業務單位負責\r\n審核辦理。"
		},
		{
			"number": 400,
			"content": "本院對於申請案件，應自收受申請書之次日起十五日內為准駁，並依下列\r\n各款規定以書面通知申請人：\r\n一、准許閱覽者，應載明閱覽時日及處所，並副知檔案管理單位。\r\n二、同意付與資料者，並附請求之文書繕本、影本或節本。\r\n三、拒絕請求，駁回申請者，應敘明理由。\r\n前項准駁之期限，必要時得延長之，但以一次為限。"
		},
		{
			"number": 500,
			"content": "申請人應於指定時間親至本院，出示核准通知書及身分證明文件，繳納費\r\n用，簽署同意書 (格式如附件二) ，保證遵守規定後，向承辦人或檔案管\r\n理人員洽閱檔案。\r\n申請人未依前項規定辦理者，本院得拒絕提供閱覽。\r\n\r\n附件二  同意書\r\n\r\n本人已就後附之「考試院檔案申請閱覽規則」第九條規定，閱讀完畢，充\r\n分瞭解其內容，保證遵守規定，如有違反，願依該規則規定辦理並負法律\r\n責任。\r\n                                      姓名：        (簽名或蓋章)\r\n                                      性別：\r\n                                      身分證字號：\r\n                                      戶籍地址：\r\n  中        華        民        國        年        月        日"
		},
		{
			"number": 600,
			"content": "申請人如需助理人員陪同閱覽檔案，應事先提出申請。\r\n前項助理人員須年滿二十歲，且以一人為限。\r\n閱覽檔案時不得僅由助理人員單獨在場，申請人對其助理人員之行為應負\r\n連帶法律責任。"
		},
		{
			"number": 700,
			"content": "申請人及其助理人員均應於閱覽前在閱覽檔案登記簿上簽名或蓋章；閱畢\r\n時，應記錄閱畢之時間並簽名後，將原卷交還承辦人或檔案管理人員點收\r\n。"
		},
		{
			"number": 800,
			"content": "同一案件申請閱覽次數以一次為限。但依情形足認申請人有正當理由者，\r\n得准予續閱一次。\r\n申請人如不能於指定時間內閱畢，得申請另定期日續閱 (續閱申請書如附\r\n件三) 。\r\n\r\n附件三  考試院檔案續閱申請書\r\n┌───┬─────────┬───┬────────────┐\r\n│續閱申│姓名：            │申請續│    年      月        日│\r\n│請  人│身分證字號：      │閱時間│          時至        時│\r\n├───┼─────────┼───┼────────────┤\r\n│原核准│日期：            │原核准│    年      月        日│\r\n│閱  覽│                  │閱  覽│                        │\r\n│文  件│字號：            │時  間│          時至        時│\r\n├───┼─────────┴───┴────────────┤\r\n│續  閱│                                                    │\r\n│事  由│                                                    │\r\n├───┴──────────────────────────┤\r\n│                                續閱申請人：      簽名或蓋章│\r\n│                                                            │\r\n│中  華  民  國        年          月        日              │\r\n│                                                            │\r\n│         (虛線以下請勿填寫)                                 │\r\n├------------------------------------------------------------┤\r\n│處理意見：                                                  │\r\n│                                                            │\r\n│                                                            │\r\n├───┬──────────────────────────┤\r\n│  批  │                                                    │\r\n│      │                                                    │\r\n│  示  │                                                    │\r\n└───┴──────────────────────────┘"
		},
		{
			"number": 900,
			"content": "閱覽檔案應於本院指定之時間、處所為之，並應遵守下列事項：\r\n一、對於檔案不得添註、塗改、更換、抽取、圈點、污損、竊取。\r\n二、裝訂之檔案不得拆散或重組，應照原狀存放。\r\n三、不得有其他損壞檔案之行為。\r\n四、不得私自影印、抄錄。\r\n五、禁止攜帶食物飲料、刀片、墨汁及修正液等易污毀檔案之物品。\r\n六、不得進入檔案作業處所或庫房。\r\n承辦人或檔案管理人員發現申請人或其助理人員違反前項各款規定者，應\r\n立即予以制止、終止其閱覽行為、告知不得申請續閱，並記錄之。\r\n違反第一項規定涉及刑事責任者，移送該管檢察機關偵辦。"
		},
		{
			"number": 1000,
			"content": "申請閱覽檔案，應繳納費用，其收費準用考試院及所屬機關訴願文書使用\r\n收費標準之規定。"
		},
		{
			"number": 1100,
			"content": "申請人依訴願法第四十九條第一項規定，得預繳費用請求付與繕本、影本\r\n或節本。"
		},
		{
			"number": 1200,
			"content": "本規則自發布日施行。"
		}
	]
}