{
	"pcode": "A0020172",
	"type": "命令",
	"title": "法官學院處務規程",
	"url": "https://law.moj.gov.tw/LawClass/LawAll.aspx?pcode=A0020172",
	"category": [
		"司法",
		"院本部",
		"組織目"
	],
	"lastUpdate": "20131017",
	"isTranslated": false,
	"history": [
		"中華民國一百零二年十月十七日法官學院官院總字第 1020002029 號令訂定發布全文 17 條；並自發布日施行中華民國一百零二年十月九日司法院（102）院台廳司一字第 1020023599 號函核定"
	],
	"divisions": [],
	"articles": [
		{
			"number": 100,
			"content": "本規程依法官學院（以下稱本學院）組織法第十二條規定訂定之。"
		},
		{
			"number": 200,
			"content": "本學院處理事務，除法規另有規定外，依本規程行之。"
		},
		{
			"number": 300,
			"content": "院長綜理本學院院務，並指揮監督所屬人員。"
		},
		{
			"number": 400,
			"content": "本學院職員事務之分配，由院長決定之，並按事務之繁簡配置各單位人員\r\n；各組、室職員於必要時，得派兼其他組室事務。"
		},
		{
			"number": 500,
			"content": "本學院年度研習計畫應報請司法院核定。"
		},
		{
			"number": 600,
			"content": "主任秘書掌理事項如下：\r\n一、各單位文稿之綜核及代判。\r\n二、機密及重要文件之處理。\r\n三、各單位之協調及權責問題之核議。\r\n四、重要會議之籌辦。\r\n五、公共關係與新聞發布。\r\n六、院長交辦事項。"
		},
		{
			"number": 700,
			"content": "教務組掌理事項如下：\r\n一、年度研習計畫規劃之擬議。\r\n二、各項研習委員會會議之籌劃及執行。\r\n三、研習課程之安排。\r\n四、講座之延聘及聯絡。\r\n五、講義之印發。\r\n六、研習人員各項考試及成績紀錄陳報。\r\n七、研習資訊系統建檔。\r\n八、研習成效之評估及檢討改進。\r\n九、其他有關教務事項。"
		},
		{
			"number": 800,
			"content": "學務組掌理事項如下：\r\n一、研習人員品德學識考查成績之彙辦。\r\n二、研習人員報到、上課之勤惰考查及請假。\r\n三、研習人員教室、寢室、餐桌、乘車之安排。\r\n四、與各班次有關物品、車輛、食宿之採購申請。\r\n五、研習人員生活服務、管理及獎懲處理。\r\n六、研習人員體育、康樂。\r\n七、研習人員各種集會及其他活動。\r\n八、研習證書之核發及公務人員終身學習時數之上傳。\r\n九、班務助理招募、管理。\r\n十、其他有關學務事項。"
		},
		{
			"number": 900,
			"content": "研究發展組掌理事項如下：\r\n一、研習、進修之國際交流及與國內學術、研究機構合作。\r\n二、研習、進修課程、方法與教材之研究發展。\r\n三、圖書資料供應、管理及出版。\r\n四、經司法院指定辦理之研究、法官國外進修（含專題研究）、實任法官\r\n    帶職帶薪自行進修之轉介及認可事宜等事項。\r\n五、其他有關研究發展事項。"
		},
		{
			"number": 1000,
			"content": "總務組掌理事項如下：\r\n一、研習人員膳宿。\r\n二、文書之收發、分配、繕校及稽催。\r\n三、各項會議之籌劃及紀錄。\r\n四、檔案管理。\r\n五、一般行政法令及文件處理。\r\n六、工作計畫之彙訂及工作報告之編擬。\r\n七、各單位公務登記之催查彙報。\r\n八、資訊業務之規劃、推動、管理及維護。\r\n九、出納。\r\n十、財物購置、保管、發給。\r\n十一、環境衛生整潔及消防。\r\n十二、房舍營建、修繕及管理。\r\n十三、技工、工友之管理、調配、訓練及考核。\r\n十四、印信典守。\r\n十五、不屬於其他各組、室之事項。\r\n十六、其他有關總務事項。"
		},
		{
			"number": 1100,
			"content": "人事室依法令辦理本學院人事事項。"
		},
		{
			"number": 1200,
			"content": "主計室依法令辦理本學院歲計、會計及統計事項。"
		},
		{
			"number": 1300,
			"content": "組長、室主任承院長之命，指揮監督所屬人員辦理各組、室事務。"
		},
		{
			"number": 1400,
			"content": "各組於業務需要，得分股辦事。"
		},
		{
			"number": 1500,
			"content": "本學院依業務需要得設各種委員會，其所需經費由年度預算支應。"
		},
		{
			"number": 1600,
			"content": "本學院處理業務，實施分層負責制度，逐級授權決定；其分層負責明細表\r\n另定之。"
		},
		{
			"number": 1700,
			"content": "本規程自發布日施行。"
		}
	]
}