{
	"pcode": "A0020103",
	"type": "命令",
	"title": "行政訴訟筆錄使用電腦記錄實施辦法",
	"url": "https://law.moj.gov.tw/LawClass/LawAll.aspx?pcode=A0020103",
	"category": [
		"司法",
		"院本部",
		"行懲及智財目"
	],
	"lastUpdate": "20060720",
	"isTranslated": false,
	"history": [
		"中華民國八十九年七月四日司法院（89）院台廳行一字第 16008 號函訂定發布；並自八十九年七月一日起實施",
		"中華民國九十年十月四日司法院（90）院台廳行一字第 24447 號令修正發布第 2～5、9 條條文；本次修正條文第 2、4、5 條條文自九十年十月一日起施行，第 3 條條文自九十一年一月一日起施行",
		"中華民國九十三年十二月二十九日司法院（93）院台廳行一字第 0930031634 號令修正發布第 2 條條文",
		"中華民國九十五年七月二十日司法院院台廳行一字第 0950016618 號令修正發布第 8、9 條條文"
	],
	"divisions": [],
	"articles": [
		{
			"number": 100,
			"content": "本辦法依行政訴訟法第一百三十條第三項規定訂定之。"
		},
		{
			"number": 200,
			"content": "行政訴訟言詞辯論之進行應以電腦記錄、列印，但有下列情形之一者，得\r\n以手寫或其他方式記錄：\r\n一、新成立之法院自成立日起一年內。\r\n二、經國家考試及格分發之新派任書記官自報到日起六個月內。\r\n三、現任書記官於調整職務前未曾使用電腦製作筆錄者，自接辦紀錄業務\r\n    日起三個月內。\r\n四、電腦系統因故無法正常使用或無電腦設備者。\r\n五、其他特殊原因經報請首長核定者。"
		},
		{
			"number": 300,
			"content": "行政法院應於法庭設置電腦、印表機等相關設備，供書記官製作、列印筆\r\n錄之用。並應於法台上設置螢幕，同步顯示書記官之記錄情形，供審判長\r\n、受命法官、陪席法官、當事人及其他關係人覽視。"
		},
		{
			"number": 400,
			"content": "當事人或其他關係人對於螢幕所顯示內容有異議者，書記官如認確有誤記\r\n或遺漏，應立即於筆錄電子檔更正或補充。\r\n如以異議為不當，應於筆錄電子檔內附記其異議。"
		},
		{
			"number": 500,
			"content": "筆錄電子檔經列印後，該筆錄如有依法加註情形時，應於電子檔為相同之\r\n加註，用全形小括弧，以 (註：　．．．) 表示。"
		},
		{
			"number": 600,
			"content": "電腦列印之筆錄應加印防偽戳記。"
		},
		{
			"number": 700,
			"content": "附卷之筆錄與筆錄電子檔內容不一致者，以附卷之筆錄為準。"
		},
		{
			"number": 800,
			"content": "書記官應自裁判確定之日起算三個月後，除去筆錄電子檔。"
		},
		{
			"number": 900,
			"content": "本辦法自中華民國八十九年七月一日施行。\r\n本辦法修正條文第二條、第四條、第五條自九十年十月一日施行，修正條\r\n文第三條自九十一年一月一日施行。\r\n本辦法修正條文第八條自發布日施行。"
		}
	]
}