{
	"pcode": "A0020129",
	"type": "命令",
	"title": "行政院研究發展考核委員會及所屬機關提供政府資訊收費標準",
	"url": "https://law.moj.gov.tw/LawClass/LawAll.aspx?pcode=A0020129",
	"category": [
		"廢止法規",
		"國家發展委員會"
	],
	"lastUpdate": "20151110",
	"isDiscarded": true,
	"isTranslated": true,
	"english": "Fee Standard for Providing Government Information by the Research, Development and Evaluation Commission of the Executive Yuan and Affiliated Agencies",
	"attachments": [
		"https://law.moj.gov.tw/LawClass/LawGetFile.ashx?FileId=0000033479",
		"https://law.moj.gov.tw/LawClass/LawGetFile.ashx?FileId=0000233904"
	],
	"history": [
		"中華民國九十五年三月二十日行政院研究發展考核委員會會秘字第 09500036871 號令訂定發布全文 9 條；並自政府資訊公開法施行之日施行",
		"中華民國一百零四年十一月十日國家發展委員會發秘字第 1041801576 號令發布廢止"
	],
	"divisions": [],
	"articles": [
		{
			"number": 100,
			"content": "本標準依政府資訊公開法 (以下簡稱本法) 第二十二條第二項及規費法第\r\n十條規定訂定之。"
		},
		{
			"number": 200,
			"content": "閱覽、抄錄或攝影政府資訊，每二小時收取費用新臺幣二十元；不足二小\r\n時，以二小時計算。"
		},
		{
			"number": 300,
			"content": "重製或複製政府資訊，依政府資訊重製或複製收費標準表 (如附表) ，收\r\n取費用。\r\n前項收費標準表未明定之項目，按重製或複製工本費，收取費用。"
		},
		{
			"number": 400,
			"content": "重製或複製政府資訊，如另需提供郵寄服務者，其郵遞費用以實支數額計\r\n算。"
		},
		{
			"number": 500,
			"content": "申請政府資訊供學術研究或公益用途者，於申請時應檢附相關證明文件，\r\n經核准後，除郵遞費用仍以實支數額計算外，其餘費用，減半徵收。"
		},
		{
			"number": 600,
			"content": "申請之政府資訊屬規費法第十二條第一款所定辦理業務或教育宣導資料者\r\n，得免費提供。"
		},
		{
			"number": 700,
			"content": "本標準所定之費用，其收取應依預算程序辦理。"
		},
		{
			"number": 800,
			"content": "檔案管理局因業務性質特殊者，得依本法第二十二條第二項規定，另定提\r\n供政府資訊收費標準。"
		},
		{
			"number": 900,
			"content": "本標準自本法施行之日施行。"
		}
	]
}