{
	"pcode": "A0020120",
	"type": "命令",
	"title": "監察院各委員會召集人會議實施辦法",
	"url": "https://law.moj.gov.tw/LawClass/LawAll.aspx?pcode=A0020120",
	"category": [
		"監察",
		"院本部",
		"組織目"
	],
	"lastUpdate": "19980324",
	"isTranslated": false,
	"history": [
		"中華民國八十二年四月十六日監察院（82）監台院議字第 931 號公告訂定發布全文 9 條",
		"中華民國八十三年十二月十三日監察院第二屆第二十四次會議修正發布",
		"中華民國八十七年三月二十四日監察院第二屆第七十八次會議修正發布第 4 條條文，並自發布日起施行"
	],
	"divisions": [],
	"articles": [
		{
			"number": 100,
			"content": "監察院 (以下簡稱本院) 為加強各委員會業務聯繫，並期集思廣益，協力\r\n推展重要院務，特訂定本辦法。"
		},
		{
			"number": 200,
			"content": "本院各委員會召集人會議 (以下簡稱本會議) ，以各委員會召集人為出席\r\n人，召集人因故不能出席時，得商請該委員會委員一人代表出席，每月開\r\n會一次，必要時得召開臨時會議。"
		},
		{
			"number": 300,
			"content": "本會議由本院副院長召集，並為主席。副院長如因故不能主持會議時，由\r\n出席委員互推一人為主席。"
		},
		{
			"number": 400,
			"content": "本會議開會時，本院秘書長、副秘書長及有關之主管人員均應列席。"
		},
		{
			"number": 500,
			"content": "本會議研討事項如左：\r\n一、關於發揮監察功能及院務革新之建議事項。\r\n二、關於各委員會間之業務協調聯繫事項。\r\n三、關於人民書狀、調查案件與彈劾、糾舉、糾正案件處理之協調聯繫及\r\n    檢討改進事項。\r\n四、關於本院會議之議事程序事項。\r\n五、關於巡迴及責任區監察工作之規劃實施事項。\r\n六、關於國內外考察之規劃審議事項。\r\n七、關於院長交議或委員提議事項。"
		},
		{
			"number": 600,
			"content": "本會議須有應出席委員二分之一以上之出席，始得開會；出席委員過半數\r\n之同意，方得決議。"
		},
		{
			"number": 700,
			"content": "本會議決議事項，除需提報本院會議討論部分外，餘經院長核定後，應即\r\n施行。"
		},
		{
			"number": 800,
			"content": "本會議有關事務由本院議事科負責辦理。"
		},
		{
			"number": 900,
			"content": "本辦法自發布日施行。"
		}
	]
}