{
	"pcode": "A0020088",
	"type": "命令",
	"title": "司法院及所屬司法人員服制規則",
	"url": "https://law.moj.gov.tw/LawClass/LawAll.aspx?pcode=A0020088",
	"category": [
		"廢止法規",
		"司法院"
	],
	"lastUpdate": "20170726",
	"isDiscarded": true,
	"isTranslated": false,
	"history": [
		"中華民國六十六年七月十八日司法院（66）院台參字第 0748 號令訂定發布全文 7 條",
		"中華民國一百零六年七月二十六日司法院院台廳司一字第 1060020065 號令發布廢止"
	],
	"divisions": [],
	"articles": [
		{
			"number": 100,
			"content": "司法院及所屬司法人員之服制，檢察官、律師服制條例，依本規則之規定\r\n。"
		},
		{
			"number": 200,
			"content": "本規則所稱司法人員，係指司法院院長、副院長、大法官、最高法院院長\r\n、行政法院院長、及公務員懲戒委員會委員長。"
		},
		{
			"number": 300,
			"content": "前條司法人員之服式如左：\r\n一、罩袍  式如附圖一、二，藍青色圍花與黑色素面綢緞剪接，長至膝下\r\n          一十五公分，前中心開襟。白色中式立領，與罩袍一起縫合固\r\n          定。上綴黑色絲質領結。\r\n二、帽    式如附圖三，高帽身，方帽頂，帽角對正前後左右中心，以黑\r\n          色絲綢製作，帽身前中心訂國徽，並於國徽水平處加飾藍條。\r\n三、內著  男罩袍內著日常白色襯衫，深色西褲。女罩袍內著素色旗袍，\r\n          長度不得超過罩袍下襬。\r\n四、鞋    黑色素面。男跟高不超過三公分。女小圓頭跟高五公分，限徑\r\n          粗二點五公分。"
		},
		{
			"number": 400,
			"content": "本規則所定制服，其質料以國產為限。"
		},
		{
			"number": 500,
			"content": "本規則所定制服，其服用時間如左：\r\n一、開庭審理案件時。\r\n二、參加本國或外國大典及宴會時。\r\n三、領受勳章或參加其典禮時。\r\n四、依法任監誓人時。\r\n五、出席國際會議時，依例應著制服時。\r\n六、其他重要正式會議有必要之情形時。"
		},
		{
			"number": 600,
			"content": "最高法院推事、行政院評事、公務員懲戒委員會委員，及書記官之服制，\r\n適用推事檢察官書記官律師服制條例之規定。"
		},
		{
			"number": 700,
			"content": "本規則自發布日施行。\r\n附註：附圖從略。"
		}
	]
}