{
	"pcode": "A0020008",
	"type": "命令",
	"title": "國民大會旁聽規則",
	"url": "https://law.moj.gov.tw/LawClass/LawAll.aspx?pcode=A0020008",
	"category": [
		"國民大會（憲法國民大會章條文已停止適用）"
	],
	"lastUpdate": "19940510",
	"isTranslated": false,
	"history": [
		"",
		"中華民國六十七年二月二十五日第一屆國民大會第六次會議主席團第一次會議修正通過",
		"中華民國七十三年二月二十六日第一屆國民大會第七次會議主席團第一次會議修正通過",
		"中華民國七十九年二月二十五日第一屆國民大會第八次會議主席團第一次會議修正通過",
		"中華民國八十年四月十日第一屆國民大會第二次臨時會主席團第一次會修正通過",
		"中華民國八十一年四月十七日第二屆國民大會臨時會第十四次大會修正通過",
		"中華民國八十三年五月十日第二屆國民大會第四次臨時會第三次大會修正通過全文 8 條"
	],
	"divisions": [],
	"articles": [
		{
			"number": 100,
			"content": "凡向大會要求旁聽人員，須有代表一人之介紹並提出旁聽介紹書。但每一\r\n位代表每次大會以介紹二人為限，以登記之先後順序處理。"
		},
		{
			"number": 200,
			"content": "旁聽人旁聽場次之排定，依申請旁聽之先後次序發證，旁聽人憑國民身分\r\n證換取旁聽證，按每次大會可容納之旁聽席數，排定旁聽之先後會次。"
		},
		{
			"number": 300,
			"content": "凡已排定旁聽之會議，如因故改期者，其持有該次會議旁聽證之旁聽人，\r\n仍可於改期舉行之同次會議時前來旁聽。"
		},
		{
			"number": 400,
			"content": "旁聽證由人事組製備，正面表示會次及旁聽人姓名，背面註明「旁聽須知\r\n」：\r\n一、旁聽證佩帶於左胸前。\r\n二、旁聽人憑旁聽證進入會場，並接受警衛安全檢查。\r\n三、旁聽人不得攜帶武器、照相機、錄影 (音) 機、擴音器、標語、宣傳\r\n    品及其他足以影響議場秩序之器具或違禁物品進入會場。\r\n四、旁聽人之衣帽、雨具、公文箱、手提包、食品等，請交服務台衣帽間\r\n    保管，不得帶入議場。\r\n五、旁聽人進入旁聽席應對號就座，並應遵守議場規則，保持肅靜，不得\r\n    鼓掌或叫囂喧鬧；如不遵守議場旁聽規定，服務及接待人員應令其立\r\n    即退席。"
		},
		{
			"number": 500,
			"content": "旁聽證限旁聽人本人使用。如有遺失應即通知發證單位註銷，並會知警衛\r\n處。"
		},
		{
			"number": 600,
			"content": "如遇主席宣布改開秘密會議時，旁聽人員應即離開議場。"
		},
		{
			"number": 700,
			"content": "旁聽人員應於旁聽規定時間到達台北市中山堂廣場搭乘大會交通車，由隨\r\n車服務人員接待，並核對證件登車。至中山樓後，由服務科派員引導進入\r\n會場。散會後仍搭乘專車返回中山堂。"
		},
		{
			"number": 800,
			"content": "本規則經大會通過後施行，修訂時亦同。"
		}
	]
}