{
	"pcode": "A0020126",
	"type": "命令",
	"title": "國家情報專業獎章頒給辦法",
	"url": "https://law.moj.gov.tw/LawClass/LawAll.aspx?pcode=A0020126",
	"category": [
		"總統",
		"國家安全會議",
		"情報工作目"
	],
	"lastUpdate": "20140718",
	"isTranslated": false,
	"attachments": [
		"https://law.moj.gov.tw/LawClass/LawGetFile.ashx?FileId=0000032683",
		"https://law.moj.gov.tw/LawClass/LawGetFile.ashx?FileId=0000032684",
		"https://law.moj.gov.tw/LawClass/LawGetFile.ashx?FileId=0000032685"
	],
	"history": [
		"中華民國九十四年九月八日國家安全局（094）陽勵字第 0011816 號令 、 銓敘部部銓三字第 0942515453 號令 、 國防部制剴字第 0940000559 號令 、 行政院人事行政局局考字第 09400251322 號令會銜訂定發布全文 11 條；並自發布日施行",
		"中華民國九十六年八月十七日國家安全局（096）英樸字第 0013133 號令 、 銓敘部部銓三字第 0962813244 號令 、 國防部制創字第 0960000569 號令 、 行政院人事行政局局考字第 09600260342 號令會銜修正發布第 7 條條文",
		"中華民國九十九年六月二十五日國家安全局（099）允恆字第 0041151 號令修正發布第 1 條條文",
		"中華民國一百零二年七月二十六日國家安全局（102）修惠字第 0009052 號令修正發布第 1 條條文",
		"中華民國一百零三年七月十八日國家安全局（103）開長字第 0008592 號令修正發布第 9 條條文"
	],
	"divisions": [],
	"articles": [
		{
			"number": 100,
			"content": "本辦法依獎章條例第九條及國家情報工作法第二十七條第二項規定訂定之\r\n。"
		},
		{
			"number": 200,
			"content": "情報人員或情報協助人員具有下列情形之一者，頒給國家情報專業獎章：\r\n一、從事或協助情報蒐集、研析、處理及運用，對維護國家安全及利益，\r\n    著有功蹟者。\r\n二、從事或協助保防、偵防、安全管制，反制外國或敵對勢力對我國進行\r\n    情報工作，著有功蹟者。\r\n三、策訂國家情報工作重要計畫、政策及推動相關工作，著有功蹟者。\r\n四、及時蒐報或發覺影響國家安全及利益之重大治安預警情資或線索，致\r\n    能有效防制，著有功蹟者。\r\n五、執行情報工作，致受傷、殘障、死亡或喪失人身自由足資矜式者。\r\n六、其他對國家情報工作或對維護國家安全有重要貢獻足資矜式者。"
		},
		{
			"number": 300,
			"content": "國家情報專業獎章定名為磐石獎章 (以下簡稱本獎章) 分為一等至三等，\r\n一等為領綬，二等及三等為襟綬，各等分三級；除特殊情形者外，初授均\r\n為三等三級，並得因積功晉等。\r\n本獎章及附發小型獎章之式樣及圖說如附表一。"
		},
		{
			"number": 400,
			"content": "各情報機關請頒本獎章，應向國家安全局推薦。\r\n請頒本獎章應填具請頒磐石獎章事蹟表，檢附有關證明文件。事蹟表格式\r\n如附表二。"
		},
		{
			"number": 500,
			"content": "本獎章之請頒，由國家安全局組成審查委員會審查通過後，報請局長核定\r\n，以公開儀式頒給。\r\n前項之審查及頒給程序，如有維護情報工作或人員安全之必要者，不在此\r\n限。\r\n審查委員會置主任委員一人，由國家安全局副局長擔任，委員六人至十人\r\n，由國家安全局指定或遴聘適當人員組成。\r\n第一項之審查，得請相關人員或請頒機關代表列席。"
		},
		{
			"number": 600,
			"content": "本獎章之頒給，應附證書，頒給外籍人士者，並附譯本。\r\n獎章證書格式如附表三。"
		},
		{
			"number": 700,
			"content": "本獎章之登記程序如次：\r\n一、公務人員：送銓敘部登記。\r\n二、軍職人員：送國防部登記。\r\n三、前二款以外之公務員送原屬機關（構）、單位登記。\r\n前項受獎人因特殊情形暫未登記者，得於公職退離時，補行登記。"
		},
		{
			"number": 800,
			"content": "符合請頒本獎章之人員，得於身故後追頒之，依順序由其配偶、直系親屬\r\n或情報機關指定之人員代領之。"
		},
		{
			"number": 900,
			"content": "協助國家情報工作法所定各項工作之個人，對我國情報工作著有功績、勞\r\n績或有特殊優異事蹟表現者，得準用本辦法之規定頒給本獎章。"
		},
		{
			"number": 1000,
			"content": "公務員領有本獎章者，退休 (伍) 或死亡時，發給獎勵金：\r\n一、公務人員依公務人員領有勳章獎章榮譽紀念章發給獎勵金實施要點辦\r\n    理。\r\n二、軍職人員依國防部規定之軍種獎章標準核給。\r\n前項第一款、第二款以外之公務員，依相關規定辦理。"
		},
		{
			"number": 1100,
			"content": "本辦法自發布日施行。"
		}
	]
}