{
	"pcode": "A0020105",
	"type": "命令",
	"title": "最高行政法院律師閱卷規則",
	"url": "https://law.moj.gov.tw/LawClass/LawAll.aspx?pcode=A0020105",
	"category": [
		"廢止法規",
		"司法院"
	],
	"lastUpdate": "20110506",
	"isDiscarded": true,
	"isTranslated": false,
	"history": [
		"中華民國七十年一月二十三日司法院（70）院台廳三字第 01290 號函核定全文 11 點",
		"中華民國八十年七月四日司法院核定修正名稱及全文 14 點（原名稱：行政法院當事人閱卷實施要點；新名稱：行政法院律師閱卷實施要點）",
		"中華民國八十四年九月十六日行政法院（84）院明文字第 533 號令修正發布名稱及全文 15 條（原名稱：行政法院律師閱卷實施要點；新名稱：行政法院律師閱卷規則）",
		"中華民國八十九年六月二十九日司法院核定修正名稱及全文 15 條（原名稱：行政法院律師閱卷規則；新名稱：最高行政法院律師閱卷規則）",
		"中華民國一百年五月六日最高行政法院院田文字第 1000000240 號令發布廢止"
	],
	"divisions": [],
	"articles": [
		{
			"number": 100,
			"content": "律師閱卷，除法令另有規定外，依本規則辦理。"
		},
		{
			"number": 200,
			"content": "律師就其受委任訴訟事件，得聲請閱卷。"
		},
		{
			"number": 300,
			"content": "律師聲請閱卷，應填具聲請書，送本院收發室轉送審查科。"
		},
		{
			"number": 400,
			"content": "審查科收到聲請書後，應速定閱卷時間，通知聲請人到場閱卷，並副知閱\r\n卷室管理人員。\r\n除有特殊情事，並經院長、庭長或法官核可者外，前項副知閱卷室之時間\r\n，宜在一日以上。"
		},
		{
			"number": 500,
			"content": "指定之閱卷期日，自收到聲請書之日起，至遲不得逾七日。但卷宗尚未調\r\n齊或已分庭事件，應俟卷宗到場後即予指定，並將事由通知聲請人。"
		},
		{
			"number": 600,
			"content": "承辦書記官應於指定交閱時間屆至前，先檢出卷宗以備閱卷室管理人員洽\r\n取時立即交付。如有不能交付卷宗之特別情事，應於聲請書上註明原因，\r\n並另指定時間通知之。"
		},
		{
			"number": 700,
			"content": "律師對於已分庭事件聲請閱卷，如承辦法官認可逕行給閱者，得交由書記\r\n科承辦股書記官，依前三條規定辦理。"
		},
		{
			"number": 800,
			"content": "律師收到閱卷通知，應於指定時間到達本院閱卷室，由承辦書記官或閱卷\r\n室管理人員核驗相關證件後，取卷交付辦理閱卷事宜。"
		},
		{
			"number": 900,
			"content": "律師閱卷，除在閱卷登記簿上簽名或蓋章外，閱畢時應記明閱畢之時間及\r\n簽名，並將原卷還閱卷室管理人員點收清楚。"
		},
		{
			"number": 1000,
			"content": "律師閱卷，除閱覽及抄錄外，並得預納費用請求影印之。"
		},
		{
			"number": 1100,
			"content": "律師帶同助理人員抄錄或影印卷宗時，應將助理人員之姓名登記於閱卷登\r\n記簿，但不得僅由助理人員單獨在場抄錄或影印卷宗。"
		},
		{
			"number": 1200,
			"content": "律師閱卷，應在閱卷室為之，不得攜出，並應遵守下列事項：\r\n一、抄錄卷證，不得使用黑色墨汁或墨水。\r\n二、對於卷證不得添註、塗改、更換、抽取、圈點、污損或作其他記號。\r\n三、裝訂之卷證不得拆散。\r\n四、卷內文件證物閱覽後，仍照原狀存放。"
		},
		{
			"number": 1300,
			"content": "律師閱卷，不能於辦公時間內閱竣者，經聲明後，承辦書記官應指定續閱\r\n時間。"
		},
		{
			"number": 1400,
			"content": "本規則於當事人、非律師而為訴訟代理人或第三人依法得請求閱覽卷宗時\r\n，準用之。"
		},
		{
			"number": 1500,
			"content": "本規則經本院庭長法官聯席會議議決，院長核定後施行，並陳報司法院備\r\n查，修正時亦同。"
		}
	]
}