{
	"pcode": "A0020164",
	"type": "命令",
	"title": "最高行政法院為無資力人選任律師為訴訟代理人辦法",
	"url": "https://law.moj.gov.tw/LawClass/LawAll.aspx?pcode=A0020164",
	"category": [
		"司法",
		"院本部",
		"行懲及智財目"
	],
	"lastUpdate": "20120903",
	"isTranslated": false,
	"history": [
		"中華民國一百零一年九月三日司法院院台廳行一字第 1010024901 號令訂定發布全文 7 條；並自一百零一年九月六日施行"
	],
	"divisions": [],
	"articles": [
		{
			"number": 100,
			"content": "本辦法依行政訴訟法第二百四十一條之一第三項準用民事訴訟法第四百六\r\n十六條之三第二項規定訂定之。"
		},
		{
			"number": 200,
			"content": "最高行政法院為上訴人選任律師為其訴訟代理人，應自執行該職務五年以\r\n上，成績優良、品德良好者選任之。\r\n律師曾任法官或檢察官者，前項執行律師職務期間應併計其法官或檢察官\r\n之服務年資。"
		},
		{
			"number": 300,
			"content": "最高行政法院得參考中華民國律師公會全國聯合會及各地區律師公會推薦\r\n符合前條規定之律師選任之。"
		},
		{
			"number": 400,
			"content": "律師為通常訴訟程序事件上訴審被上訴人之配偶、前配偶、未婚配偶或三\r\n親等內之血親、二親等內之姻親或曾有此親屬關係者，不得被選任為上訴\r\n人之訴訟代理人。\r\n被選任之律師有前項情形者，應自行辭退。"
		},
		{
			"number": 500,
			"content": "最高行政法院認被選任之律師不適任者，得予解任，另行選任之。"
		},
		{
			"number": 600,
			"content": "本辦法於最高行政法院為被上訴人選任律師者，準用之。"
		},
		{
			"number": 700,
			"content": "本辦法自中華民國一百零一年九月六日施行。"
		}
	]
}