{
	"pcode": "A0020146",
	"type": "命令",
	"title": "國家安全局處務規程",
	"url": "https://law.moj.gov.tw/LawClass/LawAll.aspx?pcode=A0020146",
	"category": [
		"總統",
		"國家安全會議",
		"組織目"
	],
	"lastUpdate": "20150105",
	"isTranslated": false,
	"history": [
		"中華民國八十三年五月二十三日國家安全局華述繼字第 00114 號訂定",
		"中華民國八十九年十一月三日國家安全局治和字第 065 號令修正",
		"中華民國九十二年六月二十六日國家安全局知真字第 10316 號令修正",
		"中華民國九十七年七月二十三日國家安全局國賢字第 16416 號令修正發布第 5～9、12～14、16～18、23、25、28、32 條條文",
		"中華民國一百年十二月三十日國家安全局睿英字第 14853 號令修正發布全文 39 條；並自發布日施行",
		"中華民國一百零二年四月十五日國家安全局（102）修泰字第 0004114 號令修正發布第 19、28 條條文",
		"中華民國一百零四年一月五日國家安全局（104）鴻祥字第 0000064 號令修正發布全文 41 條；並自一百零四年二月一日施行"
	],
	"divisions": [],
	"articles": [
		{
			"number": 100,
			"content": "國家安全局（以下簡稱本局）為處理內部單位之分工職掌等事項，特訂定\r\n本規程。"
		},
		{
			"number": 200,
			"content": "局長綜理局務，並指揮、監督所屬人員；副局長襄助局長處理局務。"
		},
		{
			"number": 300,
			"content": "主任秘書權責如下：\r\n一、承局長之命，督導情報或特勤相關專案工作與全局採購及跨處室一般\r\n    庶務性業務。\r\n二、文稿之綜核及代判。\r\n三、各單位之協調及權責問題之核議。\r\n四、其他交辦事項。"
		},
		{
			"number": 400,
			"content": "本局處理業務，除法令另有規定外，依本規程辦理之。"
		},
		{
			"number": 500,
			"content": "本局設各處、室、中心（以下簡稱各單位），分別掌理本局組織法規定之\r\n有關事務。"
		},
		{
			"number": 600,
			"content": "各單位視業務需要分組（隊、所、科、小組）辦事，並得因業務繁簡，在\r\n法定職掌範圍內，按作業程序簽奉核定後，調整各組職掌；必要時得在法\r\n定組數範圍內，增設新組或減併原組。"
		},
		{
			"number": 700,
			"content": "第一處掌理下列事項：\r\n一、國際情報組織部署有關事項。\r\n二、國際情報蒐集有關事項。\r\n三、國際情報合作之策劃與執行事項。\r\n四、本局國際禮賓、聯絡、接待工作有關事項。\r\n五、國家安全情報協調會報有關國際情報工作事。\r\n六、專案佈建及專案情蒐工作。\r\n七、其他有關國際情報工作事項。"
		},
		{
			"number": 800,
			"content": "第二處掌理下列事項：\r\n一、指導、協調、支援有關機關執行大陸地區情報工作事項。\r\n二、策建大陸情報工作據點，執行人員佈建及情蒐任務有關事項。\r\n三、國家安全情報協調會報有關大陸情報工作事項。\r\n四、其他有關大陸地區情報工作事項。"
		},
		{
			"number": 900,
			"content": "第三處掌理下列事項：\r\n一、臺灣地區安全情報、反情報之部署、蒐研及協調處理事項。\r\n二、影響臺灣地區安全有關跨境情報之協調處理事項。\r\n三、臺灣地區安全情勢研析事項。\r\n四、臺灣地區安全情報協調會報有關事項。\r\n五、其他有關台灣地區安全情報工作事項。"
		},
		{
			"number": 1000,
			"content": "第四處掌理下列事項：\r\n一、國家戰略情報蒐集指導有關事項。\r\n二、國家戰略情報處理與研析有關事項。\r\n三、國家戰略情報之分發與運用事項。\r\n四、國家戰略情報要報與專題研究事項。\r\n五、國家安全情報協調會報有關事項。\r\n六、整合國家人員情報、電訊情報、空間情報、公開情報等資源，執行戰\r\n    略情報研析工作。\r\n七、其他有關國家戰略情報整合、研析及分發運用等事項。"
		},
		{
			"number": 1100,
			"content": "第五處掌理下列事項：\r\n一、科技安全情報蒐研有關事項。\r\n二、情報科技研發有關事項。\r\n三、情報通訊系統建置與安全防護有關事項。\r\n四、情報通訊監察有關事項。\r\n五、情報通訊、交通與電子勤務支援有關事項。\r\n六、科技情報工作掩護機構設置、管理有關事項。\r\n七、情報工作人員身分掩護、科技情報協助人員布置有關事項。\r\n八、有關影響國家安全情報資通安全管理策略及其防護要項。\r\n九、科技情報協調會報有關事項。\r\n十、其他有關科技安全情報、情報科技、情報通訊、情報交通及身分掩護\r\n    等事項。"
		},
		{
			"number": 1200,
			"content": "第六處掌理下列事項：\r\n一、政府機關密碼管制機制及法規訂定有關事項。\r\n二、政府機關密碼管制業務之統合指導、協調、支援與管制事項。\r\n三、密碼保密工作施政方針與計畫策訂、推展等事項。\r\n四、密碼科技暨保密裝備研展、系統工程及送鑑管制有關事項。\r\n五、保密裝備產製部署、密鑰管理、網路維運、保修服務等有關事項。\r\n六、中央密碼管制協調會報有關事項。\r\n七、其他有關密碼及其裝備研製、管制等事項。"
		},
		{
			"number": 1300,
			"content": "第七處掌理下列事項：\r\n一、國家網域安全情報蒐研有關事項。\r\n二、網域安全工具應用及研發有關事項。\r\n三、網路反覘、查處及控管影響國家網域安全威脅有關事項。\r\n四、網域安全情勢研析事項。\r\n五、其他有關國家網域安全工作事項。"
		},
		{
			"number": 1400,
			"content": "公開情報中心掌理下列事項：\r\n一、統合、指導、協調、支援有關機關執行公開情報工作事項。\r\n二、本局公開情報蒐研有關事項。\r\n三、公開情報蒐研系統建置與管理有關事項。\r\n四、公開情報合作之策劃與執行事項。\r\n五、本局掩護機構之管理及工作開展有關事項。\r\n六、其他有關公開情報蒐研合作及掩護機構管理等事項。"
		},
		{
			"number": 1500,
			"content": "國家安全作業中心掌理下列事項：\r\n一、綜理國家安全情報指導小組會議有關事項。\r\n二、協調整合各情報機關及政府相關部會重大緊急突發事件情資通報、查\r\n    證、分享及協力應處有關事項。\r\n三、協調整合導入各情報機關及政府相關部會影像及通資訊系統建置有關\r\n    事項。\r\n四、協調整合規劃與國家生存發展相關議題之衛照、數據等資料庫建置事\r\n    項。\r\n五、其他有關國家安全作業機制規劃及運作事項。"
		},
		{
			"number": 1600,
			"content": "督察處掌理下列事項：\r\n一、指導、協調、支援情報機關執行督察及內部反情報有關事項。\r\n二、內部反情報及其有關事項。\r\n三、情報工作紀律督導與查察有關事項。\r\n四、人員安全查核與安全考核有關事項。\r\n五、人員心理測驗及科學儀器檢測有關事項。\r\n六、其他有關督察工作事項。"
		},
		{
			"number": 1700,
			"content": "資訊室掌理下列事項：\r\n一、資訊安全情報蒐研有關事項。\r\n二、本局資訊安全政策制訂、管制及防護有關事項。\r\n三、本局資訊安全事件研析及協調處理有關事項。\r\n四、本局情報工作資訊化有關事項。\r\n五、情報資訊作業協調事項。\r\n六、本局資通安全委員會秘書業務。\r\n七、其他有關資訊安全及其情報蒐研與情報工作資訊化等事項。"
		},
		{
			"number": 1800,
			"content": "秘書室掌理下列事項：\r\n一、本局情報工作年度施政方針及施政計畫策辦事項。\r\n二、本局情報工作列管案件之分辦、查催事項。\r\n三、本局史政業務有關事項。\r\n四、本局情報工作文書作業管理事項。\r\n五、本局印信典守事項。\r\n六、本局檔案管理事項。\r\n七、本局情報工作文書編譯業務事項。\r\n八、本局情報工作、特種勤務及其他法制業務事項。\r\n九、本局有關情報工作及特種勤務公共關係事項：\r\n（一）國會聯絡業務事項。\r\n（二）本局與媒體聯繫及新聞處理事項。\r\n（三）本局對外公關事務之協調連繫事項。\r\n十、其他有關本局情報工作綜合秘書行政事項。"
		},
		{
			"number": 1900,
			"content": "總務室掌理下列事項：\r\n一、本局情報工作總務事務管理事項。\r\n二、本局情報工作、特種勤務之採購及營繕工程事項。\r\n三、本局財產管理事項。\r\n四、本局情報工作、特種勤務之經費出納、結匯、匯撥及員工薪餉發放等\r\n    事項。\r\n五、本局警衛安全規劃、管理及情報工作、特種勤務之基層事務人力調派\r\n    、支援事項。\r\n六、本局醫療保健作業事項。\r\n七、不屬各處室之情報工作支援、行政、後勤事項。"
		},
		{
			"number": 2000,
			"content": "人事處掌理下列事項：\r\n一、本局情報、特種勤務之人事與教育訓練政策、規章訂定及執行等事項\r\n    。\r\n二、本局情報、特種勤務之組織編制、員額運用及人力評估等事項。\r\n三、本局情報及特勤人員人事管理事項。\r\n四、本局情報、特種勤務之教育訓練計畫及流路管制等事項。\r\n五、本局退離人員連繫照護、出境管制等事項。\r\n六、本局員工待遇及加給有關事項。\r\n七、本局情報人員化名使用及管理有關事項。\r\n八、本局分層負責明細表有關事項。\r\n九、本局處務規程有關事項。\r\n十、本局情報工作、特種勤務之勳獎懲政策制定、各項勳獎章與獎勵績點\r\n    核定及執行事項。\r\n十一、本局差勤管理作業事項。\r\n十二、本局子女教育補助、獎學金及駐外子女返國就學申請事項。\r\n十三、本局各項保險作業事項。\r\n十四、本局員工結婚、生育、喪葬、意外等各項補助事項。\r\n十五、其他有關人事事項。"
		},
		{
			"number": 2100,
			"content": "主計處掌理下列事項：\r\n一、本局主計制度規劃與業務法規研訂督導考核事項。\r\n二、本局概算、預算籌劃、編製、呈報等事項。\r\n三、本局情報工作、特種勤務之預算執行管制、會計業務、內部審核及統\r\n    計分析等事項。\r\n四、本局情報工作、特種勤務之經費憑證審核、轉審及年度決算編報事項\r\n    。\r\n五、其他有關歲計、會計、統計等事項。"
		},
		{
			"number": 2200,
			"content": "政風處掌理下列事項：\r\n一、本局政風法令之訂定、宣導事項。\r\n二、本局政風興革建議事項。\r\n三、本局情報工作、特種勤務之公務機密及安全維護等有關保防工作事項\r\n    。\r\n四、本局情報工作、特種勤務之紀律查察及處理申訴、陳情檢控事項。\r\n五、本局應申報財產人員之財產申報及其審核、查閱事項。\r\n六、本局肅貪防弊及廉政工作事項。\r\n七、其他有關政風事項。"
		},
		{
			"number": 2300,
			"content": "電訊科技中心掌理下列事項：\r\n一、電訊偵蒐研譯有關事項。\r\n二、密碼破密技術研發與應用事項。\r\n三、衛照影像資料蒐集與處理有關事項。\r\n四、保密裝備鑑測與稽核有關事項。\r\n五、其他有關電訊偵蒐、密碼破密、衛照蒐集處理及保密裝備鑑測等事項\r\n    。"
		},
		{
			"number": 2400,
			"content": "訓練中心掌理下列事項：\r\n一、本局基礎、進修、深造等班隊教育計畫之策訂、管制與執行事項。\r\n二、情報專業教育訓練（含公餘進修）及國際情報合作代訓之執行事項。\r\n三、本局情報教育訓練工作之研究與發展相關事項。\r\n四、本局各教育班隊學員生活管理及輔考相關事項。\r\n五、其他有關情報及特勤訓練事項。"
		},
		{
			"number": 2500,
			"content": "特種勤務指揮中心掌理下列事項：\r\n一、特種勤務警衛事項。\r\n二、特種勤務危安情報事項。\r\n三、特種勤務訓練事項。\r\n四、特種勤務通信及資訊事項。\r\n五、特種勤務內部保防及安全有關事項。\r\n六、特種勤務行政及後勤事項。\r\n七、其他有關特種勤務事項。"
		},
		{
			"number": 2600,
			"content": "本局為辦理國家安全情報蒐集、研析、整合、評估及鑑定等綜合事項，得\r\n置一級國家情報長一人，由特派員兼任之；二級國家情報長及三級國家情\r\n報長各若干人，由局長就本局編制表所定員額內指定人員兼任之。"
		},
		{
			"number": 2700,
			"content": "本局處理業務，實施分層負責制度，依分層負責明細表逐級授權決定。"
		},
		{
			"number": 2800,
			"content": "以本局名義對外行文，均須送請主任秘書以上長官決行。但經局長核定授\r\n權各單位主管代行者，不在此限。"
		},
		{
			"number": 2900,
			"content": "各一級單位主管對於已授權之事項，得逕行決定。"
		},
		{
			"number": 3000,
			"content": "特種勤務指揮中心除特種勤務工作直接受局長（兼指揮官）之指揮、督導\r\n外，人事、主計、政風及一般行政事項，按本局行政程序辦理。"
		},
		{
			"number": 3100,
			"content": "各單位處理事務，各組（隊、所、科、小組）意見不同時，由單位主管決\r\n定之；涉及其他單位職掌者，會商辦理；各單位意見不同時，由主任秘書\r\n以上長官核定之。"
		},
		{
			"number": 3200,
			"content": "各級人員處理事務，依下列規定負其責任：\r\n一、處理事務，如有違誤、稽延或逾越權限，應負法律上責任。\r\n二、執行政策發生錯誤，由各單位主管負完全責任。\r\n三、例行文件之處理如有錯誤，由承辦人員負責；其關係重大者，各級審\r\n    核人員及主管人員應連帶負責。\r\n四、引用法令、案例及行文手續上之錯誤，由擬稿人員負責；其關係重大\r\n    者，各級審核人員及主管人員應連帶負責。\r\n五、引用數字、年、月、日、文號等之錯誤，由擬稿人員負責，如與會辦\r\n    單位有關係者，會辦之主辦人員應連帶負責。\r\n六、文書、款項、物品等收發之遺漏或錯誤，由承辦人員負責；其關係重\r\n    大者，各級審核人員及主管人員應連帶負責。\r\n七、一般公務機密以下文件繕打之錯誤，由繕、校人員負責；國家機密文\r\n    件由承辦人親校，並負全責。\r\n八、用印之錯誤，由監印人員負責。\r\n九、其他事項之錯誤，依相關作業規定，分別負責。"
		},
		{
			"number": 3300,
			"content": "各級人員因事不能執行職務或請假時，應依規定由代理人代行其職務，並\r\n就代理之職務負其責任。"
		},
		{
			"number": 3400,
			"content": "本局各級人員對於機密事務，應依照有關法令辦理。"
		},
		{
			"number": 3500,
			"content": "本局定期舉行國家安全局月會，由局長主持，全體人員出席。"
		},
		{
			"number": 3600,
			"content": "本局為處理例行性事務，得定期召開局務會報，由局長主持，各單位主管\r\n以上人員出席；必要時得指定有關人員列席。"
		},
		{
			"number": 3700,
			"content": "會議內容涉及機密，應採保密措施，並分級討論，避免無關人員參與。"
		},
		{
			"number": 3800,
			"content": "本局為研討重要問題，得召集各項專案性會議；必要時得邀請學者、專家\r\n及有關人員出席。"
		},
		{
			"number": 3900,
			"content": "本局各單位為策進業務，應定期舉行工作會報，由各單位主管主持，所屬\r\n全體人員出席。"
		},
		{
			"number": 4000,
			"content": "本局員工應恪遵辦公時間，不得遲到或早退，其考勤依有關法令辦理。奉\r\n派擔任例假日或非辦公時間內值勤人員，不得規避。"
		},
		{
			"number": 4100,
			"content": "本規程自發布日施行。\r\n本規程修正條文自中華民國一百零四年二月一日施行。"
		}
	]
}