{
	"pcode": "A0020034",
	"type": "命令",
	"title": "國家安全會議議事規則",
	"url": "https://law.moj.gov.tw/LawClass/LawAll.aspx?pcode=A0020034",
	"category": [
		"總統",
		"國家安全會議",
		"議事目"
	],
	"lastUpdate": "20031001",
	"isTranslated": false,
	"history": [
		"中華民國八十七年二月二十一日發布中華民國八十七年一月八日總統核定",
		"中華民國九十二年十月一日國家安全會議秘書長勤一字第 0927100041 號令修正發布全文 13 條；並自發布日施行"
	],
	"divisions": [],
	"articles": [
		{
			"number": 100,
			"content": "本規則依國家安全會議組織法第十五條訂定之。"
		},
		{
			"number": 200,
			"content": "總統為決定國家安全有關之大政方針，得召開國家安全會議。"
		},
		{
			"number": 300,
			"content": "國家安全會議開會時，以總統為主席，總統因事不能出席時，由副總統代\r\n理之。"
		},
		{
			"number": 400,
			"content": "國家安全會議之出席人員如下：\r\n一、副總統。\r\n二、行政院院長、副院長、內政部部長、外交部部長、國防部部長、財政\r\n    部部長、經濟部部長、行政院大陸委員會主任委員、參謀總長。\r\n三、國家安全會議秘書長、國家安全局局長。\r\n總統得指定有關人員列席國家安全會議。"
		},
		{
			"number": 500,
			"content": "國家安全會議之出席人員應親自出席，因故不能出席時，經總統之核定，\r\n得指派代表出席。"
		},
		{
			"number": 600,
			"content": "國家安全會議之提案依下列方式產生：\r\n一、總統交議之事項。\r\n二、行政院院長之提案。\r\n三、國家安全會議秘書長簽報之事項。\r\n國家安全會議秘書長應就各項提案先行協調，並將協調結果陳請總統參考\r\n。"
		},
		{
			"number": 700,
			"content": "國家安全會議議程如下：\r\n一、主席致詞。\r\n二、宣讀上次會議議事錄。\r\n三、報告事項。\r\n四、討論事項。\r\n五、主席指 (裁) 示。\r\n六、臨時動議。\r\n七、散會。"
		},
		{
			"number": 800,
			"content": "國家安全會議之決議，作為總統決策之參考。"
		},
		{
			"number": 900,
			"content": "國家安全會議議事錄，應載明下列事項：\r\n一、會議次數。\r\n二、會議時間。\r\n三、會議地點。\r\n四、主席、出席、列席及記錄之姓名。\r\n五、請假 (缺席) 之姓名。\r\n六、報告事項及決定。\r\n七、討論事項及決議。\r\n八、主席指 (裁) 示。\r\n九、其他應行記載事項。"
		},
		{
			"number": 1000,
			"content": "議事之開會通知與聯繫、提案之整理、議程之編訂、議事錄之記載及其他\r\n行政事項，由國家安全會議辦理之。"
		},
		{
			"number": 1100,
			"content": "國家安全會議之新聞發布，依「國家安全會議新聞發布及處理作業要點」\r\n之規定辦理。"
		},
		{
			"number": 1200,
			"content": "國家安全會議秘密議程之相關資料，列為機密，議畢收回；出 (列) 席人\r\n員必須攜回研辦者，應依據「國家機密保護法」及「公務員服務法」第四\r\n條等相關規定，辦理必要手續並對外保密。"
		},
		{
			"number": 1300,
			"content": "本規則自發布日施行。"
		}
	]
}