{
	"pcode": "A0020010",
	"type": "命令",
	"title": "國民大會行使同意權審查會審查辦法",
	"url": "https://law.moj.gov.tw/LawClass/LawAll.aspx?pcode=A0020010",
	"category": [
		"國民大會（憲法國民大會章條文已停止適用）"
	],
	"lastUpdate": "19930108",
	"isTranslated": false,
	"history": [
		"中華民國八十二年元月八日第二屆國民大會第二次臨時會第六次大會通過"
	],
	"divisions": [],
	"articles": [
		{
			"number": 100,
			"content": "同意權審查會之議事，除國民大會同意權行使法另有規定外，悉依本辦法\r\n行之。"
		},
		{
			"number": 200,
			"content": "審查會之主席，由召集人分兩組輪流擔任，其順序以抽籤決定之。"
		},
		{
			"number": 300,
			"content": "審查會應依大會日程表規定進行，並通知被提名人到會。\r\n審查會如有延長日程之必要時，由審查會報請主席團提交大會決定之。"
		},
		{
			"number": 400,
			"content": "審查會審查被提名人之順序，以抽籤定之，並得就被提名人分組進行審查\r\n，必要時其順序酌予調整。"
		},
		{
			"number": 500,
			"content": "每次審查會依左列程序進行：\r\n一、審查被提名人資格：秘書處應將各被提名人之有關資格證明文件及有\r\n    關資料提交審查會備核，主席就各被提名人之資格是否符合規定，徵\r\n    詢與會代表有無異議，如無異議，被提名人之資格審查即告確定，代\r\n    表如有疑義，經決議得請被提名人補充資料或口頭說明。\r\n二、被提名人到會說明：被提名人自我介紹、說明抱負，每人以十分鐘為\r\n    原則。\r\n三、就被提名人是否適任之相關事項進行詢問：每位代表詢問時間以五分\r\n    鐘為原則。主席得於適當時間徵求大會同意，請已登記詢問而未及詢\r\n    問之代表當場改提書面詢問交由秘書處逕送被提名人。\r\n四、被提名人綜合答復：每一被提名人答復時間以十分鐘為原則。代表提\r\n    出之書面詢問，由被提名人於綜合答復時一併答復之。\r\n五、再詢問：對被提名人之綜合答復，已詢問之代表得提出再詢問一次，\r\n    時間以三分鐘為限，被提名人應再行答復，時間以五分鐘為原則。"
		},
		{
			"number": 600,
			"content": "資格審查報告書得由審查會授權召集人擬妥後逕提大會。"
		},
		{
			"number": 700,
			"content": "本辦法無特別規定者，依國民大會議事規則之規定行之。"
		},
		{
			"number": 800,
			"content": "本辦法經大會通過施行，修正時亦同。"
		}
	]
}