{
	"pcode": "A0020116",
	"type": "命令",
	"title": "監察院各委員會辦事規則",
	"url": "https://law.moj.gov.tw/LawClass/LawAll.aspx?pcode=A0020116",
	"category": [
		"監察",
		"院本部",
		"組織目"
	],
	"lastUpdate": "19980213",
	"isTranslated": false,
	"history": [
		"中華民國三十七年九月七日監察院第三十次會議通過施行",
		"中華民國四十一年五月二十六日監察院第二一二次會議將「監察院各委員會辦事通則」修正為「監察院各委員會辦事規則」",
		"中華民國四十三年二月十日監察院第三○四次會議公告修正第 3、5 條條文",
		"中華民國五十九年八月十五日監察院（59）監台院議字第 2278 號公告修正第 11 條條文",
		"中華民國六十二年八月二十二日監察院（62）監台院議字第 2507 號公告修正第九條條文",
		"中華民國六十二年十一月二十日監察院（62）監台院議字第 3536 號公告修正第 7 條條文",
		"中華民國六十三年八月二十二日監察院（63）監台院議字第 2166 號公告修正大部條文",
		"中華民國八十二年四月十五日監察院（82）監台院議字第 0932 號公告修正",
		"中華民國八十三年七月十一日立法院（83）台院議字第 1963 號函修正發布第 12、13、14 條條文",
		"中華民國八十七年二月十三日監察院（87）院台人字第 871600155 號令修正發布第 10、12、13、16 條條文；並刪除第 15 條條文"
	],
	"divisions": [],
	"articles": [
		{
			"number": 100,
			"content": "各委員會事務，除依監察院各委員會組織法、監察院處務規程及監察院會\r\n議規則之規定處理外，悉依本規則處理之。"
		},
		{
			"number": 200,
			"content": "各委員會會議，每月至少舉行一次，由召集人召集之。如經委員三人以上\r\n之提議，召集人應即召集。"
		},
		{
			"number": 300,
			"content": "各委員會或聯席會議舉行時，委員因事不能出席，應事先請假。"
		},
		{
			"number": 400,
			"content": "各委員會會議主席，由召集人擔任。召集人因故不能擔任時，由出席委員\r\n互推一人擔任之。"
		},
		{
			"number": 500,
			"content": "應委員會之請而列席委員會會議者，得就所詢事項，陳明事實或意見，但\r\n不得參加討論表決。"
		},
		{
			"number": 600,
			"content": "各委員會或聯席會議開會時，委員之臨時動議在討論前應查明有無前案，\r\n如其內容相同者，應併前案處理。"
		},
		{
			"number": 700,
			"content": "各委員會會次按順序排列，不以年度更始，另排會次。"
		},
		{
			"number": 800,
			"content": "各委員會審查成立之糾正案，應以院函移送行政院或有關部會促其注意改\r\n善。"
		},
		{
			"number": 900,
			"content": "各委員會議審議之調查報告，得經決議酌予發表。"
		},
		{
			"number": 1000,
			"content": "各委員會依據憲法第九十六條規定，調查行政院及其各部會一切設施時，\r\n得邀請行政院及其各部會首長或有關主管人員到院說明並接受詢問。\r\n各委員會依據監察法第二十五條及同法施行細則第二十條規定，得邀請行\r\n政院或有關部會主管人員到院說明糾正案改善辦理情形，並接受質問。"
		},
		{
			"number": 1100,
			"content": "各委員會由召集人處理各該委員會日常公務。"
		},
		{
			"number": 1200,
			"content": "各委員會簡任秘書，承召集人之命，辦理左列事項：\r\n一、關於主管業務之策劃、推動及執行事項。\r\n二、關於所屬人員工作之分配、指導監督及考核事項。\r\n三、關於主管文稿之審核事項。\r\n四、關於主管事務之對外洽商聯繫事項。\r\n五、關於年度工作計畫及預算之編擬事項。\r\n六、其他交辦事項。"
		},
		{
			"number": 1300,
			"content": "各委員會所屬人員受簡任秘書之指揮監督，辦理左列事項：\r\n一、關於案件之處理、簽辦及稽催事項。\r\n二、關於議事日程之編擬及會議紀錄之編製事項。\r\n三、關於文件之收發、撰擬、校對及歸檔事項。\r\n四、關於資料之整理、分類編目及保管事項。\r\n五、關於年度專案檢討事項。\r\n六、關於年度工作報告之編製事項。\r\n七、關於中央巡察業務之辦理及資料蒐集、提供事項。\r\n八、關於政府年度總決算審核報告審議之簽辦事項。\r\n九、關於各項統計資料之提供事項。\r\n十、其他交辦事項。"
		},
		{
			"number": 1400,
			"content": "左列事項，得由召集人授權主任秘書判行：\r\n一、經召集人決定舉行會議之議程及開會通知。\r\n二、經召集人決定移送各單位文件。\r\n三、有關資料蒐集之往來文件。\r\n四、純事務性文件。\r\n五、經辦核定事項。"
		},
		{
			"number": 1500,
			"content": "（刪除）"
		},
		{
			"number": 1600,
			"content": "各委員會職員，由院長依法分別任用；並得視業務繁簡調用之。"
		},
		{
			"number": 1700,
			"content": "各委員會職員辦理事務，受秘書長之指揮監督。"
		},
		{
			"number": 1800,
			"content": "本規則自發布日施行。"
		}
	]
}