{
	"pcode": "A0020115",
	"type": "命令",
	"title": "監察院處務規程",
	"url": "https://law.moj.gov.tw/LawClass/LawAll.aspx?pcode=A0020115",
	"category": [
		"監察",
		"院本部",
		"組織目"
	],
	"lastUpdate": "20041229",
	"isTranslated": false,
	"history": [
		"中華民國三十七年九月七日監察院第三十次會議通過施行",
		"中華民國四十年十月十一日監察院（40）監台秘二字第 608 號公告刪除第 15、16 條並修正第 4 條條文",
		"中華民國四十一年四月十七日監察院（41）監台秘二字第 297 號公告刪除第 16 條第六款條文",
		"中華民國四十三年四月十七日監察院公告修正大部條文",
		"中華民國四十四年四月二十三日監察院（44）監台院議字第 660 號公告修正第 7 條第 3 項條文",
		"中華民國四十八年一月二十三日監察院（48）監台院議字第 153 號公告修正第 47、63 條條文",
		"中華民國五十一年三月十七日監察院（51）監台院議字第 645 號公告修正第 4 條及增列第 16 條條文",
		"中華民國五十二年十月十九日監察院（52）監台院議字 2671 號公告增列第 4 條第 13 項及第 18 條條文",
		"中華民國五十三年四月二十二日監察院（53）監台院議字第 908 號公告修正第 51 條第 1 項條文",
		"中華民國五十六年六月二十一日監察院（56）監台院議字第 1427 號公告修正第 4、78 條並增列第 18、19 條條文",
		"中華民國五十八年六月二十一日監察院（58）監台院議字第 1910 號公告修正第 5、8、19、27 條條文",
		"中華民國六十一年一月十四日監察院（61）監台院議字第 146 號公告修正大部條文",
		"中華民國六十二年八月二十二日監察院（62）監台院議字第 2507 號公告修正第 30 條第 1 項第 7 款條文",
		"中華民國六十三年七月二十三日監察院（63）監台院議字第 1916 號公告修正第 50 條條文",
		"中華民國六十七年一月六日監察院（67）監台院議字第 25 號公告修正第 9 條第 1 項條文",
		"中華民國七十三年十二月二十八日本院（73）監台院議字第 3658 號公告修正第 1 條條文",
		"中華民國八十二年四月十五日監察院（82）監台院議字 0933 號公告修正大部條文",
		"中華民國八十七年二月十三日監察院（87）院台人字第 871600155 號令修正發布全文 30 條；並自發布日起施行",
		"中華民國九十三年十二月二十九日監察院（九三）院台人字第 0931601012 號令修正發布全文 27 條；並自發布日施行"
	],
	"divisions": [
		{
			"type": "章",
			"number": 100,
			"title": "總則",
			"start": 100,
			"end": 500
		},
		{
			"type": "章",
			"number": 200,
			"title": "編制及職掌",
			"start": 600,
			"end": 2000
		},
		{
			"type": "章",
			"number": 300,
			"title": "分層負責",
			"start": 2100,
			"end": 2200
		},
		{
			"type": "章",
			"number": 400,
			"title": "工作會報",
			"start": 2300,
			"end": 2600
		},
		{
			"type": "章",
			"number": 500,
			"title": "附則",
			"start": 2700,
			"end": 2700
		}
	],
	"articles": [
		{
			"number": 100,
			"content": "本規程依監察院組織法第十四條之規定訂定之。"
		},
		{
			"number": 200,
			"content": "本院處理事務除法令另有規定外，悉依本規程辦理。"
		},
		{
			"number": 300,
			"content": "調查官、調查專員、調查員非具有下列資格之一者，不得任用：\r\n一、經監察調查人員特種考試或高等考試監察調查人員考試及格者。\r\n二、公務人員高等考試或相當高等考試之特種考試、專門職業及技術人員\r\n    高等考試及格具有任用資格之現職公務人員，經本院公開甄選合格者\r\n    。"
		},
		{
			"number": 400,
			"content": "各委員會及各單位配置之員額，由院長核定，其職員並視業務繁簡調用之\r\n。"
		},
		{
			"number": 500,
			"content": "委員助理由委員推荐，由本院依規定聘用，辦理委員機要業務，不得兼辦\r\n其他業務。"
		},
		{
			"number": 600,
			"content": "秘書長承院長之命，處理本院事務，並指揮監督所屬職員。"
		},
		{
			"number": 700,
			"content": "副秘書長承院長之命，襄助秘書長處理本院事務。"
		},
		{
			"number": 800,
			"content": "參事承長官之命，掌理下列事項：\r\n一、關於本院業務有關法規、命令之研究、撰擬及審核事項。\r\n二、關於行使監察權時發生法令疑義之研議事項。\r\n三、重要文稿之審核事項。\r\n四、其他交辦事項。\r\n配置參事辦公室人員，由本院職員調派之。"
		},
		{
			"number": 900,
			"content": "本院設下列各處室：\r\n一、監察業務處。\r\n二、監察調查處。\r\n三、公職人員財產申報處。\r\n四、秘書處。\r\n五、綜合規劃室。\r\n六、資訊室。\r\n七、會計室。\r\n八、統計室。\r\n九、人事室。\r\n十、政風室。"
		},
		{
			"number": 1000,
			"content": "各處置處長、副處長各一人，處長承長官之命，主管各處事務，副處長協\r\n助處長處理該處事務。\r\n各室置主任一人，承長官之命，主管各室事務。\r\n各處、室設組或科分別辦事，各置組長或科長一人，分掌各組、科事務。"
		},
		{
			"number": 1100,
			"content": "監察業務處設下列各組及陳情受理中心；其職掌如下：\r\n一、第一組：\r\n (一) 關於人民書狀之登記鍵入及處理表報之編製事項。\r\n (二) 關於人民書狀之查核及處理情形查詢服務事項。\r\n (三) 關於委員值日表之編製事項。\r\n (四) 關於審計部函報財務上不法不忠案件及各機關函報懲處案件一覽表\r\n      之編製事項。\r\n (五) 其他交辦事項。\r\n二、第二組：\r\n (一) 關於人民書狀之審閱、處理及函復事項。\r\n (二) 關於各機關移送查辦案件之簽處事項。\r\n (三) 關於涉及重大違失事件之傳單、啟事或新聞報導之簽處事項。\r\n (四) 關於委託調查案件之處理及答復等事項。\r\n (五) 其他交辦事項。\r\n三、第三組：\r\n (一) 關於彈劾案、糾舉案之審查、移送、函復處理、進度檢查及有關表\r\n      報之編製等事項。\r\n (二) 關於監試案件之處理事項。\r\n (三) 關於地方機關巡察有關事項。\r\n (四) 關於本處綜合業務事項。\r\n (五) 其他交辦事項。\r\n四、陳情受理中心：\r\n (一) 關於人民到院陳情案件之受理事項。\r\n (二) 關於承值日委員之命與到院陳情人接談、記錄及簽處事項。\r\n (三) 關於值日委員接見陳情人之連絡、協助及記錄事項。\r\n (四) 關於陳情案件之查詢及說明事項。\r\n (五) 其他交辦事項。"
		},
		{
			"number": 1200,
			"content": "監察調查處設下列各組；其職掌如下：\r\n一、第一組：\r\n (一) 關於人權保障調查案件之協查事項。\r\n (二) 關於與前目案件有關之彈劾、糾舉、糾正或該調查案件之後續核閱\r\n      、核簽或簽註意見等協助撰擬事項。\r\n (三) 關於調查案件之登記、層轉及表報之編製等事項。\r\n (四) 關於調查證之請領及管理事項。\r\n (五) 關於協查人員專業訓練之計畫、執行及考核事項。\r\n (六) 關於調查蒐證器材之登錄、管理及維護事項。\r\n (七) 關於本處之綜合業務事項。\r\n (八) 其他交辦事項。\r\n二、第二組：\r\n (一) 關於內政、少數民族、司法、獄政等調查案件之協查事項。\r\n (二) 關於與前目案件有關之彈劾、糾舉、糾正或該調查案件之後續核閱\r\n      、核簽或簽註意見等協助撰擬事項。\r\n (三) 其他交辦事項。\r\n三、第三組：\r\n (一) 關於財政、經濟及財產申報等調查案件之協查事項。\r\n (二) 關於與前目案件有關之彈劾、糾舉、糾正或調查案件之後續核閱、\r\n      核簽或簽註意見等協助撰擬事項。\r\n (三) 其他交辦事項。\r\n四、第四組：\r\n (一) 關於交通及採購等調查案件之協查事項。\r\n (二) 關於與前目案件有關之彈劾、糾舉、糾正或該調查案件之後續核閱\r\n      、核簽或簽註意見等協助撰擬事項。\r\n (三) 其他交辦事項。\r\n五、第五組：\r\n (一) 關於外交、僑政、國防、情報、教育及文化等調查案件之協查事項\r\n      。\r\n (二) 關於與前目案件有關之彈劾、糾舉、糾正或該調查案件之後續核閱\r\n      、核簽或簽註意見等協助撰擬事項。\r\n (三) 其他交辦事項。"
		},
		{
			"number": 1300,
			"content": "公職人員財產申報處設下列各組；其職掌如下：\r\n一、第一組：\r\n (一) 關於公職人員財產申報、更正與補正等之受理事項。\r\n (二) 關於中央及直轄市民意代表之助理人員、服務處所、交通車輛之經\r\n      費來源明細表之受理事項。\r\n (三) 關於公職人員利益衝突迴避之報備、申請及調查等之受理事項。\r\n (四) 關於政治獻金專戶申請設立、變更暨廢止許可及會計報告書等之受\r\n      理事項。\r\n (五) 關於應向本院申報財產之公職人員異動聯繫事項。\r\n (六) 關於本處之電腦資訊系統業務控管事項。\r\n (七) 其他交辦事項。\r\n二、第二組：\r\n (一) 關於公職人員財產申報、更正與補正等之審核事項。\r\n (二) 關於中央及直轄市民意代表之助理人員、服務處所、交通車輛之經\r\n      費來源明細表之審核事項。\r\n (三) 關於公職人員財產申報資料應行補正、註記之通知事項。\r\n (四) 關於公職人員利益衝突迴避之報備、申請及調查等事項。\r\n (五) 關於違反公職人員利益衝突迴避法之罰鍰處分及利益追繳事項。\r\n (六) 關於公職人員利益衝突迴避受處分案件提起行政爭訟之處理事項。\r\n (七) 關於違反公職人員利益衝突迴避法罰鍰處分案件移送行政執行事項\r\n      。\r\n (八) 關於廉政委員會議事事務事項。\r\n (九) 其他交辦事項。\r\n三、第三組：\r\n (一) 關於公職人員財產申報資料之查詢事項。\r\n (二) 關於公職人員財產申報資料受查詢機關 (構) 、團體或個人拒絕說\r\n      明或為虛偽說明之處理事項。\r\n (三) 關於對財產申報資料有無營利、徵信、募款或其他不正當目的使用\r\n      案件之處理事項。\r\n (四) 關於違反公職人員財產申報法之罰鍰處分事項。\r\n (五) 關於公職人員財產申報受處分案件提起行政爭訟之處理事項。\r\n (六) 關於違反公職人員財產申報法受罰鍰處分後無正當理由仍不申報或\r\n      補正者，移送檢察機關處理事項。\r\n (七) 關於違反公職人員財產申報法罰鍰處分案件移送行政執行事項。\r\n (八) 其他交辦事項。\r\n四、第四組：\r\n (一) 關於政治獻金專戶設立、變更暨廢止及會計報告書申報資料之審核\r\n      事項。\r\n (二) 關於政治獻金專戶設立、變更暨廢止之公告、上網事項。\r\n (三) 關於政治獻金專戶申報資料之查核事項。\r\n (四) 關於政治獻金繳庫之處理事項。\r\n (五) 關於政治獻金法之罰鍰處分及沒入、追繳之處理事項。\r\n (六) 關於政治獻金受處分案件提起行政爭訟之處理事項。\r\n (七) 關於違反政治獻金法罰鍰處分案件移送行政執行事項。\r\n (八) 關於違反政治獻金法移送檢察機關之處理事項。\r\n (九) 關於政治獻金查核準則、書、表格式之訂定及修正事項。\r\n (十) 其他交辦事項。\r\n五、第五組：\r\n (一) 關於公職人員財產申報資料建檔、彙整列冊及刊登公報事項。\r\n (二) 關於公職人員財產申報資料檔案管理及提供查閱事項。\r\n (三) 關於公職人員財產申報資料發還、移轉或銷燬事項。\r\n (四) 關於違反公職人員財產申報法及公職人員利益衝突迴避法之公告處\r\n      罰確定公職人員姓名事項。\r\n (五) 關於政治獻金會計報告書彙整列冊、刊登公報或新聞紙及上網公告\r\n      事項。\r\n (六) 關於本處之綜合業務事項。\r\n (七) 其他交辦事項。"
		},
		{
			"number": 1400,
			"content": "秘書處設下列各科；其職掌如下：\r\n一、議事科：\r\n (一) 關於院會、各委員會召集人會議、全院委員談話會及其他重要會議\r\n      議程之編擬及紀錄整理事項。\r\n (二) 關於決議案之處理及有關工作表報之編製事項。\r\n (三) 其他交辦事項。\r\n二、文書科：\r\n (一) 關於文書作業之管理事項。\r\n (二) 關於文件之收發、分文、繕校事項。\r\n (三) 關於印信典守事項。\r\n (四) 不屬於本院其他單位主管之文書業務事項。\r\n (五) 其他交辦事項。\r\n三、檔案科：\r\n (一) 關於檔案之集中管理事項。\r\n (二) 關於檔案之登記、編目、保管、查詢、調閱、稽催等事項。\r\n (三) 其他交辦事項。\r\n四、總務科：\r\n (一) 關於公用物品、辦公機具之採購、驗收、保管事項。\r\n (二) 關於公用房舍、土地產權之管理事項。\r\n (三) 關於公款出納及現金保管事項。\r\n (四) 關於員工醫療服務事項。\r\n (五) 關於員工福利、膳食供應及不屬於本院其他單位之庶務事項。\r\n (六) 關於委員、職員薪俸表冊之編製及員工所得稅扣繳事項。\r\n (七) 其他交辦事項。\r\n五、管理科：\r\n (一) 關於會議場地之管理、佈置事項。\r\n (二) 關於房舍營繕、管理、公產維修、環境衛生及消防事項。\r\n (三) 關於技工、工友之僱用、管理、工餉、保險、福利互助及退職撫卹\r\n      事項。\r\n (四) 關於約聘僱人員保險事項。\r\n (五) 關於車輛調派、養護、保險、檢驗、油料及停車場管理事項。\r\n (六) 關於駕駛、修車技工之管理事項。\r\n (七) 關於本院水、電、瓦斯、電信費支付事項。\r\n (八) 關於防護團組訓事項。\r\n (九) 其他交辦事項。\r\n六、公共關係科：\r\n (一) 關於本院新聞稿件之處理及發布事項。\r\n (二) 關於新聞記者之接待、採訪及聯絡事項。\r\n (三) 關於外賓與僑胞之接待及聯絡事項。\r\n (四) 關於本院與各有關機關之聯絡事項。\r\n (五) 關於促進公共關係之研究及建議事項。\r\n (六) 關於本院委員出、入境通關禮遇事項。\r\n (七) 其他交辦事項。"
		},
		{
			"number": 1500,
			"content": "綜合規劃室之職掌如下：\r\n一、關於本院業務之研究發展事項。\r\n二、關於本院監察權行使有關之管制與考核事項。\r\n三、關於本院公文管制稽催事項。\r\n四、關於院會、年終工作檢討會等決議案之列管事項。\r\n五、關於年度及中長程計畫事項。\r\n六、關於本院工作會報、業務簡報之籌辦及記錄事項。\r\n七、關於本院附屬機關及單位工作計畫、工作報告彙辦事項。\r\n八、關於國際監察組織之聯繫及國際事務事項。\r\n九、關於監察工作報告書等綜合性出版品之編印及一般出版品管理承轉事\r\n    項。\r\n十、關於本院公報、法規、書刊之編印及管理事項。\r\n十一、關於本院國家賠償業務、行政事務法制綜理事項。\r\n十二、關於本院審計業務綜理事項。\r\n十三、關於中央、地方政府及財團法人年度總決算及其審核報告業務綜理\r\n      事項。\r\n十四、關於本院綜合業務及其他不屬於各單位之業務事項。\r\n十五、其他交辦事項。"
		},
		{
			"number": 1600,
			"content": "資訊室之職掌如下：\r\n一、關於本院資訊系統之整體規劃、協調及推動事項。\r\n二、關於本院業務應用系統之程式設計、測試及維護事項。\r\n三、關於電腦軟硬體設備採購計畫之研擬事項。\r\n四、關於電腦設備之管理、維護及資訊安全事項。\r\n五、關於本院資訊系統標準作業規範之研訂事項。\r\n六、關於資訊訓練與進修計畫之研擬及辦理事項。\r\n七、關於資訊作業之研究發展及改進事項。\r\n八、關於圖書及電子媒體資料之管理事項。\r\n九、其他交辦事項。"
		},
		{
			"number": 1700,
			"content": "會計室之職掌如下：\r\n一、關於概算及預算之編製、分配等事項。\r\n二、關於籌畫預算所需事實之調查事項。\r\n三、關於預算依法流用之登記事項。\r\n四、關於辦理追加預算事項。\r\n五、關於開標、比價、議價、決標及驗收之監辦事項。\r\n六、關於委員、職員薪俸表冊之核計及登記事項。\r\n七、關於本院所屬機關歲計、會計業務之審核、督導事項。\r\n八、關於會計制度之設計事項。\r\n九、關於傳票及支付憑證之簽發事項。\r\n十、關於帳目登記事項。\r\n十一、關於原始憑證之審查事項\r\n十二、關於會計報告及半年結算與年度決算之編製事項。\r\n十三、關於歲出預算之控制、查核事項。\r\n十四、其他交辦事項。"
		},
		{
			"number": 1800,
			"content": "統計室之職掌如下：\r\n一、關於統計業務工作計畫之研訂事項。\r\n二、關於公務統計方案之擬定、推行及公務統計資料之稽核事項。\r\n三、關於統計資料之蒐集、登記、整理、審定、分析、彙編及統一發布及\r\n    資料提供事項。\r\n四、關於統計冊籍圖表格式之製訂及編製事項。\r\n五、關於統計報告之編報及統計書刊之編印事項。\r\n六、關於統計資料檔案之建立、管理及應用事項。\r\n七、關於各種統計作業採用電子處理資料系統事項。\r\n八、其他交辦事項。"
		},
		{
			"number": 1900,
			"content": "人事室之職掌如下：\r\n一、關於本院人事規章之擬訂及檢討建議等事項。\r\n二、關於本院委員之俸給、待遇、保險、福利、退職、褒獎及差假登記等\r\n    事項。\r\n三、關於本院之組織、編制、員額及人力規劃等事項。\r\n四、關於本院職員之任免、遷調、銓審、動態及俸給等事項。\r\n五、關於本院職員之服務、保障、考績、獎懲、差勤、訓練、進修及考察\r\n    等事項。\r\n六、關於本院職員之資遣、退撫、保險、福利及人事資料等事項。\r\n七、關於本院人員之慶典、集會及文康活動等事項。\r\n八、關於本院所屬機關人事有關事項之陳核或轉陳事項。\r\n九、其他交辦事項。"
		},
		{
			"number": 2000,
			"content": "政風室之職掌如下：\r\n一、關於政風規章之擬訂及政風法令之宣導事項。\r\n二、關於員工貪瀆不法之預防、發掘及處理檢舉事項。\r\n三、關於受理本院職員財產申報、審核及查詢事項。\r\n四、關於政風興革、考核及獎懲建議事項。\r\n五、關於本院公務機密及設施安全維護事項。\r\n六、關於營繕、採購案件之監辦事項。\r\n七、關於陳情及請願之協處事項。\r\n八、關於本院駐衛警察隊勤務執行之協調及督導事項。\r\n九、其他交辦事項。"
		},
		{
			"number": 2100,
			"content": "本院處理事務實施分層負責制度，逐層授權決定，其分層負責要點及明細\r\n表另定之。\r\n各級主管人員於已授權之事項，得逕行決定或代行。"
		},
		{
			"number": 2200,
			"content": "各單位處理事務，如該單位內部意見不同時，由該單位主管人員決定之；\r\n涉及其他單位職掌者，應會商解決之。"
		},
		{
			"number": 2300,
			"content": "本院每月舉行工作會報一次，必要時得舉行臨時會報，均由秘書長召集之\r\n。院長、副院長得列席指導。"
		},
		{
			"number": 2400,
			"content": "工作會報由下列人員組織之：\r\n一、秘書長。\r\n二、副秘書長。\r\n三、輪值參事。\r\n四、各處室處長或主任。\r\n五、各委員會簡任秘書。\r\n六、其他經秘書長指定之人員。\r\n工作會報於必要時得通知有關人員列席。"
		},
		{
			"number": 2500,
			"content": "工作會報之範圍如下：\r\n一、重要工作報告。\r\n二、業務之聯繫、檢討及改進。\r\n三、交辦事項。\r\n四、建議事項。"
		},
		{
			"number": 2600,
			"content": "工作會報決定事項，由秘書長督導各有關單位分別執行之。重大事項，應\r\n先報請院長核定。"
		},
		{
			"number": 2700,
			"content": "本規程自發布日施行。"
		}
	]
}