{
	"pcode": "A0020022",
	"type": "命令",
	"title": "國民大會秘密會議實施辦法",
	"url": "https://law.moj.gov.tw/LawClass/LawAll.aspx?pcode=A0020022",
	"category": [
		"國民大會（憲法國民大會章條文已停止適用）"
	],
	"lastUpdate": "19980730",
	"isTranslated": false,
	"history": [
		"中華民國八十七年七月三十日第三屆國民大會第三次會議第六次大會通過全文 10 條"
	],
	"divisions": [],
	"articles": [
		{
			"number": 100,
			"content": "國民大會舉行秘密會議時，依本辦法行之。"
		},
		{
			"number": 200,
			"content": "國民大會秘密會議，須有代表總額十分之一以上提議，經出席代表過半數\r\n同意，由大會指定之委員會或其下之各組，另定時間舉行。"
		},
		{
			"number": 300,
			"content": "開秘密會議時，除出席之代表及主席指定之列席人員暨會場工作人員外，\r\n其他人員應行退席。\r\n前項列席人員，應與會議直接有關者為限。\r\n秘密會議開始前，秘書長應將列席人員及會場工作人員人數、姓名、職別\r\n，一併報告。"
		},
		{
			"number": 400,
			"content": "秘密會議之安全維護措施，由警衛處辦理。"
		},
		{
			"number": 500,
			"content": "秘密會議之秘密文件應蓋印、固封及依序編定號數，於會議時分發各出席\r\n代表簽收；其有收回必要者，應當場收回，不得攜出會場。\r\n關於秘密文件之編印、保管及分發手續，由秘書長指定專人負責辦理。"
		},
		{
			"number": 600,
			"content": "秘密會議之紀錄及決議不予印發。出席代表、列席人員及會場工作人員不\r\n得以任何方式對外宣洩。\r\n關於秘密會議如須發表新聞時，其稿件應經議長核定之。"
		},
		{
			"number": 700,
			"content": "秘密會議之秘密文件公開發表時期，應由議長報告大會決定之。"
		},
		{
			"number": 800,
			"content": "代表違反本辦法之規定者，應交付紀律委員會處理；本會工作人員違反者\r\n，由秘書長簽請議長依法處理；列席人員違反者，由本會函送有關機關依\r\n法辦理。"
		},
		{
			"number": 900,
			"content": "本辦法未規定事項，依國民大會議事規則之規定。"
		},
		{
			"number": 1000,
			"content": "本辦法由國民大會通過後施行，修正時亦同。"
		}
	]
}