{
	"pcode": "A0020023",
	"type": "命令",
	"title": "國民大會聽證會實施辦法",
	"url": "https://law.moj.gov.tw/LawClass/LawAll.aspx?pcode=A0020023",
	"category": [
		"國民大會（憲法國民大會章條文已停止適用）"
	],
	"lastUpdate": "19980730",
	"isTranslated": false,
	"history": [
		"中華民國八十七年七月三十日第三屆國民大會第三次會議第六次大會通過全文 13 條"
	],
	"divisions": [],
	"articles": [
		{
			"number": 100,
			"content": "國民大會為加強職權之行使，得舉辦聽證會，特訂定本辦法。"
		},
		{
			"number": 200,
			"content": "國民大會或各委員會為審查議案之必要，得經參加人員五分之一以上提議\r\n，出席人員過半數同意，由各委員會舉行聽證會。"
		},
		{
			"number": 300,
			"content": "聽證會由主辦委員會之召集人互推一人為主席。\r\n聽證會主席之職責如左：\r\n一、主持聽證會及維持聽證會秩序。\r\n二、宣示聽證會舉行要旨。\r\n三、接受出席聽證人員提出之證據、資料。\r\n四、審定聽證會紀錄。\r\n五、向委員會報告聽證結果。\r\n六、其他有關主席之權限。"
		},
		{
			"number": 400,
			"content": "聽證會得邀請學者專家、機關、團體代表及社會人士出席，其人選由主辦\r\n委員會召集人決定，但應兼顧正反意見之相當比例。"
		},
		{
			"number": 500,
			"content": "主辦委員會之委員，均得出席聽證會，其他委員會之委員得列席參加。\r\n主辦委員會應通知與聽證會議案有關之當事人列席參加。"
		},
		{
			"number": 600,
			"content": "對第四條邀請之人員，應以國民大會名義於聽證會舉行五日前以書面通知\r\n之。\r\n前項通知，應記載左列事項：\r\n一、聽證議案之名稱。\r\n二、聽證議案之要旨及其依據。\r\n三、聽證日期及地點。\r\n四、主辦委員會之名稱。\r\n五、其他必要事項。"
		},
		{
			"number": 700,
			"content": "參加聽證會人員，如有不實之陳述，或所提供之文件、資料，有虛偽、不\r\n實之情事者，得移送有關機關依法處理。"
		},
		{
			"number": 800,
			"content": "聽證會應以公開方式進行，必要時得舉行秘密會議。"
		},
		{
			"number": 900,
			"content": "聽證會之進行程序如左：\r\n一、主席說明聽證會舉行要旨。\r\n二、學者專家、機關、團體代表及社會人士陳述意見。\r\n三、議案有關當事人陳述意見。\r\n四、委員提出詢問、質疑。\r\n五、學者專家、機關、團體代表及利害關係人說明。\r\n六、主席結語。\r\n前項應邀出列席人員之發言，如逾越議題範圍，或有不當言行時，主席得\r\n警告、制止或禁止其發言或命其退場。\r\n同一議題如有正反意見時，得以交錯方式進行。"
		},
		{
			"number": 1000,
			"content": "國民大會對受邀出席之學者專家、機關、團體代表、社會人士，應酌予補\r\n助其出席費及差旅費。"
		},
		{
			"number": 1100,
			"content": "主辦委員會於聽證會結束後，召開委員會議，參酌聽證會各方意見，進行\r\n議案之審查。\r\n大會決議舉行之聽證會，其結果應提報大會。"
		},
		{
			"number": 1200,
			"content": "經大會決議成立之專案小組，有舉行聽證會之必要時，準用本辦法之規定\r\n。"
		},
		{
			"number": 1300,
			"content": "本辦法由國民大會通過後施行，修正時亦同。"
		}
	]
}