{
	"pcode": "A0020130",
	"type": "命令",
	"title": "國家安全局提供政府資訊收費標準",
	"url": "https://law.moj.gov.tw/LawClass/LawAll.aspx?pcode=A0020130",
	"category": [
		"總統",
		"國家安全會議",
		"資訊公開目"
	],
	"lastUpdate": "20060313",
	"isTranslated": false,
	"attachments": [
		"https://law.moj.gov.tw/LawClass/LawGetFile.ashx?FileId=0000033661",
		"https://law.moj.gov.tw/LawClass/LawGetFile.ashx?FileId=0000233906"
	],
	"history": [
		"中華民國九十五年三月十三日國家安全局（095）潔泰字第 0005430 號令訂定發布全文 8 條；並自政府資訊公開法施行日施行"
	],
	"divisions": [],
	"articles": [
		{
			"number": 100,
			"content": "本標準依政府資訊公開法 (以下簡稱本法) 第二十二條第二項規定訂定。"
		},
		{
			"number": 200,
			"content": "閱覽、抄錄或攝影政府資訊，每二小時收取費用新臺幣二十元；不滿二小\r\n時，以二小時計算。"
		},
		{
			"number": 300,
			"content": "重製或複製政府資訊，依政府資訊重製或複製收費標準表 (如附表) ，收\r\n取費用，並掣給收據。\r\n前項收費標準表未明定之項目，按重製或複製工本費，收取費用。"
		},
		{
			"number": 400,
			"content": "重製或複製政府資訊，如另需提供郵寄服務者，其郵遞費用以實支數額計\r\n算。"
		},
		{
			"number": 500,
			"content": "申請政府資訊供學術研究或公益用途者，於申請時應檢附相關證明文件，\r\n經核准後，除郵遞費用仍以實支數額計算外，其餘費用，減半收取。"
		},
		{
			"number": 600,
			"content": "申請之政府資訊屬規費法第十二條第一款所定辦理業務或教育宣導資料者\r\n，得免費提供。"
		},
		{
			"number": 700,
			"content": "本標準所定之費用，其收取應依預算程序辦理。"
		},
		{
			"number": 800,
			"content": "本標準自本法施行日施行。"
		}
	]
}