{
	"pcode": "A0020110",
	"type": "命令",
	"title": "考試院考銓詞彙編輯辦法",
	"url": "https://law.moj.gov.tw/LawClass/LawAll.aspx?pcode=A0020110",
	"category": [
		"廢止法規",
		"考試院"
	],
	"lastUpdate": "19990306",
	"isDiscarded": true,
	"isTranslated": false,
	"history": [
		"中華民國五十三年七月二十九日考試院（53）考臺秘二字第 1360 號令核准施行",
		"中華民國五十七年四月二十五日考試院（57）考臺秘二字第 0731 號令核准修正第 2 條條文",
		"中華民國七十一年五月二十二日考試院（71）考臺秘議字第 1879 號令修正發布",
		"中華民國八十八年三月六日考試院（88）考臺參字第 01491 號令發布廢止"
	],
	"divisions": [],
	"articles": [
		{
			"number": 100,
			"content": "考試院 (以下簡稱本院) 為編輯考銓詞彙，訂定本辦法。"
		},
		{
			"number": 200,
			"content": "本院設考銓詞彙編輯小組，由本院及考選、銓敘兩部參事、司長組織之。\r\n詞彙編輯小組設召集人一人，由院長指定院參事一人兼任之。"
		},
		{
			"number": 300,
			"content": "考銓詞彙之範圍暫以國民政府成立後考銓法令及業務習用詞語為主，其他\r\n有關人事行政常見之外文譯名，亦擇要蒐集附入。"
		},
		{
			"number": 400,
			"content": "考銓詞語由考選、銓敘兩部司長各就主管業務範圍蒐集，逐一詳加詮解，\r\n送由部參事編成初稿，再送小組審查。"
		},
		{
			"number": 500,
			"content": "考試詞語經審查後彙編，簽請院長核定。"
		},
		{
			"number": 600,
			"content": "本辦法自發布日施行。"
		}
	]
}