{
	"pcode": "A0020102",
	"type": "命令",
	"title": "律師為行政訴訟事件特別代理人之酬金計算標準",
	"url": "https://law.moj.gov.tw/LawClass/LawAll.aspx?pcode=A0020102",
	"category": [
		"司法",
		"院本部",
		"行懲及智財目"
	],
	"lastUpdate": "20070813",
	"effectiveContent": "本標準修正條文自中華民國九十六年八月十五日施行。",
	"isTranslated": false,
	"history": [
		"中華民國八十九年七月四日司法院（89）院台廳行一字第 16005 號函訂定發布；並自八十九年七月一日起實施",
		"中華民國九十六年八月十三日司法院院台廳行一字第 0960016757 號令修正發布第 1、7 條條文；並自九十六年八月十五日施行"
	],
	"divisions": [],
	"articles": [
		{
			"number": 100,
			"content": "本標準依行政訴訟法第九十八條之六第一項及行政訴訟裁判費以外必要費\r\n用徵收辦法第十一條第二項規定訂定之。"
		},
		{
			"number": 200,
			"content": "律師經行政法院或審判長依法律規定，為當事人選任為特別代理人者，其\r\n酬金之計算依本標準辦理。"
		},
		{
			"number": 300,
			"content": "聲請人聲請行政法院之審判長選任律師為特別代理人，承審審判長應視訴\r\n訟標的金額或價額以及事件之繁簡，參酌選任時財政部訂定之執行業務者\r\n收費及費用標準，核定其報酬，並通知聲請人逕向行政法院繳納。\r\n行政法院依職權選任律師為特別代理人，得斟酌前項情形，命當事人繳納\r\n。"
		},
		{
			"number": 400,
			"content": "被選任為特別代理人之律師，應於代理事件終結後，填具行政訴訟律師為\r\n特別代理人事件申請報酬報告表兼領據 (附格式) 一式三份，由承審審判\r\n長審核後，二份送會計室開具付款憑單移由辦理出納人員付款，而後依付\r\n款程序辦理。"
		},
		{
			"number": 500,
			"content": "辦理出納人員憑傳票支付費用，應請具領人簽章核符後付給，並將領據連\r\n同傳票送還會計室。"
		},
		{
			"number": 600,
			"content": "當事人繳納費用不足支付，經通知補繳而未補繳，或當事人迄未繳納是項\r\n費用，而行政法院仍認有為當事人選任特別代理人之必要，承辦書記官應\r\n於事件終結後，將承審審判長所酌定之律師報酬費，由科長、法官、審判\r\n長審核，並經會計室簽註意見報請院長或其授權代簽人核准後，由行政法\r\n院經費內墊付。"
		},
		{
			"number": 700,
			"content": "本標準自中華民國八十九年七月一日施行。\r\n本標準修正條文自中華民國九十六年八月十五日施行。"
		}
	]
}