{
	"pcode": "A0020006",
	"type": "命令",
	"title": "國民大會主席團選舉辦法",
	"url": "https://law.moj.gov.tw/LawClass/LawAll.aspx?pcode=A0020006",
	"category": [
		"國民大會（憲法國民大會章條文已停止適用）"
	],
	"lastUpdate": "19921229",
	"isTranslated": false,
	"history": [
		"中華民國三十七年四月二日第一屆國民大會第一次會議第四次預備會議通過中華民國四十三年二月二十日第一屆國民大會第二次會議第一次預備會議決議沿用本辦法中華民國四十九年二月二十二日第一屆國民大會第三次會議第一次預備會議決議沿用本辦法中華民國五十五年二月二十一日第一屆國民大會第四次會議第一次預備會議決議沿用本辦法中華民國六十一年二月二十一日第一屆國民大會第五次會議第一次預備會議決議沿用本辦法中華民國六十七年二月二十日第一屆國民大會第六次會議第一次預備會議決議沿用本辦法中華民國七十三年二月二十一日第一屆國民大會第七次會議第一次預備會議決議沿用本辦法",
		"中華民國七十九年二月二十日第一屆國民大會第八次會議第一次預備會議修正通過（原名稱：第一屆國民大會第一次會議主席團選舉辦法；新名稱：第一屆國民大會第八次會議主席團選舉辦法）",
		"中華民國八十一年三月二十一日第二屆國民大會臨時會第一次預備會議修正通過（原名稱：第一屆國民大會第八次會議主席團選舉辦法；新名稱：國民大會主席團選舉辦法）",
		"中華民國八十一年十二月二十九日第二屆國民大會臨時會主席團第一次會議修正通過"
	],
	"divisions": [],
	"articles": [
		{
			"number": 100,
			"content": "一、主席團主席三十三人，由國民大會代表就主席團主席候選人中，用無\r\n    記名單記法選舉之，得票較多者當選，票數相同者以抽籤定之。"
		},
		{
			"number": 200,
			"content": "二、主席團主席候選人，應由國民大會代表五人以上推薦，每一代表以推\r\n    薦一人為限。"
		},
		{
			"number": 300,
			"content": "三、主席團主席選舉票候選人列名順序，應當眾抽籤決定之。"
		},
		{
			"number": 400,
			"content": "四、主席團主席應於每次集會時改選之，連選得連任。但連任人數不得超\r\n    過二分之一。"
		},
		{
			"number": 500,
			"content": "五、本辦法經國民大會預備會議通過施行。"
		}
	]
}