{
	"pcode": "A0020169",
	"type": "命令",
	"title": "情報機關派遣駐外或各省（市）縣（市）情報人員待遇支給標準",
	"url": "https://law.moj.gov.tw/LawClass/LawAll.aspx?pcode=A0020169",
	"category": [
		"總統",
		"國家安全會議",
		"情報工作目"
	],
	"lastUpdate": "20130125",
	"isTranslated": false,
	"history": [
		"中華民國一百零二年一月二十五日國家安全局（102）修惠字第 0001078 號令訂定發布全文 7 條；並自一百零二年二月一日施行"
	],
	"divisions": [],
	"articles": [
		{
			"number": 100,
			"content": "本標準依國家情報工作法第二十一條第二項規定訂定之。"
		},
		{
			"number": 200,
			"content": "情報機關為執行情報工作，派遣駐外、大陸地區、香港及澳門之情報人員\r\n，其待遇除薪俸、地域加給及各項補助費依行政院核定之駐外人員或一般\r\n行政機關派駐大陸地區人員之標準支給外，得每月發給情報工作津貼。其\r\n中駐外者，美金一千元；大陸地區、香港及澳門者，美金五千元。\r\n前項人員派駐行政院未定地域加給或房租補助費標準之地區者，應由情報\r\n機關參酌當地人民生活水準、地理環境、交通狀況、艱苦程度及鄰近相當\r\n之駐外機構擬訂地域加給或房租補助費支給數額，報經中央二級以上之上\r\n級機關核轉主管機關核定後實施。\r\n第一項所定情報工作津貼，情報機關應先將所屬派遣駐外、大陸地區、香\r\n港及澳門之情報人員名冊報請主管機關核准後始可發給。"
		},
		{
			"number": 300,
			"content": "情報機關派駐臺灣地區各省（市）、縣（市）從事外勤情報工作之情報人\r\n員，其待遇除依俸給待遇法令支給各項給與外，支領情報職務加給者，得\r\n按原支數額加三成發給。未支領情報職務加給者，得每月發給情報工作津\r\n貼，其中簡任各職等或相當等階之軍警人員，新臺幣七千元；薦任各職等\r\n或相當等階之軍警人員，新臺幣六千元；委任各職等或相當等階之軍警人\r\n員，新臺幣五千元。"
		},
		{
			"number": 400,
			"content": "前二條所定情報工作津貼及情報職務加給加成之支給，應由各情報機關視\r\n其工作屬性及實際需要等因素，於前二條所定之限度內擬訂支給數額及加\r\n成成數，報經中央二級以上之上級機關核定後實施，並送主管機關備查。"
		},
		{
			"number": 500,
			"content": "本標準所定待遇，由情報人員隸屬之情報機關編列預算支應。"
		},
		{
			"number": 600,
			"content": "本標準所定待遇之起（停）支，均以實際到（離）職日期為準，未滿一個\r\n月者，依實際在職日數按比例計發。"
		},
		{
			"number": 700,
			"content": "本標準之施行日期由主管機關定之。"
		}
	]
}