{
	"pcode": "A0020015",
	"type": "命令",
	"title": "國民大會創制複決兩權行使辦法",
	"url": "https://law.moj.gov.tw/LawClass/LawAll.aspx?pcode=A0020015",
	"category": [
		"國民大會（憲法國民大會章條文已停止適用）"
	],
	"lastUpdate": "19660808",
	"isTranslated": false,
	"history": [
		"中華民國五十五年八月八日國民大會臨時會第四次大會通過中華民國五十五年八月八日總統令公布"
	],
	"divisions": [
		{
			"type": "章",
			"number": 100,
			"title": "總則",
			"start": 100,
			"end": 200
		},
		{
			"type": "章",
			"number": 200,
			"title": "創制",
			"start": 300,
			"end": 500
		},
		{
			"type": "章",
			"number": 300,
			"title": "複決",
			"start": 600,
			"end": 700
		},
		{
			"type": "章",
			"number": 400,
			"title": "程序",
			"start": 800,
			"end": 1100
		},
		{
			"type": "章",
			"number": 500,
			"title": "附則",
			"start": 1200,
			"end": 1300
		}
	],
	"articles": [
		{
			"number": 100,
			"content": "本辦法依據動員時期臨時條款第四項制定之。\r\n法律與本辦法牴觸者無效。"
		},
		{
			"number": 200,
			"content": "國民大會行使創制、複決兩權，除修改憲法、複決立法院所提之憲法修正\r\n案，憲法另有規定外，依本辦法之規定。"
		},
		{
			"number": 300,
			"content": "國民大會對於中央法律創制權。"
		},
		{
			"number": 400,
			"content": "國民大會創制之立法原則，咨請總統移送立法院。立法院應於同一會期內\r\n依據原則，完成立法程序。但內容繁複，或有特殊情形者，得延長一會期\r\n。\r\n前項立法原則立法院不得變更。"
		},
		{
			"number": 500,
			"content": "國民大會創制之立法原則，經完成立法程序後，非經國民大會決議，立法\r\n院不得修正或廢止。"
		},
		{
			"number": 600,
			"content": "國民大會對於中央法律有複決權。"
		},
		{
			"number": 700,
			"content": "國民大會複決成立之法律，經公布生效後，非經國民大會決議，立法院不\r\n得修正或廢止。\r\n經複決、修正、否決或廢止之法律，立法院不得再制定相同之法律。"
		},
		{
			"number": 800,
			"content": "國民大會代表提出之創制案、複決案，須有代表總額六分之一簽署。"
		},
		{
			"number": 900,
			"content": "國民大會代表提出之創制案、複決案，須備具提案書，載明左列事項：\r\n　一　案由。\r\n　二　理由。\r\n　三　內容。\r\n　四　簽署人。\r\n　五　年月日。"
		},
		{
			"number": 1000,
			"content": "國民大會討論創制案、複決案，非有代表總額二分之一以上之出席，不得\r\n開議，非有出席代表二分之一以上之同意，不得決議。\r\n前項決議須經三讀程序。但廢止或否決之法律，得省略第三讀會。"
		},
		{
			"number": 1100,
			"content": "經國民大會複決成立或廢止之法律，應咨請總統於收到後十日內公布之。\r\n經國民大會否決之創制、複決事項，在同一會期內不得再行提案。"
		},
		{
			"number": 1200,
			"content": "討論創制、複決案之議事程序，除本辦法另有規定外，依國民大會議事規\r\n則。"
		},
		{
			"number": 1300,
			"content": "本辦法由國民大會制定，咨請總統於六個月內公布之。"
		}
	]
}