{
	"pcode": "A0020106",
	"type": "命令",
	"title": "考試院工作檢討會議規則",
	"url": "https://law.moj.gov.tw/LawClass/LawAll.aspx?pcode=A0020106",
	"category": [
		"廢止法規",
		"考試院"
	],
	"lastUpdate": "20031031",
	"isDiscarded": true,
	"isTranslated": false,
	"history": [
		"中華民國五十年十一月六日考試院第三屆第 57 次會議通過實施",
		"中華民國五十一年八月三十日考試院第三屆第 92 次會議修正第五項第四款",
		"中華民國五十一年九月十日考試院修正第 1、5～9 項",
		"中華民國五十九年六月十一日考試院第四屆第 96 次會議通過修正通過",
		"中華民國六十二年十一月二十九日考試院第五屆第 33 次會議修正",
		"中華民國六十四年七月三日考試院第五屆第 106 次會議修正第一項 、 第二項 、 第三項第三款 、 第五 ～ 九項",
		"中華民國七十一年五月二十五日考試院（71）考台秘議字第 1910 號令修正發布",
		"中華民國七十五年三月二十四日考試院（75）考台秘議字第 0905 號令修正發布全文 10 條",
		"中華民國八十四年七月二十九日考試院（84）考台秘議字第 06154 號令修正發布全文 10 條",
		"中華民國八十五年七月十六日考試院（85）考台秘議字第 04357 號令修正發布第 3 條條文",
		"中華民國八十六年六月十二日考試院（86）考台秘議字第 03741 號令修正發布第 3、6、7 條條文",
		"中華民國八十七年五月十四日考試院（87）考台秘議字第 03357 號令修正發布全文 9 條",
		"中華民國九十一年一月九日考試院（91）考台秘議字第 0910000270 號令修正發布第 2 條條文",
		"中華民國九十二年十月三十一日廢止中華民國九十二年十月三十一日考試院考台秘議字第 09200092461 號令發布廢止"
	],
	"divisions": [],
	"articles": [
		{
			"number": 100,
			"content": "考試院為檢討本院及所屬部會之工作成果，並革新考銓業務，舉行工作檢\r\n討會議 (以下簡稱本會議) 。"
		},
		{
			"number": 200,
			"content": "本會議於每年度終了後兩個月內舉行。但每屆任期屆滿前一年度之會議，\r\n得順延至次年七月舉行。\r\n本會議為期二日，必要時得延長之。"
		},
		{
			"number": 300,
			"content": "本會議之出席人員如下：\r\n一、院長、副院長、考試委員、秘書長、副秘書長、首席參事、及各處、\r\n    組、室、會一級主管。\r\n二、考選、銓敘兩部部長、次長、公務人員保障暨培訓委員會主任委員、\r\n    副主任委員、專任委員、主任秘書、首席參事、各司、處長、及公務\r\n    人員退休撫卹基金管理委員會主任委員、副主任委員。\r\n三、公務人員退休撫卹基金監理會主任委員、執行秘書及各組組長。\r\n四、其他經院長指定之人員。\r\n為加強院部會局溝通協調，行政院人事行政局局長、副局長、處長應列席\r\n本會議。"
		},
		{
			"number": 400,
			"content": "本會議以院長為主席。院長不能出席時，以副院長為主席；副院長亦不能\r\n出席時，由出席人員中公推考試委員一人為主席。"
		},
		{
			"number": 500,
			"content": "本院秘書長及所屬部會，應先就下列事項一年來辦理情形，分別舉行檢討\r\n會，依其檢討結果作成工作報告：\r\n一、總統特交事項之遵辦情形。\r\n二、本院上年度施政計畫及院會決議重要事項之執行情形。\r\n三、本院上次檢討會議檢討結果執行情形。\r\n四、本院及所屬部會依據職掌等各項施政執行情形。\r\n行政院人事行政局應就年度內有關重要人事考銓業務辦理情形提出工作報\r\n告。\r\n各部會及各出席人員之提案，應擬具案由、要旨說明，並附相關資料，提\r\n出大會討論。\r\n工作報告及討論案由秘書處於本會議一週前彙列於議程，並簽奉院長核定\r\n。"
		},
		{
			"number": 600,
			"content": "本會議之程序如下：\r\n一、報告：院部會及行政院人事行政局工作報告。\r\n二、討論提案：分就院部會提案、院長、副院長、考試委員提案及其他出\r\n    席人員三人以上連署之提案，進行討論。\r\n三、臨時動議。\r\n討論之議案，必要時，得先交付審查。"
		},
		{
			"number": 700,
			"content": "討論議案交付審查時，由出席人員參加，並由主席指定一至三人為召集人\r\n，主持審查事宜，審查報告由召集人提報大會討論。\r\n審查會相關幕僚事宜，分由院部會人員辦理。"
		},
		{
			"number": 800,
			"content": "本會議之檢討結果，應提請院會處理之。"
		},
		{
			"number": 900,
			"content": "本規則自發布日施行。"
		}
	]
}