{
	"pcode": "A0020085",
	"type": "命令",
	"title": "最高法院選任律師為訴訟代理人辦法及第三審律師之酬金支給標準",
	"url": "https://law.moj.gov.tw/LawClass/LawAll.aspx?pcode=A0020085",
	"category": [
		"廢止法規",
		"司法院"
	],
	"lastUpdate": "20030901",
	"isDiscarded": true,
	"isTranslated": false,
	"history": [
		"中華民國八十九年八月三日司法院（89）院台廳民一字第 18865 號函訂定發布全文 10 條",
		"中華民國九十二年九月一日廢止中華民國九十二年九月一日司法院（九二）院台廳民一字第 22402 號函發布自九十二年九月一日廢止"
	],
	"divisions": [],
	"articles": [
		{
			"number": 100,
			"content": "本選任辦法及酬金支給標準依民事訴訟法第四百六十六條之三第二項訂定\r\n之。"
		},
		{
			"number": 200,
			"content": "最高法院為上訴人選任律師為其訴訟代理人，應自執行律師職務五年以上\r\n，成績優良、品德良好者選任之。\r\n律師曾任法官或檢察官者，前項執行律師職務期間應併計其法官或檢察官\r\n之服務年資。"
		},
		{
			"number": 300,
			"content": "最高法院得參考中華民國律師公會全國聯合會及各地區律師公會推薦之律\r\n師名單選任之。"
		},
		{
			"number": 400,
			"content": "律師為被上訴人之配偶、前配偶、未婚配偶或三親等之血親、二親等之姻\r\n親或曾有此親屬關係者，不得被選任為上訴人之訴訟代理人。\r\n被選任之律師有前項情形者，應自行辭退。"
		},
		{
			"number": 500,
			"content": "最高法院認被選任之律師不適任者，得予解任，另行選任之。"
		},
		{
			"number": 600,
			"content": "依本選任辦法選任律師為訴訟代理人者，上訴人得暫行免付第三審律師之\r\n酬金。"
		},
		{
			"number": 700,
			"content": "得列為訴訟費用之第三審律師之酬金，其數額由法院依聲請或依職權裁定\r\n之。"
		},
		{
			"number": 800,
			"content": "法院裁定律師酬金時，應斟酌案情之繁簡、訴訟之結果及律師之勤惰，於\r\n下列範圍內為之。但當事人約定之酬金較低者，不得超過其約定：\r\n一、民事財產權之訴訟，於訴訟標的金額或價額百分之三以下。但最高不\r\n    得逾新臺幣 (下同) 五十萬元。\r\n二、民事非財產權之訴訟，不得逾十五萬元；數訴合併提起者，不得逾三\r\n    十萬元；非財產權與財產權之訴訟合併提起者，不得逾五十萬元。"
		},
		{
			"number": 900,
			"content": "上訴人或被上訴人各委任律師二人以上者，仍各按一人計算其酬金。"
		},
		{
			"number": 1000,
			"content": "本選任辦法及酬金支給標準自司法院核定發布後施行。"
		}
	]
}