{
	"pcode": "A0020162",
	"type": "命令",
	"title": "司法院人事審議委員會審議規則（101.07.16訂定）",
	"url": "https://law.moj.gov.tw/LawClass/LawAll.aspx?pcode=A0020162",
	"category": [
		"司法",
		"院本部",
		"司法人事目"
	],
	"lastUpdate": "20120716",
	"isTranslated": false,
	"history": [
		"中華民國一百零一年七月十六日司法院院台人二字第 1010020341 號令 、 考試院考臺組貳一字第 10100059161 號令會同訂定發布全文 15 條；並自發布日施行"
	],
	"divisions": [],
	"articles": [
		{
			"number": 100,
			"content": "本規則依法官法（以下簡稱本法）第四條第六項規定訂定之。"
		},
		{
			"number": 200,
			"content": "司法院設人事審議委員會（以下簡稱本會），依法審議司法院所提法官之\r\n任免、轉任、解職、遷調、考核、獎懲、專業法官資格認定或授與、本法\r\n第十一條所規定之延任事項及其他法律規定應由本會審議之事項。\r\n本會幕僚作業，由司法院人事處辦理。"
		},
		{
			"number": 300,
			"content": "本會由司法院院長召集並擔任會議主席；院長不能召集或出席會議時，由\r\n其指定之委員代理之。"
		},
		{
			"number": 400,
			"content": "本會開會時應有全體委員三分之二以上之出席。\r\n前項人數，以全體委員人數減除因公、因病未出席委員人數及尚未遞補之\r\n委員人數計算。\r\n本會每月開會一次，無議案時得不召開，必要時得加開臨時會。\r\n委員應親自出席會議，不得委託他人代理。"
		},
		{
			"number": 500,
			"content": "出席委員應共同維護會場秩序，於主席發言及議案付表決時，不得離開會\r\n場。"
		},
		{
			"number": 600,
			"content": "本會決議應有出席委員過半數之同意；出席委員人數與實際參與議案表決\r\n人數不一致時，以實際參與議案表決人數為準。\r\n學者專家委員對法官之初任、再任、轉任、解職、免職、候補、試署法官\r\n予以試署、實授之審查及本法第十一條所規定之延任事項，有表決權；對\r\n其餘事項僅得列席表示意見，無表決權。"
		},
		{
			"number": 700,
			"content": "本會審議採逐案逐人方式表決。但經主席徵詢出席委員均無異議時，即為\r\n認可。\r\n經主席宣布認可後，不得再行提出異議；無異議認可之效力與表決通過同\r\n。\r\n第一項之表決，採無記名投票之方式；其表決結果應就贊成與反對兩面俱\r\n呈，由主席當場宣布之，並列入會議紀錄。\r\n主席不參與表決。但於議案表決可否同數時，得加入可方使其通過；或不\r\n加入而使其否決。"
		},
		{
			"number": 800,
			"content": "表決於可否兩方均不過半數時，主席得提付重行表決；重行表決時以多數\r\n為可決。\r\n前項可決人數之計算，以表示贊成、反對兩種意見為準，空白票及廢票不\r\n予計算。"
		},
		{
			"number": 900,
			"content": "出席委員對於表決結果，非有明顯足以影響表決結果之重大瑕疵，不得請\r\n求重付表決。\r\n前項請求重付表決，以一次為限。"
		},
		{
			"number": 1000,
			"content": "會議進行中，出席委員對於在場人數提出疑問，經清點後不足法定人數時\r\n，不得進行表決。"
		},
		{
			"number": 1100,
			"content": "本會開會時，司法院院長如認為必要，得指定有關人員就審議事項提供書\r\n面報告或列席陳述意見。"
		},
		{
			"number": 1200,
			"content": "本會出列席人員就會議中有關個人能力、操守及其他依法應保守秘密之事\r\n項，應嚴守秘密。\r\n本會會議過程由司法院人事處錄音，並依據錄音將決議事項作成紀錄後，\r\n分送各委員；各委員認有必要時，得查證錄音內容，逾六個月即予消音。"
		},
		{
			"number": 1300,
			"content": "本會委員之迴避，準用行政程序法之規定。"
		},
		{
			"number": 1400,
			"content": "本會議決案件，應速陳報司法院院長。在院令（函）發布前，如發現新事\r\n實或新資料，而有再行審查之必要者，司法院院長得發交本會復議。"
		},
		{
			"number": 1500,
			"content": "本規則自發布日施行。"
		}
	]
}