{
	"pcode": "A0020051",
	"type": "法律",
	"title": "自由貿易港區設置管理條例",
	"url": "https://law.moj.gov.tw/LawClass/LawAll.aspx?pcode=A0020051",
	"category": [
		"行政",
		"交通部",
		"航政目"
	],
	"lastUpdate": "20121228",
	"isTranslated": true,
	"english": "Act for the Establishment and Management of Free trade zones",
	"history": [
		"中華民國九十二年七月二十三日總統華總一義字第 09200134530 號令制定公布全文 43 條；並自公布日施行",
		"中華民國九十八年七月八日總統華總一義字第 09800169151 號令修正公布全文 46 條；並自公布日施行",
		"中華民國一百零一年十二月二十八日總統華總一義字第 10100290751 號令修正公布第 7、9、21、24、29、31、36、44 條條文中華民國一百零三年十二月二十六日行政院院臺規字第 1030158355 號公告第 43 條所列屬「內政部入出國及移民署」之權責事項，自一百零四年一月二日起改由「內政部移民署」管轄"
	],
	"divisions": [
		{
			"type": "章",
			"number": 100,
			"title": "總則",
			"start": 100,
			"end": 500
		},
		{
			"type": "章",
			"number": 200,
			"title": "港區之劃設及管理",
			"start": 600,
			"end": 1400
		},
		{
			"type": "章",
			"number": 300,
			"title": "貨物自由流通",
			"start": 1500,
			"end": 1700
		},
		{
			"type": "章",
			"number": 400,
			"title": "港區事業自主管理",
			"start": 1800,
			"end": 2000
		},
		{
			"type": "章",
			"number": 500,
			"title": "租稅措施",
			"start": 2100,
			"end": 3400
		},
		{
			"type": "章",
			"number": 600,
			"title": "入出境及入出區許可",
			"start": 3500,
			"end": 3600
		},
		{
			"type": "章",
			"number": 700,
			"title": "罰則",
			"start": 3700,
			"end": 4400
		},
		{
			"type": "章",
			"number": 800,
			"title": "附則",
			"start": 4500,
			"end": 4600
		}
	],
	"articles": [
		{
			"number": 100,
			"content": "為發展全球運籌管理經營模式，積極推動貿易自由化及國際化，便捷人員\r\n、貨物、金融及技術之流通，提升國家競爭力並促進經濟發展，特制定本\r\n條例。"
		},
		{
			"number": 200,
			"content": "自由貿易港區（以下簡稱自由港區）之設置及管理，依本條例之規定；本\r\n條例未規定者，適用其他有關法律之規定。但其他法律之規定，較本條例\r\n更有利者，適用最有利之法律。\r\n前項但書規定，於第七章罰則不適用之。"
		},
		{
			"number": 300,
			"content": "本條例用詞定義如下：\r\n一、自由港區：指經行政院核定於國際航空站、國際港口管制區域內；或\r\n    毗鄰地區劃設管制範圍；或與國際航空站、國際港口管制區域間，能\r\n    運用科技設施進行周延之貨況追蹤系統，並經行政院核定設置管制區\r\n    域進行國內外商務活動之區域。\r\n二、自由港區事業：指經核准在自由港區內從事貿易、倉儲、物流、貨櫃\r\n    （物）之集散、轉口、轉運、承攬運送、報關服務、組裝、重整、包\r\n    裝、修理、裝配、加工、製造、檢驗、測試、展覽或技術服務之事業\r\n    。\r\n三、自由港區事業以外之事業：指金融、裝卸、餐飲、旅館、商業會議、\r\n    交通轉運及其他前款以外經核准在自由港區營運之事業。\r\n四、商務人士：指為接洽商業或處理事務需進入自由港區內之人士。\r\n五、毗鄰：指下列情形之一者：\r\n（一）與國際航空站、國際港口管制區域土地相連接寬度達三十公尺以上\r\n      。\r\n（二）土地與國際航空站、國際港口管制區域間有道路、水路分隔，仍可\r\n      形成管制區域。\r\n（三）土地與國際航空站、國際港口管制區域間得闢設長度一公里以內之\r\n      專屬道路。\r\n六、國際港口：指國際商港或經核定准許中華民國船舶及外國通商船舶出\r\n    入之工業專用港。"
		},
		{
			"number": 400,
			"content": "本條例之主管機關為交通部。"
		},
		{
			"number": 500,
			"content": "為統籌自由港區之營運管理，並提供自由港區內所需之各項服務，主管機\r\n關應選定適當之機關，報請行政院核定為自由港區管理機關。\r\n前項主管機關所選定之機關，如非其所屬機關者，應徵詢該被選定機關及\r\n其上級機關之同意。"
		},
		{
			"number": 600,
			"content": "國際航空站、國際港口之管理機關（構），得就其管制區域內土地，擬具\r\n自由港區開發之可行性規劃報告及營運計畫書，向主管機關提出申請；經\r\n主管機關徵詢所在地直轄市、縣（市）政府及財政部之意見，經初步審核\r\n同意，並選定自由港區之管理機關及加具管理計畫書後，核轉行政院核定\r\n設置為自由港區。"
		},
		{
			"number": 700,
			"content": "國際航空站、國際港口管制區域內、外之公、私有土地管理機關、所有權\r\n人或使用人，得擬具開發可行性規劃報告及營運計畫書，送請國際航空站\r\n、國際港口之自由港區管理機關初步審核同意，並由主管機關徵詢所在地\r\n直轄市、縣（市）政府及財政部之意見，經初步審核同意，並選定自由港\r\n區之管理機關及加具管理計畫書後，核轉行政院核定設置為自由港區。\r\n前項土地如需向土地主管機關申請劃設編定為適當用地者，應於提出申請\r\n核定自由港區前，先行申請劃設編定。\r\n第一項之公、私有土地管理機關、所有權人或使用人依前項程序提出申請\r\n時，各該管理機關應於初步審核時舉行公聽會，聽取民眾之意見，申請案\r\n件如不合於申請劃設自由港區之資格、條件或確有管理上之困難者，各該\r\n管理機關初步審核，應不予同意。\r\n第一項之使用人，就使用土地申請劃設為自由港區，應取得土地所有權人\r\n之書面同意。"
		},
		{
			"number": 800,
			"content": "依前二條規定，申請設置自由港區之資格、條件、申請程序、應檢附之文\r\n件資料及其他應遵行事項之辦法，由主管機關定之。"
		},
		{
			"number": 900,
			"content": "自由港區管理機關掌理港區內下列事項：\r\n一、自由港區管理運作與安全維護之規劃及執行。\r\n二、自由港區事業與自由港區事業以外之事業入區申請之核准及廢止營運\r\n    相關事項。\r\n三、人員與貨物進出自由港區之核准及門哨管制檢查。\r\n四、外籍商務人士入境許可申請之核轉。\r\n五、自由港區事業外籍人士延長居留申請之核轉。\r\n六、預防走私措施。\r\n七、業務及財務狀況之查核。\r\n八、自由港區事業、自由港區事業以外之事業之營運輔導。\r\n九、環境保護工作之推動督導。\r\n十、資訊化發展之督導。\r\n十一、依法令或上級機關交付辦理之事項。\r\n十二、其他有關行政管理事項。\r\n自由港區管理機關就自由港區內下列事項之管理，應經目的事業主管機關\r\n之委任或委託：\r\n一、勞工行政、勞工安全衛生及勞動檢查。\r\n二、工商登記證照之核發。\r\n三、工業用電證明之核發。\r\n四、外籍或僑居國外專門性或技術性人員聘僱之核發。\r\n五、申請稅捐減免所需相關證明之核發。\r\n六、貨品輸出入簽證、原產地證明書及再出口證明之核發。\r\n七、土地使用管制及建築管理。"
		},
		{
			"number": 1000,
			"content": "自由港區事業僱用本國勞工人數，不得低於僱用員工總人數百分之六十。"
		},
		{
			"number": 1100,
			"content": "自由港區事業僱用外國勞工之工資，應依勞動基準法基本工資限制之規定\r\n辦理。\r\n自由港區事業僱用勞工總人數中，應僱用百分之三具有原住民身分者。\r\n未依前項規定足額僱用者，應依差額人數乘以每月基本工資，定期向中央\r\n原住民族主管機關設立之就業基金專戶繳納就業代金。\r\n超出第二項僱用規定比率者，應予獎勵；其獎勵辦法，由中央原住民族主\r\n管機關定之。"
		},
		{
			"number": 1200,
			"content": "自由港區內下列事項，由各該目的事業主管機關設立分支單位或指派專人\r\n，配合自由港區管理機關之運作辦理：\r\n一、稅捐稽徵。\r\n二、海關業務。\r\n三、檢疫及檢驗業務。\r\n四、警察業務。\r\n五、金融業務。\r\n六、電力、給水及其他有關公用事業之業務。\r\n七、郵電業務。\r\n八、其他公務機關業務。"
		},
		{
			"number": 1300,
			"content": "申請經營自由港區事業，應提具營運計畫書、貨物控管、貨物通關及帳務\r\n處理作業說明書，連同相關文件，向自由港區管理機關申請入區籌設及營\r\n運許可。\r\n前項事業申請入區籌設及營運許可應具備之資格、營運組織型態、申請程\r\n序、檢附之文件、各項營運控管作業、帳務處理、許可之撤銷、廢止及其\r\n他應遵行事項之辦法，由主管機關定之。"
		},
		{
			"number": 1400,
			"content": "外國人得向自由港區管理機關申請設立以境外投資為專業之控股公司，不\r\n適用外國人投資條例之規定。\r\n國際金融業務分行得辦理前項控股公司之外幣匯兌及外匯交易業務，並適\r\n用國際金融業務條例第五條等有關規定。但以各該交易未涉及境內之金融\r\n或經貿交易，且未涉及新臺幣者為限。"
		},
		{
			"number": 1500,
			"content": "自由港區事業得進儲之物（貨）品，除下列物（貨）品須於進儲前經各該\r\n目的事業主管機關核准或檢附其規定之相關文件外，不受其他法律或其法\r\n規命令有關輸入規定之限制：\r\n一、違禁品。\r\n二、毒品、槍砲、彈藥、刀械。\r\n三、毒性化學物質。\r\n四、事業廢棄物。\r\n五、放射性物品。\r\n六、未經檢疫合格之動植物或其產品。\r\n七、保育類野生動物或其產製品。\r\n八、存儲期間可能產生公害或環境污染之貨品。\r\n九、輸往管制地區之特定戰略性高科技貨品。\r\n十、其他經目的事業主管機關公告之物（貨）品。\r\n各目的事業主管機關於公告前項第十款物（貨）品時，應副知海關及本條\r\n例主管機關。"
		},
		{
			"number": 1600,
			"content": "自由港區事業輸往國外之物（貨）品，除下列物（貨）品於輸往國外前須\r\n經各該目的事業主管機關核准外，不受其他法律或其法規命令有關輸出規\r\n定之限制：\r\n一、事業廢棄物。\r\n二、戰略性高科技貨品。\r\n三、鑽石原石。\r\n四、管制藥品。\r\n五、華盛頓公約附錄物種或其製品。\r\n六、國際漁業組織管理之特定魚種。\r\n七、已錄製之雷射影碟、影音光碟、數位影音光碟或其他視聽著作。\r\n八、毒性化學物質。\r\n九、半導體晶圓製造設備。\r\n十、保育類野生動物或其產製品。\r\n十一、氟及氯全鹵化之其他衍生物。\r\n十二、其他經目的事業主管機關公告之物（貨）品。\r\n各目的事業主管機關於公告前項第十二款物（貨）品時，應副知海關及本\r\n條例主管機關。"
		},
		{
			"number": 1700,
			"content": "國外貨物進儲自由港區、自由港區貨物輸往國外或轉運至其他自由港區，\r\n自由港區事業均應向海關通報，並經海關電腦回應紀錄有案，始得進出自\r\n由港區。\r\n自由港區貨物輸往課稅區、保稅區，或課稅區、保稅區貨物輸往自由港區\r\n，應依貨品輸出入規定辦理，並向海關辦理通關事宜。\r\n自由港區事業於發貨前向海關通報後，其貨物得在區內逕行交易、自由流\r\n通。\r\n前三項之通報或通關，自由港區事業應以電腦連線或電子資料傳輸方式向\r\n海關為之。\r\n自由港區事業貨物之通報或通關，得經海關核准辦理按月彙報作業。\r\n自由港區事業貨物之存儲、重整、加工、製造、展覽、通報、通關、按月\r\n彙報、自主管理、查核、盤點、申報補繳稅費、貨物流通及其他應遵行事\r\n項之辦法，由財政部會商有關機關定之。"
		},
		{
			"number": 1800,
			"content": "自由港區事業應實施貨物控管、電腦連線通關及帳務處理作業之貨物自主\r\n管理。\r\n自由港區事業關於貨物之進儲、提領、重整、加工、製造或遭竊、災損等\r\n，應按其作業性質，辦理有關之登帳、除帳、查核銷毀、補繳稅費除帳、\r\n稅費徵免及其他與帳務處理相關之自主管理事宜。\r\n自由港區事業、港區貨棧及港區門哨對自由港區事業之貨物控管，應分別\r\n按貨物流通作業性質，辦理電子資料傳輸、資料保管、貨物之進儲、提領\r\n與異動之通報及其他與貨物控管相關之自主管理事宜。"
		},
		{
			"number": 1900,
			"content": "海關得設置聯合查核小組，就自由港區事業關於貨物控管、電腦連線通關\r\n及帳務處理等自主管理事項進行查核，並得執行實地盤點，自由港區事業\r\n不得規避、妨礙或拒絕。"
		},
		{
			"number": 2000,
			"content": "自由港區事業每年應辦理存貨盤點，並於盤點後一個月內，將盤存清冊及\r\n結算報告表送海關備查；必要時，得於期限內申請展延一個月。\r\n自由港區事業依前項規定辦理之盤點貨物，如多於帳面結存數量，應同時\r\n於帳冊補登數量；少於帳面結存數量，應同時向海關申請補繳稅費。"
		},
		{
			"number": 2100,
			"content": "自由港區事業自國外運入自由港區內供營運之貨物，免徵關稅、貨物稅、\r\n營業稅、菸酒稅、菸品健康福利捐、推廣貿易服務費及商港服務費。\r\n自由港區事業自國外運入自由港區內之自用機器、設備，免徵關稅、貨物\r\n稅、營業稅、推廣貿易服務費及商港服務費。但於運入後五年內輸往課稅\r\n區者，應依進口貨物規定補徵相關稅費。\r\n依前二項規定免徵稅捐者，無須辦理免徵、擔保、記帳及押稅手續。\r\n申請經營自由港區事業取得籌設許可者，於籌設期間適用前二項規定。"
		},
		{
			"number": 2200,
			"content": "自由港區事業運往國外或保稅區之貨物，課稅區或保稅區運入自由港區之\r\n貨物，依貿易法規定，免收推廣貿易服務費。"
		},
		{
			"number": 2300,
			"content": "自由港區事業之貨物輸往課稅區時，應依進口貨物或相關規定，課徵關稅\r\n、貨物稅、營業稅、菸酒稅、菸品健康福利捐、推廣貿易服務費及商港服\r\n務費。但在自由港區經加工、製造、重整、簡單加工、檢驗、測試者，按\r\n運出港區時形態之價格，扣除自由港區內附加價值後核估關稅完稅價格。\r\n自由港區事業銷售勞務至課稅區者，應依法課徵營業稅。"
		},
		{
			"number": 2400,
			"content": "自由港區事業自課稅區運入供營運之貨物及自用機器、設備，視同出口，\r\n得依相關法令規定，申請減徵、免徵或退還關稅、貨物稅、菸酒稅及菸品\r\n健康福利捐。\r\n自由港區事業自課稅區運入之已稅進口貨物或國產非保稅貨物，自運入之\r\n次日起五年內，原貨復運回課稅區時，免徵關稅；其有添加未稅或保稅貨\r\n物者，該添加之未稅或保稅貨物，應課徵關稅及相關稅費。\r\n前二項貨物及自用機器、設備已減徵、免徵或退稅者，於再運回課稅區時\r\n，應仍按原減徵、免徵或退稅稅額補徵。\r\n申請經營自由港區事業取得籌設許可者，於籌設期間自課稅區運入自用機\r\n器、設備適用第一項及前項規定。"
		},
		{
			"number": 2500,
			"content": "自由港區事業免稅之貨物、機器、設備，因修理、測試、檢驗、委託加工\r\n而須輸往課稅區，經向海關申請核准者，得免提供稅款擔保。但應自核准\r\n後六個月內復運回自由港區，並辦理結案手續；屆期未運回自由港區者，\r\n應向海關申報補繳稅費。\r\n前項輸往課稅區之貨物，因特殊情形經申請海關核准者，得不運回自由港\r\n區逕行出口，並辦理結案手續。\r\n第一項如須延長復運回自由港區之期限者，應於復運期限屆滿前，以書面\r\n敘明理由，檢附有關證件，向海關申請展延；其展延，以六個月為限。\r\n自由港區事業免稅之貨物輸往課稅區展覽者，準用前三項規定辦理。"
		},
		{
			"number": 2600,
			"content": "自由港區內之免稅貨物，依前條規定運往課稅區委託加工者，以管制貨品\r\n以外之貨品為限。\r\n前項受託課稅區廠商加工所添加之進口原料，除下列情形之一者外，得依\r\n外銷品沖退原料稅辦法規定，申請退稅：\r\n一、屬財政部公告取消退稅之項目。\r\n二、原料可退關稅占成品出口離岸價格在財政部核定之比率或金額以下。\r\n課稅區營業人接受自由港區事業或國外事業、機關、團體、組織委託，就\r\n自由港區事業輸入之貨物、機器及設備提供修理、測試、檢驗、委託加工\r\n之勞務後，該貨物、機器及設備全數運回自由港區內者，該項勞務收入之\r\n營業稅稅率為零。"
		},
		{
			"number": 2700,
			"content": "自由港區事業之貨物輸往保稅區，應依保稅貨物之相關規定，免徵相關稅\r\n費。"
		},
		{
			"number": 2800,
			"content": "下列貨物或勞務之營業稅稅率為零：\r\n一、課稅區或保稅區營業人銷售與自由港區事業供營運之貨物及自用機器\r\n    、設備。\r\n二、保稅區營業人銷售與外銷廠商存入自由港區事業以供外銷之貨物。\r\n三、課稅區營業人銷售與保稅區廠商存入自由港區事業以供外銷之貨物。\r\n四、課稅區或保稅區營業人銷售與自由港區事業與營運相關之勞務。\r\n自由港區事業或外國事業、機關、團體、組織在自由港區內銷售貨物或勞\r\n務與該自由港區事業、另一自由港區事業、國外客戶或其他保稅區事業，\r\n及售與外銷廠商未輸往課稅區而直接出口或存入保稅倉庫、物流中心以供\r\n外銷者，其營業稅稅率為零。"
		},
		{
			"number": 2900,
			"content": "外國營利事業或其在中華民國境內設立之分公司，自行申設或委託自由港\r\n區事業於自由港區內從事貨物儲存或簡易加工，並將該外國營利事業之貨\r\n物售與國內、外客戶者，其所得免徵營利事業所得稅。但當年度售與國內\r\n客戶之貨物，超過其當年度售與國內、外客戶銷售總額百分之十者，其超\r\n過部分不予免徵。\r\n在中華民國境內無固定營業場所之外國、大陸地區、香港或澳門營利事業\r\n銷售經認可之國際金屬期貨交易所認證且經主管機關核定之商品或同一稅\r\n則號別之商品，如該商品儲存於自由港區事業經自由港區管理機關核准之\r\n自由港區內之處所，其售與國內、外客戶之所得免徵所得稅，不受前項但\r\n書規定之限制；其銷售該商品之所得，無須申請免徵營利事業所得稅，並\r\n免依所得稅法規定辦理申報。\r\n前二項免徵營利事業所得稅實施期限至中華民國一百三十一年十二月三十\r\n一日止；其適用範圍與要件、申請程序、認可機關、核定機關及其他相關\r\n事項之辦法，由主管機關會同財政部定之。"
		},
		{
			"number": 3000,
			"content": "自由港區事業運入供營運之貨物變更為非營運目的使用者，應於事前向海\r\n關或相關機關申報補繳關稅、貨物稅、營業稅、菸酒稅、菸品健康福利捐\r\n、推廣貿易服務費及商港服務費。"
		},
		{
			"number": 3100,
			"content": "自由港區事業經自由港區管理機關核准結束營業、廢止或撤銷其營運許可\r\n時，其有關機器、設備及餘存之貨物，經盤點結算如有短少，應補徵關稅\r\n、貨物稅、營業稅、菸酒稅、菸品健康福利捐、推廣貿易服務費及商港服\r\n務費。\r\n申請經營自由港區事業取得籌設許可者，經自由港區管理機關廢止或撤銷\r\n其籌設許可時，其於籌設期間減免之關稅、貨物稅、營業稅、推廣貿易服\r\n務費及商港服務費，應予補徵。但自廢止或撤銷其籌設許可之翌日起算六\r\n個月內，將國外運入之自用機器、設備原貨復運出口者，不在此限。\r\n前項自用機器、設備於辦理相關稅費補徵或復運出口前，由自由港區管理\r\n機關監管。"
		},
		{
			"number": 3200,
			"content": "銀行得依國際金融業務條例之規定，由其總行申請目的事業主管機關之特\r\n許，在自由港區內，設立會計獨立之國際金融業務分行，經營國際金融業\r\n務。"
		},
		{
			"number": 3300,
			"content": "金融機構得依銀行法、證券交易法第四十四條、管理外匯條例及中央銀行\r\n法之規定，向目的事業主管機關申請，於自由港區內設立分支機構，並經\r\n中央銀行核准指定辦理外匯業務。"
		},
		{
			"number": 3400,
			"content": "國際金融業務分行得辦理自由港區事業之外幣信用狀、通知、押匯、進出\r\n口託收、外幣匯兌及外匯交易業務，並適用國際金融業務條例第五條等有\r\n關規定。但以各該交易未涉及境內之金融或經貿交易，且未涉及新臺幣者\r\n為限。"
		},
		{
			"number": 3500,
			"content": "外籍商務人士得經自由港區事業代向自由港區管理機關申請核轉許可，於\r\n抵達中華民國時申請簽證。\r\n大陸地區或香港、澳門商務人士得依兩岸關係相關法規辦理申請進入自由\r\n港區從事商務活動，其辦法另定之。"
		},
		{
			"number": 3600,
			"content": "自由港區內，除管理人員、警衛人員、自由港區內之事業值勤員工、進入\r\n自由港區之商務人士及有正當事由經自由港區管理機關同意者外，不得在\r\n區內居住。\r\n自由港區內之事業應將所屬員工名冊、照片，報請自由港區管理機關核發\r\n長期入出許可證或通行證。其他人員應向自由港區管理機關申請臨時入出\r\n許可證或通行證，憑以入出自由港區。\r\n進出自由港區之人員、車輛及物品，應憑相關許可放行文件循管理機關指\r\n定之地點入出，並接受警衛人員所為必要之檢查。\r\n前三項所定人員及車輛申請入出與居住許可之資格、申請程序、檢附之文\r\n件、許可之撤銷、廢止及其他應遵行事項之辦法，由主管機關定之。"
		},
		{
			"number": 3700,
			"content": "自由港區事業違反第十五條第一項規定者，由海關處新臺幣三萬元以上三\r\n十萬元以下罰鍰，並得定三十日以內之期限退運出區或沒入之。\r\n未依前項所定期限退運出區者，海關得按次處罰；經處罰三次仍未退運出\r\n區者，得由海關停止其六個月以下進儲貨物或由自由港區管理機關廢止其\r\n營運許可。\r\n自由港區事業違反第十六條第一項規定者，由海關處新臺幣三萬元以上三\r\n十萬元以下罰鍰。情節重大者，並得由海關停止其六個月以下進儲貨物或\r\n由自由港區管理機關廢止其營運許可。"
		},
		{
			"number": 3800,
			"content": "自由港區事業依第十七條第一項或第三項規定向海關通報，有虛報或不實\r\n情事者，由海關按次處新臺幣三萬元以上三十萬元以下罰鍰。情節重大者\r\n，並得由海關停止其六個月以下進儲貨物或由自由港區管理機關廢止其營\r\n運許可。\r\n自由港區事業依第十七條第二項規定向海關辦理通關，有虛報或不實情事\r\n者，由海關依海關緝私條例規定處罰。\r\n自由港區事業違反第十七條第一項或第二項規定，擅將貨物運往其他自由\r\n港區、課稅區或保稅區而有私運行為者，由海關依海關緝私條例規定處罰\r\n。"
		},
		{
			"number": 3900,
			"content": "自由港區事業違反第十八條第二項或第三項規定者，得由海關予以警告或\r\n處新臺幣三萬元以上三十萬元以下罰鍰，並命其限期改正；屆期未改正者\r\n，得按次處罰；經處罰三次仍未改正者，得由海關停止六個月以下進儲貨\r\n物或辦理按月彙報作業，或由自由港區管理機關廢止其營運許可。"
		},
		{
			"number": 4000,
			"content": "自由港區事業違反第十九條規定者，由海關處新臺幣三萬元以上三十萬元\r\n以下罰鍰，並得按次處罰；經處罰三次仍未改正者，由自由港區管理機關\r\n廢止其營運許可。"
		},
		{
			"number": 4100,
			"content": "自由港區事業違反第二十條第一項規定，未定期盤點或送海關備查，或違\r\n反第二項規定，未補登帳冊或補繳稅費者，由海關處新臺幣三萬元以上三\r\n十萬元以下罰鍰，並命其限期改正；屆期未改正者，得由海關停止其六個\r\n月以內之進儲貨物或由自由港區管理機關廢止其營運許可。"
		},
		{
			"number": 4200,
			"content": "自由港區事業存儲之貨物，未依第三十條規定辦理或經查核無故短少者，\r\n除應負責補繳短少貨物之有關稅捐外，得由海關予以警告或處新臺幣三萬\r\n元以上三十萬元以下罰鍰，並命其限期改正；屆期未改正者，得按次處罰\r\n；經處罰三次仍未完成改正者，得由海關停止其六個月以下之進儲貨物或\r\n由自由港區管理機關廢止其營運許可。\r\n自由港區事業如有其他違法漏稅情事者，依有關法律之規定處理。"
		},
		{
			"number": 4300,
			"content": "自由港區事業對依第三十五條第一項規定代為申請入境之商務人士，應保\r\n證其入區期間，從事與許可目的相符之行為。經其保證之商務人士於入區\r\n期間從事與許可目的不符之行為者，入出國及移民署得處自由港區事業新\r\n臺幣六千元以上三萬元以下罰鍰，且一年內不受理該商務人士經由自由港\r\n區事業代向自由港區管理機關申請核轉許可，於抵達中華民國時申請簽證\r\n。"
		},
		{
			"number": 4400,
			"content": "進出自由港區之人員違反第三十六條第一項至第三項規定之一者，由自由\r\n港區管理機關處新臺幣六千元以上三萬元以下罰鍰。"
		},
		{
			"number": 4500,
			"content": "自由港區管理機關為維護自由港區與周邊之環境及公共設施之安全，及辦\r\n理第九條第一項規定之掌理事項，得向自由港區事業及自由港區事業以外\r\n之事業收取管理費、規費或服務費。\r\n前項收費標準，由自由港區管理機關定之。\r\n海關對於進出自由港區之運輸工具及貨物，應依關稅法第一百零一條規定\r\n徵收規費。"
		},
		{
			"number": 4600,
			"content": "本條例自公布日施行。"
		}
	]
}