{
	"pcode": "A0020185",
	"type": "命令",
	"title": "國家發展委員會檔案管理局電子檔案技術服務收費標準",
	"url": "https://law.moj.gov.tw/LawClass/LawAll.aspx?pcode=A0020185",
	"category": [
		"行政",
		"國家發展委員會",
		"通用目"
	],
	"lastUpdate": "20151111",
	"isTranslated": true,
	"english": "Electronic Records Technical Service Fee Schedule at the National Archives Administration, National Development Council",
	"attachments": [
		"https://law.moj.gov.tw/LawClass/LawGetFile.ashx?FileId=0000168918",
		"https://law.moj.gov.tw/LawClass/LawGetFile.ashx?FileId=0000168919",
		"https://law.moj.gov.tw/LawClass/LawGetFile.ashx?FileId=0000236411",
		"https://law.moj.gov.tw/LawClass/LawGetFile.ashx?FileId=0000236412"
	],
	"history": [
		"中華民國一百零四年十一月十一日國家發展委員會檔案管理局檔資字第 10400046282 號令訂定發布全文 7 條；並自發布日施行"
	],
	"divisions": [],
	"articles": [
		{
			"number": 100,
			"content": "本標準依規費法第十條規定訂定之。"
		},
		{
			"number": 200,
			"content": "國家發展委員會檔案管理局（以下簡稱本局）提供電子檔案轉置（製）及\r\n媒體銷毀等技術服務，其收費標準如附表一。相關申請程序由本局另定之\r\n。"
		},
		{
			"number": 300,
			"content": "申請前條服務時，依本標準繳納規費。以速件處理者，應加收速件處理費\r\n（附表一）。"
		},
		{
			"number": 400,
			"content": "申請提供第二條以外之加選服務者，收費標準如附表二。"
		},
		{
			"number": 500,
			"content": "儲存媒體於轉置（製）過程發現毀損致無法完成者，依完成比例收取費用\r\n。但轉置（製）前發現毀損者，不在此限。"
		},
		{
			"number": 600,
			"content": "本標準所訂收費基準，依規費法相關規定辦理，每三年至少檢討一次。"
		},
		{
			"number": 700,
			"content": "本標準自發布日施行。"
		}
	]
}