{
	"pcode": "A0020183",
	"type": "命令",
	"title": "中央研究院名譽院士選舉辦法",
	"url": "https://law.moj.gov.tw/LawClass/LawAll.aspx?pcode=A0020183",
	"category": [
		"總統",
		"總統府",
		"中央研究院目"
	],
	"lastUpdate": "20141110",
	"isTranslated": false,
	"attachments": [
		"https://law.moj.gov.tw/LawClass/LawGetFile.ashx?FileId=0000117487",
		"https://law.moj.gov.tw/LawClass/LawGetFile.ashx?FileId=0000235379"
	],
	"history": [
		"中華民國九十六年四月十四日中央研究院第 19 屆評議會第 4 次會議通過訂定全文 11 條",
		"中華民國一百零三年十一月十日中央研究院秘書字第 10305085441 號令修正發布第 3、8 條條文"
	],
	"divisions": [],
	"articles": [
		{
			"number": 100,
			"content": "本辦法依中央研究院組織法第九條之規定訂定之。"
		},
		{
			"number": 200,
			"content": "名譽院士為終身榮譽職，其任務如下：\r\n一、促進國內外學術合作及聯繫。\r\n二、指導、協助及發展本院學術研究。"
		},
		{
			"number": 300,
			"content": "名譽院士每二年由院士會議選舉之。\r\n名譽院士分為數理科學、工程科學、生命科學、人文及社會科學四組，每\r\n次選舉之名額至多 12 人，每組名額至多 3  人，皆不含第九條規定所通\r\n過之名額。"
		},
		{
			"number": 400,
			"content": "名譽院士選舉之籌備工作由院士選舉籌備委員會（以下簡稱本會）兼行之\r\n。"
		},
		{
			"number": 500,
			"content": "名譽院士之選舉，須經院士十人以上之提名，其中至少應有五人與被提名\r\n人為同一組別。"
		},
		{
			"number": 600,
			"content": "名譽院士之提名，須依本辦法所附「名譽院士候選人提名表」之格式填寫\r\n，並連同相關著作及其他文件，掛號寄送本會。"
		},
		{
			"number": 700,
			"content": "本會於名譽院士候選人之提名期限屆滿後，應即初步審查被提名人之資格\r\n，將合於規定者列為初步名單。本會得聘請有關專家，共同評鑑被提名人\r\n之學術貢獻，並連同有關資料提送院士會議。"
		},
		{
			"number": 800,
			"content": "院士會議選舉名譽院士，應先就各組候選人名單及有關資料，對每位候選\r\n人加以討論，再進行投票，未能出席會議之院士可進行通信投票。於四組\r\n院士之綜合投票中，候選人得同意票達全體院士之過半數及本組票數之三\r\n分之二，而本組之投票人數達本組院士二分之一者為當選。"
		},
		{
			"number": 900,
			"content": "名譽院士被提名人曾獲諾貝爾獎或相當之全球性學術殊榮者，於徵求本人\r\n之同意後，得不經本辦法第七條及第八條之審查程序，逕由院士會議選舉\r\n之，經全體院士過半數通過者為當選。全球性學術殊榮之認定準用本院所\r\n訂之參考項目。"
		},
		{
			"number": 1000,
			"content": "選舉完畢後，應將每位名譽院士之當選理由公告之。"
		},
		{
			"number": 1100,
			"content": "本辦法之通過、修正及施行，準用中央研究院院士選舉辦法第十四條及第\r\n十五條之規定辦理。"
		}
	]
}