{
	"pcode": "A0020071",
	"type": "命令",
	"title": "司法院人事審議委員會審議規則（69.07.19訂定）",
	"url": "https://law.moj.gov.tw/LawClass/LawAll.aspx?pcode=A0020071",
	"category": [
		"廢止法規",
		"司法院"
	],
	"lastUpdate": "20120815",
	"isDiscarded": true,
	"isTranslated": false,
	"history": [
		"中華民國六十九年七月十九日司法院（69）院台人字第 01753 號函訂定發布全文 10 條；並自公布之日施行",
		"中華民國七十年七月十五日司法院（70）院台人字第 03994 號函修正發布全文 10 條；並自公布之日施行",
		"中華民國七十九年六月二十二日司法院（79）院台人字第 03802 號函修訂發布全文 10 條；並自公布之日施行",
		"中華民國八十二年五月八日司法院（82）院台人字第 08071 號函修正發布全文 10 條；並自公布之日施行",
		"中華民國八十四年一月十九日司法院（84）院台人一字第 01595 號函修正發布第 2、4、7 條條文",
		"中華民國九十年五月二十八日司法院（90）院台人二字第 13322 號令修正發布第 2、3、9 條條文",
		"中華民國九十五年九月八日司法院院台人二字第 0950020181 號令修正發布全文 15 條；並自發布之日施行",
		"中華民國一百零一年八月十五日司法院院台人法字第 1010023228 號令發布廢止"
	],
	"divisions": [],
	"articles": [
		{
			"number": 100,
			"content": "司法院為審議法官人事案件，建立公正人事制度。依司法院組織法第二十\r\n條之規定，設人事審議委員會（以下簡稱本會）。"
		},
		{
			"number": 200,
			"content": "本會依法審議各級法院法官、公務員懲戒委員會委員之任免、轉任、遷調\r\n、考核、獎懲等事項。\r\n本會審議案件之幕僚作業，由本院人事處擔任之。"
		},
		{
			"number": 300,
			"content": "本會置委員二十四人，由本院院長、副院長、秘書長、最高法院院長、最\r\n高行政法院院長、公務員懲戒委員會委員長、司法院各業務廳廳長、高等\r\n法院院長及最高法院法官代表一人、最高行政法院法官及公務員懲戒委員\r\n會委員推選代表一人、高等法院法官代表二人、高等行政法院法官代表一\r\n人、地方法院法官代表七人為委員。\r\n前項法官代表由各級法院法官互選之，任期為一年，連選得連任。"
		},
		{
			"number": 400,
			"content": "本會由本院院長召集並擔任會議主席，院長不克出席時，由副院長代理主\r\n席；院長、副院長均不克出席時由院長指定其他委員代理主席。"
		},
		{
			"number": 500,
			"content": "本會開會時應有全體委員三分之二之出席始得開會。\r\n前項人數，以全體委員人數減除因公、因病未出席委員人數及尚未遞補之\r\n委員人數計算。"
		},
		{
			"number": 600,
			"content": "出席人應共同維護議場秩序，於主席發言及議案付表決時，不得離開議場\r\n。"
		},
		{
			"number": 700,
			"content": "本會決議應有出席委員過半數之同意。出席委員與實際參與議案表決人數\r\n不一致時，以實際參與議案表決之人數為準。\r\n本會表決採無記名投票表決。表決應就贊成與反對兩面俱呈，由主席當場\r\n宣佈其結果，並紀錄之。\r\n主席不參與表決。但於議案表決可否同數時，得加入可方使其通過；或不\r\n加入而使其否決。"
		},
		{
			"number": 800,
			"content": "表決於可否兩方均不過半數時，主席得提付重行表決；重行表決時以多數\r\n為可決。\r\n參與表決人數之計算，以表示贊成、反對兩種意見為準，空白票及廢票不\r\n予計算。"
		},
		{
			"number": 900,
			"content": "會議進行中，出席委員對於在場人數提出疑問，經清點後不足法定人數時\r\n，不得進行表決。"
		},
		{
			"number": 1000,
			"content": "出席委員對於表決結果，非有明顯足以影響表決結果之重大瑕疵，不得請\r\n求重付表決。"
		},
		{
			"number": 1100,
			"content": "本會開會時，本院院長如認為必要，得指定有關單位首長或其他人員列席\r\n陳述意見。"
		},
		{
			"number": 1200,
			"content": "本會出列席人員，就會議中有關個人能力、操守及其他秘密事項，應嚴守\r\n秘密。\r\n本會會議過程僅由人事處錄音，並依據錄音將決議事項作成紀錄，分送各\r\n委員，各委員得於一個月內查證錄音，逾一個月即予消音。\r\n出席人員遇有涉及自身或配偶或三親等內血親、姻親之議案時，應行迴避\r\n。"
		},
		{
			"number": 1300,
			"content": "本會議決案件，應速陳報本院院長。在院令（函）發布前，如發現新事實\r\n或新資料，而有再行審查之必要者，院長得發交本會復議。"
		},
		{
			"number": 1400,
			"content": "本會為審議候補、試署法官之成績，得約請辦案書類審查委員列席陳述意\r\n見。"
		},
		{
			"number": 1500,
			"content": "本規則自發布之日施行。"
		}
	]
}