{
	"pcode": "A0020127",
	"type": "命令",
	"title": "國家情報蒐研績效評鑑及獎勵辦法",
	"url": "https://law.moj.gov.tw/LawClass/LawAll.aspx?pcode=A0020127",
	"category": [
		"廢止法規",
		"國家安全會議"
	],
	"lastUpdate": "20101001",
	"isDiscarded": true,
	"isTranslated": false,
	"history": [
		"中華民國九十四年六月二十七日國家安全局（094）陽勵字第 0011722 號令訂定發布全文 10 條；並自發布日施行",
		"中華民國九十八年十月二十二日國家安全局（98）捷謀字第 0023627 號令修正發布第 2、8 條條文",
		"中華民國九十九年十月一日國家安全局（099）允恆字第 0045321 號令發布廢止"
	],
	"divisions": [],
	"articles": [
		{
			"number": 100,
			"content": "本辦法依國家情報工作法 (以下稱本法) 第十八條第三項規定訂定之。"
		},
		{
			"number": 200,
			"content": "本辦法適用範圍為本法第三條第一項第一款所稱之情報機關及第三條第二\r\n項所稱之視同情報機關（以下簡稱情報機關）。"
		},
		{
			"number": 300,
			"content": "主管機關應設置評鑑委員會，負責審議情報機關績效評鑑及獎勵有關事項\r\n。\r\n前項委員會置召集人一人，由主管機關業管副局長兼任之；評鑑委員由主\r\n管機關及情報機關業務主管兼任之。"
		},
		{
			"number": 400,
			"content": "評鑑委員會每年一月及七月定期召開委員會議一次。必要時，得召開臨時\r\n會議。\r\n前項委員會議有關績效評鑑及獎勵議案，由二分之一以上委員出席，出席\r\n委員二分之一以上決議之。\r\n主管機關業管單位應於評鑑委員會議召開前，彙整各情報機關績效評鑑報\r\n告及獎勵建議報告，提請評鑑委員會審議。"
		},
		{
			"number": 500,
			"content": "情報機關之績效評鑑項目權重：\r\n一、情報價值占百分之七十。\r\n二、情蒐要項回覆情形占百分之三十。\r\n前項評鑑權重，得由主管機關適時調整之。"
		},
		{
			"number": 600,
			"content": "主管機關對情報機關彙送之情報資訊應依其關係國家安全或利益之程度、\r\n內容正確性、參考價值及蒐報時效等，逐件評核適當之分數，並將每月評\r\n分結果於次月十日前通知情報機關。"
		},
		{
			"number": 700,
			"content": "主管機關對評鑑績優之情報機關得發給工作獎勵金，其獎勵基準由主管機\r\n關另定之。\r\n前項工作獎勵金由主管機關編列預算支應。"
		},
		{
			"number": 800,
			"content": "情報機關蒐獲重大影響國家安全或利益之情報資訊，致能防止或減少國家\r\n安全或利益危害之發生者，得由主管機關適時以個案方式辦理獎勵。其他\r\n執行相關情報工作，對國家安全或利益有重大貢獻者，亦同。\r\n前項已辦理獎勵之個案，不併列定期評鑑之績效。但應列入各該情報機關\r\n之績效評鑑報告。"
		},
		{
			"number": 900,
			"content": "主管機關對表現績優之情報人員，得由情報機關推薦，經評鑑委員會決議\r\n，依法授予情報專業獎章或建議其隸屬之機關給予行政獎勵。"
		},
		{
			"number": 1000,
			"content": "本辦法自發布日施行。"
		}
	]
}