{
	"pcode": "A0020158",
	"type": "命令",
	"title": "法官評鑑委員會法官代表票選辦法",
	"url": "https://law.moj.gov.tw/LawClass/LawAll.aspx?pcode=A0020158",
	"category": [
		"司法",
		"院本部",
		"司法行政目"
	],
	"lastUpdate": "20111230",
	"isTranslated": false,
	"history": [
		"中華民國一百年十二月三十日司法院院台人一字第 1000033482 號令訂定發布全文 7 條；並自一百零一年一月六日施行"
	],
	"divisions": [],
	"articles": [
		{
			"number": 100,
			"content": "本辦法依法官法第三十四條第三項規定訂定之。"
		},
		{
			"number": 200,
			"content": "法官評鑑委員會之法官代表三人，以實任法官為限。\r\n具有下列情形之一者，不得任法官評鑑委員會之法官代表：\r\n一、曾受懲戒處分。\r\n二、曾受申誡以上之懲處處分。\r\n三、最近五年曾經司法院人事審議委員會送請司法院院長作成職務監督處\r\n    分。\r\n四、最近三年之年終考績曾列乙等以下或職務評定曾未達良好。\r\n五、受停止職務處分期間。\r\n六、停止辦理審判案件期間。\r\n七、留職停薪或帶職帶薪進修期間。"
		},
		{
			"number": 300,
			"content": "司法院應於法官評鑑委員會每屆委員任期屆滿前，函請各級法院轉知法官\r\n得於公告之候選人登記期間內自行登記或由各級法院推薦為候選人，經審\r\n查資格後，公告票選之候選人名單。但候選人數未達應選人數二倍時，應\r\n再函請登記或推薦。\r\n司法院於確定候選人名單後，應指定投票日期並製作名冊及選票分送各級\r\n法院辦理投票。\r\n各級法院法官，除受停止職務處分或留職停薪、帶職帶薪進修者外，均有\r\n投票權；投票時以秘密、無記名及單記法行之。\r\n調辦事法官在調辦事機關投票。但調派司法院、司法院司法人員研習所、\r\n法務部司法官訓練所辦事者，在占缺法院投票，並得於投票前由占缺法院\r\n將空白選票送請調辦事法官圈選彌封後，送交占缺法院政風單位保管，再\r\n由人事單位於投票日會同政風單位將該選票投入票匭；前往占缺法院投票\r\n時，給予公假。\r\n投票時間為投票日上午九時至下午三時止；各級法院應於投票結束後開票\r\n，並將開票結果陳報司法院。"
		},
		{
			"number": 400,
			"content": "司法院彙整各級法院之開票結果後進行統計，以得票數較多者當選，並按\r\n其得票數高低依序候補，其候補人數以應選人數三倍為限；票數相同者，\r\n由司法院抽籤定之。\r\n法官代表當選名單確定後，司法院應即公布並發給當選證書。\r\n選票由各級法院保存至下次改選時為止。"
		},
		{
			"number": 500,
			"content": "法官代表因下列情形致出缺時，應按候補順序依序遞補至原任期屆滿為止\r\n：\r\n一、辭任法官代表。\r\n二、轉任特任人員、司法行政人員或其他法律明定年資及待遇依相當職務\r\n    之法官、檢察官列計之人員。\r\n三、退休、資遣、辭職。\r\n四、受免職、撤銷任用資格等職務處分。\r\n五、有第二條第二項第一款、第三款至第七款所列情形之一。\r\n六、擔任司法院人事審議委員會委員或職務法庭法官。\r\n七、因死亡、重大傷病或其他事由不為或不能繼續參與評鑑事務。\r\n任期未屆滿前，已無人選可資遞補時，應於出缺事實發生日起三個月內完\r\n成補選。但所餘任期未滿三個月者，不予補選。"
		},
		{
			"number": 600,
			"content": "檢察官評鑑委員會法官代表之資格條件、票選程序及出缺之遞補，準用本\r\n辦法之規定。\r\n前項法官代表之票選，必要時得與法官評鑑委員會法官代表之票選同時辦\r\n理之。"
		},
		{
			"number": 700,
			"content": "本辦法自中華民國一百零一年一月六日施行。"
		}
	]
}