{
	"pcode": "A0020042",
	"type": "命令",
	"title": "國史館辦事細則",
	"url": "https://law.moj.gov.tw/LawClass/LawAll.aspx?pcode=A0020042",
	"category": [
		"總統",
		"總統府",
		"組織目"
	],
	"lastUpdate": "20180116",
	"isTranslated": false,
	"history": [
		"中華民國三十六年七月訂定發布",
		"中華民國七十四年三月十六日修正",
		"中華民國七十九年六月十四日修正",
		"中華民國九十一年二月二十七日國史館國人字第 0414 號函修正",
		"中華民國九十三年二月二十五日國史館國人字第 0930000523 號函修正",
		"中華民國九十三年九月十六日國史館國人字第 0930002578A 號函修正",
		"中華民國九十五年八月十八日國史館國人字第 0950001055C 號函修正發布第 8～10、14 條條文",
		"中華民國九十五年十二月二十二日國史館國人字第 0950003742 號令修正發布第 8～11 條條文",
		"中華民國九十七年六月十三日國史館國人字第 0970001848 號函修正發布第 25 條條文",
		"中華民國九十八年十二月二十四日國史館國人字第 0980005050 號令修正發布第 7～14、24 條條文",
		"中華民國一百年九月十五日國史館國人字第 1000003779 號令修正發布第 8～11、15、24、25 條條文；刪除第 16、16-1、18 條條文",
		"中華民國一百零七年一月十六日國史館國人字第 1071000081 號令修正發布全文 20 條；並自發布日施行"
	],
	"divisions": [],
	"articles": [
		{
			"number": 100,
			"content": "國史館（以下簡稱本館）辦事細則（以下簡稱本細則）依本館組織條例第\r\n十四條規定訂定之。"
		},
		{
			"number": 200,
			"content": "本館處理館務，除法令另有規定外，依本細則辦理。"
		},
		{
			"number": 300,
			"content": "本館設各處、室及各種委員會，分別掌理本館組織條例規定事務。"
		},
		{
			"number": 400,
			"content": "各處得視業務需要，分科辦事；各科得視業務繁簡，隨時調整職掌事項。"
		},
		{
			"number": 500,
			"content": "館長綜理館務，指揮、監督所屬人員；副館長襄助館長處理館務。主任秘\r\n書綜核文稿，處理事務；各級主管人員依法辦理主管事務。"
		},
		{
			"number": 600,
			"content": "纂修、副處長、協修、專門委員、秘書、分析師、專員、設計師、助修、\r\n科員、助理設計師、辦事員、書記（或雇員）等人員，依法處理主辦事務\r\n。"
		},
		{
			"number": 700,
			"content": "修纂處掌理事項如下：\r\n一、國史及總統副總統相關史料、志書、大事記、人物傳記、口述歷史及\r\n    工具書之編纂與出版事項。\r\n二、國史及總統副總統相關史事專題之研究與考訂事項。\r\n三、國史及總統副總統相關歷史著作之撰寫與發表。\r\n四、國史相關主題資料庫之建置、管理及推廣應用。\r\n五、參與國史及總統副總統文物展覽主題之規劃、展覽文案之審訂或撰寫\r\n    。\r\n六、舉辦演講會、討論會、座談會等相關學術活動。\r\n七、其他有關修纂事項。\r\n為執行前項修纂計畫，得採任務編組，並指定一人為主持人。"
		},
		{
			"number": 800,
			"content": "審編處分設四科，各科掌理事項如下：\r\n一、第一科：檔案文物史料之典藏保管、修護及庫房管理等事項。\r\n二、第二科：檔案文物史料之登錄、整理、編目及建檔等事項。\r\n三、第三科：檔案文物史料數位化作業、數位檔保存與備份、轉存及檔案\r\n    文物史料資訊系統維運等事項。\r\n四、第四科：檔案文物史料之閱覽應用服務；中外文圖書期刊之採編、流\r\n    通、諮詢、統計、書庫管理及圖書系統維運等事項。"
		},
		{
			"number": 900,
			"content": "采集處分設三科，各科掌理事項如下：\r\n一、第一科：檔案文物史料之訪視、採集登記、審議鑑定、移交等事項。\r\n二、第二科：器物類文物史料之整理、登錄建檔、修護、委託管理、註銷\r\n    及庫房管理等事項。\r\n三、第三科：檔案文物史料之展示應用及推廣活動等事項。"
		},
		{
			"number": 1000,
			"content": "秘書處分設四科，各科掌理事項如下：\r\n一、第一科：各項採購與驗收；薪資管理；工友與車輛管理；駐衛警察與\r\n    機關安全維護管理；辦公處所管理與建築物修繕；文化資產古蹟保存\r\n    維護管理；機電、空調、消防、給水及事務機具維護管理等事項。\r\n二、第二科：印信典守；文書收發及繕校；機關檔案管理；出納及財產物\r\n    品管理等事項。\r\n三、第三科：法制事項之審議及彙辦；館務會議、主管會報及諮詢委員會\r\n    議等議事及管考事項；機要文書之處理；新聞發布及公共關係聯繫；\r\n    出版品授權銷售及管理；其他不屬於各科之綜合行政等事項。\r\n四、第四科：網路環境規劃、建置、維運；業務資訊系統協辦；辦公室自\r\n    動化；資訊安全業務；資訊庶務管理；機房管理及電腦設備維修等事\r\n    項。"
		},
		{
			"number": 1100,
			"content": "人事室掌理本館人事事項。"
		},
		{
			"number": 1200,
			"content": "主計室掌理本館歲計、會計及統計事項。"
		},
		{
			"number": 1300,
			"content": "政風室掌理本館政風事項。"
		},
		{
			"number": 1400,
			"content": "本館得設諮詢委員會，其諮詢事項如下：\r\n一、本館館務之檢討與發展。\r\n二、本館與國內外有關機關（構）合作事項。"
		},
		{
			"number": 1500,
			"content": "本館設訴願審議委員會，辦理訴願與復審案件；置委員若干人，主任委員\r\n由館長派兼之。"
		},
		{
			"number": 1600,
			"content": "本館處理業務，實施分層負責制度，依本館業務分層負責明細表逐級授權\r\n決定。"
		},
		{
			"number": 1700,
			"content": "各單位處理業務，本單位內部意見不同時，由單位主管決定之；涉及其他\r\n單位職掌者，應會商解決之。"
		},
		{
			"number": 1800,
			"content": "本館館務會議每月舉行一次，由館長主持，本館一級主管以上人員及臺灣\r\n文獻館館長出席；館務會議每三個月擴大舉行一次，本館修纂處纂修、任\r\n務編組主持人、各單位科長以上人員及臺灣文獻館一級單位主管以上人員\r\n均出席。必要時，得指定其他有關人員列席。館務會議審議下列事項：\r\n一、施政方針事項。\r\n二、工作計畫事項。\r\n三、工作檢討事項。\r\n四、預算、決算事項。\r\n五、法規事項。\r\n六、與其他機關（構）合作及聯繫事項。\r\n七、其他重要事項。"
		},
		{
			"number": 1900,
			"content": "主管會報（以下簡稱本會報）由副館長或主任秘書主持，一級單位主管出\r\n席，並得指定業務相關人員列席。\r\n本會報不定期舉行，協調事項如下：\r\n一、館長交辦事項。\r\n二、法規增（修）訂案。\r\n三、館務會議指示事項。"
		},
		{
			"number": 2000,
			"content": "本細則自發布日施行。"
		}
	]
}