{
	"pcode": "A0020156",
	"type": "命令",
	"title": "各級法院團體績效評比辦法",
	"url": "https://law.moj.gov.tw/LawClass/LawAll.aspx?pcode=A0020156",
	"category": [
		"司法",
		"院本部",
		"司法行政目"
	],
	"lastUpdate": "20150904",
	"isTranslated": false,
	"history": [
		"中華民國一百年十二月三十日司法院院台人三字第 1000033479 號令訂定發布全文 8 條；並自一百零一年一月六日施行",
		"中華民國一百零四年九月四日司法院院台人三字第 1040024074 號令修正發布第 3～8 條條文；並自發布日施行"
	],
	"divisions": [],
	"articles": [
		{
			"number": 100,
			"content": "本辦法依法官法第三十二條第二項規定訂定之。"
		},
		{
			"number": 200,
			"content": "司法院以三年為一期，指定其中一年度辦理各級法院團體績效評比。\r\n前項所稱各級法院，指各法院及公務員懲戒委員會。"
		},
		{
			"number": 300,
			"content": "各級法院團體績效評比項目如下：\r\n一、審判績效評比\r\n（一）折服率及上訴、抗告維持率。\r\n（二）非常上訴撤銷件數。\r\n（三）調解或和解之成立件數及比率。\r\n（四）遲延案件處理成效。\r\n（五）法官平均未結件數。\r\n（六）其他有關審判事務之成效。\r\n二、行政績效評比\r\n（一）執行重要行政政策成效。\r\n（二）行政革新與開創措施推行成效。\r\n三、綜合評比\r\n團體績效評比分數，審判績效評比占百分之五十，行政績效評比占百分之\r\n四十，綜合評比占百分之十。"
		},
		{
			"number": 400,
			"content": "司法院應於評比年度前，將各項評比項目之具體內容及配分方式函知各級\r\n法院。\r\n評比時得參酌同法院就同一評比項目之前一年度績效及評比年度內有無影\r\n響司法公信力之重大事件。\r\n評分標準如下：\r\n一、極佳：九分至十分。\r\n二、佳：六分以上，未滿九分。。\r\n三、普通：三分以上，未滿六分。\r\n四、待改進：未滿三分。"
		},
		{
			"number": 500,
			"content": "各級法院應於司法院指定之期限內，按評比項目製作績效報告，並檢附相\r\n關資料，提交司法院進行評比。"
		},
		{
			"number": 600,
			"content": "司法院相關廳處應就各級法院函報之績效報告或相關資料進行初評後，送\r\n交司法院人事處彙辦。"
		},
		{
			"number": 700,
			"content": "司法院應召開團體績效評比會議，就各級法院團體績效進行討論後評定成\r\n績。\r\n前項成績經司法院核定後，應予公開，並作為一、二審法院院長職務評定\r\n之參考。\r\n第一項會議由司法院秘書長擔任主席，成員包括司法院副秘書長、相關廳\r\n處長及主席指定之人。"
		},
		{
			"number": 800,
			"content": "本辦法自發布日施行。"
		}
	]
}