{
	"pcode": "A0020048",
	"type": "命令",
	"title": "行政院公共工程委員會會議規則",
	"url": "https://law.moj.gov.tw/LawClass/LawAll.aspx?pcode=A0020048",
	"category": [
		"行政",
		"行政院公共工程委員會",
		"處務目"
	],
	"lastUpdate": "19980225",
	"isTranslated": false,
	"history": [
		"中華民國八十五年四月二十四日行政院公共工程委員會（85）工程秘字第 0593 號令訂定發布",
		"中華民國八十七年二月二十五日行政院公共工程委員會（87）工程秘字第 8701725 號令修正發布第 3 條條文"
	],
	"divisions": [],
	"articles": [
		{
			"number": 100,
			"content": "本規則依行政院公共工程委員會 (以下簡稱本會) 組織條例第十七條之規\r\n定訂定之。"
		},
		{
			"number": 200,
			"content": "本會委員會議 (以下簡稱委員會議) 以主任委員、副主任委員及全體委員\r\n組成。\r\n委員會議由主任委員召集並為主席。主任委員因故不能召集或出席時，指\r\n定副主任委員一人代理之。"
		},
		{
			"number": 300,
			"content": "委員會議須有全體委員過半數之出席，始得開會。由機關代表兼任之委員\r\n，如因故不能出席委員會議時，應先行通知，並得指派各該機關之人員代\r\n表出席。\r\n前項指派之代表列入出席人數，並參與會議發言及表決。"
		},
		{
			"number": 400,
			"content": "委員會議討論事項如左：\r\n一、關於公共工程之規劃、審議、協調及督導事項。\r\n二、行政院交議事項。\r\n三、主任委員提議事項。\r\n四、其他有關公共工程重要事項。"
		},
		{
			"number": 500,
			"content": "委員會議討論事項以出席委員過半數之同意決議之，可否同數時，取決於\r\n主席。"
		},
		{
			"number": 600,
			"content": "委員會議審議重要議案時，主席得請委員若干人先予審查，於提出審查報\r\n告後再交付討論。"
		},
		{
			"number": 700,
			"content": "委員對於審議事項有利害關係者，應行迴避。"
		},
		{
			"number": 800,
			"content": "委員會議每月舉行一次，必要時得召開臨時會議。"
		},
		{
			"number": 900,
			"content": "左列人員得列席委員會議：\r\n一、經邀約之公共工程及有關機關主管人員。\r\n二、本會主任秘書、參事、技監、各處處長及各室主任。"
		},
		{
			"number": 1000,
			"content": "委員會議議程依左列次序編列，於會前分送各出席及列席人員：\r\n一、報告事項：\r\n (一) 上次委員會議議決案件執行情形報告。\r\n (二) 本會重要措施。\r\n (三) 專案研究或重要工作進度報告。\r\n (四) 委員報告。\r\n二、討論事項。\r\n三、臨時動議。"
		},
		{
			"number": 1100,
			"content": "委員會議紀錄應載明左列事項：\r\n一、會議次別。\r\n二、會議時間。\r\n三、會議地點。\r\n四、主席、出席、請假及列席人員姓名。\r\n五、紀錄人員姓名。\r\n六、報告事項之案由、內容及其決定。\r\n七、討論事項之案由、內容及其決議。\r\n八、其他應行記載之事項。"
		},
		{
			"number": 1200,
			"content": "委員會議出席、列席及紀錄人員對會議有關機密事項，應嚴守秘密不得洩\r\n漏。"
		},
		{
			"number": 1300,
			"content": "委員會議所有決議案件，應由本會有關單位依照會議紀錄切實執行，毀將\r\n辦理情形提會報告，本會秘書處並應經常錄案追蹤。"
		},
		{
			"number": 1400,
			"content": "本規則自發布日施行。"
		}
	]
}