{
	"pcode": "A0020093",
	"type": "命令",
	"title": "最高法院處務規程",
	"url": "https://law.moj.gov.tw/LawClass/LawAll.aspx?pcode=A0020093",
	"category": [
		"司法",
		"院本部",
		"組織目"
	],
	"lastUpdate": "20141121",
	"isTranslated": false,
	"history": [
		"中華民國六十一年十一月十日司法院（61）院台參字第 1232 號令准予備查訂定全文 85 條",
		"中華民國六十五年五月十七日司法院（65）院台參字第 0462 號函准予備查修正第 38、40 條條文；增訂第 44 條條文，原第 44～85 條條文遞改為第 45～86 條條文",
		"中華民國六十五年七月二十七日司法院（65）院台參字第 0805 號函准予備查修正第 38、42～44 條條文",
		"中華民國六十六年六月二十日司法院（66）院台參字第 0644 號函核定全文 86 條",
		"中華民國七十九年七月三日司法院（79）院台廳四字第 04167 號函修正發布全文 88 條",
		"中華民國八十三年十月二十一日司法院（83）院台廳司一字第 18720 號令修正發布第 76、77、80、83、84 條條文；增訂第 81-1、81-2 條條文",
		"中華民國九十年二月十四日司法院（90）院台廳司一字第 03954 號函修正發布第 47 條條文",
		"中華民國九十三年十月十八日司法院院台廳司一字第 0930025719 號令修正發布第 4、13、19、21、37～47、73、76、78、80、81-1 條條文",
		"中華民國九十四年九月六日司法院院台廳司一字第 0940019205 號令修正發布第 38 條條文",
		"中華民國九十九年八月四日司法院院台廳司一字第 0990018495 號令修正發布第 6、7、30、40、57、64、75 條條文",
		"中華民國一百零一年三月十三日司法院院台廳司一字第 1010007151 號令修正發布第 39、40、52、53、88 條條文；並自一百零一年四月十六日施行",
		"中華民國一百零三年十一月二十一日司法院院台廳司一字第 1030032568 號令增訂發布第 87-1、87-2 條條文"
	],
	"divisions": [
		{
			"type": "章",
			"number": 100,
			"title": "總則",
			"start": 100,
			"end": 1100
		},
		{
			"type": "章",
			"number": 200,
			"title": "院長",
			"start": 1200,
			"end": 1700
		},
		{
			"type": "章",
			"number": 300,
			"title": "民、刑事庭",
			"start": 1800,
			"end": 3500
		},
		{
			"type": "章",
			"number": 400,
			"title": "書記廳",
			"start": 3600,
			"end": 7500,
			"children": [
				{
					"type": "節",
					"number": 100,
					"title": "執掌與職責",
					"start": 3600,
					"end": 5000
				},
				{
					"type": "節",
					"number": 200,
					"title": "訴訟文件卷證之處理",
					"start": 5100,
					"end": 5500
				},
				{
					"type": "節",
					"number": 300,
					"title": "一般行政事務之處理",
					"start": 5600,
					"end": 7500
				}
			]
		},
		{
			"type": "章",
			"number": 500,
			"title": "人事室、會計室、統計室、政風室、資訊室",
			"start": 7600,
			"end": 8400
		},
		{
			"type": "章",
			"number": 600,
			"title": "附則",
			"start": 8500,
			"end": 8800
		}
	],
	"articles": [
		{
			"number": 100,
			"content": "本規程依法院組織法第七十八條規定訂定之。"
		},
		{
			"number": 200,
			"content": "最高法院 (以下簡稱本院) 處理事務，除法令別有規定外，依本規程行之\r\n。"
		},
		{
			"number": 300,
			"content": "本院文件，以本院或院長名義行之。但依法令或依其性質得以各庭、科、\r\n室或書記廳名義行之者，不在此限。"
		},
		{
			"number": 400,
			"content": "本院應於每年年終依法舉行年終會議，決定次一司法年度之下列事項：\r\n一、法官事務分配。\r\n二、法官分案符號。\r\n三、法官代理次序。\r\n四、合議審判法官之配置。\r\n前項會議後，遇有人員變動或其他事由時，前項各款事項，得由院長徵詢\r\n有關庭長法官之意見後決定之。"
		},
		{
			"number": 500,
			"content": "本院其他職員事務之分配，由院長決定之。"
		},
		{
			"number": 600,
			"content": "本院辦公時間，依照政府通令規定辦理。但有特別情形時，得延長之。\r\n星期六、星期日及例假日，書記廳應派員輪流值日。每日下班後，應派員\r\n值夜，值日值夜注意事項另定之。"
		},
		{
			"number": 700,
			"content": "本院職員應照規定時間到公，並親自簽到、簽退，或以電子刷卡方式為之\r\n，不得遲到早退及委人代辦，其因病或因事不能依時到院者，應依公務人\r\n員請假規則請假。"
		},
		{
			"number": 800,
			"content": "本院職員在辦公時間內，除因公外，不得接見賓客。"
		},
		{
			"number": 900,
			"content": "本院職員承辦事件，除依其性質或有特別情形不能即辦者外，應隨到隨辦\r\n，不得稽延。"
		},
		{
			"number": 1000,
			"content": "本院職員對於承辦或其他有關院務之事件，未經宣布者，應嚴守秘密，不\r\n得洩漏。"
		},
		{
			"number": 1100,
			"content": "本院職員每月工作成績，由其直接長官提出報告。"
		},
		{
			"number": 1200,
			"content": "院長綜理全院行政事務，其處理院務以命令行之，屬於尋常事件者，得命\r\n書記廳以傳覽簿行之。"
		},
		{
			"number": 1300,
			"content": "院長之職責如下：\r\n一、本院施政方針及工作計畫之決定。\r\n二、法律建議案之核定及本院單行法之核定公布。\r\n三、本院民事庭刑事庭庭數之擬議。\r\n四、本院職員員額之擬議。\r\n五、民刑事庭裁判書之事後審閱。\r\n六、編制預算及長期概算案之扼要提示。\r\n七、本院各單位工作之監督指導及考核。\r\n八、本院職員之任免獎懲監督及考核。\r\n九、重要行政文件之判行。\r\n十、民刑事庭會議、庭長會議、年終會議及其他重要會議之主持。\r\n十一、其他有關政務之處理。"
		},
		{
			"number": 1400,
			"content": "院長為督促行政事務進行，得分別情形酌定辦結之期限。"
		},
		{
			"number": 1500,
			"content": "關於本院行政事務，院長為徵詢意見，得分別召開庭長會議、法官會議、\r\n行政會議。"
		},
		{
			"number": 1600,
			"content": "院長因事故不能執行職務時，由資深庭長或院長指定之庭長代行其職務，\r\n並呈報司法院。"
		},
		{
			"number": 1700,
			"content": "院長為謀審判業務及行政事務之改進，得指定人員擔任研究設計審核等事\r\n宜。\r\n前項人員得指定停止辦理案件之庭長法官擔任。"
		},
		{
			"number": 1800,
			"content": "民刑事各庭各置庭長一人，法官四人，合議審判民刑事訴訟事件。"
		},
		{
			"number": 1900,
			"content": "民刑事各庭庭長之職責如下：\r\n一、本庭事務之分配及監督。\r\n二、本庭評議之主持。\r\n三、本庭關於訴訟進行文件之判行。\r\n四、本庭法官所擬裁判書之核定。\r\n五、本庭裁判可備充判例之選擇。\r\n六、本庭法官工作之考核與獎懲之擬議。\r\n七、本庭所屬書記科書記官工作之指揮及考核與獎懲之擬議。\r\n八、有關業務改進建議事項。"
		},
		{
			"number": 2000,
			"content": "民刑事各庭庭長相互間行政事務之劃分與處理，由年終會議或院長徵詢有\r\n關庭長意見後決定之。"
		},
		{
			"number": 2100,
			"content": "民刑事庭法官之職責如下：\r\n一、主辦案件內容之審查報告。\r\n二、關於主辦案件訴訟進行文稿之審核。\r\n三、參與評議時意見之陳述。\r\n四、主辦案件裁判書之撰擬。\r\n五、其他有關審判程序之事項。\r\n第十九條第二款至第五款之規定於法官充審判長時準用之。"
		},
		{
			"number": 2200,
			"content": "各庭法官席次，以任職年月之先後定之，任職期間相同者，以職等高者為\r\n先，職等相同者，以年長者為先，其間有斷資者，應前後接續計算年資。"
		},
		{
			"number": 2300,
			"content": "民刑事案件之編號、計數、分案、報結、依民刑事案件編號計數分案報結\r\n要點及事務分配之規定辦理。\r\n前項民刑事案件編號、計數、分案、報結要點另定之。"
		},
		{
			"number": 2400,
			"content": "對於民刑事上訴案件得設置審查庭，審查當事人之上訴是否以違背法令為\r\n理由。\r\n對於重大刑事案件或其他民刑事專業性案件，得成立專庭或由專人辦理。\r\n前二項事務之分配，由院長提交年終會議決定之，其於中途設置或變更者\r\n，提交庭長會議決定之。"
		},
		{
			"number": 2500,
			"content": "法官應就主辦案件先行審查，將審查結果報由審判長定期交付評議。\r\n評議之決議，應記載於評議簿，如法官中有與決議不同之意見者，應於該\r\n簿附記其意見。"
		},
		{
			"number": 2600,
			"content": "主辦法官應依評議之決議，擬製裁判書，連同卷證送交審判長核定。"
		},
		{
			"number": 2700,
			"content": "案情簡明之案件，主辦法官得預擬裁判書連同卷證送由審判長交付評議。"
		},
		{
			"number": 2800,
			"content": "審判長認案件有為言詞辯論之必要時，得指定言詞辯論期日。\r\n前項案件公開審理時，審判長認有定額旁聽之必要者，得通知書記廳製發\r\n旁聽證。"
		},
		{
			"number": 2900,
			"content": "經評議決議之裁判主文，應由各該庭書記科立即公告，並通知訴訟當事人\r\n，抄送民事科或刑事科。\r\n經審判長核定之裁判書原本，應送陳院長核閱後製作正本。\r\n院長於核閱前，得指定庭長襄閱之。"
		},
		{
			"number": 3000,
			"content": "本院判例之選編及變更依最高法院判例選編及變更實施要點辦理。"
		},
		{
			"number": 3100,
			"content": "民刑事庭法官每月終，應將本月份案件收結情形及積案未結原因列表分送\r\n庭長院長核閱。"
		},
		{
			"number": 3200,
			"content": "民刑事各庭為統一法令上之見解，得由院長召集民事庭會議，刑事庭會議\r\n或民刑事庭總會議決議之。"
		},
		{
			"number": 3300,
			"content": "民刑事庭庭長會議、民刑事庭會議或民刑事庭總會議，須有庭長、法官三\r\n分之二以上出席，以出席過半數同意行之，可否同數時取決於主席。\r\n前項會議停止辦案之庭長法官得登記後列席，院長並得指定書記官長、民\r\n刑事科科長、資料科科長及其他有關人員列席。\r\n第一項之會議議事要點另定之。"
		},
		{
			"number": 3400,
			"content": "民刑事庭庭長因事故不能執行職務時，由本庭資深法官臨時代理。"
		},
		{
			"number": 3500,
			"content": "各庭法官因事故致評議缺員時，依年終會議預定之代理次序表，由他庭法\r\n官代理。"
		},
		{
			"number": 3600,
			"content": "本院設書記廳，置書記官長一人，承院長之命，處理行政事務，並指揮監\r\n督書記廳一切事務。\r\n民刑事各庭書記科並應受各該庭庭長之指揮監督。"
		},
		{
			"number": 3700,
			"content": "書記官長之職責如下：\r\n一、襄助院長處理本院行政事務。\r\n二、院長交辦機要事項。\r\n三、所屬各科職員工作調整之擬議。\r\n四、所屬各科職員之指揮監督。\r\n五、本院重要會議之籌劃進行。\r\n六、建議院長有關業務改進及注意事項。\r\n七、本院重要行政文件之審核。\r\n八、本院尋常行政文件之簽發。\r\n九、書記廳重要文件之判行。\r\n十、院長交辦事項。\r\n十一、新聞之發布及其他公共關係之聯繫事項。"
		},
		{
			"number": 3800,
			"content": "書記廳置下列各科室，承長官之命，辦理各該科主管事務：\r\n一、民刑事各庭各設書記科。\r\n二、民事科。\r\n三、刑事科。\r\n四、文書科。\r\n五、研究發展考核科。\r\n六、事務科。\r\n七、資料科。\r\n八、訴訟輔導科。\r\n九、法警室。\r\n各科置科長一人、書記官若干人，科長以一等書記官兼任之。各科於業務\r\n需要，得分股辦事，股長由一等書記官或二等書記官兼任之。書記廳置通\r\n譯、技士、執達員、錄事、庭務員若干人，辦理有關通譯、營繕維修、送\r\n達及值庭等事務。"
		},
		{
			"number": 3900,
			"content": "民刑事庭書記科職掌如下：\r\n一、關於民事或刑事科送交訴訟卷證之點收整理及編訂事項。\r\n二、關於訴訟案件之登記事項。\r\n三、關於裁判參考資料之整理編目事項。\r\n四、關於訴訟進行中文稿之撰擬事項。\r\n五、關於分案後案件訴訟卷證之保管事項。\r\n六、關於裁判正本之製作、送達與主文之通知公告事項。\r\n七、關於評議案由之登記事項。\r\n八、關於已結卷宗之編訂發還及其底卷之編訂事項。\r\n九、關於裁判後文件之處理事項。\r\n十、關於言詞筆錄及期日傳喚通知之製作事項。\r\n十一、其他依法令應由書記科辦理事項或長官交辦事項。"
		},
		{
			"number": 4000,
			"content": "民事或刑事科之職掌如下：\r\n一、關於文書科送交訴訟文卷之點收事項。\r\n二、關於新案卷宗及卷證標目之編訂事項。\r\n三、關於訴訟案件之總登記事項。\r\n四、關於訴訟案件程序上初步審查事項。\r\n五、關於訴訟案件分案前之文稿撰擬事項。\r\n六、關於訴訟案件分案前卷證之保管事項。\r\n七、關於訴訟案件之分配事項。\r\n八、關於裁判之編號事項。\r\n九、關於不經裁判而終結案件之處理事項。\r\n十、其他民事或刑事事項或長官交辦事項。\r\n民事或刑事案件程序初步審查應辦事項另定之。\r\n民事或刑事就訴訟案件程序上應辦事項，並受民一庭或刑一庭庭長之指揮\r\n。"
		},
		{
			"number": 4100,
			"content": "文書科之職掌如下：\r\n一、關於文件之收發、分配、繕印及校對事項。\r\n二、關於行政文件之撰擬呈轉及傳覽事項。\r\n三、關於施政計劃及報告之彙編事項。\r\n四、關於文件之編檔保存事項。\r\n五、關於典守印信及譯電事項。\r\n六、關於各級法院管轄區域及當事人在途期間之登記及通知事項。\r\n七、關於會議及集會之紀錄事項。\r\n八、本院有關行政法令之研擬、保管、彙編事項。\r\n九、人民陳訴、聲請、檢舉事件之文書處理事項。\r\n十、不屬其他科室事項或長官交辦事項。"
		},
		{
			"number": 4200,
			"content": "研究發展考核科之職掌如下：\r\n一、關於研究發展工作之推行事項。\r\n二、關於年度工作計劃編擬事項。\r\n三、關於文書稽催管制事項。\r\n四、關於案件進行檢查事項。\r\n五、關於各項列管事項之追蹤管制考核事項。\r\n六、關於司法風紀之維護事項。\r\n七、關於自行檢查事項。\r\n八、其他有關研究發展考核及長官交辦事項。\r\n研究發展考核進行情形及結果，承辦人員應按月列表送請書記官長轉送院\r\n長核閱，並依其職權作適當之處理。"
		},
		{
			"number": 4300,
			"content": "事務科之職掌如下：\r\n一、關於本院經費暨其他款項之出納及保管事項。\r\n二、關於司法與其他收入及繳庫事項。\r\n三、關於保管案內特別文件及重要物品事項。\r\n四、關於本院財產物品之購置、保管、發給事項。\r\n五、關於公有廳舍修建及分配使用事項。\r\n六、關於出版及發行事項。\r\n七、關於本院安全維護、消防及衛生事項。\r\n八、關於實物代金及同仁福利事項。\r\n九、關於司機、技工、工友之進退、訓練、管理、考核及獎懲事項。\r\n十、其他庶務事項或長官交辦事項。"
		},
		{
			"number": 4400,
			"content": "資料科之職掌如下：\r\n一、關於審判法令之編輯、分送、分類、保管事項。\r\n二、關於解釋文件之登記、分送、保管事項。\r\n三、關於判例之選編與變更及民刑事庭會議決議之編輯校對事項。\r\n四、關於民刑裁判資料之蒐集、分析、登記、製卡、保管事項。\r\n五、關於裁判資料之複製事項及圖書、報刊管理事項。\r\n六、關於本院裁判書及其他刊物之編輯校對事項。\r\n七、關於裁判資料送登公報事項。\r\n八、報刊雜誌有關新聞之剪輯、保存事項。\r\n九、其他有關資料或長官交辦事項。"
		},
		{
			"number": 4500,
			"content": "訴訟輔導科之職掌如下：\r\n一、輔導訴訟當事人或關係人對於訴訟進行之手續。\r\n二、指導繳納訴訟費。\r\n三、洽領裁判書類正本、裁判確定證明書及其他應送達或發還之文書。\r\n四、答復關於民刑訴訟程序之詢問事項。\r\n五、查詢裁判主文及有關案件進行情形。\r\n六、洽辦法律扶助事項。\r\n七、洽請閱覽卷宗。\r\n八、其他有關便民服務或長官交辦事項。"
		},
		{
			"number": 4600,
			"content": "科長之職責如下：\r\n一、本科職員事務之分配。\r\n二、長官交辦職務上事件之處理。\r\n三、主管事項之調查與執行。\r\n四、本科文稿之審核。\r\n五、主管重要文稿之撰擬。\r\n六、本科職員之監督指導考核與獎懲之擬議。\r\n七、本科例行文件之簽發。\r\n八、依法令規定或有權長官之授權緊急文件之處理得先行批發事後補行陳\r\n    閱。\r\n九、其他有關事項之處理。"
		},
		{
			"number": 4700,
			"content": "書記官之職責如下：\r\n一、辦理分配事務事項。\r\n二、科長或股長指定各該科股職掌內之有關事項。\r\n三、長官交辦事項。\r\n四、其他有關事項。\r\n書記官應服從其配屬庭長、法官之指揮命令執行職務，並應服從依法院組\r\n織法第五十一條第二項規定，調最高法院，承其配屬庭長、法官之命辦事\r\n之法官或候補法官，於職務權限內之指揮命令執行職務。但該法官或候補\r\n法官之指揮命令與其配屬庭長、法官之指揮命令有牴觸者，應服從其配屬\r\n庭長、法官之指揮命令。"
		},
		{
			"number": 4800,
			"content": "各科文稿及登記表冊之人名、地目及數目字之錯誤，由擬稿人、登記人負\r\n責，其例行及奉命處理之文件如有錯誤，由該科科長負責。"
		},
		{
			"number": 4900,
			"content": "書記官長為討論書記廳行政事務，得召集所屬有關職員會議，由書記官長\r\n任主席，但不採表決制。"
		},
		{
			"number": 5000,
			"content": "書記官長因事故不能執行職務時，應報請院長指定科長代理。\r\n科長因事故不能執行職務時，由書記官長指定代理人。其餘職員因事故不\r\n能執行職務時，依事務性質由科長指定代理人。\r\n第二項代理期間逾三日者，應報經院長核定。"
		},
		{
			"number": 5100,
			"content": "文書科收案書記官收到民刑訴訟文卷，應即分別卷宗、證物、書狀及文件\r\n，逐一點清，並就職掌應辦事項辦理完竣後，分別送交民事科或刑事科。"
		},
		{
			"number": 5200,
			"content": "民刑事科對於新收案件，應隨時依最高法院民刑事案件編號計數分案報結\r\n要點之規定編號、分案，並於分案前就程序上作初步審查，其毋庸經裁判\r\n終結之案件，應擬具文稿分別送請民一庭或刑一庭庭長核定簽發。\r\n凡卷證齊全之上訴案件，先送民刑事審查庭審查，經審查庭認上訴程序上\r\n合法者，再由民刑事科依分案程序辦理分案，但重大刑事案件、被告在押\r\n、非常上訴及覆判等刑事案件，則逕行依分案程序辦理。"
		},
		{
			"number": 5300,
			"content": "民刑事科續收之文件，應歸入原卷。\r\n已分配各法官之案件續收文件隨時分送各主辦法官。"
		},
		{
			"number": 5400,
			"content": "民刑事庭書記科書記官應將收案、結案、收領原本、製作正本及送達發卷\r\n等日期，依次填載於辦案進行簿，每月送由科長轉陳庭長核閱。"
		},
		{
			"number": 5500,
			"content": "民事科、刑事科及民刑事庭書記科關於訴訟文卷及其他應辦事務處理程序\r\n，除本規程規定外，應依本院其他有關規定辦理。"
		},
		{
			"number": 5600,
			"content": "各科應辦事件有與他科相關聯者，應由科長與他科協商辦理，如彼此意見\r\n不同者由書記官長決定之。"
		},
		{
			"number": 5700,
			"content": "各科應就其職掌事務，分別設置各種簿冊。\r\n前項簿冊之種類及格式另定之。"
		},
		{
			"number": 5800,
			"content": "各科承辦事件屬於例行或尋常性質者，應即循例擬稿送核，或簽擬意見送\r\n核，如其性質重要或有疑義者，應先簽請權責長官核示後再行辦理。"
		},
		{
			"number": 5900,
			"content": "各科職員所擬稿件經判行後，發還繕校用印，應加蓋校對員監印員名戳。"
		},
		{
			"number": 6000,
			"content": "文書科收受文件，應由收文人員摘由、編號、註明年月日時，登入收文簿\r\n，如係訴訟文件並應保存其信封。\r\n前項文件屬於行政者，送由書記官長分配，但緊急文件，書記官長應先送\r\n院長核閱後再行分配。\r\n第二項文件屬於民刑訴訟者，應按事務性質分別送交民刑事科辦理。\r\n密件呈送院長親自拆閱，收文簿內並不摘由。"
		},
		{
			"number": 6100,
			"content": "監印員應將每日用印文件件數登載簿冊，陳送書記官長核閱；未經判行之\r\n稿件不得用印，但依第四十六條第八款註明先發者不在此限。"
		},
		{
			"number": 6200,
			"content": "凡發出文件，應由文書科發文人員摘由、編號、註明年月日時，登入發文\r\n簿，但密件不摘由。"
		},
		{
			"number": 6300,
			"content": "發出文件應連同送達簿由收受機關或本人加蓋圖章或簽名於簿內，郵寄者\r\n應將郵局執據粘存或由郵局加蓋日戳。\r\n拍發電報，應連同送達簿由電信局加蓋日戳。\r\n公告文件及送達公報文件，均應摘由、編號、註明年月日時於公告文件簿\r\n。"
		},
		{
			"number": 6400,
			"content": "訴訟卷宗及行政卷宗，應由文書科分別保存，訴訟卷宗並應依結案年月順\r\n序分別民事刑事編號保存之。\r\n卷宗歸檔編號及保存期限實施要點另定之。"
		},
		{
			"number": 6500,
			"content": "保存之卷宗必須調閱時，應經科長以上人員填單簽章，始得檢付。\r\n調取卷宗時，文書科管卷人員應登記簿冊，返還時亦同。"
		},
		{
			"number": 6600,
			"content": "各庭精選可供選為判例之裁判，應由資料科隨時分送各庭庭長、法官參研\r\n。"
		},
		{
			"number": 6700,
			"content": "司法院公布之法令、解釋及本院民事庭會議、刑事庭會議、民刑事庭總會\r\n議關於法令見解之決議案，應由資料科摘錄要旨、註明標目、號數、關係\r\n法條、至相當件數時，編輯成冊，分送各庭庭長、法官、民刑事科及各書\r\n記科。"
		},
		{
			"number": 6800,
			"content": "資料科每半年終，應編造該半年內公布之各種法令目錄，分送各庭長、法\r\n官及有關科室。\r\n新頒或修訂民刑事法令，應隨時印送各庭長、法官及有關科室。"
		},
		{
			"number": 6900,
			"content": "本院新置圖書應由資料科每半年終編製目錄，印送各職員。"
		},
		{
			"number": 7000,
			"content": "事務科收支款項，應隨時分別登簿。\r\n每日收支完畢後，應即檢齊單據，送會計室登帳。\r\n本院訴訟費用收入處理要點另定之。"
		},
		{
			"number": 7100,
			"content": "事務科支出款項，均須取得正式單據，其有事實上不能取得者，由經收入\r\n員出具單據經主管人員證明蓋章。"
		},
		{
			"number": 7200,
			"content": "事務科發給物品，以領物單為憑，並於點發後註明實發數目，每屆月終彙\r\n訂成冊，以備稽核。"
		},
		{
			"number": 7300,
			"content": "書記官長及事務科科長應稽查下列各款事項：\r\n一、每月支用之款，是否依照計畫，有無超過預算。\r\n二、每月結存之款，是否與現存款額相符。\r\n三、收支各項單據，是否完全。\r\n四、支用各款及購置發給物品，是否核實。"
		},
		{
			"number": 7400,
			"content": "保管案內物品，均應詳細記載保管簿，並逐件標明號數。"
		},
		{
			"number": 7500,
			"content": "本院設法警室，置法警長、副法警長各一人，法警若干人，辦理值庭、警\r\n衛及其他有關司法警察事務。\r\n法警受院長之監督指揮，由書記官長承院長之命，負直接監督考核之責。\r\n法警管理及執行職務依照本院訂定之最高法院法警執行警衛及值日勤務注\r\n意事項及有關法令規定辦理。"
		},
		{
			"number": 7600,
			"content": "本院設人事室置主任一人、科員若干人並得分股辦事，股長由科員兼任。\r\n人事室職掌如下：\r\n一、關於任免遷調之核簽擬辦事項。\r\n二、關於銓敘案件之查催核轉事項。\r\n三、關於級俸之簽擬，待遇標準之簽訂事項。\r\n四、關於差假勤惰之考查及獎懲之核議事項。\r\n五、關於考績考成之籌辦及核轉事項。\r\n六、關於退休、保險、撫卹、救濟案件之審擬及核轉事項。\r\n七、關於福利事業之規劃事項。\r\n八、關於任免、遷調、獎懲、銓敘及考績考成之登記事項。\r\n九、關於各項人事報表之查催審核及編存彙轉事項。\r\n十、關於人事規章刊物之輯錄保管事項。\r\n十一、關於服務證明書類之核發事項。\r\n十二、關於其他人事事項。"
		},
		{
			"number": 7700,
			"content": "人事室主任，依法令主辦人事管理事務，並受院長之指揮監督。"
		},
		{
			"number": 7800,
			"content": "本院設會計室置主任一人，必要時得依法置佐理人員，並得分股辦事，股\r\n長由佐理人員兼任。\r\n會計室職掌如下：\r\n一、關於歲計、出納與財物之會計事項。\r\n二、關於預算、決算之編製事項。\r\n三、關於財務、財物與工作之審核事項。\r\n四、關於營繕工程與財物之監標監驗與監盤事項。\r\n五、關於現金、銀行存款與財物之核對事項。\r\n六、關於付款憑單與收支轉帳傳票之編製與覆核事項。\r\n七、關於各類會計帳簿之登錄事項。\r\n八、關於會計報表之編送事項。\r\n九、關於會計憑證、簿籍、報表及會計檔卷之保管事項。\r\n十、關於其他會計事項。"
		},
		{
			"number": 7900,
			"content": "會計室主任，依法令主辦歲計、會計事務，並受院長之指揮監督。"
		},
		{
			"number": 8000,
			"content": "本院設統計室，置主任一人，必要時得依法置佐理人員，並得分股辦事，\r\n股長由佐理人員兼任。\r\n統計室職掌如下：\r\n一、關於民刑事結案資料之整理分析與編製事項。\r\n二、關於民刑事上訴裁判事件發回訴訟原因及次數之研究分析與整理事項\r\n    。\r\n三、關於民刑事法官辦案成績資料之整理分析與製作事項。\r\n四、關於統計圖表之繪製事項。\r\n五、關於統計法令報表文書之輯錄保管事項。\r\n六、有關業務研究改進統計資料之提供。\r\n七、關於司法調查統計之執行事項。\r\n八、關於其他統計事項。"
		},
		{
			"number": 8100,
			"content": "統計室主任，依法令主辦統計事務，並受院長之指揮監督。"
		},
		{
			"number": 8101,
			"content": "本院設政風室，置主任一人、科員若干人，並得分股辦事，股長由科員兼\r\n任。\r\n政風室職掌如下：\r\n一、關於本機關政風法令之擬訂事項。\r\n二、關於本機關政風法令之宣導事項。\r\n三、關於本機關員工貪瀆不法之預防、發掘及處理檢舉事項。\r\n四、關於本機關政風興革建議事項。\r\n五、關於本機關政風考核獎懲建議事項。\r\n六、關於本機關公務機密維護事項。\r\n七、關於本機關公職人員財產申報事項。\r\n八、關於其他政風事項。"
		},
		{
			"number": 8102,
			"content": "政風室主任，依法令主辦政風事務，並受院長之指揮監督。"
		},
		{
			"number": 8200,
			"content": "本院設資訊室，置主任一人，承院長之命，處理資訊室之行政事項，置設\r\n計師、資訊管理師、操作員若干人，處理資訊及有關訓練事項。"
		},
		{
			"number": 8300,
			"content": "人事室、會計室、統計室、政風室主辦文稿，應會由書記官長送請院長核\r\n定。"
		},
		{
			"number": 8400,
			"content": "人事室、會計室、統計室、政風室、資訊室之辦事要點另定之。"
		},
		{
			"number": 8500,
			"content": "本院關於律師懲戒之覆審，設置律師懲戒覆審委員會。\r\n前項委員會之辦事要點另定之。"
		},
		{
			"number": 8600,
			"content": "本院關於判例之編輯及裁判書之刊載公報得設置編輯委員會。\r\n前項委員會之辦事要點另定之。"
		},
		{
			"number": 8700,
			"content": "本院為使停止辦案庭長、法官從事研究工作，視業務需要得設立各研究小\r\n組或指定專人研究，其研究項目及成員由院長指定之。"
		},
		{
			"number": 8701,
			"content": "各單位承辦文稿除本規程另有規定外，應逐級核轉送陳院長核定。但一般\r\n例行文稿，得依其性質逐級授權決定。\r\n前項授權由分層負責明細表定之。"
		},
		{
			"number": 8702,
			"content": "最高法院應訂定分層負責明細表，並陳報司法院核定。"
		},
		{
			"number": 8800,
			"content": "本規程自發布日施行。\r\n本規程中華民國一百零一年三月十三日修正發布之條文，自中華民國一百\r\n零一年四月十六日施行。"
		}
	]
}