{
	"pcode": "A0020086",
	"type": "命令",
	"title": "福建金門馬祖地區司法人員定期調動辦法",
	"url": "https://law.moj.gov.tw/LawClass/LawAll.aspx?pcode=A0020086",
	"category": [
		"廢止法規",
		"司法院"
	],
	"lastUpdate": "19980801",
	"isDiscarded": true,
	"isTranslated": false,
	"history": [
		"中華民國五十九年十二月三十一日司法行政部訂定發布",
		"中華民國六十九年十月二十四日司法院（69）院台人字第 3521 號令 、 行政院（69）台法字第 12321 號令會同修正發布",
		"中華民國七十九年七月二十五日司法院（79）院台人字第 03982 號令 、 行政院（79）台法字第 03982 號令會同修正發布",
		"中華民國八十四年十二月十五日司法院（84）院台人一字第 23483 號令 、 行政院（84）台法字第 43989 號令會同修正發布第 2、3、4、5 條條文",
		"中華民國八十七年八月一日司法院（87）院台人一字第 17036 號令 、 行政院（87）台法字第 37520 號令會同發布廢止"
	],
	"divisions": [],
	"articles": [
		{
			"number": 100,
			"content": "為因應福建金門及馬祖地區司法業務需要，實施該二地區司法人員定期調\r\n動制度，特訂定本辦法。"
		},
		{
			"number": 200,
			"content": "本辦法之定期調動，依左列地區、職務、服務期間行之：\r\n一、福建金門地方法院院長、地方法院檢察署檢察長及福建金門監獄典獄\r\n    長、福建金門看守所所長服務期間均為二年。\r\n二、福建金門地方法院法官兼庭長、地方法院檢察署主任檢察官服務期間\r\n    定為一年。\r\n三、福建金門地方法院候補法官、地方法院檢察署候補檢察官服務期間為\r\n    一年，必要時得縮短或延長之。\r\n前項服務期間，除公假外以實際在金門或馬祖服務之月數為準。其因請假\r\n、休假離開該地區之期間均應扣除。"
		},
		{
			"number": 300,
			"content": "前條第一項第三款人員服務期間滿十一個月時，由福建金門地方法院或地\r\n方法院檢察署填具服務情形報告表 (格式如附件) 分陳司法院、法務部，\r\n以為成績考核之依據。\r\n (備      註：附件請參閱行政院公報第 1 卷 26 期 2 頁)"
		},
		{
			"number": 400,
			"content": "派在福建金門、馬祖地區服務之司法人員於服務期滿時，應調派臺灣地區\r\n相當職務。"
		},
		{
			"number": 500,
			"content": "派任福建金門地方法院服務之候補法官或地方法院檢察署候補檢察官，除\r\n依志願或別有適當人選外，先由司法官訓練所最近一期結業學員分發臺灣\r\n地區服務滿一年後，自結業名次最前之一名開始按名次順序並依候補法官\r\n派任福建金門地方法院候補法官、候補檢察官派任地方法院檢察署候補檢\r\n察官服務之原則分別調派，至次期學員分發臺灣地區服務滿一年時止，再\r\n依該期結業名次及上述原則調派之。但有特殊情形，不適宜金門、馬祖地\r\n區服務者，不予調派。\r\n依前項規定結業名次派往福建金門地方法院或地方法院檢察署服務與臺灣\r\n地區年資合併逾四年者，得逕予派代法官或檢察官。"
		},
		{
			"number": 600,
			"content": "本辦法自發布日施行。"
		}
	]
}