{
	"pcode": "A0020174",
	"type": "命令",
	"title": "中央研究院科學研究基金收支保管及運用辦法",
	"url": "https://law.moj.gov.tw/LawClass/LawAll.aspx?pcode=A0020174",
	"category": [
		"總統",
		"總統府",
		"中央研究院目"
	],
	"lastUpdate": "20140103",
	"isTranslated": false,
	"history": [
		"中華民國一百零三年一月三日行政院院授主基營字第 1020201360A 號令訂定發布全文 11 條；並自一百零三年一月一日施行"
	],
	"divisions": [],
	"articles": [
		{
			"number": 100,
			"content": "為強化我國學術競爭力，延攬及留住傑出人才，特依科學技術基本法第十\r\n三條第二項規定，設置中央研究院科學研究基金（以下簡稱本基金），並\r\n依預算法第二十一條規定，訂定本辦法。"
		},
		{
			"number": 200,
			"content": "本基金為預算法第四條第一項第二款所定之特種基金，編製附屬單位預算\r\n，以中央研究院（以下簡稱本院）為管理機關。"
		},
		{
			"number": 300,
			"content": "本基金之來源如下：\r\n一、科學技術研究發展之智慧財產權及成果所得收入歸屬本院部分。\r\n二、外界補助、委託及合作計畫之勞務收入。\r\n三、由政府循預算程序之撥款。\r\n四、本院育成中心收入。\r\n五、受贈收入。\r\n六、本基金孳息收入。\r\n七、其他收入。"
		},
		{
			"number": 400,
			"content": "本基金之用途如下：\r\n一、為增進科學技術研究發展所需支出。\r\n二、外界補助、委託及合作計畫所需支出。\r\n三、延攬及留住傑出人才所需支出。\r\n四、本院育成中心所需支出。\r\n五、提供傑出且具發展潛力之人才培育、進修及研究所需支出。\r\n六、設立講座所需支出。\r\n七、對本院技術移轉授權公司之投資支出。\r\n八、受贈收入指定用途支出。\r\n九、管理及總務支出。\r\n十、其他有關支出。"
		},
		{
			"number": 500,
			"content": "本基金之保管及運用應注重收益性及安全性，其存儲並應依公庫法及其相\r\n關法令規定辦理。"
		},
		{
			"number": 600,
			"content": "本基金為應業務需要，得購買政府公債、國庫券或其他短期票券。"
		},
		{
			"number": 700,
			"content": "本基金預算編製與執行及決算編造，應依預算法、會計法、決算法、審計\r\n法及相關法令規定辦理。"
		},
		{
			"number": 800,
			"content": "本基金會計事務之處理，應依規定訂定會計制度。"
		},
		{
			"number": 900,
			"content": "本基金年度決算如有賸餘，應依規定辦理分配。"
		},
		{
			"number": 1000,
			"content": "本基金結束時，應予結算，其餘存權益應解繳國庫。"
		},
		{
			"number": 1100,
			"content": "本辦法自中華民國一百零三年一月一日施行。"
		}
	]
}