{
	"pcode": "A0020075",
	"type": "命令",
	"title": "司法院會議規則",
	"url": "https://law.moj.gov.tw/LawClass/LawAll.aspx?pcode=A0020075",
	"category": [
		"司法",
		"院本部",
		"組織目"
	],
	"lastUpdate": "20150416",
	"isTranslated": false,
	"history": [
		"中華民國二十四年三月十三日司法院令訂定發布全文 9 條",
		"中華民國二十七年四月二十八日司法令院修正發布第 2 條條文",
		"中華民國二十八年十二月九日司法院令修正發布第 2 條條文",
		"中華民國三十年五月一日司法院令修正發布第 2 條條文",
		"中華民國三十一年十月十四日司法院令修正發布第 2、5 條條文",
		"中華民國七十一年九月二十七日司法院（71）院台廳四字第 05384 號令修正發布全文 10 條",
		"中華民國九十二年十一月十四日司法院（九二）院台廳司一字第 28733 號令修正發布第 2、4 條條文",
		"中華民國一百年九月十九日司法院院台廳司一字第 1000023367 號令修正發布全文 13 條；並自發布日施行",
		"中華民國一百零四年四月十六日司法院院台廳司一字第 1040010476 號令修正發布第 1、8 條條文"
	],
	"divisions": [],
	"articles": [
		{
			"number": 100,
			"content": "本規則依司法院組織法第十七條規定訂定之。"
		},
		{
			"number": 200,
			"content": "司法院會議出席人員如下：\r\n一、司法院院長、副院長。\r\n二、最高法院院長、最高行政法院院長、公務員懲戒委員會委員長、臺灣\r\n    高等法院院長。\r\n三、司法院秘書長、副秘書長。\r\n司法院各廳、處、室主管及院長指定之人員，得列席會議。"
		},
		{
			"number": 300,
			"content": "司法院會議以院長為主席；院長因事不能出席時，由副院長代理之。"
		},
		{
			"number": 400,
			"content": "提出司法院會議之事項如下：\r\n一、關於提出立法院之法律案。\r\n二、關於施政綱要及概算事項。\r\n三、其他重要事項。"
		},
		{
			"number": 500,
			"content": "司法院會議以每月舉行一次為原則；必要時，得召開臨時會議。"
		},
		{
			"number": 600,
			"content": "各種議案經院長核定後，列入議程；其內容繁複者，院長得指定人員審查\r\n。"
		},
		{
			"number": 700,
			"content": "司法院會議議程應於開會前二日分送各出列席人員。\r\n遇緊急情事，經主席之許可，得於開會時提出臨時動議。"
		},
		{
			"number": 800,
			"content": "司法院會議須有應出席人員二分之一以上之出席，方得開會。\r\n司法院會議議案經出席人員討論後，由主席作成決議。"
		},
		{
			"number": 900,
			"content": "司法院會議紀錄，應載明下列事項：\r\n一、會議次數。\r\n二、會議時間。\r\n三、會議地點。\r\n四、出席及列席人員姓名。\r\n五、請假及缺席人員姓名。\r\n六、主席姓名。\r\n七、紀錄姓名。\r\n八、報告事項。\r\n九、討論事項。\r\n十、其他應行記載事項。"
		},
		{
			"number": 1000,
			"content": "司法院會議紀錄應於下次會議開會前，併同會議議程分送與會人員，如有\r\n遺漏、錯誤，得提請更正。"
		},
		{
			"number": 1100,
			"content": "司法院會議內容如需發布新聞，由司法院發言人統一發布。"
		},
		{
			"number": 1200,
			"content": "司法院會議議程之編訂、會議之紀錄及其他有關事務，由司法院秘書處辦\r\n理之。"
		},
		{
			"number": 1300,
			"content": "本規則自發布日施行。"
		}
	]
}