{
	"pcode": "A0020026",
	"type": "命令",
	"title": "國民大會代表一般提案及人民請願案件專案處理小組設置辦法",
	"url": "https://law.moj.gov.tw/LawClass/LawAll.aspx?pcode=A0020026",
	"category": [
		"國民大會（憲法國民大會章條文已停止適用）"
	],
	"lastUpdate": "19990616",
	"isTranslated": false,
	"history": [
		"中華民國八十八年六月十六日第三屆國民大會第四次會議第四次大會通過全文 13 條"
	],
	"divisions": [],
	"articles": [
		{
			"number": 100,
			"content": "國民大會 (以下簡稱本會) 為加強行使政權機關之功能，以及本會代表對\r\n選民之服務，特成立代表一般提案及人民請願案件專案處理小組 (以下簡\r\n稱本專案處理小組) 。"
		},
		{
			"number": 200,
			"content": "本專案處理小組之任務如左：\r\n一、關於大會決議通過之代表一般提案、臨時動議之追蹤處理事項。\r\n二、關於閉會期間本會代表提議之處理事項。\r\n三、關於閉會期間人民請願案件之處理事項。\r\n四、其他交議事項。"
		},
		{
			"number": 300,
			"content": "本專案處理小組置委員十三人，其人選由各政黨推派代表組成之。委員出\r\n缺時，由各政黨推派代表遞補之。"
		},
		{
			"number": 400,
			"content": "本專案處理小組置召集人三人，由各委員互推之。"
		},
		{
			"number": 500,
			"content": "本專案處理小組開會時，由召集人輪流主持會議。"
		},
		{
			"number": 600,
			"content": "本專案處理小組會議，由召集人視事實需要隨時舉行會議。但分案小組會\r\n議，宜每週召開會議一次。"
		},
		{
			"number": 700,
			"content": "本專案處理小組會議須有委員三分之一以上之出席，始得開會。其決議，\r\n以出席委員過半數之同意行之。"
		},
		{
			"number": 800,
			"content": "本專案處理小組審議通過之案件，經議長核定後，由本會各有關單位負責\r\n辦理執行。"
		},
		{
			"number": 900,
			"content": "本專案處理小組開會時，本會各有關業務單位應列席，並提供資料。必要\r\n時，得邀請政府有關官員、學者專家、利害關係人列席說明或提出書面說\r\n明。"
		},
		{
			"number": 1000,
			"content": "本專案處理小組審議時，對於政府有關機關處理本會代表所提一般提案、\r\n臨時動議、提議及人民請願案件之決定，認為未為適當之改善或處置，或\r\n有明顯違法、失職、不當，或有損害本會代表及人民權益之虞時，得經決\r\n議函請監察院或司法單位等調查處理。"
		},
		{
			"number": 1100,
			"content": "本專案處理小組置執行秘書、秘書及其他工作人員，由秘書長指派之。"
		},
		{
			"number": 1200,
			"content": "本專案處理小組委員均不支領出席費，但得核實支領差旅費及交通費。"
		},
		{
			"number": 1300,
			"content": "本辦法經國民大會通過後施行，修正時亦同。"
		}
	]
}