{
	"pcode": "A0020087",
	"type": "命令",
	"title": "公務員懲戒委員會再審案件在途期間標準",
	"url": "https://law.moj.gov.tw/LawClass/LawAll.aspx?pcode=A0020087",
	"category": [
		"司法",
		"院本部",
		"行懲及智財目"
	],
	"lastUpdate": "20160125",
	"isTranslated": false,
	"history": [
		"中華民國七十五年三月六日司法院（75）院臺廳三字第 02184 號函核定「公務員懲戒委員會再審議案件台灣福建地區在途期間表」及「公務員懲戒委員會再審議案件國外地區在途期間表」",
		"中華民國八十四年九月十六日司法院（84）院台廳行二字第 17147 號函核定修正",
		"中華民國八十七年六月三日司法院（87）院台廳行二字第 09894 號令修正發布全文 4 條",
		"中華民國九十三年十一月二十三日司法院院台廳行二字第 0930028563 號函修正發布第 2、3 條條文",
		"中華民國九十九年十一月二十四日司法院院台廳行二字第 0990028539 號令修正發布全文 4 條；並自中華民國九十九年十二月二十五日施行",
		"中華民國一百零三年二月二十一日司法院院台廳行二字第 1030005113 號令修正發布第 3、4 條條文；並自發布日施行",
		"中華民國一百零四年一月八日司法院院台廳行二字第 1040000727 號令修正發布全文 4 條；並自一零三年十二月二十五日施行",
		"中華民國一百零五年一月二十五日司法院院台廳行二字第 1050002741 號令修正發布名稱及全文 4 條；並自公務員懲戒法施行之日施行（原名稱：公務員懲戒委員會再審議案件在途期間標準；新名稱：公務員懲戒委員會再審案件在途期間標準）中華民國一百零五年三月七日司法院院台廳行二字第 1050006359 號令發布「公務員懲戒法」定自一百零五年五月二日施行"
	],
	"divisions": [],
	"articles": [
		{
			"number": 100,
			"content": "本標準依公務員懲戒法（以下簡稱本法）第七十六條準用行政訴訟法第八\r\n十九條第二項規定訂定之。"
		},
		{
			"number": 200,
			"content": "再審當事人居住於臺灣地區者，其在途期間之標準如下表：\r\n┌─────┬──────┬──┐\r\n│縣（市）別│在途期間日數│備考│\r\n├─────┼──────┼──┤\r\n│臺北市    │            │    │\r\n├─────┼──────┼──┤\r\n│新北市    │二日        │    │\r\n├─────┼──────┼──┤\r\n│基隆市    │二日        │    │\r\n├─────┼──────┼──┤\r\n│桃園市    │三日        │    │\r\n├─────┼──────┼──┤\r\n│新竹縣    │四日        │    │\r\n├─────┼──────┼──┤\r\n│新竹市    │四日        │    │\r\n├─────┼──────┼──┤\r\n│苗栗縣    │六日        │    │\r\n├─────┼──────┼──┤\r\n│臺中市    │七日        │    │\r\n├─────┼──────┼──┤\r\n│彰化縣    │六日        │    │\r\n├─────┼──────┼──┤\r\n│南投縣    │七日        │    │\r\n├─────┼──────┼──┤\r\n│雲林縣    │六日        │    │\r\n├─────┼──────┼──┤\r\n│嘉義縣    │六日        │    │\r\n├─────┼──────┼──┤\r\n│嘉義市    │六日        │    │\r\n├─────┼──────┼──┤\r\n│臺南市    │六日        │    │\r\n├─────┼──────┼──┤\r\n│高雄市    │八日        │    │\r\n├─────┼──────┼──┤\r\n│屏東縣    │八日        │    │\r\n├─────┼──────┼──┤\r\n│宜蘭縣    │四日        │    │\r\n├─────┼──────┼──┤\r\n│花蓮縣    │七日        │    │\r\n├─────┼──────┼──┤\r\n│臺東縣    │八日        │    │\r\n├─────┼──────┼──┤\r\n│澎湖縣    │十九日      │    │\r\n├─────┼──────┼──┤\r\n│東沙島    │三十四日    │    │\r\n│太平島    │            │    │\r\n├─────┼──────┼──┤\r\n│金門縣    │三十日      │    │\r\n├─────┼──────┼──┤\r\n│連江縣    │三十日      │    │\r\n├─────┼──────┼──┤\r\n│烏坵鄉    │三十四日    │    │\r\n└─────┴──────┴──┘"
		},
		{
			"number": 300,
			"content": "再審當事人居住於大陸地區或港澳地區者，其在途期間均為三十七日。\r\n再審當事人居住於國外地區者，其在途期間之標準如下表：\r\n┌───┬────┬──┐\r\n│地區  │日數    │備考│\r\n├───┼────┼──┤\r\n│亞洲  │三十七日│    │\r\n├───┼────┼──┤\r\n│歐洲  │四十四日│    │\r\n├───┼────┼──┤\r\n│北美洲│四十四日│    │\r\n├───┼────┼──┤\r\n│南美洲│四十四日│    │\r\n├───┼────┼──┤\r\n│大洋洲│四十四日│    │\r\n├───┼────┼──┤\r\n│非洲  │七十二日│    │\r\n├───┼────┼──┤\r\n│南極洲│七十二日│    │\r\n└───┴────┴──┘"
		},
		{
			"number": 400,
			"content": "本標準自本法施行之日施行。"
		}
	]
}