{
	"pcode": "A0020090",
	"type": "命令",
	"title": "法庭錄音錄影及其利用保存辦法",
	"url": "https://law.moj.gov.tw/LawClass/LawAll.aspx?pcode=A0020090",
	"category": [
		"司法",
		"院本部",
		"司法行政目"
	],
	"lastUpdate": "20160523",
	"isTranslated": true,
	"english": "Regulations of Audio Recording in Court",
	"history": [
		"中華民國七十九年四月三十日司法院（79）院台廳四字第 03016 號令訂定發布全文 12 條",
		"中華民國八十一年三月七日司法院（81）院台廳四字第 02813 號令修正發布第 5、6、7 條條文",
		"中華民國九十年六月十三日司法院（90）院台廳司一字第 14681 號令修正發布第 1、3、7、8 條條文",
		"中華民國九十二年一月七日司法院院台廳司一字第 00597 號令修正發布全文 12 條；並自九十二年七月一日施行",
		"中華民國九十二年六月二十五日司法院院台廳司一字第 16449 號令修正發布第 1、6、7、12 條條文；並自九十二年九月一日施行",
		"中華民國九十五年六月二十七日司法院院台廳司一字第 0950014760 號令修正發布第 3、8、9、12 條條文；並自發布日施行",
		"中華民國一百零二年十月二十五日司法院院台廳司一字第 1020028254 號令修正發布名稱及全文 13 條；並自發布日施行（原名稱：法庭錄音辦法；新名稱：法庭錄音及其利用保存辦法）",
		"中華民國一百零四年八月七日司法院院台廳司一字第 1040021530 號令修正發布名稱及全文 13 條；並自發布日施行（原名稱：法庭錄音及其利用保存辦法；新名稱：法庭錄音錄影及其利用保存辦法）",
		"中華民國一百零五年五月二十三日司法院院台廳司一字第 1050013592 號令修正發布第 8 條條文"
	],
	"divisions": [],
	"articles": [
		{
			"number": 100,
			"content": "本辦法依法院組織法（以下簡稱本法）第九十條之三規定訂定之。\r\n法庭錄音、錄影之利用及保存，除法律別有規定外，依本辦法之規定。"
		},
		{
			"number": 200,
			"content": "為維護法庭之公開透明及司法課責性，法院審理民事、刑事、行政訴訟案\r\n（事）件及家事、少年保護事件於法院內開庭時，應予錄音。其他案（事\r\n）件有必要錄音時，亦同。\r\n法院於必要時，得在法庭內使用錄影設備錄影。"
		},
		{
			"number": 300,
			"content": "在庭之人非經審判長許可，不得自行錄音、錄影；未經許可錄音、錄影者\r\n，審判長得命其消除該錄音、錄影內容。\r\n審判長為前項許可時，應審酌錄音、錄影目的及對法庭程序進行之影響，\r\n並得徵詢其他在庭之人意見。但有依法不公開法庭審理或其他不適宜情形\r\n者，不應許可。"
		},
		{
			"number": 400,
			"content": "法院應於法庭置數位錄音設備，以供開庭時錄音之用；開庭過程中，如遇\r\n有切換數位磁碟或偶發之事由，致錄音無法繼續進行時，得以錄音機或其\r\n他機器設備備援。"
		},
		{
			"number": 500,
			"content": "在法庭之錄音應自每案開庭時起錄，至該案閉庭時停止，其間連續始末為\r\n之。每案開庭點呼當事人朗讀案由時，法院書記官應宣告當日開庭之日期\r\n及時間。\r\n前條後段情形，錄音人員應報告審判長，並由書記官將該事由記載於筆錄\r\n。"
		},
		{
			"number": 600,
			"content": "法庭開庭時雖經錄音，書記官仍應就當事人或其他關係人之陳述，當庭依\r\n法製作筆錄。\r\n前項規定，於法庭內使用錄影設備錄影時，亦同。"
		},
		{
			"number": 700,
			"content": "法庭內之錄影，由審判長、受命法官或受託法官指揮實施，並命記明於筆\r\n錄。"
		},
		{
			"number": 800,
			"content": "當事人及依法得聲請閱覽卷宗之人，因主張或維護其法律上利益，聲請交\r\n付法庭錄音或錄影內容時，應敘明理由，由法院為許可與否之裁定。\r\n法院受理前項聲請，如認符合聲請人要件，並在聲請期間內提出，且就所\r\n主張或維護法律上之利益已敘明者，除法令另有排除規定外，應予許可。\r\n第一項聲請經法院裁定許可者，每張光碟應繳納費用新臺幣五十元。\r\n持有第一項法庭錄音、錄影內容之人，就取得之錄音、錄影內容，不得散\r\n布、公開播送，或為非正當目的使用。"
		},
		{
			"number": 900,
			"content": "法庭錄音、錄影內容，應保存至裁判確定後二年，始得除去。但經判處死\r\n刑或無期徒刑確定之案件，其保存期限依檔案法之規定。\r\n法庭錄音、錄影內容儲於數位媒體者，案件終結後由各法院資訊室保管；\r\n儲於錄音、錄影帶及其他錄音、錄影媒體者，案（事）件終結後由各法院\r\n檔案室自行列冊保管。"
		},
		{
			"number": 1000,
			"content": "前條第一項錄音、錄影內容除去之相關規定，由保管錄音、錄影內容之法\r\n院訂定之。"
		},
		{
			"number": 1100,
			"content": "法院院長或其指定之人，及其他司法行政監督人員，於必要時，得調取法\r\n庭錄音、錄影內容。"
		},
		{
			"number": 1200,
			"content": "本辦法之規定，於其他法院組織法有準用本法之規定者，亦適用之。"
		},
		{
			"number": 1300,
			"content": "本辦法自發布日施行。"
		}
	]
}