{
	"pcode": "A0020046",
	"type": "命令",
	"title": "行政院會議議事規則",
	"url": "https://law.moj.gov.tw/LawClass/LawAll.aspx?pcode=A0020046",
	"category": [
		"行政",
		"院本部",
		"組織目"
	],
	"lastUpdate": "20180117",
	"isTranslated": false,
	"history": [
		"中華民國三十七年六月三日行政院發布同日施行",
		"中華民國七十年五月十八日行政院（70）台秘字第 6661 號令修正第 7～17 條條文",
		"中華民國一百年十二月二十六日行政院院臺秘字第 1000108781 號令修正發布第 1、10、13、15～17 條條文；並自一百零一年一月一日施行",
		"中華民國一百零三年十二月十六日行政院院臺綜字第 1030155948 號令修正發布全文 16 條；並自發布日施行",
		"中華民國一百零七年一月十七日行政院院臺綜字第 1070160769 號令修正發布全文 15 條；並自發布日施行"
	],
	"divisions": [],
	"articles": [
		{
			"number": 100,
			"content": "行政院為處理行政院會議事項，特訂定本規則。"
		},
		{
			"number": 200,
			"content": "行政院會議出席人員如下：\r\n一、行政院院長、副院長。\r\n二、各部會首長。\r\n三、政務委員。\r\n四、行政院人事行政總處、行政院主計總處、中央銀行首長。\r\n行政院會議以院長為主席，院長因事不能出席時，由副院長代理之。院長\r\n、副院長均因事不能出席時，由出席者互推一人為主席。\r\n第一項第二款及第四款之首長因事不能出席行政院會議時，由副首長代表\r\n。\r\n行政院秘書長及行政院發言人得列席行政院會議處理相關事務。"
		},
		{
			"number": 300,
			"content": "行政院會議應有前條第一項出席人員過半數之出席。但情形特殊，經院長\r\n核可，於出席人員實到人數已達三分之一以上者，亦得開會。"
		},
		{
			"number": 400,
			"content": "下列事項提出行政院會議議決之：\r\n一、依憲法須提出立法院之事項。\r\n二、依法須提出行政院會議議決事項。\r\n三、涉及各部會共同關係之事項。\r\n四、其他院長認有討論必要之重要事項。"
		},
		{
			"number": 500,
			"content": "行政院會議議案經出席人員討論後，由主席作成決議。"
		},
		{
			"number": 600,
			"content": "行政院會議每週舉行一次，必要時院長得召開臨時會議。"
		},
		{
			"number": 700,
			"content": "行政院會議議程依下列事項編製之：\r\n一、報告事項。\r\n二、討論事項。\r\n三、臨時動議或主席提示。"
		},
		{
			"number": 800,
			"content": "各種議案由行政院綜合業務處編擬，經院長或授權之人核定後列入議程；\r\n必要時需變更、調整者，亦同。\r\n性質重要或具有時間性而不及編入議程之議案，得經院長或授權之人核定\r\n後編列臨時議程，於開會時分送之。\r\n凡涉及國防、外交及其他有機密性之議案，應編列秘密議程。"
		},
		{
			"number": 900,
			"content": "會議議程、議案傳送應採無紙化作業辦理。但列入秘密議程之議案，原則\r\n於會場臨時分送各出列席人員，議畢由行政院綜合業務處即時收回。\r\n依第六條召開之臨時會議，會議議程於會場臨時分送各出列席人員，不適\r\n用前項本文之規定。"
		},
		{
			"number": 1000,
			"content": "出席人員於議程所列議案處理完竣後，經主席許可，得提出臨時動議。列\r\n席人員經主席許可亦得提出建議事項。"
		},
		{
			"number": 1100,
			"content": "行政院會議議事錄，應分秘密及普通部分，分別載明下列事項：\r\n一、會議次數。\r\n二、會議時間。\r\n三、會議地點。\r\n四、主席、出席、列席之姓名。\r\n五、紀錄之姓名。\r\n六、報告事項之案由及決定。\r\n七、討論事項之案由及決議。\r\n八、其他應行記載之事項。\r\n前項議事錄，應於下次會議開會時確認，如有遺漏錯誤，得提請主席裁定\r\n更正。"
		},
		{
			"number": 1200,
			"content": "會議議程及議事錄之秘密部分，應由行政院綜合業務處於會後收回。但出\r\n列席人員認為有必要時，除絕對機密、極機密及機密者外，得於簽收後攜\r\n回參閱，並應依規定予以保密。"
		},
		{
			"number": 1300,
			"content": "除第二條第四項所定得列席行政院會議人員外，經院長邀請或指定之有關\r\n人員亦得列席行政院會議。"
		},
		{
			"number": 1400,
			"content": "行政院會議之決議、決定事項，需發布新聞者，由行政院新聞傳播處統一\r\n發布。\r\n行政院會議出列席及其他與會人員對會議之內容，應恪遵公務員服務法第\r\n四條之規定，未經許可，不得洩漏或任意發表會議相關之內容。"
		},
		{
			"number": 1500,
			"content": "本規則自發布日施行。"
		}
	]
}