{
	"pcode": "A0020061",
	"type": "命令",
	"title": "立法院各委員會會議室規則",
	"url": "https://law.moj.gov.tw/LawClass/LawAll.aspx?pcode=A0020061",
	"category": [
		"立法"
	],
	"lastUpdate": "19620717",
	"isTranslated": false,
	"history": [
		"中華民國五十一年七月十七日立法院第一屆第二十九會期第三十六次會議通過"
	],
	"divisions": [],
	"articles": [
		{
			"number": 100,
			"content": "立法院各委員會在各會議室開會時依本規則之規定。"
		},
		{
			"number": 200,
			"content": "會議室設委員席，不編席次，由委員自由就坐，計算表決人數時，得區分\r\n出席委員與列席委員席位。"
		},
		{
			"number": 300,
			"content": "會議室設主席台。\r\n主席台前設發言台。\r\n主席台左右設職員席位。\r\n主席台及發言台前均置擴音器。\r\n會議室內置錄音器。"
		},
		{
			"number": 400,
			"content": "主席台左右方設應邀列席備詢之政府人員及社會上有關係人員席位。"
		},
		{
			"number": 500,
			"content": "委員席後設新聞記者席及請願人席。"
		},
		{
			"number": 600,
			"content": "會議室各種席次應樹立標誌。"
		},
		{
			"number": 700,
			"content": "會議室門口懸示會議名稱並設簽到處。\r\n委員會開會時，非有席位及會場服務人員不得進入會議室，秘密會議時，\r\n進入會議室人員依本院議事規則第七十四條之規定辦理，委員會開會時兒\r\n童不得進入會議室。"
		},
		{
			"number": 800,
			"content": "委員會舉行座談會時得不適用本規則之規定。"
		},
		{
			"number": 900,
			"content": "本規則經院會通過後施行。"
		}
	]
}