{
	"pcode": "A0020109",
	"type": "命令",
	"title": "考試院考銓事例編審規則",
	"url": "https://law.moj.gov.tw/LawClass/LawAll.aspx?pcode=A0020109",
	"category": [
		"廢止法規",
		"考試院"
	],
	"lastUpdate": "20000609",
	"isDiscarded": true,
	"isTranslated": false,
	"history": [
		"中華民國三十一年三月九日考試院核定",
		"中華民國四十三年十二月二十日考試院修正發布",
		"中華民國四十五年二月八日考試院（45）台試秘文字第 0250 號令修正發布",
		"中華民國五十一年十一月二十一日考試院（50）考台秘一字第 0077 號令修正發布第 2～5 條條文",
		"中華民國五十七年四月二十六日考試院（57）考台秘一字第 0763 號令修正發布第 2 條條文",
		"中華民國七十一年五月二十二日考試院（71）考台秘議字第 1865 號令修正發布",
		"中華民國七十二年四月十一日考試院（72）考台秘議字第 1180 號令修正發布第 2 條條文",
		"中華民國八十九年六月九日考試院（89）考臺參字第 05513 號令發布廢止"
	],
	"divisions": [],
	"articles": [
		{
			"number": 100,
			"content": "考試院 (以下簡稱本院) 為編審考銓事例，訂定本規則。"
		},
		{
			"number": 200,
			"content": "本院設考銓事例編審小組 (以下簡稱事例小組) ，由院、部參事及有關業\r\n務單位主管組成之。\r\n事例小組召集人一人，由院長指定院參事一人兼任之。\r\n事例小組開會時，得邀請有關人員列席說明。"
		},
		{
			"number": 300,
			"content": "考銓事例資料，由本院及考選、銓敘兩部參事分別負責，隨時蒐集記錄。\r\n各單位遇有堪為事例資料之案件，須隨時分別抄送所屬機關參事室。"
		},
		{
			"number": 400,
			"content": "院部參事將事例編審初稿，送交事例小組開會審查通過後，簽請院長提院\r\n會核定。"
		},
		{
			"number": 500,
			"content": "考銓事例，有修正或廢止之必要者，依前條規定辦理。"
		},
		{
			"number": 600,
			"content": "本規則自發布日施行。"
		}
	]
}