{
	"pcode": "A0020002",
	"type": "法律",
	"title": "國民大會同意權行使法",
	"url": "https://law.moj.gov.tw/LawClass/LawAll.aspx?pcode=A0020002",
	"category": [
		"國民大會（憲法國民大會章條文已停止適用）"
	],
	"lastUpdate": "19921104",
	"isTranslated": false,
	"history": [
		"中華民國八十一年十一月四日總統（81）華總（一）義字第 5350 號令制定公布全文 17 條"
	],
	"divisions": [],
	"articles": [
		{
			"number": 100,
			"content": "本法依憲法第三十四條制定之。"
		},
		{
			"number": 200,
			"content": "國民大會依憲法增修條文第十三條第一項、第十四條第二項、第十五條第\r\n二項規定，就總統提名之左列人員行使同意權：\r\n　一　司法院院長、副院長、大法官。\r\n　二　考試院院長、副院長、考試委員。\r\n　三　監察院院長、副院長、監察委員。"
		},
		{
			"number": 300,
			"content": "國民大會同意權之行使，由總統召集國民大會臨時會為之。"
		},
		{
			"number": 400,
			"content": "國民大會秘書長應將總統提名咨文送由主席團提報大會交付審查會審查。"
		},
		{
			"number": 500,
			"content": "審查會由全體國民大會代表組成之。"
		},
		{
			"number": 600,
			"content": "審查會設召集人十一人，由代表互選之。"
		},
		{
			"number": 700,
			"content": "審查會開會時，由召集人互推一人為主席。"
		},
		{
			"number": 800,
			"content": "審查會應有代表總額三分之一以上之出席，始得開會。"
		},
		{
			"number": 900,
			"content": "審查會應分別依司法院組織法、考試院組織法、監察院組織法有關規定，\r\n就被提名人之資格進行審查。\r\n審查會對被提名人之資格如有疑義，得通知其補充資料或為口頭說明。"
		},
		{
			"number": 1000,
			"content": "審查會開會時，得通知被提名人到會說明。代表得就被提名人是否適任之\r\n相關事項進行詢答。"
		},
		{
			"number": 1100,
			"content": "審查會以公開方式行之。必要時得經出席代表過半數之同意改開秘密會議\r\n。"
		},
		{
			"number": 1200,
			"content": "審查會審查完竣後，應提出資格審查報告書，送請大會行使同意權。"
		},
		{
			"number": 1300,
			"content": "大會於聽取審查報告後，應即對左列各款被提名人之同意與否，分別舉行\r\n投票：\r\n　一　司法院院長。\r\n　二　司法院副院長。\r\n　三　大法官。\r\n　四　考試院院長。\r\n　五　考試院副院長。\r\n　六　考試委員。\r\n　七　監察院院長、副院長、監察委員。"
		},
		{
			"number": 1400,
			"content": "同意權票印列被提名人之姓名，由代表以無記名方式就其姓名上端「同意\r\n」或「不同意」欄內，加蓋圈戳，表示同意或不同意。"
		},
		{
			"number": 1500,
			"content": "對被提名人之同意，以國民大會代表總額二分之一以上之出席及出席代表\r\n過半數之同意決定之。"
		},
		{
			"number": 1600,
			"content": "同意權行使之結果，國民大會應於翌日咨復總統。如被提名人未獲法定同\r\n意票數時，總統得於會期內補提人選咨請國民大會同意。"
		},
		{
			"number": 1700,
			"content": "本法自公布日施行。"
		}
	]
}