{
	"pcode": "A0020069",
	"type": "命令",
	"title": "黨團所屬委員參加常設委員會抽籤辦法",
	"url": "https://law.moj.gov.tw/LawClass/LawAll.aspx?pcode=A0020069",
	"category": [
		"立法"
	],
	"lastUpdate": "20090113",
	"isTranslated": false,
	"history": [
		"中華民國九十一年一月十五日立法院第四屆第六會期第十三次會議通過訂定發布全文 10 條",
		"中華民國九十六年十二月七日第六屆第六會期第十四次會議通過修正全文 10 條；並自立法院第七屆立法委員就職日（九十七年二月一日）起施行",
		"中華民國九十八年一月十三日立法院第七屆第二會期第十七次會議通過修正第 9 條條文"
	],
	"divisions": [],
	"articles": [
		{
			"number": 100,
			"content": "本辦法依立法院各委員會組織法第三條之三第四項規定訂定之。"
		},
		{
			"number": 200,
			"content": "本辦法之抽籤，應於立法院各委員會組織法第三條之三第三項所定每年首\r\n次會期黨團應提出名單之限期日後二日內行之。"
		},
		{
			"number": 300,
			"content": "本辦法之抽籤，由副院長主持並代抽，並由人事處負責辦理相關事務。"
		},
		{
			"number": 400,
			"content": "人事處應於抽籤日前一日，將抽籤時間、地點、各黨團於各委員會待抽籤\r\n補足之席次及未決定參加委員會之委員名單，以書面通知各黨團。"
		},
		{
			"number": 500,
			"content": "人事處應備置籤櫃及籤物供抽籤之用。"
		},
		{
			"number": 600,
			"content": "抽籤前，人事處應宣告各黨團於各委員會之分配席次及待抽籤補足之席次\r\n。"
		},
		{
			"number": 700,
			"content": "抽籤事項及順序如下：\r\n一、決定黨團之抽籤順序。\r\n二、決定委員會之抽籤順序。\r\n三、決定委員所參加之委員會。"
		},
		{
			"number": 800,
			"content": "經抽籤決定前條各款事項後，人事處應即宣告並登記。"
		},
		{
			"number": 900,
			"content": "同黨團所屬委員於每年首次會期召集委員選舉人名冊編定前，得互換其所\r\n參加之委員會，並應經黨團負責人簽名後，以書面送人事處。"
		},
		{
			"number": 1000,
			"content": "本辦法經院會通過後施行。\r\n本辦法中華民國九十六年十二月七日院會通過之條文，自立法院第七屆立\r\n法委員就職日起施行。"
		}
	]
}