{
	"pcode": "A0020070",
	"type": "命令",
	"title": "司法院處務規程",
	"url": "https://law.moj.gov.tw/LawClass/LawAll.aspx?pcode=A0020070",
	"category": [
		"司法",
		"院本部",
		"組織目"
	],
	"lastUpdate": "20180212",
	"isTranslated": false,
	"history": [
		"中華民國三十七年八月九日司法院訂定發布全文 37 條",
		"中華民國四十一年十一月十五日司法院（41）院台參字第 431 號令修正發布全文 34 條",
		"中華民國五十九年六月一日司法院令修正發布全文 35 條",
		"中華民國六十五年三月四日司法院令修正發布全文 38 條",
		"中華民國六十九年八月二十五日司法院令修正發布全文 62 條",
		"中華民國七十一年九月二十五日司法院令修正發布",
		"中華民國八十二年六月三十日司法院令修正發布全文 73 條",
		"中華民國九十年十一月九日司法院令修正發布全文 79 條；並自發布日起施行",
		"中華民國一百零四年五月二十九日司法院院台廳司一字第 1040014750 號令修正發布全文 31 條；並自發布日施行",
		"中華民國一百零六年六月十二日司法院院台廳司一字第 1060015889 號令修正發布第 9、15 條條文",
		"中華民國一百零七年二月十二日司法院院台廳司一字第 1070004234 號令修正發布第 9、19 條條文"
	],
	"divisions": [],
	"articles": [
		{
			"number": 100,
			"content": "本規程依司法院組織法（以下簡稱本法）第二十一條訂定之。"
		},
		{
			"number": 200,
			"content": "司法院（以下簡稱本院）人員處理公務，除法令別有規定外，依本規程辦\r\n理。"
		},
		{
			"number": 300,
			"content": "院長綜理院務及監督所屬機關。"
		},
		{
			"number": 400,
			"content": "副院長之職責，除院長授權事項外，依本法及本規程之規定。"
		},
		{
			"number": 500,
			"content": "秘書長承院長之命，處理本院事務，並指揮、監督所屬人員。"
		},
		{
			"number": 600,
			"content": "副秘書長承院長之命，襄助秘書長處理本院事務。"
		},
		{
			"number": 700,
			"content": "院長、副院長、秘書長、副秘書長辦公室各置主任一人，由本院所屬人員\r\n兼任之，辦理長官交辦事項。"
		},
		{
			"number": 800,
			"content": "本院得因業務需要，調所屬法院法官及各級人員至院辦理事務。"
		},
		{
			"number": 900,
			"content": "本院設下列各廳、處、室，並視業務需要分科辦事：\r\n一、民事廳，分四科辦事。\r\n二、刑事廳，分四科辦事。\r\n三、行政訴訟及懲戒廳，分三科辦事。\r\n四、少年及家事廳，分三科辦事。\r\n五、司法行政廳，分四科辦事。\r\n六、大法官書記處，分三科辦事。\r\n七、秘書處，分六科辦事。\r\n八、資訊處，分三科辦事。\r\n九、公共關係處，分四科辦事。\r\n十、參事室。\r\n十一、人事處，分五科辦事。\r\n十二、會計處，分四科辦事。\r\n十三、統計處，分三科辦事。\r\n十四、政風處，分三科辦事。"
		},
		{
			"number": 1000,
			"content": "各廳長、處長及主任參事為各廳、處、室主管，掌理各該單位事務；主任\r\n參事由院長就參事中指派之；各副廳長、副處長協助廳長、處長處理事務\r\n。\r\n各廳、處所屬各科屬員在五人以上且業務繁重者，得分股辦事，股長由薦\r\n任秘書、編審、專員、分析師或薦任科員兼任，不另列等；每一股長屬員\r\n不得少於三人。各科長、股長分掌各科、股事務。"
		},
		{
			"number": 1100,
			"content": "民事廳之職掌如下：\r\n一、民事訴訟審判之行政事項。\r\n二、非訟事件之行政事項。\r\n三、民事調解業務之行政事項。\r\n四、公證、提存事件之行政事項。\r\n五、破產、消費者債務清理事件之行政事項。\r\n六、民事強制執行事件之行政事項。\r\n七、民事有關司法法規之研擬事項。\r\n八、其他交辦事項。"
		},
		{
			"number": 1200,
			"content": "刑事廳之職掌如下：\r\n一、刑事訴訟審判之行政事項。\r\n二、通訊監察案件之行政事項。\r\n三、公設辯護人業務之行政事項。\r\n四、社會秩序維護案件審理之行政事項。\r\n五、刑事補償事件之行政事項。\r\n六、刑事有關司法法規之研擬事項。\r\n七、其他交辦事項。"
		},
		{
			"number": 1300,
			"content": "行政訴訟及懲戒廳之職掌如下：\r\n一、行政訴訟審判及強制執行事件之行政事項。\r\n二、公務員懲戒審理之行政事項。\r\n三、智慧財產訴訟審判及強制執行事件之行政事項。\r\n四、職務法庭審判之行政事項。\r\n五、行政訴訟、公務員懲戒、智慧財產訴訟及職務法庭有關司法法規之研\r\n    擬事項。\r\n六、其他交辦事項。"
		},
		{
			"number": 1400,
			"content": "少年及家事廳之職掌如下：\r\n一、少年事件審理之行政事項。\r\n二、家事事件審理之行政事項。\r\n三、少年保護事件執行業務之行政事項。\r\n四、婦幼權益保護事件之行政事項。\r\n五、少年事件、家事事件及少年保護事件執行有關司法法規之研擬事項。\r\n六、其他交辦事項。"
		},
		{
			"number": 1500,
			"content": "司法行政廳之職掌如下：\r\n一、司法機關組織之規劃、調整及法規研擬事項。\r\n二、全國性司法會議之籌劃、議事事項。\r\n三、本院及所屬機關行政業務研究發展、考核及檢查事項。\r\n四、司法機關之便民禮民服務及訴訟輔導之行政事項。\r\n五、法律扶助制度之研究發展及財團法人法律扶助基金會之監督、管理事\r\n    項。\r\n六、司法制度之法規研擬及推展事項。\r\n七、法官評鑑之行政事項。\r\n八、兩岸司法交流事項。\r\n九、本院及所屬機關房舍新、增、改、擴、遷建之評估事項。\r\n十、司法行政之綜合規劃事項。\r\n十一、其他交辦事項。"
		},
		{
			"number": 1600,
			"content": "大法官書記處之職掌如下：\r\n一、大法官審理案件文書、紀錄、資料之編製及有關事項。\r\n二、大法官解釋之公布、裁判書之公告及通知事項。\r\n三、大法官解釋、裁判彙編；各國憲法審判與釋憲制度相關資料之蒐集、\r\n    編譯及研究事項。\r\n四、依法令由實任法官協助大法官辦理案件之事項。\r\n五、依法令由大法官助理辦理之事項。\r\n六、大法官審理案件法庭開閉及有關司法警察之行政事項。\r\n七、與大法官行使職權有關司法法規之研擬事項。\r\n八、大法官行政會議有關事務及與大法官行使職權相關之行政事項。\r\n九、大法官助理聘任相關之規劃事項。\r\n十、其他交辦事項。"
		},
		{
			"number": 1700,
			"content": "秘書處之職掌如下：\r\n一、施政計畫之彙編事項。\r\n二、文書、檔案管理事項。\r\n三、印信典守事項。\r\n四、本院及所屬機關房舍新、增、改、擴、遷建新興房屋建築計畫之審核\r\n    及彙辦事項。\r\n五、司法院會議之議事事項。\r\n六、公報之編印及發行事項。\r\n七、圖書、刊物之蒐集、編目及管理事項。\r\n八、防空、疏散、消防、防災及防護團組訓事項。\r\n九、本院工友、技工及駕駛之管理及所屬各機關上開人員預算員額之規劃\r\n    等事項。\r\n十、本院工友、技工、駕駛及約聘（僱）人員勞工保險及全民健康保險事\r\n    項。\r\n十一、工程、財物及勞務採購事項。\r\n十二、國有公用財產、物品及車輛管理事項。\r\n十三、醫療服務及衛生保健指導事項。\r\n十四、出納及其他事務管理事項。\r\n十五、其他交辦事項。"
		},
		{
			"number": 1800,
			"content": "資訊處之職掌如下：\r\n一、司法資訊體系之整體規劃事項。\r\n二、司法資訊軟體之研究、開發事項。\r\n三、所屬機關資訊系統設置之諮詢、指導事項。\r\n四、司法資訊設備相互支援之輔導、協調事項。\r\n五、司法資訊業務有關人員之訓練事項。\r\n六、司法資訊之蒐集、督導、考核、管理及維護事項。\r\n七、其他交辦事項。"
		},
		{
			"number": 1900,
			"content": "公共關係處之職掌如下：\r\n一、立法院之聯絡協調、預算案及法案之推動事項。\r\n二、監察委員巡察之聯絡協調事項。\r\n三、新聞聯繫、發布、資料之處理及輿情即時回應事項。\r\n四、司法政策宣導事項。\r\n五、國際及國內交流訪問之接待事項。\r\n六、與其他機關及社會各界之聯絡事項。\r\n七、本院簡介、年鑑及大事紀要之編纂事項。\r\n八、促進公共關係之研究與建議事項。\r\n九、推廣與本院業務相關之法治教育事項。\r\n十、其他交辦事項。"
		},
		{
			"number": 2000,
			"content": "參事室之職掌如下：\r\n一、法令之撰擬、審核及綜合彙整事項。\r\n二、法制意見之提供事項。\r\n三、本院法規動態之統計事項。\r\n四、法制業務綜合協調聯繫事項。\r\n五、司法周刊之編輯、印製及發行事項。\r\n六、司法相關政策、業務專題文選之編輯、印製及發行事項。\r\n七、其他交辦事項。"
		},
		{
			"number": 2100,
			"content": "人事處之職掌如下：\r\n一、機關員額編制及人力規劃事項。\r\n二、本院及所屬機關職員之任免、遷調、訓練、考績、獎懲、退休（職）\r\n    、資遣及撫卹之事項。\r\n三、司法人事制度、工作計畫、業務報告及人事法規之研擬事項。\r\n四、人事業務相關委員會之規劃、議事之行政事項。\r\n五、其他交辦事項。"
		},
		{
			"number": 2200,
			"content": "會計處之職掌如下：\r\n一、擬訂各級法院各種有關歲計會計制度方案。\r\n二、司法概算之籌編及所屬各機關預算執行之查核事項。\r\n三、主管決算審核與編製事項。\r\n四、本院及所屬機關會計人員之任免、遷調、訓練、考績、獎懲、退休（\r\n    職）、資遣及撫卹之事項。\r\n五、其他交辦事項。"
		},
		{
			"number": 2300,
			"content": "統計處之職掌如下：\r\n一、本院及所屬機關公務統計方案之設計，及司法統計法令之研擬、執行\r\n    及解釋事項。\r\n二、本院公務統計月報、年報查編，及各級法院公務統計月報、年報之審\r\n    核、彙編事項。\r\n三、本院及所屬機關統計業務之策劃、推展、督導及考核等事項。\r\n四、本院及所屬機關統計人員之任免、遷調、訓練、考績、獎懲、退休（\r\n    職）、資遣及撫卹之事項。\r\n五、其他交辦事項。"
		},
		{
			"number": 2400,
			"content": "政風處之職掌如下：\r\n一、本院及所屬機關廉政之宣導及社會參與事項。\r\n二、廉政法令、預防措施之擬訂、推動及執行事項。\r\n三、廉政興革建議之擬訂、協調及推動事項。\r\n四、公職人員財產申報、利益衝突迴避及廉政倫理相關業務事項。\r\n五、機關有關之貪瀆與不法事項之處理事項。\r\n六、對於具有貪瀆風險業務之清查事項。\r\n七、警衛、機關安全、公務機密維護事項。\r\n八、假冒司法人員名義招搖撞騙之預防追查事項。\r\n九、本院及所屬機關政風人員之任免、遷調、訓練、考績、獎懲、退休（\r\n    職）、資遣及撫卹之事項。\r\n十、其他交辦事項。"
		},
		{
			"number": 2500,
			"content": "本院各廳、處、室職掌項目，除本規程所定事項外，並依本院處理公務分\r\n層負責實施要點之規定辦理。\r\n前項分層負責實施要點，另定之。"
		},
		{
			"number": 2600,
			"content": "本院經費在一定金額以下者，得授權主管人員處理之；其數額另定之。"
		},
		{
			"number": 2700,
			"content": "本院每月舉行業務會報一次，必要時得舉行臨時業務會報，均由秘書長召\r\n集並主持之。"
		},
		{
			"number": 2800,
			"content": "業務會報應出席之人員如下：\r\n一、秘書長。\r\n二、副秘書長。\r\n三、各廳長、處長。\r\n四、主任參事。\r\n五、秘書長指定之人員。"
		},
		{
			"number": 2900,
			"content": "業務會報之範圍如下：\r\n一、工作報告。\r\n二、業務聯繫、檢討及改進。\r\n三、各出席人員建議事項。\r\n四、臨時交議事項。\r\n業務會報決定事項，由各單位主管負責執行；關於重大事項之決定，由秘\r\n書長報請院長核准行之。"
		},
		{
			"number": 3000,
			"content": "各廳、處、室為提升業務品質及行政效能，每季及每年年終得舉行業務檢\r\n討會一次。必要時，並得跨單位共同舉辦之。"
		},
		{
			"number": 3100,
			"content": "本規程自發布日施行。"
		}
	]
}