{
	"pcode": "A0020180",
	"type": "命令",
	"title": "國家發展委員會委員會議議事規則",
	"url": "https://law.moj.gov.tw/LawClass/LawAll.aspx?pcode=A0020180",
	"category": [
		"行政",
		"國家發展委員會",
		"組織目"
	],
	"lastUpdate": "20171107",
	"isTranslated": false,
	"history": [
		"中華民國一百零三年四月七日國家發展委員會發秘字第 1031800483 號令訂定發布全文 12 條；並自發布日施行",
		"中華民國一百零六年十一月七日國家發展委員會發秘字第 1061802492 號令修正發布第 4、6 條條文"
	],
	"divisions": [],
	"articles": [
		{
			"number": 100,
			"content": "為規範國家發展委員會（以下簡稱本會）委員會議相關運作事宜，以增進\r\n議事品質並發揮政策規劃、協調及統合功能，特訂定本規則。"
		},
		{
			"number": 200,
			"content": "本會委員會議（以下簡稱委員會議）由本會主任委員及委員組成，由主任\r\n委員召集並為主席，主任委員因故未能召集或出席時，應指定委員代理之\r\n。"
		},
		{
			"number": 300,
			"content": "委員會議以委員合計過半數之出席為法定人數。委員應親自出席委員會議\r\n，因故未能親自出席時，得指派代表出席。\r\n前項指派之代表列入出席人數，並參與會議發言及表決。"
		},
		{
			"number": 400,
			"content": "委員會議依本會組織法第二條行使職權，議決下列事項：\r\n一、逾半數部會業務相關事項。\r\n二、與地方建設相關事項。\r\n三、其他重要事項。"
		},
		{
			"number": 500,
			"content": "委員會議以每月舉行一次為原則；必要時，得召開臨時會議。"
		},
		{
			"number": 600,
			"content": "委員會議議程，依下列次序編製：\r\n一、報告事項。\r\n二、討論事項。\r\n三、臨時動議。\r\n議案之進行，依議程所列之順序；必要時，主席得變更之。"
		},
		{
			"number": 700,
			"content": "委員會議紀錄分別載明下列事項：\r\n一、會議次數。\r\n二、會議時間。\r\n三、會議地點。\r\n四、主席、出席及列席人員姓名。\r\n五、紀錄人員姓名。\r\n六、報告事項之案由、內容及其決定。\r\n七、討論事項之案由、內容及其決議。\r\n八、其他應行記載之事項。\r\n委員會議紀錄，應於下次會議開會前分送各出、列席人員。如有遺漏、錯\r\n誤或再修正意見，得於紀錄人員宣讀後，提請主席裁定更正或修正。"
		},
		{
			"number": 800,
			"content": "本會副主任委員、主任秘書、相關業務單位主管得列席委員會議；必要時\r\n，得指定或邀請下列人員列席：\r\n一、行政院相關業務單位主管。\r\n二、專家學者。\r\n三、其他有關人員。"
		},
		{
			"number": 900,
			"content": "委員會議議程之編訂，開會時之紀錄及其他有關事項，由本會秘書室辦理\r\n之。"
		},
		{
			"number": 1000,
			"content": "委員會議之決定、決議事項，需要發布新聞者，由本會發言人統一發布。"
		},
		{
			"number": 1100,
			"content": "委員會議出、列席及紀錄人員對會議之內容，應恪遵公務員服務法第四條\r\n之規定，對外應嚴守秘密。"
		},
		{
			"number": 1200,
			"content": "本規則自發布日施行。"
		}
	]
}