{
	"pcode": "A0020190",
	"type": "命令",
	"title": "國史館臺灣文獻館特展室場地使用規費收費標準",
	"url": "https://law.moj.gov.tw/LawClass/LawAll.aspx?pcode=A0020190",
	"category": [
		"總統",
		"總統府",
		"國史館目"
	],
	"lastUpdate": "20180309",
	"isTranslated": false,
	"attachments": [
		"https://law.moj.gov.tw/LawClass/LawGetFile.ashx?FileId=0000214766"
	],
	"history": [
		"中華民國一百零七年三月九日國史館臺灣文獻館臺秘字第 1070000680 號令訂定發布全文 6 條；並自發布日施行"
	],
	"divisions": [],
	"articles": [
		{
			"number": 100,
			"content": "本標準依據規費法第十條第一項規定訂定之。"
		},
		{
			"number": 200,
			"content": "本標準所稱特展室，為福爾摩沙特展室、鯤島風華特展室、蓬萊鄉情特展\r\n室及史蹟大樓特展室。"
		},
		{
			"number": 300,
			"content": "申請使用特展室場地，應徵收使用規費，其收費基準如附表。"
		},
		{
			"number": 400,
			"content": "各級政府或所屬機關學校自行舉辦或與本館聯合舉辦之活動，使用特展室\r\n場地，得免收費用。"
		},
		{
			"number": 500,
			"content": "本標準之收費基準，應視物價、市場行情變動或成本變動，每三年至少檢\r\n討一次。"
		},
		{
			"number": 600,
			"content": "本標準自發布日施行。"
		}
	]
}