{
	"pcode": "A0020059",
	"type": "命令",
	"title": "立法院議事規則",
	"url": "https://law.moj.gov.tw/LawClass/LawAll.aspx?pcode=A0020059",
	"category": [
		"立法"
	],
	"lastUpdate": "20161111",
	"isTranslated": false,
	"history": [
		"中華民國三十七年五月二十日立法院第一會期第二次會議訂定",
		"中華民國三十七年十一月十九日立法院第二會期第二十一次會議修正",
		"中華民國四十二年一月十九日立法院第十次會期第三十次會議修正",
		"中華民國四十四年十一月二十九日立法院第十六會期第十九次會議修正",
		"中華民國四十五年四月十三日立法院第十七會期第十四次會議修正",
		"中華民國四十九年四月一日立法院第二十五會期第十二次會議修正",
		"中華民國五十六年十二月二十六日立法院第四十會期第二十七次會議修正",
		"中華民國五十七年八月六日立法院第四十一會期第三十七次會議修正",
		"中華民國六十九年十二月二十六日立法院第六十六會期第二十六次會議通過修正第 10、15、23、33、67、68、87 條條文",
		"中華民國七十五年七月八日立法院第七十七會期第四十一次會議通過修正第 3、4、12、15、18、21、45、67、68、69、87 條；並增訂第 87-1 條條文",
		"中華民國七十八年七月十三日立法院第八十三會期第四十四次會議修正",
		"中華民國八十年三月十三日立法院第八十七會期第七次會議修正",
		"中華民國八十年六月十四日立法院第八十七會期第三十六次會議修正",
		"中華民國八十一年一月七日立法院第八十八會期第三十四次會議修正",
		"中華民國八十二年一月十五日立法院第九十會期第二十三次會議修正",
		"中華民國八十三年十一月十日立法院第二屆第四次會期第十八次會議修止通過第 29 條條文",
		"中華民國八十八年一月十二日立法院第三屆第六次會期第十四次會議修正通過全文 63 條",
		"中華民國八十九年五月十二日立法院第四屆第三會期第十五次會議修正",
		"中華民國九十一年一月十五日立法院第四屆第六會期第十三次會議通過修正發布全文 63 條",
		"中華民國九十一年十一月二十九日立法院第五屆第二會期第十二次會議通過修正發布第 22 條條文",
		"中華民國九十六年六月十四日立法院第六屆第五會期第十七次會議通過修正第 22 條條文",
		"中華民國九十六年十一月三十日第六屆第六會期第十三次會議通過修正第 8、9、11、14、17、23、26、32、33、35、39、42、46、57、63 條條文；並自立法院第七屆立法委員就職日（九十七年二月一日）起施行",
		"中華民國九十七年十二月二十六日立法院第七屆第二會期第十五次會議通過修正第 57 條條文",
		"中華民國一百零五年十一月十一日立法院第 9 屆第 2 會期第 10 次會議通過修正第 61 條條文"
	],
	"divisions": [
		{
			"type": "章",
			"number": 100,
			"title": "總則",
			"start": 100,
			"end": 600
		},
		{
			"type": "章",
			"number": 200,
			"title": "委員提案",
			"start": 700,
			"end": 1200
		},
		{
			"type": "章",
			"number": 300,
			"title": "議事日程",
			"start": 1300,
			"end": 1800
		},
		{
			"type": "章",
			"number": 400,
			"title": "開會",
			"start": 1900,
			"end": 2700
		},
		{
			"type": "章",
			"number": 500,
			"title": "討論",
			"start": 2800,
			"end": 3300
		},
		{
			"type": "章",
			"number": 600,
			"title": "表決",
			"start": 3400,
			"end": 4100
		},
		{
			"type": "章",
			"number": 700,
			"title": "復議",
			"start": 4200,
			"end": 4500
		},
		{
			"type": "章",
			"number": 800,
			"title": "秘密會議",
			"start": 4600,
			"end": 5200
		},
		{
			"type": "章",
			"number": 900,
			"title": "議事錄",
			"start": 5300,
			"end": 5600
		},
		{
			"type": "章",
			"number": 1000,
			"title": "附則",
			"start": 5700,
			"end": 6300
		}
	],
	"articles": [
		{
			"number": 100,
			"content": "本規則依立法院職權行使法第七十六條規定訂定之。"
		},
		{
			"number": 200,
			"content": "本院會議，除憲法、立法院組織法、立法院各委員會組織法、立法院職權\r\n行使法及立法委員行為法另有規定外，依本規則行之。"
		},
		{
			"number": 300,
			"content": "立法委員席次於每屆第一會期開議三日前，由院長召集各黨團會商定之。\r\n席次如有變更時亦同。\r\n前項席次於開議前一日仍未商定者，由委員親自抽籤定之。"
		},
		{
			"number": 400,
			"content": "立法委員因事故不能出席本院會議時，應通知議事處請假，未請假者列為\r\n缺席。"
		},
		{
			"number": 500,
			"content": "本院會議，祕書長應列席，祕書長因事故不能列席時，由副祕書長列席，\r\n並配置職員辦理會議事項。"
		},
		{
			"number": 600,
			"content": "本院會議出席者及列席者，均應署名於簽到簿。"
		},
		{
			"number": 700,
			"content": "議案之提出，以書面行之，如係法律案，應附具條文及立法理由。"
		},
		{
			"number": 800,
			"content": "立法委員提出之法律案，應有十五人以上之連署；其他提案，除另有規定\r\n外，應有十人以上之連署。\r\n連署人不得發表反對原提案之意見；提案人撤回提案時，應先徵得連署人\r\n之同意。"
		},
		{
			"number": 900,
			"content": "出席委員提出臨時提案，以亟待解決事項為限，應於當次會議上午十時前\r\n，以書面提出，並應有十人以上之連署。每人每次院會臨時提案以一案為\r\n限，於下午五時至六時處理之，提案人之說明，每案以一分鐘為限。\r\n臨時提案之旨趣，如屬邀請機關首長報告案者，由主席裁決交相關委員會\r\n。其涉及各機關職權行使者，交相關機關研處。\r\n法律案不得以臨時提案提出。\r\n臨時提案如具有時效性之重大事項，得由會議主席召開黨團協商會議，協\r\n商同意者，應即以書面提交院會處理。"
		},
		{
			"number": 1000,
			"content": "經否決之議案，除復議外，不得再行提出。"
		},
		{
			"number": 1100,
			"content": "修正動議，於原案二讀會廣泛討論後或三讀會中提出之，並須經十人以上\r\n之連署或附議，始得成立。\r\n修正動議應連同原案未提出修正部分，先付討論。\r\n修正動議之修正動議，其處理程序，比照前二項之規定。\r\n對同一事項有兩個以上修正動議時，應俟提出完畢並成立後，就其與原案\r\n旨趣距離較遠者，依次提付討論；其無距離遠近者，依其提出之先後。"
		},
		{
			"number": 1200,
			"content": "修正動議在未經議決前，原動議人徵得連署或附議人之同意，得撤回之。"
		},
		{
			"number": 1300,
			"content": "議事日程應按每會期開會次數，依次分別編製。"
		},
		{
			"number": 1400,
			"content": "議事日程應記載開會年、月、日、時，分列報告事項、質詢事項、討論事\r\n項或選舉等其他事項，並附具各議案之提案全文、審查報告暨關係文書。\r\n由政府提出之議案及委員所提法律案，於付審查前，應先列入報告事項。\r\n經委員會審查報請院會不予審議之議案，應列入報告事項。但有出席委員\r\n提議，十五人以上連署或附議，經表決通過，應交付程序委員會改列討論\r\n事項。"
		},
		{
			"number": 1500,
			"content": "本院會議審議政府提案與委員提案，性質相同者，得合併討論。\r\n前項議案之排列，由程序委員會定之。"
		},
		{
			"number": 1600,
			"content": "議事日程由祕書長編擬，經程序委員會審定後付印；除有特殊情形外，至\r\n遲於開會前二日送達。"
		},
		{
			"number": 1700,
			"content": "遇應先處理事項未列入議事日程，或已列入而順序在後者，主席或出席委\r\n員得提議變更議事日程；出席委員之提議，並應經十五人以上之連署或附\r\n議。\r\n前項提議，不經討論，逕付表決。"
		},
		{
			"number": 1800,
			"content": "議事日程所定議案未能開議，或議而未能完結者，由程序委員會編入下次\r\n議事日程。"
		},
		{
			"number": 1900,
			"content": "本院每屆第一會期首日舉行預備會議，依下列程序進行之：\r\n一、委員報到。\r\n二、就職宣誓。\r\n三、推選會議主席。\r\n四、院長選舉：\r\n (一) 投票。\r\n (二) 開票。\r\n (三) 宣布選舉結果。\r\n五、副院長選舉：\r\n (一) 投票。\r\n (二) 開票。\r\n (三) 宣布選舉結果。\r\n前項第四款及第五款之選舉，如第一次投票未能選出時，依序繼續進行第\r\n二次投票。\r\n第一項會議之時程，由祕書長定之。"
		},
		{
			"number": 2000,
			"content": "本院會議於每星期二、星期五開會，必要時經院會議決，得增減會次。\r\n本院會議超過一日者，經黨團協商之同意，得合併若干日為一次會議。"
		},
		{
			"number": 2100,
			"content": "本院舉行會議時，出席委員不得提出更正議事錄、臨時提案、會議詢問、\r\n權宜問題、秩序問題或其他程序之動議，但得以書面為之。"
		},
		{
			"number": 2200,
			"content": "本院會議開會時間為上午九時至下午六時。但舉行質詢時，延長至排定委\r\n員質詢結束為止。\r\n出席委員得於每次院會時間上午九時起，就國是問題發表意見，時間不得\r\n逾一小時；依其抽籤順序，每人發言三分鐘，並應遵守立法委員行為法第\r\n七條第一項之規定。發言時間屆至，應即停止發言，離開發言台。\r\n前項委員發言之順序，應於每次院會上午七時至八時四十分登記，並於上\r\n午八時四十分抽籤定之。\r\n已屆上午十時，不足法定人數，主席得延長之，延長兩次，仍不足法定人\r\n數時，主席即宣告延會。"
		},
		{
			"number": 2300,
			"content": "議事日程所列報告事項，按次序報告之。\r\n報告事項內程序委員會所擬處理辦法，如有出席委員提議，八人以上連署\r\n或附議，得提出異議，不經討論，逕付表決。如在場委員不足表決法定人\r\n數時，交程序委員會重新提出。\r\n前項出席委員提出異議時，不足連署或附議人數，依程序委員會所擬處理\r\n辦法通過。"
		},
		{
			"number": 2400,
			"content": "報告事項畢，除有變更議程之動議外，主席即宣告進行討論事項。"
		},
		{
			"number": 2500,
			"content": "院會進行中，主席得酌定時間，宣告休息。"
		},
		{
			"number": 2600,
			"content": "議事日程所列之議案議畢，或散會時間已屆，主席即宣告散會。\r\n會議進行中，出席委員得提出散會之動議，經十五人以上連署或附議，不\r\n經討論，由主席逕付表決。"
		},
		{
			"number": 2700,
			"content": "散會時間已屆而議事未畢，主席得徵詢出席委員同意，酌定延長時間。"
		},
		{
			"number": 2800,
			"content": "主席於宣告進行討論事項後，即照議事日程所列議案次序逐案提付討論。"
		},
		{
			"number": 2900,
			"content": "出席委員請求發言，應親自向主席台議事處簽名登記，並依登記順序發言\r\n，如經雙方同意者，得互調發言順序。\r\n登記發言之委員，經主席唱名三次仍不在場者，視為棄權。\r\n主席得於討論適當時間，宣告截止發言之登記。"
		},
		{
			"number": 3000,
			"content": "委員發言之時間，由主席於發言前宣告之。\r\n超過前項時間者，主席得中止其發言。"
		},
		{
			"number": 3100,
			"content": "除下列情形外，每一委員就同一議題之發言，以一次為限：\r\n一、說明提案之要旨。\r\n二、說明審查報告之要旨。\r\n三、質疑或答辯。"
		},
		{
			"number": 3200,
			"content": "預備會議時，出席委員提出權宜問題、秩序問題、會議詢問或其他程序之\r\n動議時，主席應為決定之宣告。\r\n院會時，出席委員提出權宜問題、秩序問題、會議詢問或其他程序之動議\r\n時，應以書面提出，由主席逕為決定之宣告。\r\n前二項宣告，如有出席委員提出異議，經十五人以上連署或附議，不經討\r\n論，主席即付表決。該異議未獲出席委員過半數贊成時，仍維持主席之宣\r\n告。"
		},
		{
			"number": 3300,
			"content": "主席對於議案之討論，認為已達可付表決之程度時，經徵得出席委員同意\r\n後，得宣告停止討論。\r\n出席委員亦得提出停止討論之動議，經十五人以上連署或附議，不經討論\r\n，由主席逕付表決。"
		},
		{
			"number": 3400,
			"content": "討論終結或停止討論之議案，出席委員有異議時，主席得提付表決。如當\r\n場不能進行第三十五條第一項第二款至第五款之表決時，主席應即宣告定\r\n期表決及表決日期，並於表決前三日通知之。"
		},
		{
			"number": 3500,
			"content": "本院議案之表決方法如下：\r\n一、口頭表決。\r\n二、舉手表決。\r\n三、表決器表決。\r\n四、投票表決。\r\n五、點名表決。\r\n前項第一款至第四款所列方法之採用，由主席決定宣告之。第五款所列方\r\n法，經出席委員提議，二十五人以上之連署或附議，不經討論，由主席逕\r\n付表決。但有關人事問題之議案，不適用記名或點名表決方法。\r\n採用表決器記名表決，須經出席委員十五人以上之連署或附議。"
		},
		{
			"number": 3600,
			"content": "表決，應就可否兩方依次行之。\r\n用口頭方法表決，不能得到結果時，改用舉手或其他方法表決。\r\n用舉手或表決器方法表決，可否兩方均不過半數時，應重行表決；重行表\r\n決時，以多數為可決。\r\n用投票或點名方法表決，可否兩方均不過半數時，本案不通過。"
		},
		{
			"number": 3700,
			"content": "修正動議討論終結，應先提付表決；表決得可決時，次序在後之同一事項\r\n修正動議，無須再討論及表決。修正動議提付表決時，應連同未修正部分\r\n合併宣讀。"
		},
		{
			"number": 3800,
			"content": "主席宣告提付表決後，出席委員不得提出其他動議。但與表決有關之程序\r\n問題，不在此限。"
		},
		{
			"number": 3900,
			"content": "出席委員對於表決結果提出異議時，經十五人以上連署或附議，得要求重\r\n付表決。但以一次為限。\r\n用投票或點名方法表決，非有足以明顯影響表決結果之重大瑕疵者，不得\r\n要求重付表決。"
		},
		{
			"number": 4000,
			"content": "表決之結果，應當場報告，並記錄之。"
		},
		{
			"number": 4100,
			"content": "院會進行中，出席委員對於在場人數提出疑問，經清點不足法定人數時，\r\n不得進行表決。"
		},
		{
			"number": 4200,
			"content": "決議案復議之提出，應具備下列各款：\r\n一、證明動議人確為原案議決時之出席委員，而未曾發言反對原決議案者\r\n    ；如原案議決時，係依表決器或投票記名表決或點名表決，並應證明\r\n    為贊成原決議案者。\r\n二、具有與原決議案不同之理由。\r\n三、二十人以上之連署或附議。"
		},
		{
			"number": 4300,
			"content": "復議動議，應於原案表決後下次院會散會前提出之。但討論之時間，由主\r\n席徵得出席委員同意後決定之。"
		},
		{
			"number": 4400,
			"content": "對於法律案、預算案部分或全案之復議，得於二讀或三讀後，依前兩條之\r\n規定行之。"
		},
		{
			"number": 4500,
			"content": "復議動議經表決後，不得再為復議之動議。"
		},
		{
			"number": 4600,
			"content": "本院秘密會議，除討論憲法第六十三條所定各案，或經行政院院長、各部\r\n會首長請開者外，應於本院定期院會以外之日期舉行。但有時間性者，不\r\n在此限。\r\n在公開會議進行中，有改開秘密會議之必要時，除法律另有規定外，得由\r\n主席或出席委員提議改開秘密會議，不經討論，逕付表決；出席委員之提\r\n議，並應經十五人以上之連署或附議。"
		},
		{
			"number": 4700,
			"content": "本院舉行秘密會議時，除立法委員及由主席指定之列席人員暨會場員工外\r\n，其他人員均不得入場。\r\n立法委員憑出席證入場。列席人員及會場員工憑特別通行證入場。\r\n秘密會議開始前，祕書長應將列席人員及會場員工人數、姓名、職別，一\r\n併報告。"
		},
		{
			"number": 4800,
			"content": "秘密會議中之秘密文件，由祕書處指定專人蓋印、固封、編定號數，分送\r\n各委員簽收；其有收回必要者，當場分發，當場收回，不得攜出會場。\r\n關於繕印、保管、分發秘密文件之手續，及指定負責辦理此等事項員工之\r\n管理，由祕書處另定辦法，嚴格執行。"
		},
		{
			"number": 4900,
			"content": "秘密會議議事日程中，政府首長報告案，必要時得列入報告事項第一案。"
		},
		{
			"number": 5000,
			"content": "秘密會議之紀錄及決議，立法委員、列席人員及本院員工，不得以任何方\r\n式，對外宣洩。\r\n關於秘密會議，如須發表新聞時，其稿件應經院長核定之。"
		},
		{
			"number": 5100,
			"content": "秘密會議文件，除法令另有規定者外，於全案通過，總統公布後，得予公\r\n開。但有關國防、外交及其他機密文件已失秘密時效者，得由院長於每會\r\n期終了前，報告院會解密之。"
		},
		{
			"number": 5200,
			"content": "立法委員違反本規則第五十條規定者，應付紀律委員會議處；本院員工違\r\n反者，由院長依法處分之；列席人員違反者，由本院函各該主管機關依法\r\n辦理。"
		},
		{
			"number": 5300,
			"content": "議事錄應記載下列事項：\r\n一、屆別、會次及其年、月、日、時。\r\n二、會議地點。\r\n三、出席者之姓名、人數。\r\n四、請假者之姓名、人數。\r\n五、缺席者之姓名、人數。\r\n六、列席者之姓名、職別。\r\n七、主席。\r\n八、記錄者姓名。\r\n九、報告及報告者姓名、職別，暨報告後決定事項。\r\n十、議案及決議。\r\n十一、表決方法及可否之數。\r\n十二、其他事項。"
		},
		{
			"number": 5400,
			"content": "每次院會之議事錄，於下次院會時，由祕書長宣讀，每屆最後一次院會之\r\n議事錄，於散會前宣讀。\r\n前項議事錄，出席委員如認為有錯誤、遺漏時，應以書面提出，由主席逕\r\n行處理。"
		},
		{
			"number": 5500,
			"content": "議事錄應印送全體委員，經宣讀後，除認為秘密事項外，並登載本院公報\r\n。"
		},
		{
			"number": 5600,
			"content": "院會中出席委員及列席人員之發言，應由速記人員詳為記錄，並將速記錄\r\n印送全體委員。"
		},
		{
			"number": 5700,
			"content": "各種委員會會議關於連署或附議人數，應依本規則所定人數五分之一比例\r\n行之。\r\n各種委員會會議得不適用本規則第三十一條之規定。"
		},
		{
			"number": 5800,
			"content": "各種委員會會議列席委員得就議案發表意見或詢問。但不得提出程序問題\r\n及修正動議。"
		},
		{
			"number": 5900,
			"content": "符合立法院組織法第三十三條規定之黨團，除法律另有規定外，得以黨團\r\n名義提案，不受本規則有關連署或附議人數之限制。"
		},
		{
			"number": 6000,
			"content": "各種委員會委員發言之登記，由委員於開會前一小時起，親自登記於該委\r\n員會登記簿；該委員會委員在開會前登記者，得優先發言。"
		},
		{
			"number": 6100,
			"content": "各種委員會開會時，除出、列席、會務工作人員及持本院核發採訪證人員\r\n外，其餘人員經會議主席同意後，始得進入旁聽。"
		},
		{
			"number": 6200,
			"content": "本院會議旁聽規則、採訪規則，由院長訂定，報告院會後施行。"
		},
		{
			"number": 6300,
			"content": "本規則由本院會議通過後施行。\r\n本規則中華民國九十六年十一月三十日院會通過之條文，自立法院第七屆\r\n立法委員就職日起施行。"
		}
	]
}