{
	"pcode": "A0020019",
	"type": "命令",
	"title": "國民大會補選副總統投票及開票辦法",
	"url": "https://law.moj.gov.tw/LawClass/LawAll.aspx?pcode=A0020019",
	"category": [
		"國民大會（憲法國民大會章條文已停止適用）"
	],
	"lastUpdate": "19990615",
	"isTranslated": false,
	"history": [
		"中華民國八十七年七月二十九日第三屆國民大會第三次會議第五次大會通過",
		"中華民國八十八年六月十五日第三屆國民大會第四次會議第三次大會修正通過全文 16 條"
	],
	"divisions": [],
	"articles": [
		{
			"number": 100,
			"content": "本辦法依國民大會補選副總統辦法第十條訂定之。"
		},
		{
			"number": 200,
			"content": "國民大會補選副總統時，應在會場內分別設置投票及開票處所。"
		},
		{
			"number": 300,
			"content": "投票及開票監察員，由代表推派若干人擔任。其職務分配，由大會主席決\r\n定之。"
		},
		{
			"number": 400,
			"content": "每一投票處設置投票監察員一組，其職務分配如左：\r\n一、發票監察員：監察發票處，每處若干人。於投票開始前，向大會主席\r\n    領取選舉票，查點數目，監察發票；投票完畢後，查點發出數目及用\r\n    餘票數，報告大會主席。\r\n二、票匭監察員：監察投票匭，每匭一人。於投票開始前，當眾開驗票匭\r\n    並加封鎖；投票完畢後，再加貼封條。\r\n前項所需工作人員，由秘書長指派，受投票監察員之指揮監督，辦理有關\r\n事宜。"
		},
		{
			"number": 500,
			"content": "大會主席宣布投票起訖時間後，出席代表前往指定之發票處，依次憑宣誓\r\n後核發之「國民大會代表證」親自簽名領票。其未攜帶「國民大會代表證\r\n」之代表，經取得證明，再行投票。\r\n代表不得將選舉票攜出場外。"
		},
		{
			"number": 600,
			"content": "代表領取選舉票後，即往圈票處就選舉票上所列之候選人，以本會製備之\r\n圈戳圈選，並親自投入票匭內。\r\n代表圈選後不得將圈選內容出示他人。"
		},
		{
			"number": 700,
			"content": "投票時間截止，由大會主席宣布，並按鈴為號。"
		},
		{
			"number": 800,
			"content": "代表在大會主席宣告截止投票後始到場者，以棄權論。"
		},
		{
			"number": 900,
			"content": "投票完畢後，由大會主席宣告開票時間，並按鈴為號。"
		},
		{
			"number": 1000,
			"content": "開票應在會場內公開辦理之。"
		},
		{
			"number": 1100,
			"content": "每一開票處設置開票監察員一組，其職務分配如左：\r\n一、票匭監察員：於開票前當眾驗明票匭封識，並監督啟封取票及遞交驗\r\n    票。\r\n二、驗票監察員：查驗有無廢票並在廢票上加蓋章戳。\r\n三、唱票監察員：監察唱票及記票，並將唱完之票遞交整理人員記錄。\r\n四、計票監察員：監察整理人員記錄得票統計及總票數之核對。\r\n前項所需工作人員，由秘書長指派，受開票監察員之指揮監督，辦理有關\r\n事宜。"
		},
		{
			"number": 1200,
			"content": "廢票之認定由驗票監察員共同決定後當眾宣布。\r\n前項廢票認定之標準如左：\r\n一、不用大會發給之選舉票者。\r\n二、未加圈選者。\r\n三、不圈在候選人姓氏上端方格內，致不能確定被選舉人者。\r\n四、毀損或污損選舉票者。\r\n五、記入其他文字或符號者。\r\n六、圈選後加以塗改者。\r\n七、不用本會製備之圈戳圈選者。"
		},
		{
			"number": 1300,
			"content": "開票完畢後，由開票監察員將開票情形及左列各項紀錄，造具報告書送交\r\n大會主席：\r\n一、發票數額。\r\n二、投票數額。\r\n三、廢票數額。\r\n四、候選人得票數額。"
		},
		{
			"number": 1400,
			"content": "大會主席應於開票結束後，當場宣布投、開票結果。"
		},
		{
			"number": 1500,
			"content": "投票監察員、開票監察員及有關投、開票工作人員均應佩帶標識，其他人\r\n員不得進入投票及開票處。"
		},
		{
			"number": 1600,
			"content": "本辦法經國民大會通過後施行，修正時亦同。"
		}
	]
}