{
	"pcode": "A0020011",
	"type": "命令",
	"title": "國民大會聽取總統國情報告並檢討國是提供建言實施辦法",
	"url": "https://law.moj.gov.tw/LawClass/LawAll.aspx?pcode=A0020011",
	"category": [
		"國民大會（憲法國民大會章條文已停止適用）"
	],
	"lastUpdate": "19980728",
	"isTranslated": false,
	"history": [
		"中華民國八十二年一月四日第二屆國民大會第二次臨時會第二次大會通過",
		"中華民國八十四年八月十六日第二屆國民大會第五次會議第十三次大會修正通過",
		"中華民國八十五年七月九日第三屆國民大會第一次會議第三次大會修正通過",
		"中華民國八十六年五月七日第三屆國民大會第二次會議程序委員會第一次會議決議第二條「主席團」文字修正為「程序委員會」並提報五月八日第二次大會",
		"中華民國八十七年七月二十八日第三屆國民大會第三次會議第四次大會修正通過第 1 條條文"
	],
	"divisions": [],
	"articles": [
		{
			"number": 100,
			"content": "本辦法依憲法增修條文第一條第五項及第八項訂定之。"
		},
		{
			"number": 200,
			"content": "國民大會集會時，由程序委員會排定日程，聽取總統國情報告，並檢討國\r\n是，提供建言。"
		},
		{
			"number": 300,
			"content": "國民大會檢討國是，提供建言，於總統國情報告完畢後依議程進行。"
		},
		{
			"number": 400,
			"content": "代表檢討國是，提供建言，應於檢討國是提供建言議程開始一日前，在辦\r\n公時間內以書面向大會秘書處登記。每一代表之發言時間以五分鐘為原則\r\n，並以政黨協商決定發言時段及先後順序。"
		},
		{
			"number": 500,
			"content": "代表得於檢討國是，提供建言議程結束後三日內，提出書面建言。"
		},
		{
			"number": 600,
			"content": "代表檢討國是，提供建言之發言紀錄，由秘書處整理送建言代表校正後，\r\n送請總統參考，並應移送有關機關確實處理並具體答復。"
		},
		{
			"number": 700,
			"content": "代表檢討國是，提供建言，除本辦法規定外，適用國民大會議事規則之規\r\n定。"
		},
		{
			"number": 800,
			"content": "本辦法經大會通過後施行，修正時亦同。"
		}
	]
}