{
	"pcode": "A0020134",
	"type": "命令",
	"title": "國家發展委員會提供政府資訊收費標準",
	"url": "https://law.moj.gov.tw/LawClass/LawAll.aspx?pcode=A0020134",
	"category": [
		"行政",
		"國家發展委員會",
		"院（處）務目"
	],
	"lastUpdate": "20141007",
	"isTranslated": false,
	"attachments": [
		"https://law.moj.gov.tw/LawClass/LawGetFile.ashx?FileId=0000151104",
		"https://law.moj.gov.tw/LawClass/LawGetFile.ashx?FileId=0000235989"
	],
	"history": [
		"中華民國九十六年二月八日行政院經濟建設委員會總字第 0960000710 號令訂定發布全文 8 條；並自發布日施行",
		"中華民國一百年三月一日行政院經濟建設委員會總字第 1000000854 號令修正發布第 1 條條文中華民國一百零三年一月二十一日行政院院臺規字第 1030121680 號公告主管機關原為「行政院經濟建設委員會」，自一百零三年一月二十二日起變更為「國家發展委員會」，各該規定所列主管機關掌理事項，自一百零三年一月二十二日起改由「國家發展委員會」管轄",
		"中華民國一百零三年十月七日國家發展委員會發秘字第 1031801466 號令修正發布名稱及全文 8 條；並自發布日施行（原名稱：行政院經濟建設委員會提供政府資訊收費標準；新名稱：國家發展委員會提供政府資訊收費標準）"
	],
	"divisions": [],
	"articles": [
		{
			"number": 100,
			"content": "本標準依政府資訊公開法第二十二條第二項規定訂定之。"
		},
		{
			"number": 200,
			"content": "閱覽、抄錄或攝影政府資訊，每二小時收取費用新臺幣二十元；不足二小\r\n時，以二小時計算。"
		},
		{
			"number": 300,
			"content": "重製或複製政府資訊，依政府資訊重製或複製收費標準表（如附表），收\r\n取費用。\r\n前項收費標準表未明定之項目，按重製或複製工本費，收取費用。"
		},
		{
			"number": 400,
			"content": "重製或複製政府資訊，如另需提供郵寄服務者，其郵遞費用以實支數額計\r\n算。"
		},
		{
			"number": 500,
			"content": "申請政府資訊供學術研究或公益用途者，於申請時應檢附相關證明文件，\r\n經核准後，除郵遞費用仍以實支數額計算外，其餘費用，減半收取。"
		},
		{
			"number": 600,
			"content": "申請之政府資訊屬規費法第十二條第一款所定辦理業務或教育宣導資料者\r\n，得免費提供。"
		},
		{
			"number": 700,
			"content": "本標準所訂之費用，其收取應依預算程序辦理。"
		},
		{
			"number": 800,
			"content": "本標準自發布日施行。"
		}
	]
}