{
	"pcode": "A0020028",
	"type": "命令",
	"title": "中央研究院評議會會議規則",
	"url": "https://law.moj.gov.tw/LawClass/LawAll.aspx?pcode=A0020028",
	"category": [
		"總統",
		"總統府",
		"中央研究院目"
	],
	"lastUpdate": "20061014",
	"isTranslated": false,
	"history": [
		"",
		"中華民國四十六年四月三日第三屆中央研究院評議會首次會議修正",
		"中華民國七十九年四月十四日第十三屆評議會第八次會議修正通過",
		"中華民國九十五年四月十五日中央研究院第 19 屆評議會第 2 次會議修正",
		"中華民國九十五年十月十四日中央研究院第 19 屆評議會第 3 次會議增列第 4 點條文"
	],
	"divisions": [],
	"articles": [
		{
			"number": 100,
			"content": "一、本規則依中央研究院組織法第十條第四項之規定訂定之。"
		},
		{
			"number": 200,
			"content": "二、評議會每年至少開會一次，由議長召集，遇有必要或經評議員三分之\r\n    一以上之請求，議長得召集臨時會。臨時會得以書面或電子方式行之\r\n    。以書面或電子方式行使表決權之評議員，視為親自出席。評議會開\r\n    會，以過半數之評議員出席為法定人數。議長為主席，議長因故不能\r\n    出席時，指定副院長一人代理之。"
		},
		{
			"number": 300,
			"content": "三、中央研究院院長辭職或出缺時，由評議會執行長召集臨時評議會，推\r\n    定臨時主席，主持選舉院長候選人事宜。院長候選人之選舉，用無記\r\n    名投票法，以得票數最多之三人當選。如第一次投票得票過半數之人\r\n    數不足額時，應重新投票，至足額時為止。"
		},
		{
			"number": 400,
			"content": "四、中央研究院院長在第 1  任任期將屆滿而有意連任時，應於任滿前 1\r\n    年，由評議會執行長召集會議，推定臨時主席，主持院長連任投票事\r\n    宜。院長連任之投票用無記名方式，得票數以出席評議員過半為通過\r\n    。"
		},
		{
			"number": 500,
			"content": "五、評議會提出之議案，至少須有二人之聯署，並須於每次開會一個月前\r\n    寄交執行長，編入議事日程，由執行長於兩星期前分寄各評議員。\r\n    凡在會議期間臨時提出之議案，至少須有五人之聯署。"
		},
		{
			"number": 600,
			"content": "六、議案得由議長指定評議員組織審查委員會審查之。"
		},
		{
			"number": 700,
			"content": "七、議案之通過，須有出席評議員過半數之決議。"
		},
		{
			"number": 800,
			"content": "八、在議案付表決，贊否兩方票數相等時，議長得投票決定之。"
		},
		{
			"number": 900,
			"content": "九、評議員因故不能出席時，不能委託他人代表，但對於某特定事項，得\r\n    用書面委託他一評議員代表投票，每一評議員，同時祇能代表一人。"
		},
		{
			"number": 1000,
			"content": "十、每屆評議員首次集會時選舉執行長，由評議員互選產生，報請院長聘\r\n    任之。"
		},
		{
			"number": 1100,
			"content": "十一、本規則得由出席評議員三分之二以上之票決修改之。"
		},
		{
			"number": 1200,
			"content": "十二、本規則自本院發布日施行。"
		}
	]
}