{
	"pcode": "A0020119",
	"type": "命令",
	"title": "政治獻金查核準則",
	"url": "https://law.moj.gov.tw/LawClass/LawAll.aspx?pcode=A0020119",
	"category": [
		"監察",
		"院本部",
		"政獻目"
	],
	"lastUpdate": "20110323",
	"isTranslated": false,
	"attachments": [
		"https://law.moj.gov.tw/LawClass/LawGetFile.ashx?FileId=0000093135",
		"https://law.moj.gov.tw/LawClass/LawGetFile.ashx?FileId=0000093136",
		"https://law.moj.gov.tw/LawClass/LawGetFile.ashx?FileId=0000093137",
		"https://law.moj.gov.tw/LawClass/LawGetFile.ashx?FileId=0000093138",
		"https://law.moj.gov.tw/LawClass/LawGetFile.ashx?FileId=0000093139",
		"https://law.moj.gov.tw/LawClass/LawGetFile.ashx?FileId=0000093140",
		"https://law.moj.gov.tw/LawClass/LawGetFile.ashx?FileId=0000093141",
		"https://law.moj.gov.tw/LawClass/LawGetFile.ashx?FileId=0000093142",
		"https://law.moj.gov.tw/LawClass/LawGetFile.ashx?FileId=0000093143",
		"https://law.moj.gov.tw/LawClass/LawGetFile.ashx?FileId=0000093144",
		"https://law.moj.gov.tw/LawClass/LawGetFile.ashx?FileId=0000093145",
		"https://law.moj.gov.tw/LawClass/LawGetFile.ashx?FileId=0000093146",
		"https://law.moj.gov.tw/LawClass/LawGetFile.ashx?FileId=0000093147",
		"https://law.moj.gov.tw/LawClass/LawGetFile.ashx?FileId=0000093148",
		"https://law.moj.gov.tw/LawClass/LawGetFile.ashx?FileId=0000093149",
		"https://law.moj.gov.tw/LawClass/LawGetFile.ashx?FileId=0000093150",
		"https://law.moj.gov.tw/LawClass/LawGetFile.ashx?FileId=0000093151",
		"https://law.moj.gov.tw/LawClass/LawGetFile.ashx?FileId=0000093152",
		"https://law.moj.gov.tw/LawClass/LawGetFile.ashx?FileId=0000093153",
		"https://law.moj.gov.tw/LawClass/LawGetFile.ashx?FileId=0000093154",
		"https://law.moj.gov.tw/LawClass/LawGetFile.ashx?FileId=0000093155",
		"https://law.moj.gov.tw/LawClass/LawGetFile.ashx?FileId=0000093156",
		"https://law.moj.gov.tw/LawClass/LawGetFile.ashx?FileId=0000093157",
		"https://law.moj.gov.tw/LawClass/LawGetFile.ashx?FileId=0000093158",
		"https://law.moj.gov.tw/LawClass/LawGetFile.ashx?FileId=0000093159",
		"https://law.moj.gov.tw/LawClass/LawGetFile.ashx?FileId=0000093160",
		"https://law.moj.gov.tw/LawClass/LawGetFile.ashx?FileId=0000093161",
		"https://law.moj.gov.tw/LawClass/LawGetFile.ashx?FileId=0000093162",
		"https://law.moj.gov.tw/LawClass/LawGetFile.ashx?FileId=0000093163",
		"https://law.moj.gov.tw/LawClass/LawGetFile.ashx?FileId=0000093164",
		"https://law.moj.gov.tw/LawClass/LawGetFile.ashx?FileId=0000093165",
		"https://law.moj.gov.tw/LawClass/LawGetFile.ashx?FileId=0000093166",
		"https://law.moj.gov.tw/LawClass/LawGetFile.ashx?FileId=0000093167",
		"https://law.moj.gov.tw/LawClass/LawGetFile.ashx?FileId=0000093168",
		"https://law.moj.gov.tw/LawClass/LawGetFile.ashx?FileId=0000093169",
		"https://law.moj.gov.tw/LawClass/LawGetFile.ashx?FileId=0000093170",
		"https://law.moj.gov.tw/LawClass/LawGetFile.ashx?FileId=0000093171",
		"https://law.moj.gov.tw/LawClass/LawGetFile.ashx?FileId=0000093172",
		"https://law.moj.gov.tw/LawClass/LawGetFile.ashx?FileId=0000093173",
		"https://law.moj.gov.tw/LawClass/LawGetFile.ashx?FileId=0000093174",
		"https://law.moj.gov.tw/LawClass/LawGetFile.ashx?FileId=0000093175",
		"https://law.moj.gov.tw/LawClass/LawGetFile.ashx?FileId=0000093176",
		"https://law.moj.gov.tw/LawClass/LawGetFile.ashx?FileId=0000093177",
		"https://law.moj.gov.tw/LawClass/LawGetFile.ashx?FileId=0000093178",
		"https://law.moj.gov.tw/LawClass/LawGetFile.ashx?FileId=0000093179",
		"https://law.moj.gov.tw/LawClass/LawGetFile.ashx?FileId=0000093180",
		"https://law.moj.gov.tw/LawClass/LawGetFile.ashx?FileId=0000093181",
		"https://law.moj.gov.tw/LawClass/LawGetFile.ashx?FileId=0000093182",
		"https://law.moj.gov.tw/LawClass/LawGetFile.ashx?FileId=0000093183",
		"https://law.moj.gov.tw/LawClass/LawGetFile.ashx?FileId=0000093184",
		"https://law.moj.gov.tw/LawClass/LawGetFile.ashx?FileId=0000093185",
		"https://law.moj.gov.tw/LawClass/LawGetFile.ashx?FileId=0000093186",
		"https://law.moj.gov.tw/LawClass/LawGetFile.ashx?FileId=0000235023",
		"https://law.moj.gov.tw/LawClass/LawGetFile.ashx?FileId=0000235024",
		"https://law.moj.gov.tw/LawClass/LawGetFile.ashx?FileId=0000235025",
		"https://law.moj.gov.tw/LawClass/LawGetFile.ashx?FileId=0000235026",
		"https://law.moj.gov.tw/LawClass/LawGetFile.ashx?FileId=0000235027",
		"https://law.moj.gov.tw/LawClass/LawGetFile.ashx?FileId=0000235028",
		"https://law.moj.gov.tw/LawClass/LawGetFile.ashx?FileId=0000235029",
		"https://law.moj.gov.tw/LawClass/LawGetFile.ashx?FileId=0000235030",
		"https://law.moj.gov.tw/LawClass/LawGetFile.ashx?FileId=0000235031",
		"https://law.moj.gov.tw/LawClass/LawGetFile.ashx?FileId=0000235032",
		"https://law.moj.gov.tw/LawClass/LawGetFile.ashx?FileId=0000235033",
		"https://law.moj.gov.tw/LawClass/LawGetFile.ashx?FileId=0000235034",
		"https://law.moj.gov.tw/LawClass/LawGetFile.ashx?FileId=0000235035",
		"https://law.moj.gov.tw/LawClass/LawGetFile.ashx?FileId=0000235036",
		"https://law.moj.gov.tw/LawClass/LawGetFile.ashx?FileId=0000235037",
		"https://law.moj.gov.tw/LawClass/LawGetFile.ashx?FileId=0000235038",
		"https://law.moj.gov.tw/LawClass/LawGetFile.ashx?FileId=0000235039",
		"https://law.moj.gov.tw/LawClass/LawGetFile.ashx?FileId=0000235040",
		"https://law.moj.gov.tw/LawClass/LawGetFile.ashx?FileId=0000235041",
		"https://law.moj.gov.tw/LawClass/LawGetFile.ashx?FileId=0000235042",
		"https://law.moj.gov.tw/LawClass/LawGetFile.ashx?FileId=0000235043",
		"https://law.moj.gov.tw/LawClass/LawGetFile.ashx?FileId=0000235044",
		"https://law.moj.gov.tw/LawClass/LawGetFile.ashx?FileId=0000235045",
		"https://law.moj.gov.tw/LawClass/LawGetFile.ashx?FileId=0000235046",
		"https://law.moj.gov.tw/LawClass/LawGetFile.ashx?FileId=0000235047",
		"https://law.moj.gov.tw/LawClass/LawGetFile.ashx?FileId=0000235048",
		"https://law.moj.gov.tw/LawClass/LawGetFile.ashx?FileId=0000235049",
		"https://law.moj.gov.tw/LawClass/LawGetFile.ashx?FileId=0000235050",
		"https://law.moj.gov.tw/LawClass/LawGetFile.ashx?FileId=0000235051",
		"https://law.moj.gov.tw/LawClass/LawGetFile.ashx?FileId=0000235052",
		"https://law.moj.gov.tw/LawClass/LawGetFile.ashx?FileId=0000235053",
		"https://law.moj.gov.tw/LawClass/LawGetFile.ashx?FileId=0000235054",
		"https://law.moj.gov.tw/LawClass/LawGetFile.ashx?FileId=0000235055",
		"https://law.moj.gov.tw/LawClass/LawGetFile.ashx?FileId=0000235056",
		"https://law.moj.gov.tw/LawClass/LawGetFile.ashx?FileId=0000235057",
		"https://law.moj.gov.tw/LawClass/LawGetFile.ashx?FileId=0000235058",
		"https://law.moj.gov.tw/LawClass/LawGetFile.ashx?FileId=0000235059",
		"https://law.moj.gov.tw/LawClass/LawGetFile.ashx?FileId=0000235060",
		"https://law.moj.gov.tw/LawClass/LawGetFile.ashx?FileId=0000235061",
		"https://law.moj.gov.tw/LawClass/LawGetFile.ashx?FileId=0000235062",
		"https://law.moj.gov.tw/LawClass/LawGetFile.ashx?FileId=0000235063",
		"https://law.moj.gov.tw/LawClass/LawGetFile.ashx?FileId=0000235064",
		"https://law.moj.gov.tw/LawClass/LawGetFile.ashx?FileId=0000235065",
		"https://law.moj.gov.tw/LawClass/LawGetFile.ashx?FileId=0000235066",
		"https://law.moj.gov.tw/LawClass/LawGetFile.ashx?FileId=0000235067",
		"https://law.moj.gov.tw/LawClass/LawGetFile.ashx?FileId=0000235068",
		"https://law.moj.gov.tw/LawClass/LawGetFile.ashx?FileId=0000235069",
		"https://law.moj.gov.tw/LawClass/LawGetFile.ashx?FileId=0000235070",
		"https://law.moj.gov.tw/LawClass/LawGetFile.ashx?FileId=0000235071",
		"https://law.moj.gov.tw/LawClass/LawGetFile.ashx?FileId=0000235072",
		"https://law.moj.gov.tw/LawClass/LawGetFile.ashx?FileId=0000235073",
		"https://law.moj.gov.tw/LawClass/LawGetFile.ashx?FileId=0000235074"
	],
	"history": [
		"中華民國九十三年九月二十三日監察院（九三）院台申政字第 0931806219 號令訂定發布全文 14 條；並自發布日施行",
		"中華民國一百年三月二十三日監察院院台申肆字第 10018309190 號令修正發布全文 51 條；並自發布日施行"
	],
	"divisions": [
		{
			"type": "章",
			"number": 100,
			"title": "總則",
			"start": 100,
			"end": 500
		},
		{
			"type": "章",
			"number": 200,
			"title": "申報",
			"start": 600,
			"end": 1200
		},
		{
			"type": "章",
			"number": 300,
			"title": "收入",
			"start": 1300,
			"end": 1900
		},
		{
			"type": "章",
			"number": 400,
			"title": "支出",
			"start": 2000,
			"end": 4200
		},
		{
			"type": "章",
			"number": 500,
			"title": "平衡表",
			"start": 4300,
			"end": 4900
		},
		{
			"type": "章",
			"number": 600,
			"title": "附則",
			"start": 5000,
			"end": 5100
		}
	],
	"articles": [
		{
			"number": 100,
			"content": "本準則依政治獻金法（以下簡稱本法）第二十二條第三項及第三十四條規\r\n定訂定之。"
		},
		{
			"number": 200,
			"content": "本準則用詞，定義如下：\r\n一、權責發生制：指收益於確定應收時，費用於確定應付時，即行入帳，\r\n    並於結算時按其應歸屬年度作調整分錄。\r\n二、現金收付制：指收益於收入現金時，費用於付出現金時，始行入帳。\r\n三、直線法：指以資產取得價額減去資產殘價後，除以財政部所定固定資\r\n    產耐用年數表之耐用年數，作為每年度應攤提之折舊費用。\r\n四、年度開始日：指每年一月一日。\r\n五、年度終了日：指每年十二月三十一日。"
		},
		{
			"number": 300,
			"content": "政黨、政治團體及擬參選人依本法第二十條第一項規定設收支帳簿及會計\r\n報告書，應依本準則所定書、表格式製作。\r\n政黨及政治團體之會計處理基礎採權責發生制。\r\n政黨及政治團體前一年度收入未超過新臺幣一百萬元者，得於平時採現金\r\n收付制。但應於年度終了時，將相關權責科目一併調整之。\r\n擬參選人之會計處理基礎採現金收付制。"
		},
		{
			"number": 400,
			"content": "政黨、政治團體或擬參選人之會計報告書委託會計師查核簽證時，會計師\r\n應依審計準則公報出具查核報告。\r\n監察院對於會計師查核簽證之申報案件，得調閱會計師之查核工作底稿，\r\n並請會計師說明之。\r\n會計師之查核工作底稿，應自查核報告日起保管五年。於發生訴訟時，應\r\n保管至裁判確定後三個月。"
		},
		{
			"number": 500,
			"content": "監察院為查核政治獻金之收支情形，得透過電腦網路或其他方式，要求政\r\n黨、政治團體及擬參選人檢送收支憑證或證明文件，及向相關營利事業、\r\n廠商、團體、機關（構）、法人或個人查詢，請其說明或提供證明文件。"
		},
		{
			"number": 600,
			"content": "政黨及政治團體依本法第二十一條第一項第一款規定向監察院申報之會計\r\n報告書，應包括下列各表：\r\n一、平衡表。\r\n二、收支結算表。\r\n三、個人捐贈收入明細表。\r\n四、營利事業捐贈收入明細表。\r\n五、人民團體捐贈收入明細表。\r\n六、匿名捐贈收入明細表。\r\n七、其他收入明細表。\r\n八、人事費用支出明細表。\r\n九、業務費用支出明細表。\r\n十、公共關係費用支出明細表。\r\n十一、選務費用支出明細表。\r\n十二、捐贈其推薦之公職候選人競選費用支出明細表。\r\n十三、雜支支出明細表。\r\n十四、返還捐贈支出明細表。\r\n十五、繳庫支出明細表。\r\n十六、超過新臺幣三萬元之收入明細表。\r\n十七、超過新臺幣三萬元之支出明細表。\r\n十八、現金明細表。\r\n十九、地方黨部銀行存款明細表。\r\n二十、應收票據明細表。\r\n二十一、消耗性財產明細表。\r\n二十二、非消耗性財產明細表。\r\n二十三、應付費用明細表。\r\n二十四、前期損益調整明細表。\r\n二十五、中央及各地方黨部支出彙總表。\r\n前項會計報告書除第一款及第二款規定外，餘如無收入或支出金額者，得\r\n免附各該款之明細表。\r\n第一項第十六款及第十七款之明細表，應分別記載同一收支對象之收入或\r\n支出累積總額超過新臺幣三萬元之詳細資料。"
		},
		{
			"number": 700,
			"content": "政黨及政治團體依本法第二十一條第一項第一款規定向監察院申報會計報\r\n告書時，應檢附會計師查核報告及公會會員印鑑證明書。\r\n監察院為查核政黨或政治團體申報之會計報告書，得要求檢送下列文件：\r\n一、收支帳簿。\r\n二、金融機構出具之專戶交易往來明細。專戶如係郵局之劃撥帳戶者，並\r\n    得要求檢送郵政劃撥儲金帳戶收支詳情單。\r\n三、平衡表所列之專戶存款結存金額，與專戶交易往來明細之餘額不一致\r\n    者，其專戶餘額差額調節表。\r\n四、已開立之受贈收據備查聯。如有作廢之情事者，其作廢受贈收據明細\r\n    表及該受贈收據一式各聯。\r\n五、其他收支憑證或證明文件。\r\n前項第二款之專戶交易往來明細，其期間應自申報年度開始日起至終了日\r\n後一個月止。但新設專戶之首次申報，自開戶日起算。"
		},
		{
			"number": 800,
			"content": "擬參選人依本法第二十一條第一項第二款規定向監察院或受委託機關申報\r\n之會計報告書，應包括下列各表：\r\n一、收支結算表。\r\n二、個人捐贈收入明細表。\r\n三、營利事業捐贈收入明細表。\r\n四、政黨捐贈收入明細表。\r\n五、人民團體捐贈收入明細表。\r\n六、匿名捐贈收入明細表。\r\n七、其他收入明細表。\r\n八、人事費用支出明細表。\r\n九、宣傳支出明細表。\r\n十、租用宣傳車輛支出明細表。\r\n十一、租用競選辦事處支出明細表。\r\n十二、集會支出明細表。\r\n十三、交通旅運支出明細表。\r\n十四、雜支支出明細表。\r\n十五、返還捐贈支出明細表。\r\n十六、繳庫支出明細表。\r\n十七、公共關係費用支出明細表。\r\n十八、超過新臺幣三萬元之收入明細表。\r\n十九、超過新臺幣三萬元之支出明細表。\r\n二十、金錢以外之財產明細表。\r\n前項會計報告書除第一款規定外，餘如無收入或支出金額者，得免附各該\r\n款之明細表。\r\n第一項第十八款及第十九款之明細表，應分別記載同一收支對象之收入或\r\n支出累積總額超過新臺幣三萬元之詳細資料。"
		},
		{
			"number": 900,
			"content": "擬參選人收受金額達新臺幣一千萬元，依本法第二十一條第一項第二款規\r\n定向監察院或受委託機關申報會計報告書時，應檢附會計師查核報告及公\r\n會會員印鑑證明書。\r\n監察院為查核擬參選人申報之會計報告書，得要求檢送下列文件：\r\n一、收支帳簿。\r\n二、金融機構出具之專戶交易往來明細。專戶如係郵局之劃撥帳戶者，並\r\n    得要求檢送郵政劃撥儲金帳戶收支詳情單。\r\n三、收支結算表所列之收支結存內金錢餘額，與專戶交易往來明細之餘額\r\n    不一致者，其專戶餘額差額調節表。\r\n四、已開立之受贈收據備查聯及未開立之一式各聯。如有作廢之情事者，\r\n    其作廢受贈收據明細表及該受贈收據一式各聯。\r\n五、其他收支憑證或證明文件。\r\n前項第二款之專戶交易往來明細，其期間應自開戶日起至會計報告書所載\r\n結算日止。"
		},
		{
			"number": 1000,
			"content": "擬參選人收受政治獻金後死亡，或有未依法登記為候選人或登記後其候選\r\n人資格經撤銷之情事者，其法定繼承人或擬參選人依本法第二十一條第二\r\n項或第三項規定向監察院或受委託機關申報會計報告書，依前二條規定辦\r\n理。"
		},
		{
			"number": 1100,
			"content": "擬參選人依本法第二十三條第一項規定使用賸餘政治獻金時，應於每年度\r\n結束後三個月內向監察院或受委託機關申報會計報告書，其會計報告書應\r\n包括下列各表：\r\n一、賸餘收支結算表。\r\n二、其他收入明細表。\r\n三、支付當選後與其公務有關之費用明細表。\r\n四、捐贈政治團體或其所屬政黨支出明細表。\r\n五、捐贈教育、文化、公益、慈善機構或團體支出明細表。\r\n六、參加公職人員選舉使用支出明細表。\r\n七、返還捐贈支出明細表。\r\n八、繳庫支出明細表。\r\n九、超過新臺幣三萬元之支出明細表。\r\n十、金錢以外之財產明細表。\r\n前項會計報告書除第一款規定外，餘如無收入或支出金額者，得免附各該\r\n款之明細表。\r\n第一項第九款之明細表，應記載同一支出對象之支出累積總額超過新臺幣\r\n三萬元之詳細資料。\r\n第九條第二項規定，於依第一項及第二項規定申報會計報告書時，準用之\r\n。\r\n依前項規定檢送之專戶交易往來明細，其期間除首次賸餘申報應自前期會\r\n計報告書所載結算日次日起至年度終了日止外，其餘均應自年度開始日起\r\n至年度終了日止。"
		},
		{
			"number": 1200,
			"content": "政黨、政治團體及擬參選人申報會計報告書，有下列情事之一者，監察院\r\n或受委託機關得限期通知補正：\r\n一、未依本準則所定格式製作。\r\n二、資料記載不完備。\r\n三、未簽名或蓋章。\r\n四、未檢附相關文件。\r\n政黨、政治團體及擬參選人未依本法所定期限申報會計報告書者，監察院\r\n或受委託機關仍得受理。"
		},
		{
			"number": 1300,
			"content": "政黨、政治團體收受政治獻金，應自監察院許可設立專戶日起，至同意廢\r\n止專戶日前一日止。\r\n擬參選人收受政治獻金，應自監察院或受委託機關許可設立專戶日起，至\r\n其登記參加之選舉投票日前一日止。\r\n前項期間內，擬參選人如未依法登記為候選人或登記後其候選人資格經撤\r\n銷者，應即停止收受政治獻金。"
		},
		{
			"number": 1400,
			"content": "政黨、政治團體及擬參選人依本法第十一條第一項規定開立之受贈收據，\r\n應依監察院所定之格式。\r\n政黨及政治團體之受贈收據，應自行印製及管理；擬參選人之空白受贈收\r\n據，由監察院核發。\r\n第一項收據，得自監察院政治獻金網路申報系統產製，並列印使用。"
		},
		{
			"number": 1500,
			"content": "政黨、政治團體及擬參選人依本法第十一條第一項規定開立之受贈收據，\r\n應記載下列事項，並簽名或蓋章：\r\n一、捐贈者之姓名或名稱。\r\n二、捐贈者之國民身分證統一編號、營利事業統一編號或人民團體登記字\r\n    號。\r\n三、捐贈者之地址。\r\n四、捐贈金額。如為金錢以外之捐贈，其名稱、廠牌、規格、數量、單位\r\n    、估算基礎及折算價額。\r\n五、收受支票者，其支票號碼、發票日期、發票人及付款金融機構。\r\n六、開立日期。\r\n七、其他經監察院指定應記載之事項。\r\n會計報告書之內容，應與前項受贈收據所載一致。\r\n政黨、政治團體及擬參選人收受新臺幣二千元以下之實物政治獻金，得開\r\n立受贈收據，並記載於收支帳簿，據以製作會計報告書。"
		},
		{
			"number": 1600,
			"content": "政黨、政治團體及擬參選人之受贈收據有作廢之情事者，依第七條第二項\r\n第四款或第九條第二項第四款規定檢送之作廢受贈收據明細表，應記載受\r\n贈收據編號及作廢原因；已開立而作廢之受贈收據，並應記載開立日期、\r\n捐贈者之姓名或名稱、捐贈金額或價額。\r\n受贈收據因遺失、滅失或其他情事致無法提出者，應以書面載明該受贈收\r\n據之編號、聯數及不能提出之事證，於申報會計報告書時一併報監察院備\r\n查。"
		},
		{
			"number": 1700,
			"content": "政黨、政治團體及擬參選人收入認列及受贈收據開立時點，依下列規定辦\r\n理：\r\n一、收受現金者，為收受日。\r\n二、收受匯款者，為入專戶日。\r\n三、收受支票者，為發票日。\r\n四、收受金錢以外之政治獻金者，為收受日。\r\n前項第三款規定之情形，於認列後無法兌現時，應沖銷該收入，將已開立\r\n之受贈收據作廢；政黨及政治團體有跨年度之情事者，並應調整平衡表之\r\n前期損益調整科目。"
		},
		{
			"number": 1800,
			"content": "政黨、政治團體及擬參選人收受之政治獻金，應確認其來源為個人捐贈、\r\n營利事業捐贈、人民團體捐贈或匿名捐贈，編入適當之收入科目。\r\n前項捐贈有指定用途者，應於會計報告書揭露之。\r\n收受獨資或合夥經營之事務所、醫院、診所或補習班之捐贈，視為個人捐\r\n贈。"
		},
		{
			"number": 1900,
			"content": "政黨、政治團體及擬參選人收受金錢之政治獻金，應於收受後十五日內存\r\n入專戶。\r\n政黨、政治團體及擬參選人收受金錢以外之政治獻金，應依收受時之時價\r\n折算其價額。\r\n前項時價應敘明資料來源；如無時價可供參採者，得自行合理估算，並敘\r\n明其估算之方式及依據。\r\n第二項收入，得於收受後變賣之。但應將所得價款存入專戶。\r\n政黨及政治團體因收入所獲得金錢以外之財產，應依其性質分別列為消耗\r\n性或非消耗性財產。"
		},
		{
			"number": 2000,
			"content": "政黨及政治團體之支出，自監察院許可設立專戶日起，至同意廢止專戶日\r\n前一日止，並應依支出所屬年度列報。\r\n擬參選人依本法第二十一條第一項第二款規定申報會計報告書者，其支出\r\n得列報期間，自監察院或受委託機關許可設立專戶日起，至投票日後三十\r\n日止。但選舉公告於專戶許可設立日前者，自選舉公告日起算。\r\n擬參選人死亡，由其法定繼承人依本法第二十一條第二項規定申報會計報\r\n告書者，其支出得列報期間，自監察院或受委託機關許可設立專戶日起，\r\n至擬參選人死亡日止。\r\n擬參選人未依法登記為候選人或登記後其候選人資格經撤銷，依本法第二\r\n十一條第三項規定申報會計報告書者，其支出得列報期間，自監察院或受\r\n委託機關許可設立專戶日起，至各該事實發生日止。\r\n擬參選人依本法第二十三條第一項規定申報賸餘政治獻金者，其支出得列\r\n報期間，除首次賸餘自第二項規定末日之次日起至年度終了日止，及末次\r\n賸餘自年度開始日起至本法第二十三條第二項規定支用期間屆滿日止外，\r\n其餘均自年度開始日起至年度終了日止。"
		},
		{
			"number": 2100,
			"content": "政黨、政治團體及擬參選人支用政治獻金，應以本法第二十條第二項第二\r\n款、第三項第二款或第二十三條第一項各款規定所列項目為限，並不得從\r\n事營利行為。\r\n政黨、政治團體及擬參選人申報之支出，有下列情事之一者，不予認定：\r\n一、非於得列報期間。\r\n二、未取得支出憑證。\r\n支出憑證及相關證明文件，應黏貼於支出傳票並裝訂成冊。\r\n支出對象具有下列情事之一者，應於會計報告書揭露之：\r\n一、政黨、政治團體之負責人、代表人或代理人、選任職人員。\r\n二、前款所列人員或擬參選人之配偶、二親等以內之親屬、家長、家屬。\r\n三、前二款所列人員或擬參選人擔任董事、監察人、經理人或相當職位之\r\n    法人或團體。"
		},
		{
			"number": 2200,
			"content": "本法第二十條第二項第二款第一目規定政黨及政治團體之人事費用，包括\r\n下列費用：\r\n一、工資、薪津、獎金、津貼、加班費、值班費或其他因工作酬勞之給付\r\n    。\r\n二、全民健康保險、勞工保險或其他強制性保險之保險費。\r\n三、團體意外保險之保險費。\r\n四、資遣費。\r\n五、勞工退休準備金。\r\n六、其他相關人事費用。\r\n前項第一款、第四款及第六款支出之支出憑證為收款人簽名或蓋章之收據\r\n或領冊。\r\n第一項第二款及第五款支出之支出憑證為繳費收據。\r\n第一項第三款支出之支出憑證為主管機關許可之保險業者出具之收據及被\r\n保險人名冊。"
		},
		{
			"number": 2300,
			"content": "本法第二十條第二項第二款第二目規定政黨及政治團體之業務費用，包括\r\n下列費用：\r\n一、教育訓練費用。\r\n二、差旅膳宿費用。\r\n三、租用交通工具費用。\r\n四、租用辦公處所費用。\r\n五、租買辦公設備費用。\r\n六、交通旅運費用。\r\n七、其他與業務推展有關之費用。\r\n前項第一款及第七款支出之支出憑證為統一發票、免用統一發票之普通收\r\n據或其他支出證明；如係給付教師、講師或其他訓練人員之費用，其支出\r\n憑證為收款人簽名或蓋章之收據或領冊。\r\n第一項第二款支出之支出憑證為統一發票或免用統一發票之普通收據；如\r\n係於國外支出者，其支出憑證為收據或其他支出證明。\r\n第一項第三款至第五款支出之支出憑證為統一發票或免用統一發票之普通\r\n收據；如係租用而無法取得憑證者，應取得租賃契約書及收款人簽名或蓋\r\n章之收據、領冊或其他支出證明。\r\n第一項第六款支出之支出憑證為所搭乘交通工具之票根、購票證明或計程\r\n車收據。"
		},
		{
			"number": 2400,
			"content": "本法第二十條第二項第二款第三目規定政黨及政治團體之公共關係費用，\r\n包括下列費用：\r\n一、聯誼交際費用。\r\n二、文康活動費用。\r\n三、其他為建立、促進或維持與民眾間之溝通、瞭解、接納或合作之相關\r\n    費用。\r\n前項支出之支出憑證為統一發票、免用統一發票之普通收據或其他支出證\r\n明；如有發給獎品或贈品之情事者，並應取得具領人簽名或蓋章之收據或\r\n領冊。"
		},
		{
			"number": 2500,
			"content": "本法第二十條第二項第二款第四目規定政黨及政治團體之選務費用，包括\r\n下列費用：\r\n一、製作競選物品或宣傳廣告費用。\r\n二、租用廣告看板或車體廣告費用。\r\n三、播放、傳送或刊登宣傳廣告費用。\r\n四、發送電信簡訊費用。\r\n五、郵寄競選物品或宣傳廣告費用。\r\n六、租用選舉場地費用。\r\n七、演講或表演費用。\r\n八、委託辦理研究、評估、調查、設計或規劃費用。\r\n九、其他與選舉有關之費用。\r\n前項第一款至第三款、第六款至第九款支出之支出憑證為統一發票、免用\r\n統一發票之普通收據或其他支出證明。但屬於服務酬勞支出者，其支出憑\r\n證為收款人簽名或蓋章之收據或領冊。\r\n第一項第四款支出之支出憑證為電信業者之收據。\r\n第一項第五款支出之支出憑證為統一發票、免用統一發票之普通收據或郵\r\n局之購票證明。"
		},
		{
			"number": 2600,
			"content": "本法第二十條第二項第二款第五目規定政黨及政治團體捐贈其推薦之公職\r\n候選人競選費用，其支出憑證為該候選人開立之受贈收據。"
		},
		{
			"number": 2700,
			"content": "本法第二十條第二項第二款第六目規定政黨及政治團體之雜支支出，包括\r\n下列費用：\r\n一、水電瓦斯費用。\r\n二、電信費用。\r\n三、網際網路費用。\r\n四、書報雜誌費用。\r\n五、文具用品費用。\r\n六、汽機車燃料費用。\r\n七、雜項購置或修繕費用。\r\n八、其他為維持日常運作所必要之相關費用。\r\n前項第一款至第三款支出之支出憑證為各該業者之收據。\r\n第一項第四款至第八款支出之支出憑證為統一發票、免用統一發票之普通\r\n收據或其他支出證明。但屬於服務酬勞支出者，其支出憑證為收款人簽名\r\n或蓋章之收據或領冊。"
		},
		{
			"number": 2800,
			"content": "本法第二十條第二項第二款第七目規定政黨及政治團體之返還捐贈支出，\r\n指依本法第十五條第一項規定，將所收受之政治獻金返還與捐贈者之支出\r\n。\r\n前項支出之支出憑證如下：\r\n一、依本法第十五條第二項第一款規定，由專戶以匯款或交付專戶立帳之\r\n    金融機構開立票據方式返還者，為受返還者簽名或蓋章之返還證明書\r\n    及匯款證明或該票據影本。\r\n二、依本法第十五條第二項第二款規定，向專戶立帳之金融機構申請撤票\r\n    ，將該票據直接返還者，為受返還者簽名或蓋章之返還證明書及該票\r\n    據影本。\r\n三、依本法第十五條第二項第三款規定直接返還金錢或非金錢政治獻金者\r\n    ，為受返還者簽名或蓋章之返還證明書。\r\n前項返還證明書，其內容應包括受返還者之姓名或名稱、國民身分證統一\r\n編號、營利事業統一編號或人民團體登記字號、地址、電話、返還金額、\r\n返還方式及返還日期。"
		},
		{
			"number": 2900,
			"content": "本法第二十條第二項第二款第八目規定政黨及政治團體之繳庫支出，指依\r\n本法第十五條第一項及第四項規定，將所收受之政治獻金繳交監察院辦理\r\n繳庫之支出。\r\n前項支出之支出憑證為監察院之收款收據。"
		},
		{
			"number": 3000,
			"content": "本法第二十條第三項第二款第一目及第七目至第十目規定擬參選人之人事\r\n費用、雜支支出、返還捐贈支出、繳庫支出及公共關係費用，準用第二十\r\n二條、第二十四條及第二十七條至第二十九條規定。\r\n擬參選人之選舉保證金有列報者，應列為雜支支出；其支出憑證為主管機\r\n關之收款收據。"
		},
		{
			"number": 3100,
			"content": "本法第二十條第三項第二款第二目規定擬參選人之宣傳支出，包括下列支\r\n出：\r\n一、製作競選物品或宣傳廣告支出。\r\n二、租用廣告看板或車體廣告支出。\r\n三、播放、傳送或刊登宣傳廣告支出。\r\n四、發送電信簡訊支出。\r\n五、郵寄競選物品或宣傳廣告支出。\r\n六、演講或表演支出。\r\n七、委託辦理研究、評估、調查、設計或規劃支出。\r\n八、其他與選舉宣傳有關之支出。\r\n前項第一款至第三款、第六款至第八款支出之支出憑證為統一發票、免用\r\n統一發票之普通收據或其他支出證明。但屬於服務酬勞支出者，其支出憑\r\n證為收款人簽名或蓋章之收據或領冊。\r\n第一項第四款支出之支出憑證為電信業者之收據。\r\n第一項第五款支出之支出憑證為統一發票、免用統一發票之普通收據或郵\r\n局之購票證明。"
		},
		{
			"number": 3200,
			"content": "本法第二十條第三項第二款第三目規定擬參選人之租用宣傳車輛支出，包\r\n括下列支出：\r\n一、租用宣傳車輛支出。\r\n二、雇用宣傳車輛駕駛支出。\r\n三、維修宣傳車輛支出。\r\n四、宣傳車輛燃料支出。\r\n五、其他與租用宣傳車輛有關之支出。\r\n前項支出之支出憑證為統一發票、免用統一發票之普通收據或其他支出證\r\n明。"
		},
		{
			"number": 3300,
			"content": "本法第二十條第三項第二款第四目規定擬參選人之租用競選辦事處支出，\r\n包括下列支出：\r\n一、租用競選辦事處支出。\r\n二、裝潢競選辦事處支出。\r\n三、租買辦公設備支出。\r\n四、其他與租用競選辦事處有關之支出。\r\n前項支出之支出憑證為統一發票、免用統一發票之普通收據或其他支出證\r\n明。"
		},
		{
			"number": 3400,
			"content": "本法第二十條第三項第二款第五目規定擬參選人之集會支出，包括下列支\r\n出：\r\n一、租用場地支出。\r\n二、租用設備支出。\r\n三、餐飲支出。\r\n四、清潔整理支出。\r\n五、集會保證金。\r\n六、其他與集會有關之支出。\r\n前項第一款至第四款及第六款支出之支出憑證為統一發票、免用統一發票\r\n之普通收據或其他支出證明。\r\n第一項第五款支出之支出憑證為主管機關之收款收據。"
		},
		{
			"number": 3500,
			"content": "本法第二十條第三項第二款第六目規定擬參選人之交通旅運支出，包括下\r\n列支出：\r\n一、搭乘交通工具支出。\r\n二、差旅膳宿支出。\r\n三、油資。\r\n四、停車費。\r\n五、回數票。\r\n六、其他與交通旅運有關之支出。\r\n前項第一款支出之支出憑證為所搭乘交通工具之票根、購票證明或計程車\r\n收據。\r\n第一項第二款至第六款支出之支出憑證為統一發票、免用統一發票之普通\r\n收據或其他支出證明；如有發給油票、回數票或其他儲值票證者，並應取\r\n得具領人簽名或蓋章之收據或領冊。"
		},
		{
			"number": 3600,
			"content": "擬參選人依本法第二十三條第一項第一款及第四款規定，將賸餘政治獻金\r\n使用於支付當選後與其公務有關之費用，及參加公職人員選舉使用，準用\r\n第三十條至第三十五條規定。"
		},
		{
			"number": 3700,
			"content": "擬參選人依本法第二十三條第一項第二款規定，將賸餘政治獻金使用於捐\r\n贈政治團體或其所屬政黨，應取得該政治團體或其所屬政黨開立之受贈收\r\n據。"
		},
		{
			"number": 3800,
			"content": "擬參選人依本法第二十三條第一項第三款規定，將賸餘政治獻金使用於捐\r\n贈教育、文化、公益、慈善機構或團體，應取得該機構或團體之收據。\r\n前項教育、文化、公益、慈善機構或團體，指依法登記或立案之機構或團\r\n體，並包括政府機關。"
		},
		{
			"number": 3900,
			"content": "擬參選人自專戶提領支用如有賸餘，應於申報當期之結算日前，將賸餘政\r\n治獻金回存專戶。"
		},
		{
			"number": 4000,
			"content": "政黨及政治團體之消耗性財產，應於耗用完畢無賸餘價值或使用期限屆滿\r\n時，按其用途，等額等量分別列入適當支出科目核銷。\r\n前項核銷憑證，以內部支用憑證註明核銷內容作為證明。\r\n政黨及政治團體之非消耗性財產，應採直線法按期提列折舊費用，列為雜\r\n支支出。\r\n政黨及政治團體之非消耗性財產，有未達耐用年數而毀損或廢棄者，應有\r\n毀損或廢棄之證明文件，其未折減餘額屬申報當期之損失，應列為雜支支\r\n出。\r\n第一項及第二項規定，於擬參選人核銷其金錢以外之財產時，準用之。"
		},
		{
			"number": 4100,
			"content": "政黨、政治團體及擬參選人收受金錢以外之政治獻金，依本法規定應繳交\r\n監察院辦理繳庫者，得以收受時之時價折算其價額辦理繳庫。\r\n前項情形，如全部或一部不能繳交者，應按收受時之時價折算其價額為之\r\n。"
		},
		{
			"number": 4200,
			"content": "政黨、政治團體及擬參選人之支出有退還者，應以原科目沖銷。\r\n前項規定，於政黨及政治團體有跨年度之情事者，並應調整平衡表之前期\r\n損益調整科目。"
		},
		{
			"number": 4300,
			"content": "政黨及政治團體依第六條第一項第一款及第二項規定申報之平衡表，其專\r\n戶存款結存科目，指年度終了日之帳列存款餘額。\r\n前項專戶存款結存金額，應與金融機構出具之專戶交易往來明細之餘額相\r\n符；如有不一致之情事者，應編製專戶餘額差額調節表。"
		},
		{
			"number": 4400,
			"content": "平衡表之庫存現金科目，指年度終了日，自專戶提領未支用完畢之現金餘\r\n額。\r\n平衡表之未存入專戶現金科目，指年度終了日，未存入專戶之受贈款項總\r\n額。"
		},
		{
			"number": 4500,
			"content": "平衡表之地方黨部銀行存款科目，指政黨之地方黨部或政治團體之分部，\r\n收受中央黨部或總部所撥付之政治獻金，於年度終了日之餘額。\r\n前項銀行存款金額，應與地方黨部或分部之金融機構帳戶交易往來明細之\r\n餘額相符；如有不一致之情事者，應編製銀行往來調節表。"
		},
		{
			"number": 4600,
			"content": "平衡表之應收票據科目，指收受票據之捐贈，已登帳而未兌現之餘額。\r\n前項情形，如逾一會計期間仍未兌現者，應說明其原因並評估其兌現之可\r\n能性。"
		},
		{
			"number": 4700,
			"content": "平衡表之消耗性財產科目，指因收入所獲得金錢以外之財產，依其性質列\r\n為消耗性財產，於年度終了日尚未耗用完畢，或使用期限尚未屆滿而未核\r\n銷之餘額。\r\n平衡表之非消耗性財產科目，指因收入所獲得金錢以外之財產，依其性質\r\n列為非消耗性財產，於年度終了日依直線法按期提列折舊費用後之餘額。\r\n前二項財產價額，應以淨額列示。"
		},
		{
			"number": 4800,
			"content": "平衡表之應付費用科目，指年度終了日，有應付而未支付款項之餘額。"
		},
		{
			"number": 4900,
			"content": "平衡表之前期損益調整科目，指前期損益因計算、記錄、認定或方法有錯\r\n誤，或交易事實發生變化，致與實際情形不符，而於申報當期所為之調整\r\n。"
		},
		{
			"number": 5000,
			"content": "本準則所定書、表格式如下：\r\n一、政黨、政治團體政治獻金受贈收據。（含金錢、非金錢，格式一）\r\n二、擬參選人政治獻金受贈收據。（含金錢、非金錢，格式二）\r\n三、政治獻金收支帳簿。（格式三）\r\n四、政治獻金會計報告書。（含封面、封底）\r\n（一）平衡表。（格式四）\r\n（二）政黨、政治團體收支結算表。（格式五）\r\n（三）擬參選人收支結算表。（格式六）\r\n（四）個人捐贈收入明細表。（格式七）\r\n（五）營利事業捐贈收入明細表。（格式八）\r\n（六）政黨捐贈收入明細表。（格式九）\r\n（七）人民團體捐贈收入明細表。（格式十）\r\n（八）匿名捐贈收入明細表。（格式十一）\r\n（九）其他收入明細表。（格式十二）\r\n（十）超過新臺幣三萬元之收入明細表。（格式十三）\r\n（十一）人事費用支出明細表。（格式十四）\r\n（十二）業務費用支出明細表。（格式十五）\r\n（十三）公共關係費用支出明細表。（格式十六）\r\n（十四）選務費用支出明細表。（格式十七）\r\n（十五）捐贈其推薦之公職候選人競選費用支出明細表。（格式十八）\r\n（十六）宣傳支出明細表。（格式十九）\r\n（十七）租用宣傳車輛支出明細表。（格式二十）\r\n（十八）租用競選辦事處支出明細表。（格式二十一）\r\n（十九）集會支出明細表。（格式二十二）\r\n（二十）交通旅運支出明細表。（格式二十三）\r\n（二十一）雜支支出明細表。（格式二十四）\r\n（二十二）返還捐贈支出明細表。（格式二十五）\r\n（二十三）繳庫支出明細表。（格式二十六）\r\n（二十四）超過新臺幣三萬元之支出明細表。（格式二十七）\r\n（二十五）政黨、政治團體之消耗性財產明細表。（格式二十八）\r\n（二十六）政黨、政治團體之非消耗性財產明細表。（格式二十九）\r\n（二十七）擬參選人金錢以外之財產明細表。（格式三十）\r\n（二十八）擬參選人賸餘收支結算表。（格式三十一）\r\n（二十九）支付當選後與其公務有關之費用明細表。（格式三十二）\r\n（三  十）捐贈政治團體或其所屬政黨支出明細表。（格式三十三）\r\n（三十一）捐贈教育、文化、公益、慈善機構或團體支出明細表。（格式\r\n          三十四）\r\n（三十二）參加公職人員選舉使用支出明細表。（格式三十五）\r\n（三十三）現金明細表。（格式三十六）\r\n（三十四）地方黨部銀行存款明細表。（格式三十七）\r\n（三十五）應收票據明細表。（格式三十八）\r\n（三十六）應付費用明細表。（格式三十九）\r\n（三十七）前期損益調整明細表。（格式四十）\r\n（三十八）中央及各地方黨部支出彙總表。（格式四十一）\r\n五、政黨、政治團體專戶餘額差額調節表。（格式四十二）\r\n六、擬參選人專戶餘額差額調節表。（格式四十三）\r\n七、銀行往來調節表。（格式四十四）\r\n八、作廢受贈收據明細表。（格式四十五）"
		},
		{
			"number": 5100,
			"content": "本準則自發布日施行。"
		}
	]
}