{
	"pcode": "A0020165",
	"type": "命令",
	"title": "法官遷調改任辦法",
	"url": "https://law.moj.gov.tw/LawClass/LawAll.aspx?pcode=A0020165",
	"category": [
		"司法",
		"院本部",
		"司法人事目"
	],
	"lastUpdate": "20180329",
	"isTranslated": false,
	"history": [
		"中華民國一百零一年九月二十一日司法院院台人法字第 1010026935 號令 、 考試院考臺組貳一字第 10100079011 號令會同訂定發布全文 31 條；並自發布日施行",
		"中華民國一百零五年四月一日司法院院台人五字第 1050008363 號令 、 考試院考臺組貳一字第 10500017521 號令會同修正發布全文 28 條；並自發布日施行",
		"中華民國一百零七年三月二十九日司法院院台人五字第 1070008327 號令 、 考試院考臺組貳一字第 10700018361 號令會同修正發布第 2、3、6、10～14、21～23、26、28 條條文；並自發布日施行"
	],
	"divisions": [
		{
			"type": "章",
			"number": 100,
			"title": "總則",
			"start": 100,
			"end": 600
		},
		{
			"type": "章",
			"number": 200,
			"title": "審級調動",
			"start": 700,
			"end": 1300
		},
		{
			"type": "章",
			"number": 300,
			"title": "地區調動",
			"start": 1400,
			"end": 1900
		},
		{
			"type": "章",
			"number": 400,
			"title": "調派辦事及其他遷調",
			"start": 2000,
			"end": 2500
		},
		{
			"type": "章",
			"number": 500,
			"title": "附則",
			"start": 2600,
			"end": 2800
		}
	],
	"articles": [
		{
			"number": 100,
			"content": "本辦法依法官法（以下簡稱本法）第十條第一項訂定之。"
		},
		{
			"number": 200,
			"content": "本辦法用詞定義如下：\r\n一、三審法院庭長：指最高法院庭長、最高行政法院庭長及公務員懲戒委\r\n    員會委員。\r\n二、三審法院法官：指最高法院法官及最高行政法院法官。\r\n三、二審法院：指高等法院及其分院、高等行政法院及智慧財產法院。\r\n四、一審法院：指地方法院、少年及家事法院。\r\n五、專業法院：指最高行政法院、高等行政法院、智慧財產法院、少年及\r\n    家事法院。\r\n六、特任人員：指司法院院長、副院長、大法官、最高法院院長、最高行\r\n    政法院院長、公務員懲戒委員會委員長及司法院秘書長。\r\n七、研究法官：指依司法院組織法第十三條第二項、法院組織法第五十一\r\n    條第二項、行政法院組織法第十五條第二項調派司法院、最高法院、\r\n    最高行政法院辦事法官。"
		},
		{
			"number": 300,
			"content": "本辦法所稱期間，以曆年計算。但為配合法務部司法官學院司法官班學員\r\n分發日期所為年度調動，得酌予調整之。\r\n本辦法所稱服務年資，除另有規定者外，依下列標準計算：\r\n一、調派司法院、法官學院或法務部司法官學院辦事者，其年資計入占缺\r\n    法院之法官服務年資。\r\n二、曾任檢察官者，其年資視同相當職位之法官服務年資。\r\n三、實任法官轉任司法行政人員或特任人員者，其年資視同相當職位之法\r\n    官服務年資。\r\n四、兼任一審法院院長者，其年資視同二審法院之法官服務年資。\r\n五、兼任二審法院院長者，其年資視同三審法院之法官服務年資。\r\n六、調派最高法院、最高行政法院辦理審判事務者，其年資視同三審法院\r\n    之法官服務年資。\r\n七、研究法官年資計入占缺法院之法官服務年資。\r\n留職停薪逾六個月、休職、停職或離職時，其年資應予扣除。"
		},
		{
			"number": 400,
			"content": "法官之遷調改任，應本於法官自治之精神辦理，除法令另有規定外，非經\r\n法官本人同意，不得逕予遷調改任。"
		},
		{
			"number": 500,
			"content": "法官有下列情形之一者，得不予遷調：\r\n一、辦理逾五年未結之遲延案件或重大、矚目案件尚未審結。但已能預定\r\n    於一定期間內審結者，得延展其報到日期。\r\n二、最近二年曾因辦理案件、宣示裁判或交付裁判原本顯有不當稽延，經\r\n    通知於相當期限內改善而仍未改善。\r\n三、自年度調動日起回溯五年內經司法院人事審議委員會決議地區調動二\r\n    次以上。\r\n四、依各級法院法官辦理民刑事與行政訴訟及特殊專業類型案件年度司法\r\n    事務分配辦法，或其所屬法院事務分配相關規定，已不得變更院內現\r\n    辦事務。\r\n五、依本法第八十二條第一項規定帶職帶薪自行進修期滿後應繼續服務期\r\n    間尚未屆滿。\r\n前項第一款但書所稱一定期間，以不逾年度調動日四個月為限。"
		},
		{
			"number": 600,
			"content": "法官於下列地區連續任職者，得依其前三志願優先為地區調動：\r\n一、於連江地區連續任職滿二年。\r\n二、於金門、澎湖或臺東地區連續任職滿三年。\r\n三、於花蓮或屏東地區連續任職滿四年。\r\n法院因無適當之志願者前往任職，而經司法院於調動前公告指定法院及條\r\n件，徵求適當法官前往該院任職時，該接受徵求志願調派指定法院任職之\r\n法官於連續任滿二年後，得依其前三志願優先調動；連續任滿四年以上者\r\n，其於該院之服務年資加倍計算。\r\n一審法院因無適當之志願者前往任職，而經司法院公告指定法院及任職期\r\n間等條件，徵求適當之二審法院任職滿四年法官前往該院任職時，該接受\r\n徵求志願調派指定法院任職之法官於連續任滿指定期間後，依其志願及資\r\n格，回任原二審法院或其他法院庭長、法官。\r\n前項調派一審法院法官期間之年資，視同原二審法院法官之實際辦理審判\r\n年資。\r\n法官因法院設立而隨同移撥者，得依其志願優先調派為原法院法官。"
		},
		{
			"number": 700,
			"content": "二審法院法官應就具有下列各款資格者，擇優遴選：\r\n一、現職實任法官。但高等行政法院以外其他二審專業法院之法官任用資\r\n    格另有規定者，從其規定。\r\n二、最近五年未受懲戒處分，或記過以上之懲處處分，或司法院院長依本\r\n    法第二十一條第一項所為職務監督處分。"
		},
		{
			"number": 800,
			"content": "首次調任二審法院法官者，其調任期間為三年；調任期間屆滿後，除因法\r\n院業務之必要得就全部或部分法官依其志願續任該院法官外，應回任一審\r\n法院庭長、法官。\r\n依前項規定回任一審法院庭長、法官者，應至少選填三個遷調志願；其未\r\n選填三個以上志願者，如志願法院無適當職缺或職務，得調派至志願法院\r\n鄰近之其他法院，或非志願法院服務。"
		},
		{
			"number": 900,
			"content": "三審法院法官及公務員懲戒委員會委員應就具有下列各款資格者，擇優遴\r\n選：\r\n一、現職實任法官十二年以上。\r\n二、最近五年未受懲戒處分，或記過以上之懲處處分，或司法院院長依本\r\n    法第二十一條第一項所為職務監督處分。"
		},
		{
			"number": 1000,
			"content": "首次調任二審法院法官之遴選，應由司法院將符合第七條所定資格者，參\r\n酌法務部司法官學院司法官班結業期別，按其選定參加票選及推薦之事務\r\n類別分別造具名冊，逕送冊列人員所屬法院及直接上級審法院辦理票選，\r\n並送經司法院指定之所在地律師公會辦理推薦。但冊列人員填具聲明書放\r\n棄參加票選及推薦者，不列入上開名冊。\r\n前項冊列人員依選定參加票選及推薦之事務類別，其直接上級審法院分別\r\n為高等法院或其分院、高等行政法院或智慧財產法院。\r\n所屬法院及直接上級審法院應於司法院指定時間同時辦理票選，由所屬法\r\n院及直接上級審法院院長、庭長、法官（調派最高法院、最高行政法院辦\r\n理審判事務者除外）以無記名限制連記法秘密投入指定票匭（除臺灣高等\r\n法院及其分院採民、刑事分別投票外，餘均合併投票），連記人數不得逾\r\n冊列人數二分之一。冊列人數僅一人，得圈選一人。\r\n未依指定日期、時間投票者，視同棄權。但投票日公假或公差者，得先行\r\n領取選票圈選彌封後，送交辦理票選法院之政風單位保管，再由人事單位\r\n於投票日會同政風單位將該選票投入票匭。\r\n調派辦事法官在調派辦事機關投票。但研究法官及調派司法院、法官學院\r\n、法務部司法官學院辦事者，在占缺法院投票；其前往占缺法院投票時，\r\n給予公假，並得於投票日前先行投票。先行投票程序比照前項但書規定辦\r\n理。\r\n所在地律師公會辦理推薦時，應擇品德、學識、工作、才能優良者，於司\r\n法院指定期間內，就冊列人員秘密推薦之，推薦人數不得逾冊列人數三分\r\n之一。冊列人數不滿三人，得推薦一人。如認冊列人員有不適合調任二審\r\n法院法官者，得敘明具體事由提出不宜遴選之建議。\r\n曾任一審法院院長、庭長，或二審法院院長、庭長、實任法官，或三審法\r\n院庭長、法官，或現調派第三條第二項第一款、第六款、第七款所列法官\r\n，或曾任第三條第二項第三款所列人員，或其他法律明定年資及待遇依相\r\n當職務之法官、檢察官列計之人員，免經第一項票選及推薦程序。\r\n司法院得將符合第七條所定資格且志願調任人員名冊，送請所屬法院及擬\r\n補職缺法院表示意見。\r\n司法院院長就符合第七條所定資格人員中，得參考第三項票選、第六項推\r\n薦及第八項法院意見，並審酌下列各款情形，擬具與擬補職缺同額之遷調\r\n名單，提請司法院人事審議委員會審議：\r\n一、法官服務年資。\r\n二、法務部司法官學院司法官班結業期別。\r\n三、最近五年辦理事務之類型、考績及職務評定結果。\r\n四、最近一次法官全面評核結果。\r\n五、最近五年從事在職進修或參與其他審判外司法職務之情形。\r\n六、歷年撰寫具有參考價值之裁判或發表學術論文之情形。\r\n七、其他有利於審議之情形。\r\n前項遷調名單所列人員如有檢附第三款、第五款至第七款學經歷資料，併\r\n提司法院人事審議委員會審議。\r\n司法院辦理首次調任二審法院法官及一審法院庭長之遴選（任）時，其票\r\n選及推薦名冊合併造具之。\r\n第三項、第五項之票選，不得行競選或助選活動，亦不得委託他人投票。"
		},
		{
			"number": 1100,
			"content": "三審法院法官之遴選，應由司法院將符合第九條所定資格者，參酌法務部\r\n司法官學院司法官班結業期別，按其選定參加票選之事務類別分別造具名\r\n冊，逕送最高法院、最高行政法院辦理票選。但冊列人員填具聲明書放棄\r\n參加票選者，不列入上開名冊。\r\n最高法院、最高行政法院應於司法院指定時間辦理票選，由該院院長、庭\r\n長、法官（包括調派辦理審判事務者）以無記名限制連記法秘密投入指定\r\n票匭，連記人數不得逾冊列人數二分之一。冊列人數僅一人，得圈選一人\r\n。\r\n未依指定日期、時間投票者，視同棄權。但投票日公假或公差者，得於投\r\n票日前先行領取選票圈選彌封後，送交辦理票選法院之政風單位保管，再\r\n由人事單位於投票日會同政風單位將該選票投入票匭。\r\n曾任一審法院院長，或二審法院院長、庭長，或三審法院庭長、法官，或\r\n第三條第二項第三款所列人員，或其他法律明定年資及待遇依相當職務之\r\n法官、檢察官列計之人員，免經第一項票選程序。\r\n司法院得將符合第九條所定資格且志願調任人員名冊，送請所屬法院及擬\r\n補職缺法院表示意見。\r\n司法院院長就第九條所定資格人員中，得參考第二項票選及第五項法院意\r\n見，並審酌前條第九項各款所列情形，擬具與擬補職缺同額之遷調名單，\r\n提請司法院人事審議委員會審議。\r\n前項遷調名單所列人員應檢附前條第十項資料，併提司法院人事審議委員\r\n會 審議。\r\n前條第十二項規定，於三審法院法官之遴選，準用之。"
		},
		{
			"number": 1200,
			"content": "公務員懲戒委員會委員之遴選，應由司法院就志願調任公務員懲戒委員會\r\n委員且符合第九條所定資格者造具名冊，逕送公務員懲戒委員會委員長辦\r\n理推薦。\r\n公務員懲戒委員會委員長應徵詢所屬相關人員意見，擇品德、學識、工作\r\n、才能優良者，敘明理由推薦人選；其曾辦理職務法庭或行政訴訟案件者\r\n，得優先推薦。\r\n司法院院長就第九條所定資格人員中，得參考前項推薦結果，並審酌第十\r\n條第九項各款所列情形，擬具與擬補職缺同額之遷調名單，提請司法院人\r\n事審議委員會審議。"
		},
		{
			"number": 1300,
			"content": "下列情形，由司法院院長參考遷調志願，並審酌第十條第九項各款所列情\r\n形，擬具與擬補職缺同額之遷調名單，提請司法院人事審議委員會審議：\r\n一、依第八條第一項規定續任二審法院法官者。\r\n二、一審法院庭長、法官再次調任二審法院法官者。\r\n三、上級審法院庭長、法官調任下級審法院法官者。\r\n四、依本法第四十六條規定調任下級審法院法官者。\r\n五、依本法第七十七條第一項後段規定調任地方法院法官者。"
		},
		{
			"number": 1400,
			"content": "於同一法院擔任庭長、法官未滿二年者，不得申請為同一審級之地區調動\r\n。但其他法令另有規定者，從其規定。"
		},
		{
			"number": 1500,
			"content": "同一審級間法官之平調，依其志願；志願同一職缺有二人以上時，依下列\r\n排序，並參考法官之專業、證照、能力、品德、績效及首長考評等因素決\r\n之：\r\n一、任職同一法院之期間：任職同一法院期間長者優先。\r\n二、服務年資：年資長者優先。\r\n三、法務部司法官學院司法官班結業期別：期別在先者優先。\r\n四、考績或職務評定：以最近五年之考績或職務評定為準。\r\n五、獎懲：以最近五年獎懲依法相抵後之結果為準。但無法相抵時，以所\r\n    受懲罰較輕者優先。\r\n六、年齡：年齡長者優先。\r\n前項第一款所稱任職期間、第二款所稱服務年資，依下列標準計算：\r\n一、於同一法院擔任候補法官、試署法官或實任法官者，其任職期間及服\r\n    務年資應合併計算。\r\n二、因法院員額不足而暫調他院職缺同時調派該院辦事期間，視同任職調\r\n    辦事法院之期間，其年資亦予併計。\r\n曾任司法院大法官、公設辯護人、律師、教授、副教授、助理教授、中央\r\n研究院研究員、副研究員、助研究員、簡任公務人員經遴選為法官者，應\r\n依下列標準，以其擔任上開職務之服務年資比照法務部司法官學院司法官\r\n班結業期別；如同年分發有二期者，比照後期：\r\n一、未滿六年者，比照轉任該年法務部司法官學院司法官班分發之期別。\r\n二、六年以上未滿十年者，比照轉任當年之前一年法務部司法官學院司法\r\n    官班分發之期別。\r\n三、十年以上者，比照轉任當年之前五年法務部司法官學院司法官班分發\r\n    之期別。"
		},
		{
			"number": 1600,
			"content": "法官因本人、配偶或直系親屬，於扶養、醫療上有特別需要，非至特定地\r\n區之法院任職，顯難全心投入審判工作者，得檢具相關事證，申請優先調\r\n動。\r\n司法院於受理前項申請後，應將其申請之原因及事證檢送其現任職法院及\r\n擬調往之法院，經各該院法官會議同意後，提請司法院人事審議委員會審\r\n議。"
		},
		{
			"number": 1700,
			"content": "依第六條第一項、第二項及前條規定申請優先調動者，擬往之同一法院以\r\n同次調入庭長及法官總人數二分之一為限。\r\n申請人數超過前項人數上限時，依第十五條第一項規定定其排序，司法院\r\n得因業務需要並視個案情形，調至其所請求之法院或鄰近法院，亦得指定\r\n期間調派該院辦事，並於所定期限屆滿或優先遷調原因消滅時歸建原法院\r\n。"
		},
		{
			"number": 1800,
			"content": "司法院得斟酌法院業務需要，保留候補、試署法官占全院實際辦案法官總\r\n人數比例偏低之法院法官缺額予初任法官。"
		},
		{
			"number": 1900,
			"content": "依本法第四十五條規定為地區調動時，應由司法院院長擬具與擬補職缺同\r\n額之遷調人員遷調名單，提請司法院人事審議委員會審議，不受第十四條\r\n期間之限制。"
		},
		{
			"number": 2000,
			"content": "調派最高法院、最高行政法院辦理審判事務者之遴選，準用第九條及第十\r\n一條規定。\r\n前項調派期間以三年為限；調派期間屆滿後，除因法院業務之必要得就全\r\n部或部分法官依其志願補實為該院法官外，應歸建原法院或依其志願及資\r\n格調任其他法院庭長、法官。\r\n依前項規定志願補實為三審法院法官者，應與申請遴選為該院法官者合併\r\n造冊後，依第十一條規定辦理遴選。"
		},
		{
			"number": 2100,
			"content": "司法院得因業務需要，遴選一審法院、二審法院法官調派司法院、最高法\r\n院、最高行政法院任研究法官，辦理案件之實體審查、爭點分析及裁判書\r\n草擬等事務。但調派司法院任研究法官者，以實任法官為限。\r\n調派期間以三年為原則，但司法院因業務需要，得延長一年；調派期間屆\r\n滿後，應歸建原法院或依其志願及資格調任其他法院庭長、法官。\r\n前項調派期間未滿三年者，亦同。"
		},
		{
			"number": 2200,
			"content": "司法院、最高法院、最高行政法院研究法官之遴選，應由司法院將符合前\r\n條第一項所定資格且志願調派者，參酌法務部司法官學院司法官班結業期\r\n別，按一審法院、二審法院分別造具名冊，送請所屬法院及用人機關（單\r\n位）表示意見。\r\n司法院院長就符合前條第一項所定資格之人員中，得參考前項用人機關（\r\n單位）之意見，並審酌第十條第九項各款所列情形，擬具與擬補職缺同額\r\n之遷調名單，提請司法院人事審議委員會審議。\r\n第十一條第七項規定，於司法院、最高法院、最高行政法院研究法官之遴\r\n選，準用之。"
		},
		{
			"number": 2300,
			"content": "調派司法院、法官學院、法務部司法官學院辦事者，由司法院院長就志願\r\n調派辦事之法官中，擬具與擬補職缺同額之遷調名單，提請司法院人事審\r\n議委員會審議。\r\n前項志願調派辦事之法官無適合人選時，得由用人機關（單位）遴薦人選\r\n後，呈請司法院院長擬具與擬補職缺同額之遷調名單，提請司法院人事審\r\n議委員會審議。\r\n調派辦事之期間，以二年為原則，但司法院因業務需要，得延長一年。\r\n調派司法院辦事期間，除辦理司法行政相關業務及其他交辦事項外，必要\r\n時支援各法院審判業務。\r\n司法院因業務需要，於調動前有新增調派辦事法官人力需求，得公告徵求\r\n適當之法官志願調派辦事。\r\n調派司法院、法官學院、法務部司法官學院辦事法官之遷調，由司法院院\r\n長擬具與擬補職缺同額之遷調名單，提請司法院人事審議委員會審議。"
		},
		{
			"number": 2400,
			"content": "調派辦事期間屆滿前轉調其他機關辦事者，應歸建占缺法院，並於同日改\r\n調其他機關辦事。但因法院員額不足而暫調他院職缺同時調派該院辦事者\r\n，不在此限。"
		},
		{
			"number": 2500,
			"content": "司法行政人員或由法官轉任之特任人員或其他法律明定年資及待遇依相當\r\n職務之法官、檢察官列計之人員回任法官職務時，由司法院院長擬具與擬\r\n補職缺同額之遷調名單，提請司法院人事審議委員會審議。但有下列情形\r\n之一者，不在此限：\r\n一、回任原職或原審級法官本職。\r\n二、轉任前有兼任法院院長情事，回任兼任院長前所任職務或同審級法官\r\n    本職。"
		},
		{
			"number": 2600,
			"content": "改任行政法院或智慧財產法院法官前，應完成改任各該專業法院法官研習\r\n課程。但曾任最高法院或最高行政法院實任法官三年以上或智慧財產專庭\r\n（股）法官一年以上，並於三年內參加司法院暨所屬機關、其他政府機關\r\n（構）學校及團體所舉辦與智慧財產有關之研習、訓練或會議合計達四十\r\n小時以上者，於改任智慧財產法院法官時，不在此限。\r\n前項研習課程由司法院規劃並委由法官學院辦理之。\r\n取得司法院核發有效期限之各類型專業證明書者，得優先改任各該專業法\r\n院法官。"
		},
		{
			"number": 2700,
			"content": "本辦法修正施行前已完成各該專業法院法官遴選者，於有效期限內，得優\r\n先改任；逾有效期間未核派者，應依前條規定辦理。"
		},
		{
			"number": 2800,
			"content": "本辦法自發布日施行。\r\n本辦法中華民國一百零七年三月二十九日修正條文自發布日施行。"
		}
	]
}