{
	"pcode": "A0020024",
	"type": "命令",
	"title": "國民大會採訪規則",
	"url": "https://law.moj.gov.tw/LawClass/LawAll.aspx?pcode=A0020024",
	"category": [
		"國民大會（憲法國民大會章條文已停止適用）"
	],
	"lastUpdate": "20050601",
	"isTranslated": false,
	"history": [
		"中華民國八十七年七月三十日第三屆國民大會第三次會議第六次大會通過全文 9 條",
		"中華民國九十四年六月一日國民大會主席團第二次會議核定修正全文 11 條"
	],
	"divisions": [],
	"articles": [
		{
			"number": 100,
			"content": "本規則依國民大會組織法第七條規定訂定之。"
		},
		{
			"number": 200,
			"content": "新聞媒體採訪人員進入國民大會（以下簡稱本會）採訪時，應配帶本會所\r\n製發之採訪證及攜帶服務單位證件。"
		},
		{
			"number": 300,
			"content": "申請採訪本會之新聞媒體，應將所派之記者姓名、性別及聯絡電話等列冊\r\n，並附照片一式四張函送本會秘書處公共關係室，經審核後發給採訪證。"
		},
		{
			"number": 400,
			"content": "本會集會期間，新聞媒體採訪證件種類及核發對象如下： \r\n一、採訪證：以合於下列規定之通訊社、報社、廣播電台、電視台（公司\r\n    ）、網路報等之記者為限：\r\n（一）通訊社：請檢具十家報社「訂戶訂稿證明單」，訂戶係本報系發行\r\n      人為同一人者恕不受理，每家通訊社記者至多五人。\r\n（二）報社：以「每日發行半開二張（含）以上，市面流通」之日、晚報\r\n      為限，凡剪貼、拼湊、影印之報紙，恕不受理，每報文字記者最多\r\n      五人，攝影記者最多二人。\r\n（三）廣播電台：以經行政院新聞局核准有案並含有新聞報導節目者為限\r\n      ，每台限一人為原則。\r\n（四）電視台（公司）：以經行政院新聞局核准有案並含有全國性新聞報\r\n      導節目者為限，每台限三組，每組二人（文字一人，攝影一人）。\r\n（五）網路報：以提供全國性新聞報導服務之電子報為限，每台限三組，\r\n      每組二人（文字一人，攝影一人）。\r\n二、臨時採訪證：雜誌社、國外新聞媒體等臨時申請採訪，應憑證換發，\r\n    限當日有效。"
		},
		{
			"number": 500,
			"content": "本會採訪證不得轉借或影印使用，如有遺失，應即通知本會秘書處公共關\r\n係室補發，事後尋回原證時，亦須交由本會作廢。"
		},
		{
			"number": 600,
			"content": "各電子媒體如需進行現場直播，應事先徵得本會秘書處公共關係室之同意\r\n，並應於指定地點進行。"
		},
		{
			"number": 700,
			"content": "為維護大會會場秩序，媒體記者應於指定地點採訪。大會進行時，不得進\r\n入會場。"
		},
		{
			"number": 800,
			"content": "新聞媒體採訪人員於本會採訪時，應遵守本會相關規定，不得有鼓譟、喧\r\n鬧、破壞公物、妨礙辦公及干擾會議進行等行為。"
		},
		{
			"number": 900,
			"content": "本會未開放採訪之區域，不得採訪。首長辦公區域，未經同意，不得進入\r\n採訪或逗留守候。"
		},
		{
			"number": 1000,
			"content": "新聞媒體採訪人員，如有違反本規則之情事，本會相關人員得制止之，經\r\n制止無效或情節重大者，並得禁止進入本會採訪或註銷其採訪證件。"
		},
		{
			"number": 1100,
			"content": "本規則經秘書長擬訂，提報主席團核定後施行。"
		}
	]
}