{
	"pcode": "A0020144",
	"type": "命令",
	"title": "國史館提供政府資訊收費標準",
	"url": "https://law.moj.gov.tw/LawClass/LawAll.aspx?pcode=A0020144",
	"category": [
		"總統",
		"總統府",
		"國史館目"
	],
	"lastUpdate": "20140807",
	"isTranslated": false,
	"attachments": [
		"https://law.moj.gov.tw/LawClass/LawGetFile.ashx?FileId=0000149178",
		"https://law.moj.gov.tw/LawClass/LawGetFile.ashx?FileId=0000235985"
	],
	"history": [
		"中華民國九十八年十月二日國史館國秘字第 0980003854 號令訂定發布全文 7 條；並自發布日施行",
		"中華民國一百零三年八月七日國史館國秘字第 1030002767 號令修正發布第 3 條條文之附表"
	],
	"divisions": [],
	"articles": [
		{
			"number": 100,
			"content": "本標準依政府資訊公開法第二十二條第二項規定訂定之。"
		},
		{
			"number": 200,
			"content": "閱覽、抄錄或攝影政府資訊，每二小時收取費用新臺幣二十元；不足二小\r\n時，以二小時計算。但供學術研究或公益用途者，其費用得予減免。"
		},
		{
			"number": 300,
			"content": "重製或複製政府資訊，依政府資訊重製或複製收費標準表（如附表），收\r\n取費用。\r\n前項收費標準表未明定之項目，按重製或複製工本費，收取費用。"
		},
		{
			"number": 400,
			"content": "重製或複製政府資訊，如另需提供郵寄服務者，其郵遞費用以實支數額計\r\n算。"
		},
		{
			"number": 500,
			"content": "申請政府資訊供學術研究或公益用途者，於申請時應檢附相關證明文件，\r\n經核准後，除郵遞費用仍以實支數額計算外，其餘費用，減半徵收。"
		},
		{
			"number": 600,
			"content": "本標準所定之費用收取，應依預算程序辦理。"
		},
		{
			"number": 700,
			"content": "本標準自發布日施行。"
		}
	]
}