{
	"pcode": "A0020193",
	"type": "命令",
	"title": "總統副總統文物註銷辦法",
	"url": "https://law.moj.gov.tw/LawClass/LawAll.aspx?pcode=A0020193",
	"category": [
		"總統",
		"總統府",
		"國史館目"
	],
	"lastUpdate": "20180524",
	"isTranslated": false,
	"history": [
		"中華民國一百零七年五月二十四日國史館國采字第 1071000716 號令訂定發布全文 13 條；並自發布日施行"
	],
	"divisions": [],
	"articles": [
		{
			"number": 100,
			"content": "本辦法依總統副總統文物管理條例（以下簡稱本條例）第六條之二第三項\r\n規定訂定之。"
		},
		{
			"number": 200,
			"content": "本辦法用詞定義如下：\r\n一、註銷：指總統副總統文物（以下簡稱文物）從典藏管理中永久除籍之\r\n    程序。\r\n二、處置：指文物註銷後之處理方式。\r\n三、註銷品：指經總統副總統文物審鑑委員會（以下簡稱審鑑委員會）審\r\n    定註銷之文物。\r\n四、參考品：指文物註銷後，作為推廣教育品或修護實驗品。"
		},
		{
			"number": 300,
			"content": "本文物有下列情形之一者，得辦理註銷：\r\n一、文物不具備來源性、歷史性、文化性、藝術性之典藏價值者。\r\n二、文物移交至其他專業典藏機關或機構能有效提高利用之可能性，發揮\r\n    更大典藏效益者。\r\n三、因天然災害或不可抗力因素，致文物毀損且無法修護者。\r\n四、文物遭竊、搶劫或遺失，確認無法取回者。\r\n五、依法律或倫理考量，不宜繼續典藏者。\r\n六、文物保存易造成管理或安全疑慮者。\r\n七、文物種類或性質重複達一定數量者。\r\n八、其他不符典藏效益之情形者。"
		},
		{
			"number": 400,
			"content": "主管機關辦理註銷，依下列程序為之：\r\n一、制定註銷計畫。\r\n二、經審鑑委員會審定並作成註銷及處置方式之決議。\r\n三、公告註銷目錄。\r\n四、辦理註銷品之處置。"
		},
		{
			"number": 500,
			"content": "前條所稱註銷計畫，應包括下列事項：\r\n一、文物基本資料。\r\n二、文物取得日期。\r\n三、文物現況說明與照片。\r\n四、文物擬註銷之原因。\r\n五、文物註銷後建議處置方式。\r\n六、其他重要事項。"
		},
		{
			"number": 600,
			"content": "文物註銷之審定，除有嚴重毀損或滅失等無法審查實物之情形，應以實物\r\n審查為原則。"
		},
		{
			"number": 700,
			"content": "文物經審鑑委員會審定註銷後，依下列方式處置：\r\n一、作為參考品。\r\n二、交予其他機關或機構。\r\n三、私人或團體依本條例第四條第四項交主管機關管理之文物，得歸還原\r\n    所有者。\r\n四、銷毀。"
		},
		{
			"number": 800,
			"content": "文物未經註銷者應永久保存。\r\n參考品保存年限為三年。\r\n註銷品之減損應依國有財產法令有關減損規定辦理。"
		},
		{
			"number": 900,
			"content": "註銷品交予其他機關或機構時，應編造移交清冊，並檢附證明文件，一併\r\n移交接管機關。\r\n註銷品移交接管機關後，雙方應辦理管理機關變更登記。"
		},
		{
			"number": 1000,
			"content": "註銷品銷毀應制定銷毀計畫，並記載及檢附下列事項：\r\n一、擬銷毀文物及數量。\r\n二、審鑑委員會會議紀錄。\r\n三、擬銷毀文物現行存放地點。\r\n四、擬銷毀時間、地點及方式。\r\n註銷品之銷毀，應會同相關單位監辦。"
		},
		{
			"number": 1100,
			"content": "文物註銷之相關資料檔案及處置過程紀錄，應永久留存備查。必要時，應\r\n先經電子儲存。"
		},
		{
			"number": 1200,
			"content": "主管機關應自文物註銷之日起半年內，於資訊網路公告文物註銷目錄二個\r\n月。\r\n前項目錄應載明下列事項：\r\n一、註銷品之原名稱、典藏號碼。\r\n二、取得日期。\r\n三、註銷原因。\r\n四、註銷後處置方式。\r\n五、註銷之法令依據。\r\n六、註銷核定日期及文號。"
		},
		{
			"number": 1300,
			"content": "本辦法自發布日施行。"
		}
	]
}