{
	"pcode": "A0020111",
	"type": "命令",
	"title": "考試院訴願審議委員會審議規則",
	"url": "https://law.moj.gov.tw/LawClass/LawAll.aspx?pcode=A0020111",
	"category": [
		"廢止法規",
		"考試院"
	],
	"lastUpdate": "19941221",
	"isDiscarded": true,
	"isTranslated": false,
	"history": [
		"中華民國七十一年五月十九日考試院（71）考台秘議字第 1824 號令訂定發布全文 13 條",
		"中華民國七十六年九月二十五日考試院（76）考台秘議字第 2386 號令修正發布",
		"中華民國八十年十一月六日考試院（80）考台秘議字第 3629 號令修正發布第 10 條條文",
		"中華民國八十三年十二月二十一日考試院（89）考台秘議字第 4634 號令發布廢止"
	],
	"divisions": [],
	"articles": [
		{
			"number": 100,
			"content": "本規則依訴願法第二十六條第二項訂定之。"
		},
		{
			"number": 200,
			"content": "本院訴願審議委員會 (以下簡稱本會) 由主任委員召集會議並為主席；主\r\n任委員不能主席時，得指定委員一人為主席。"
		},
		{
			"number": 300,
			"content": "本會凋滿如與訴願人有配偶或三親等內血親、姻親關係者，或與訴願事件\r\n有利害關係者，對於該訴願事件之處理，應行迴避。\r\n本會人員與訴願事件有無利害關係，由主任委員決定。\r\n本會人員有第一項原因應迴避而不迴避者，應視情節輕重依法議處。"
		},
		{
			"number": 400,
			"content": "訴願事件到院後，由主任委員指定委員一至三人審查，並將審查意見製作\r\n決定書初稿，提本會會議審議。\r\n前項訴願事件有關文書如有不合法定程式者，先由本會秘書通知訴願人於\r\n一定期間內補正者，再行分案審。"
		},
		{
			"number": 500,
			"content": "本會對於訴願事件之審議，須有委員過半數之出席，始得開會，出席委員\r\n過半數之同意，始得決議，可否同數時，取決於主席；不同意之委員及其\r\n異議，得列入紀錄，以備參考。"
		},
		{
			"number": 600,
			"content": "訴願事件之審議，必要時得通知訴願人到會陳劊，並得通知原處分或原決\r\n定機關於審議時派員列席備詢。"
		},
		{
			"number": 700,
			"content": "訴願事件如認為有調查必要時，主任委員得指派專人前往調查，並製作調\r\n查筆錄。"
		},
		{
			"number": 800,
			"content": "訴願事件就書面審議決定之，主任委員如認有必要，得通知雙方當事人，\r\n於開會審議時，到場為言詞辯論。\r\n言詞辯論程序，準用民事訴訟法有關之規定。"
		},
		{
			"number": 900,
			"content": "訴願事件經會議決議後，製成決定書，由主任委員簽請院長核定，並提報\r\n院會後再行送達。"
		},
		{
			"number": 1000,
			"content": "訴願事件經會議決議後，製成決定書，由主任委員簽請院長核定後送達。"
		},
		{
			"number": 1100,
			"content": "訴願事件在辦理期間，應嚴守秘密，不得對外洩漏。"
		},
		{
			"number": 1200,
			"content": "本規則未依定事項，適用其他法令有關之規定。"
		},
		{
			"number": 1300,
			"content": "本規則自發布日施行。"
		}
	]
}