{
	"pcode": "A0020029",
	"type": "命令",
	"title": "中央研究院聘任評議員選舉辦法",
	"url": "https://law.moj.gov.tw/LawClass/LawAll.aspx?pcode=A0020029",
	"category": [
		"總統",
		"總統府",
		"中央研究院目"
	],
	"lastUpdate": "20161022",
	"isTranslated": false,
	"history": [
		"",
		"中華民國三十七年五月三十一日中央研究院評議員通信投票修正",
		"中華民國四十六年四月三日中央研究院第三屆評議會首次會議修正",
		"中華民國四十七年四月十三日中央研究院第三屆評議會第四次會議修正",
		"中華民國四十八年十一月一日中央研究院第三屆評議會第六次會議修正",
		"中華民國五十一年十月十一日中央研究院第四屆評議會第四次會議修正",
		"中華民國七十九年四月十四日第十三屆評議會第八次會議修正通過",
		"中華民國八十五年四月二十日中央研究院第十五屆評議會第六次會議修正通過",
		"中華民國九十一年四月二十日中央研究院第十七屆評議會第六次會議修正通過全文 9 條；並自發布日施行",
		"中華民國一百零一年四月二十六日中央研究院秘書字第 10105031631 號令修正發布第 4～7 條條文",
		"中華民國一百零三年二月二十七日中央研究院秘書字第 10305015151 號令修正發布第 3 條條文",
		"中華民國一百零五年十月二十二日中央研究院秘書字第 10505083431 號令修正發布第 2 條條文中華民國一百零五年十月二十二日第 22 屆評議會第 5 次會議修正通過"
	],
	"divisions": [],
	"articles": [
		{
			"number": 100,
			"content": "本辦法依中央研究院組織法第十條第四項之規定訂定之。"
		},
		{
			"number": 200,
			"content": "評議會每三年為一屆，每屆評議會之聘任評議員，依本院組織法第七及第\r\n十條之規定，分為數理科學、工程科學、生命科學、人文及社會科學四組\r\n，每組名額，至少十人，四組總額，至多五十人，其分配，由前屆評議會\r\n規定之。"
		},
		{
			"number": 300,
			"content": "評議會應於本屆評議員任滿前五個月，組設下屆評議員提名委員會辦理各\r\n組候選人提名，並通知各組院士，得以三人之聯署，註明理由，向提名委\r\n員會提出本組評議員之候選人。提名委員會就本會及院士所提者，合併提\r\n出各組候選人。其人數，至少應為當選名額之倍數。必要時，院士得以三\r\n人之聯署，向院士會議提出評議員候選人，經出席院士過半數之同意，列\r\n入評議員候選人名單。"
		},
		{
			"number": 400,
			"content": "聘任評議員之選舉於院士會議開會期間舉行者，以無記名投票方式為之，\r\n依各組應選名額，由得票數較多者依序當選，並應有候補當選名額，每組\r\n一至五名，依其獲票數之高低，排定其候補順序。\r\n如獲相同票數之候選人有二人以上者，其當選或候補順序應由議長決定之\r\n。\r\n聘任評議員之選舉未於院士會議開會期間舉行者，得以無記名之通信投票\r\n方式為之。"
		},
		{
			"number": 500,
			"content": "聘任評議員選出後，應即由議長徵詢當選人之就任意願，如無意或不能就\r\n任者，其當選席次應經議長之核定，由候補當選人，依序遞補為當選人。"
		},
		{
			"number": 600,
			"content": "聘任評議員之當選人，由本院呈請總統聘任之。"
		},
		{
			"number": 700,
			"content": "評議員在任期內辭職或出缺時，應依本院組織法第十條規定由評議會補選\r\n之。但於每屆評議會首次集會前，因評議員辭職或出缺，致不足法定最低\r\n開會人數時，應由院士會議依本辦法所定選舉程序增補選之。"
		},
		{
			"number": 800,
			"content": "本辦法得以評議員五人以上之提議，到會評議員三分之二以上之表決修正\r\n之。"
		},
		{
			"number": 900,
			"content": "本辦法自本院發布日施行。"
		}
	]
}