{
	"pcode": "A0020076",
	"type": "命令",
	"title": "公務員懲戒委員會處務規程",
	"url": "https://law.moj.gov.tw/LawClass/LawAll.aspx?pcode=A0020076",
	"category": [
		"司法",
		"公務員懲戒委員會",
		"公懲目"
	],
	"lastUpdate": "20160314",
	"isTranslated": false,
	"history": [
		"中華民國七十四年七月一日公務員懲戒委員會（74）台會文字第 0746 號函訂定發布",
		"中華民國八十三年六月二十八日公務員懲戒委員會（83）台會義文字第 1784 號令修正發布全文 80 條",
		"中華民國九十三年十二月十四日公務員懲戒委員會臺會文字第 0930010004 號令修正發布全文 80 條中華民國九十四年一月七日司法院院台廳司一字第 0940000514 號函核定",
		"中華民國一百零五年三月十四日司法院院台廳司一字第 1050007088 號令修正發布全文 79 條；並自中華民國一百零四年五月六日修正公布之公務員懲戒委員會組織法施行之日施行中華民國一百零五年三月十四日司法院院台廳司一字第 1050007087 號令發布「公務員懲戒委員會組織法」定自一百零五年五月二日施行"
	],
	"divisions": [
		{
			"type": "章",
			"number": 100,
			"title": "通則",
			"start": 100,
			"end": 1000
		},
		{
			"type": "章",
			"number": 200,
			"title": "委員長",
			"start": 1100,
			"end": 1500
		},
		{
			"type": "章",
			"number": 300,
			"title": "審判長、委員",
			"start": 1600,
			"end": 2700
		},
		{
			"type": "章",
			"number": 400,
			"title": "書記廳",
			"start": 2800,
			"end": 6300,
			"children": [
				{
					"type": "節",
					"number": 100,
					"title": "職掌",
					"start": 2800,
					"end": 4000
				},
				{
					"type": "節",
					"number": 200,
					"title": "文書處理程序",
					"start": 4100,
					"end": 6300
				}
			]
		},
		{
			"type": "章",
			"number": 500,
			"title": "人事室、會計室、統計室、資訊室",
			"start": 6400,
			"end": 7300
		},
		{
			"type": "章",
			"number": 600,
			"title": "附則",
			"start": 7400,
			"end": 7900
		}
	],
	"articles": [
		{
			"number": 100,
			"content": "本規程依公務員懲戒委員會組織法（以下簡稱本法）第二十一條規定訂定\r\n之。"
		},
		{
			"number": 200,
			"content": "公務員懲戒委員會（以下簡稱本會）人員處理事務，除法令別有規定外，\r\n依本規程行之。"
		},
		{
			"number": 300,
			"content": "本會文件，以本會或委員長名義行之。但依法令或依其性質得以各庭、科\r\n、室或書記廳名義行之者，不在此限。"
		},
		{
			"number": 400,
			"content": "本會委員次年度之事務分配、代理次序及合議審判委員之配置，於每年年\r\n終會議決定之。\r\n前項決定，應製成事務分配表及代理次序表。\r\n委員長認為必要時，得於年終會議前召集委員若干人，組成作業小組，預\r\n擬前項事務分配表及代理次序表草案。\r\n第一項會議後，遇有人員變動或其他事由須變更第二項之分配表及次序表\r\n時，得由委員長徵詢有關委員之意見後決定之。"
		},
		{
			"number": 500,
			"content": "本會其他人員事務之分配，由委員長決定之。"
		},
		{
			"number": 600,
			"content": "本會辦公時間，依法令之規定。但必要時得延長之。\r\n星期六、星期日及例假日，書記廳應派員輪流值日。每日下班後，應派員\r\n值夜。"
		},
		{
			"number": 700,
			"content": "本會人員應照規定時間到公，並親自簽到、簽退，或以電子刷卡方式為之\r\n，不得遲到早退及委人代辦；其因病、因事或其他事由不能依時到會者，\r\n應依公務人員請假規則請假。"
		},
		{
			"number": 800,
			"content": "本會人員承辦事件，應隨到隨辦，不得稽延。但依其性質或有特別情形不\r\n能即辦者，不在此限。"
		},
		{
			"number": 900,
			"content": "本會人員對於承辦或其他有關會務之事件，未經宣布者，應嚴守秘密，不\r\n得洩漏。"
		},
		{
			"number": 1000,
			"content": "本會人員在辦公時間內，除因公外，不得接見賓客。"
		},
		{
			"number": 1100,
			"content": "委員長綜理本會行政事務，其處理會內事務以命令行之。但尋常事務得命\r\n書記廳以傳覽簿行之。\r\n委員長為督促行政事務進行，得分別情形酌定辦結之期限。"
		},
		{
			"number": 1200,
			"content": "委員長之職責如下：\r\n一、本會工作計畫之決定。\r\n二、法律建議案之核定及本會單行法規之核定發布。\r\n三、本會庭數之擬議。\r\n四、本會人員員額之擬議。\r\n五、裁判書之事後研閱。\r\n六、編製概算及預算案之提示。\r\n七、本會各單位工作之監督指導及考核。\r\n八、本會人員之任免、獎懲、監督及考核。\r\n九、重要行政文件之判行。\r\n十、年終會議及其他重要會議之主持。\r\n十一、上級機關重要行政命令執行之監督考核。\r\n十二、人民陳訴事件之處理。\r\n十三、向上級或有關機關建議或報告事項之核定。\r\n十四、其他有關會務之處理。"
		},
		{
			"number": 1300,
			"content": "委員長對於行政事務之處理，認有諮詢之必要時，得分別召開委員會議或\r\n行政會議。"
		},
		{
			"number": 1400,
			"content": "委員長為謀審判業務及行政事務之改進，得指定人員擔任研究、設計、審\r\n核等事宜。\r\n前項人員得指定停止辦理案件之委員擔任。"
		},
		{
			"number": 1500,
			"content": "委員長因事故不能執行職務時，由資深委員或委員長指定之委員代行其職\r\n務，並陳報司法院。"
		},
		{
			"number": 1600,
			"content": "合議庭審判長之職責如下：\r\n一、本庭事務之分配及監督。\r\n二、本庭評議之主持及評議簿之保管。\r\n三、本庭關於訴訟進行文件之判行。\r\n四、本庭委員所擬裁判書之核定。\r\n五、本庭裁判具有參考價值者之選擇。\r\n六、年終會議決議及委員長交辦事項之處理。\r\n七、本庭委員工作之考核及獎懲之擬議。\r\n八、配置本庭其他人員工作之指揮及操行、學識、能力之考核監督及獎懲\r\n    之擬議。\r\n九、人民陳訴事件之調查及擬議。\r\n十、法律問題之研究。\r\n十一、抽籤及電腦分案事務之主持。\r\n十二、有關業務改進建議事項。"
		},
		{
			"number": 1700,
			"content": "各庭審判長相互間行政事務之劃分及處理，由年終會議或委員長徵詢有關\r\n審判長意見後決定之。"
		},
		{
			"number": 1800,
			"content": "審判長有事故不能執行職務時，行政事務之代理依代理次序表。"
		},
		{
			"number": 1900,
			"content": "委員職責如下：\r\n一、主辦案件之審理進行。\r\n二、關於主辦案件訴訟進行文稿之審核。\r\n三、參與評議時意見之陳述。\r\n四、主辦案件裁判書之撰擬。\r\n五、就主辦案件對於配置書記官執行職務之指揮考核。\r\n六、其他有關審判程序之事項。"
		},
		{
			"number": 2000,
			"content": "各庭委員席次，以任職年月日之先後定之；任職期間相同者，以俸級高者\r\n為先；俸級相同者，以年長者為先；其間有斷資者，應前後接續計算年資\r\n。"
		},
		{
			"number": 2100,
			"content": "各庭委員因事故致缺員時，依代理次序表，由他庭委員代理。"
		},
		{
			"number": 2200,
			"content": "言詞辯論時，審判長認有定額旁聽之必要者，得通知書記廳製發旁聽證。"
		},
		{
			"number": 2300,
			"content": "評議之決定應記載於評議簿；如委員中有與決議不同之意見者，應於該評\r\n議簿附記其意見。"
		},
		{
			"number": 2400,
			"content": "委員配受案件依法應製作裁判書，並依法律規定期限，將裁判書交付書記\r\n官製作正本後，送委員長研閱。\r\n委員長於必要時，得指定審判長襄助研閱之。"
		},
		{
			"number": 2500,
			"content": "經評議決定之裁判主文，應由紀錄科公告，抄送文書科，並通知當事人。"
		},
		{
			"number": 2600,
			"content": "懲戒案件具有參考價值者，應由審判長或委員交文書科摘錄裁判要旨連同\r\n裁判書正本提出於委員會議審查。"
		},
		{
			"number": 2700,
			"content": "各庭為統一法令之見解，或委員長認有必要時，得由委員長召集委員會議\r\n。"
		},
		{
			"number": 2800,
			"content": "本會設書記廳，置書記官長一人，承委員長之命，處理行政事務，並指揮\r\n監督書記廳一切事務。"
		},
		{
			"number": 2900,
			"content": "書記官長之職責如下：\r\n一、承委員長之命處理本會行政事務。\r\n二、委員長交辦事項及機要文件之辦理。\r\n三、所屬各科人員之指揮監督及工作調整之擬議。\r\n四、本會重要會議之籌劃進行。\r\n五、建議委員長有關業務改進及注意事項。\r\n六、本會重要行政文件之審核。\r\n七、本會尋常行政文件之簽發。\r\n八、書記廳重要文件之判行。\r\n九、新聞之發布及其他公共關係之聯繫事項。\r\n十、各科室就其主管事務爭議事項歸屬之指定。"
		},
		{
			"number": 3000,
			"content": "書記廳設下列各科室，承長官之命，辦理各該科主管事務：\r\n一、紀錄科。\r\n二、文書科。\r\n三、資料科。\r\n四、研究發展考核科。\r\n五、訴訟輔導科。\r\n六、總務科。\r\n七、法警室。\r\n各科置科長一人，書記官若干人，科長以一等書記官兼任之。但一等書記\r\n官人數少於設科數，且有業務需要時，科長得由二等書記官兼任之。\r\n各科於業務需要，得分股辦事，股長由一等或二等書記官兼任之。\r\n書記廳置通譯、法警、錄事、庭務員若干人，辦理有關通譯、警衛、送達\r\n及值庭等事務。"
		},
		{
			"number": 3100,
			"content": "紀錄科職掌如下：\r\n一、案件卷證之點收整理及編訂事項。\r\n二、案件之編號、分配、登記及計數報結事項。\r\n三、裁判參考資料之整理編目事項。\r\n四、筆錄及期日通知之製作事項。\r\n五、訴訟進行中文稿之撰擬事項。\r\n六、裁判之編號事項。\r\n七、案件卷證之保管事項。\r\n八、裁判正本之製作、送達與主文之通知、公告事項。\r\n九、已結卷宗之編訂、發還、歸檔事項。\r\n十、裁判後文件之處理事項。\r\n十一、公職人員選舉候選人消極資格查詢事項。\r\n十二、其他依法令應由紀錄科辦理事務或長官交辦事項。\r\n紀錄科並應受各該審判長之指揮監督。"
		},
		{
			"number": 3200,
			"content": "文書科之職掌如下：\r\n一、印信之典守事項。\r\n二、文件之收發、分配、譯電、繕印及校對事項。\r\n三、行政文件之撰擬、陳轉及傳覽事項。\r\n四、工作計畫及報告之彙編事項。\r\n五、文件之編檔保存事項。\r\n六、會議及集會之記錄事項。\r\n七、本會行政法令之研擬、保管、彙編事項。\r\n八、人民陳訴、申請、檢舉事件之文書處理事項。\r\n九、不屬其他科室事項或長官交辦事項。"
		},
		{
			"number": 3300,
			"content": "資料科之職掌如下：\r\n一、法令之編輯、分送、通告、分類登記及保管事項。\r\n二、裁判資料之蒐集、分析、登記、製卡、保管、複製及送登公報事項。\r\n三、裁判書及其他刊物之編輯校對事項。\r\n四、案例要旨之彙輯事項。\r\n五、報刊、雜誌有關新聞之剪輯、保存事項。\r\n六、審判法令之編輯、分送、分類、保管事項。\r\n七、解釋文件之登記、分送、保管事項。\r\n八、圖書報刊徵集管理事項。\r\n九、其他有關資料或長官交辦事項。"
		},
		{
			"number": 3400,
			"content": "研究發展考核科之職掌如下：\r\n一、研究發展工作之推行事項。\r\n二、年度工作計畫之編擬事項。\r\n三、文書稽催管制事項。\r\n四、懲戒案件進行檢查事項。\r\n五、列管事項之追蹤、管制、考核事項。\r\n六、自行檢查事項。\r\n七、其他有關研究發展考核或長官交辦事項。\r\n研究發展考核進行情形及結果，承辦人員應按月列表送請書記官長轉陳委\r\n員長核閱，並依其職權作適當之處理。"
		},
		{
			"number": 3500,
			"content": "訴訟輔導科之職掌如下：\r\n一、輔導訴訟當事人或關係人對於訴訟進行之手續。\r\n二、洽領裁判書類正本及其他應送達或發還之文書。\r\n三、答覆關於訴訟程序之詢問。\r\n四、查詢裁判主文及有關訴訟事件進行情形。\r\n五、洽辦法律扶助事項。\r\n六、洽請閱覽卷宗。\r\n七、其他有關便民服務或長官交辦事項。"
		},
		{
			"number": 3600,
			"content": "總務科之職掌如下：\r\n一、本會經費及其他款項之出納與保管事項。\r\n二、司法與其他收入及繳庫事項。\r\n三、保管案內特別文件及重要物品事項。\r\n四、本會財產物品之購置、保管、發給事項。\r\n五、公有廳舍營建、修繕及分配使用事項。\r\n六、出版及發行事項。\r\n七、本會安全維護、消防及衛生事項。\r\n八、實物代金及同仁福利事項。\r\n九、駕駛、技工、工友之訓練、管理、考核及獎懲等事項。\r\n十、會議及集會場地之布置事項。\r\n十一、公務車輛調派事項。\r\n十二、其他關於庶務或長官交辦事項。"
		},
		{
			"number": 3700,
			"content": "科長之職責如下：\r\n一、本科人員事務之分配。但別有會令者不在此限。\r\n二、長官交辦事項之擬議。\r\n三、主管事項之調查與執行。\r\n四、本科文稿之審核。\r\n五、主管重要文稿之撰擬。\r\n六、本科人員之監督、考核與獎懲之擬議。\r\n七、本科例行文件之簽發。\r\n八、其他法定事項之處理。\r\n前項規定於股長準用之。"
		},
		{
			"number": 3800,
			"content": "書記官之職責如下：\r\n一、辦理分配事務事項。\r\n二、科長或股長指定各該科股職掌內之有關事項。\r\n三、長官交辦事項。\r\n四、其他有關事項。\r\n書記官應服從其配屬審判長、委員之指揮命令執行職務。"
		},
		{
			"number": 3900,
			"content": "書記官長為討論書記廳行政事務，得召集所屬人員會議，由書記官長任主\r\n席，但不採表決制。"
		},
		{
			"number": 4000,
			"content": "書記官長因事故不能執行職務時，應報請委員長指定適當人員代理。\r\n科長因事故不能執行職務時，由書記官長指定代理人。\r\n其餘人員因事故不能執行職務時，依事務性質由科室主管指定代理人。\r\n第二項代理期間逾三日者，應報經委員長核定。"
		},
		{
			"number": 4100,
			"content": "各科室應就其職掌事務，分別設置各種簿冊、表單；其格式得由司法院統\r\n一規定之。\r\n前項簿冊、表單，得以電腦登錄或列印清單代之。"
		},
		{
			"number": 4200,
			"content": "各科室主管指定所屬職員承辦之事項，應列表報告書記官長轉陳委員長查\r\n核。\r\n各科所擬稿件應由擬稿人及核稿人署名並註明年月日，送請書記官長決行\r\n或轉陳委員長判行。\r\n例行稿件，得用簽稿併陳。"
		},
		{
			"number": 4300,
			"content": "文書科收案人員收到懲戒案件文卷，應即分別卷宗、證物、書狀及文件，\r\n逐一點清，並就職掌應辦事項辦理完竣後，分別送交紀錄科。"
		},
		{
			"number": 4400,
			"content": "凡收入文件由文書科摘由編號，註明收文年、月、日、時，登入總收文簿\r\n或總收文清單，層送委員長核閱後，分科擬辦。如係訴訟文件並應保存其\r\n信封。\r\n緊急文件，應立時送由書記官長陳請委員長核閱後再行分配。\r\n密件送請委員長親自拆閱，總收文簿內僅編號不摘由。"
		},
		{
			"number": 4500,
			"content": "本會懲戒案件編號、計數、分案、報結等相關規定實施要點，由本會另定\r\n之。"
		},
		{
			"number": 4600,
			"content": "分案前續收之訴訟文件，紀錄科應併入原卷。\r\n分庭未結案件續收文件，隨時分送各受命委員處理。\r\n對於已結案件之文件，分送各主辦股書記官處理。\r\n懲戒案件進行情形不明者，由紀錄科查明後，依前三項規定分辦之。"
		},
		{
			"number": 4700,
			"content": "紀錄科書記官應填載辦案進行簿，每月送由科長轉陳委員、審判長、委員\r\n長核閱。\r\n其他科室簿冊、表單，除另有規定外，每月送由科室主管轉陳書記官長、\r\n委員長核閱。\r\n各科室人員於必要時得派兼辦其他科室事務。"
		},
		{
			"number": 4800,
			"content": "各科室應辦理事件有與他科室相關聯者，應由科室主管協商辦理；如彼此\r\n意見不同者，由書記官長決定之。"
		},
		{
			"number": 4900,
			"content": "各科室人員所擬稿件經判行後，發還繕校用印，應加蓋校對員、監印員名\r\n戳。"
		},
		{
			"number": 5000,
			"content": "各科室文稿及登記表冊之人名、地名及數目字之錯誤，由擬稿人、登記人\r\n負責；其例行及奉命處理之文件如有錯誤，由該科室主管負責。"
		},
		{
			"number": 5100,
			"content": "監印人員應將每日用印文件件數登載簿冊，陳送書記官長核閱；未經判行\r\n之稿件不得用印。但經有權長官授權者，不在此限。"
		},
		{
			"number": 5200,
			"content": "發出文件應由文書科發文人員摘由、編號、註明年、月、日、時，登入總\r\n發文簿或總發文清單。但其屬密件者，不摘由。"
		},
		{
			"number": 5300,
			"content": "發出文件應由收受者在送達簿或送達清單上簽名或蓋章，並註明收到時日\r\n；郵寄者應將郵局執據黏存或由郵局加蓋日戳。\r\n公告文件應摘由、編號、註明年、月、日、時於發文簿。"
		},
		{
			"number": 5400,
			"content": "訴訟卷宗、行政卷宗及各類表單，應由文書科分別保存，訴訟卷宗並應依\r\n結案年月日順序編號保存之。\r\n卷宗、表單之歸檔編號及保存期限實施要點由本會另定之。"
		},
		{
			"number": 5500,
			"content": "保存之卷宗，必須調閱時，應經科長或書記官長以上人員簽章，始得檢付\r\n。調取卷宗時，文書科管卷人員應予登錄；返還時亦同。"
		},
		{
			"number": 5600,
			"content": "資料科應將新頒或修訂法令，隨時選送各審判長、委員及相關科室，並於\r\n每三個月終，編造該三個月內公布之各種法令目錄，分送之。"
		},
		{
			"number": 5700,
			"content": "司法院公（發）布之法令、解釋及本會委員會議決議關於法令見解之決議\r\n案，應由資料科摘錄要旨、註明標目、號數、關係法條，至相當件數時，\r\n編輯成冊，分送各庭審判長、委員及相關科室。"
		},
		{
			"number": 5800,
			"content": "本會新置圖書應由資料科每年年終編製目錄，印送各人員。\r\n本會圖書之管理要點，由本會另定之。"
		},
		{
			"number": 5900,
			"content": "總務科收支款項，應隨時分別登簿。\r\n每日收支完畢後，應即檢齊單據，送會計室登帳。"
		},
		{
			"number": 6000,
			"content": "總務科支出款項，均須取得正式單據；其有事實上不能取得者，由經收人\r\n員出具單據經主管人員蓋章證明。"
		},
		{
			"number": 6100,
			"content": "總務科發給物品，以領物單為憑，並於點發後註明實發數目，每屆月終彙\r\n訂成冊，以備稽核。"
		},
		{
			"number": 6200,
			"content": "書記官長及總務科長應稽查下列各款事項：\r\n一、每月支用之款，是否依照計畫，有無超過預算。\r\n二、每月結存之款，是否與現存款額相符。\r\n三、收支各項單據，是否完全。\r\n四、支用各款及購置發給物品，是否核實。"
		},
		{
			"number": 6300,
			"content": "本會設法警室，置法警長一人，法警二至八人，辦理值庭、警衛及其他有\r\n關司法警察事務。\r\n法警受委員長之指揮監督，由書記官長承委員長之命，負直接監督考核之\r\n責。\r\n法警之管理準用法警管理辦法之規定，其他作業要點及執行職務注意事項\r\n由本會另定之。"
		},
		{
			"number": 6400,
			"content": "本會設人事室，置主任一人。人事室職掌如下：\r\n一、任免遷調之核簽擬辦事項。\r\n二、銓敘案件之查催核轉事項。\r\n三、級俸之簽擬，待遇標準之簽訂事項。\r\n四、差假勤惰之考查及獎懲之核議事項。\r\n五、考績考成之籌辦及核轉事項。\r\n六、退休、保險、撫卹、救濟案件之審擬及核轉事項。\r\n七、福利之規劃事項。\r\n八、任免、遷調、獎懲、銓敘及考績考成之登記事項。\r\n九、各項人事報表之查催審核及編存彙轉事項。\r\n十、人事規章刊物之輯錄保管事項。\r\n十一、服務證明書類之核發事項。\r\n十二、其他有關人事事項或長官交辦事項。"
		},
		{
			"number": 6500,
			"content": "人事室主任，依法令主辦人事管理事務，並受委員長之指揮監督。"
		},
		{
			"number": 6600,
			"content": "本會設會計室，置主任一人。會計室職掌如下：\r\n一、公務歲計、公務出納與公務財物之會計事項。\r\n二、概（預）算、決算之編製事項。\r\n三、會計、現金財務、財物預算及工作之審核事項。\r\n四、營繕工程及購置財物之會同監辦事項。\r\n五、付款憑單與收支轉帳傳票之編製與覆核事項。\r\n六、各類會計帳簿之登錄事項。\r\n七、會計報表之編送事項。\r\n八、會計憑證、簿籍、報表及會計檔卷之保管事項。\r\n九、其他有關會計事項或長官交辦事項。"
		},
		{
			"number": 6700,
			"content": "會計室主任，依法令主辦歲計、會計事務，並受委員長之指揮監督。"
		},
		{
			"number": 6800,
			"content": "本會設統計室，置主任一人。統計室職掌如下：\r\n一、結案資料之整理分析與編製事項。\r\n二、辦案資料之整理分析與製作事項。\r\n三、統計法令報表文書之輯錄保管事項。\r\n四、業務研究改進統計資料之提供。\r\n五、司法調查統計之執行事項。\r\n六、其他有關統計事項或長官交辦事項。"
		},
		{
			"number": 6900,
			"content": "統計室主任，依法令主辦統計事務，並受委員長之指揮監督。"
		},
		{
			"number": 7000,
			"content": "本會設資訊室，置主任一人，設計師一人、資訊管理師一人、助理設計師\r\n二人至四人。資訊室職掌如下：\r\n一、電腦之操作、安全維護及人員訓練事項。\r\n二、系統程式、文書之保管、更新、資料輸出入及其管理事項。\r\n三、應用程式之測試及修改事項。\r\n四、資訊資料庫之建立運用、管理事項。\r\n五、資訊管理及著作權保護之事項。\r\n六、其他有關資訊事項或長官交辦事項。"
		},
		{
			"number": 7100,
			"content": "資訊室主任，依法令主辦資訊事務，並受委員長之指揮監督。"
		},
		{
			"number": 7200,
			"content": "人事室、會計室、統計室、資訊室主辦文稿，應會由書記官長送陳委員長\r\n核定。"
		},
		{
			"number": 7300,
			"content": "人事室、會計室、統計室、資訊室之辦事要點由本會另定之。"
		},
		{
			"number": 7400,
			"content": "本會為辦理案例要旨之編輯及裁判書之刊載公報，得設置編輯委員會；其\r\n辦事要點由本會另定之。"
		},
		{
			"number": 7500,
			"content": "本會設置國家賠償事件處理委員會，辦理國家賠償事件。\r\n本會國家賠償事件處理要點，由本會另定之。"
		},
		{
			"number": 7600,
			"content": "本會為使停止辦案委員從事研究工作，得視業務需要設立研究小組或指定\r\n專人研究，其研究項目及成員由委員長指定之。"
		},
		{
			"number": 7700,
			"content": "各科室承辦文稿除本規程另有規定外，應逐級核轉送陳委員長核定。但一\r\n般例行文稿，得依其性質逐級授權決定。\r\n前項授權由分層負責明細表定之。"
		},
		{
			"number": 7800,
			"content": "本會應訂定分層負責明細表，並陳報司法院核定。"
		},
		{
			"number": 7900,
			"content": "本規程自中華民國一百零四年五月六日修正公布之本法施行之日施行。"
		}
	]
}