{
	"pcode": "A0020140",
	"type": "命令",
	"title": "政治獻金會計報告書查閱收費標準",
	"url": "https://law.moj.gov.tw/LawClass/LawAll.aspx?pcode=A0020140",
	"category": [
		"監察",
		"院本部",
		"政獻目"
	],
	"lastUpdate": "20181220",
	"isTranslated": false,
	"history": [
		"中華民國九十八年一月六日監察院（98）院台申政字第 0981800001 號令訂定發布全文 5 條；並自九十八年二月十三日施行",
		"中華民國一百零七年十二月二十日監察院院台申肆字第 1071833655 號令修正發布全文 6 條；並自一百零七年十二月二十日施行"
	],
	"divisions": [],
	"articles": [
		{
			"number": 100,
			"content": "本標準依政府資訊公開法第二十二條第二項規定訂定之。"
		},
		{
			"number": 200,
			"content": "查閱政治獻金會計報告書，依政黨、政治團體每年度或擬參選人各政治獻\r\n金專戶名稱，每二小時收取費用新臺幣二十元；不足二小時，以二小時計\r\n算。"
		},
		{
			"number": 300,
			"content": "申請列印資料，紙張格式為 B4 （含）尺寸以下者，每頁另收取新臺幣二\r\n元；A3  尺寸者，每頁另收取新臺幣三元。\r\n申請複製資料以電子儲存媒體交付者，依電子檔案格式換算成 A4 幅數，\r\n每幅另收取新臺幣二元；電子儲存媒體之耗材費用，依市價另計收取之。"
		},
		{
			"number": 400,
			"content": "申請查閱供學術研究用途者，於申請時應檢附相關證明文件，經核准後，\r\n除申請列印資料之紙張費用及電子儲存媒體之耗材費用外，其餘費用，減\r\n半收取。"
		},
		{
			"number": 500,
			"content": "本標準所定之費用，其收取應依預算程序辦理。"
		},
		{
			"number": 600,
			"content": "本標準自中華民國九十八年二月十三日施行。\r\n本標準修正條文自中華民國一百零七年十二月二十日施行。"
		}
	]
}