{
	"pcode": "A0020078",
	"type": "命令",
	"title": "司法院變更判例會議規則",
	"url": "https://law.moj.gov.tw/LawClass/LawAll.aspx?pcode=A0020078",
	"category": [
		"廢止法規",
		"司法院"
	],
	"lastUpdate": "19900612",
	"isDiscarded": true,
	"isTranslated": false,
	"history": [
		"中華民國四十一年九月十五日司法院公布",
		"中華民國七十九年六月十二日廢止"
	],
	"divisions": [],
	"articles": [
		{
			"number": 100,
			"content": "本規則依法院組織法第二十五條制定之。"
		},
		{
			"number": 200,
			"content": "最高法院各庭審理案件關於法令上之見解，與其判決先例有異時，應由最\r\n高法院院長呈請司法院院長召集變更判例會議決定之。\r\n前項所稱判決先例，係指經採為判例，編入判例要旨，呈奉司法院核定者\r\n而言。"
		},
		{
			"number": 300,
			"content": "最高法院院長呈請變更判決先例時，應敘明法令上不同之見解或所擬變更\r\n案，但不得臚列具體案情。"
		},
		{
			"number": 400,
			"content": "變更判例會議，由司法院院長為主席。"
		},
		{
			"number": 500,
			"content": "變更判例會議，以最高法院院長及所屬庭長、推事三分二以上出席，出席\r\n人數三分二以上決議之。"
		},
		{
			"number": 600,
			"content": "變更判例會議決議變更之判例，由司法院公布之。"
		},
		{
			"number": 700,
			"content": "變更判例會議事務，由司法院院長指派職員兼任之。"
		},
		{
			"number": 800,
			"content": "本規則自公布之日施行。"
		}
	]
}