{
	"pcode": "A0020186",
	"type": "命令",
	"title": "空間情報統合辦法",
	"url": "https://law.moj.gov.tw/LawClass/LawAll.aspx?pcode=A0020186",
	"category": [
		"總統",
		"國家安全會議",
		"情報工作目"
	],
	"lastUpdate": "20151223",
	"isTranslated": false,
	"history": [
		"中華民國一百零四年十二月二十三日國家安全局（104）鴻祥字第 0016379 號令訂定發布全文 8 條；並自發布日施行"
	],
	"divisions": [],
	"articles": [
		{
			"number": 100,
			"content": "本辦法依國家情報工作法（以下簡稱本法）第十六條第一項規定訂定之。"
		},
		{
			"number": 200,
			"content": "本辦法用詞定義如下：\r\n一、影像：指衛星影像及航照圖等影像資訊。\r\n二、圖資：指影像圖資、向量圖資、高程資料及詮釋資料等資訊。\r\n三、空間情報：指利用影像、圖資描述、產製或研析之情報。\r\n四、空間情報機關：指本法第三條第一項第一款所定且掌理影像處理、判\r\n    讀、研析或圖資產製事項之機關。\r\n本辦法適用於本法第三條第一項第一款以外，與空間情報之產製、交流、\r\n訓練與研發等業務有關之政府機關（構）或單位。"
		},
		{
			"number": 300,
			"content": "主管機關統合政府機關之空間情報政策、管制及研發，並指導、協調、聯\r\n繫及支援有關業務之施行；其任務如下：\r\n一、統合及協調空間情報政策，推動空間情報業務開展。\r\n二、協調及管制空間情報機關影像來源及圖資產製計畫。\r\n三、統合及協調空間情報機關有關空間情報系統之開發計畫。\r\n四、統合及協調空間情報機關之空間情報、影像與圖資交流，協助政府機\r\n    關執行空間情報、影像與圖資之交流。\r\n五、協助及支援與空間情報有關之教育訓練及技術研發。\r\n六、統合及節制空間情報機關國際情報合作事項。"
		},
		{
			"number": 400,
			"content": "主管機關每年對空間情報機關影像引進來源、採購規劃及空間情報、影像\r\n、圖資交流情形實施督訪及評鑑，主管機關得視評鑑績效辦理獎勵。\r\n主管機關督訪所見情形應於空間情報管制協調會報提報。"
		},
		{
			"number": 500,
			"content": "空間情報機關與政府機關交流空間情報、影像或圖資，得報請主管機關協\r\n助資料申請及獲得。\r\n前項申請應敘明交流之空間情報、影像或圖資類別，及其區域、時間與用\r\n途，報請主管機關協調管制。"
		},
		{
			"number": 600,
			"content": "主管機關對於空間情報機關之研發需求，得提供必要之協助。\r\n主管機關得辦理空間情報專題講座、技術研討及教育訓練，邀請空間情報\r\n機關及政府機關派員參與。\r\n空間情報機關辦理空間情報專題講座、技術研討或教育訓練，如不涉機密\r\n者，應報主管機關備查。"
		},
		{
			"number": 700,
			"content": "空間情報機關從事空間情報之國際情報合作事項，應報請主管機關協助統\r\n合及節制。"
		},
		{
			"number": 800,
			"content": "本辦法自發布日施行。"
		}
	]
}