{
	"pcode": "A0020072",
	"type": "命令",
	"title": "司法院人事評議委員會評議規則",
	"url": "https://law.moj.gov.tw/LawClass/LawAll.aspx?pcode=A0020072",
	"category": [
		"廢止法規",
		"司法院"
	],
	"lastUpdate": "20060602",
	"isDiscarded": true,
	"isTranslated": false,
	"history": [
		"中華民國七十年十月一日司法院（70）院台人字第 05431 號函訂定發布全文 9 條",
		"中華民國八十七年五月十五日司法院（87）院台人一字第 10616 號函修正發布第 3 條條文",
		"中華民國八十七年八月十三日司法院（87）院台人一字第 18515 號函修正發布第 2、6 條條文",
		"中華民國八十九年十二月十五日司法院（89）院台人二字第 29511 號函修正發布第 2、3、5 條條文",
		"中華民國九十年十月二十六日司法院（90）院台人三字第 26271 號函修正發布第 1、3 條條文",
		"中華民國九十三年十一月十八日司法院院台人三字第 0930028167 號令修正發布第 2 條條文",
		"中華民國九十五年六月二日司法院院台人三字第 0950012755 號函發布自即日起停止適用"
	],
	"divisions": [],
	"articles": [
		{
			"number": 100,
			"content": "司法院為貫徹人事公開，設人事評議委員會 (以下簡稱本會) ，評議一般\r\n人事案件，特訂定本規則。"
		},
		{
			"number": 200,
			"content": "本會之職掌如下：\r\n一、優秀人員之選拔事項。\r\n二、本院暨所屬人員進修及出國研習之評議。\r\n三、其他有關交辦事項之評議。"
		},
		{
			"number": 300,
			"content": "本會由本院秘書長、副秘書長、各廳廳長、人事處處長等擔任委員。"
		},
		{
			"number": 400,
			"content": "本會開會時，由祕書長召集並擔任主席；祕書長不克出席時，由副祕書長\r\n代理之。祕書長、副祕書長均不克出席時，指定其他委員代理之。\r\n前項會議，應有委員過半數之出席。其決議應由出席委員過半數之同意；\r\n可否同數時，取決於主席。"
		},
		{
			"number": 500,
			"content": "本會出列席人員，對會議情形應嚴守秘密，遇有涉及本身或配偶或三親等\r\n內之血親、姻親議案時，應自行迴避。"
		},
		{
			"number": 600,
			"content": "本會出列席人員，對會議情形應嚴守秘密，遇有涉及本身或配偶或三親等\r\n內之血親、姻親議案時，應自行迴避"
		},
		{
			"number": 700,
			"content": "本會評議結果，經報請院長核定後分別處理。"
		},
		{
			"number": 800,
			"content": "本會評議之案件，其幕僚作業由本院人事處辦理之。"
		},
		{
			"number": 900,
			"content": "本規則自核定日施行。"
		}
	]
}