{
	"pcode": "A0020097",
	"type": "命令",
	"title": "行政法院訴訟當事人在途期間標準",
	"url": "https://law.moj.gov.tw/LawClass/LawAll.aspx?pcode=A0020097",
	"category": [
		"司法",
		"院本部",
		"行懲及智財目"
	],
	"lastUpdate": "20171130",
	"isTranslated": false,
	"history": [
		"",
		"中華民國六十四年四月九日行政法院（六四）台院文字第 3026 號函修正「行政法院臺灣福建區訴訟當事人在途期間表」；增訂「行政法院國外當事人在途期間表」中華民國六十四年四月四日司法院（64）院台參字第 290 號函准予備查",
		"中華民國七十九年五月二十二日司法院（七九）院台廳三字第 03331 號函核定修正",
		"中華民國八十二年十一月二十六日司法院（八二）院台廳行一字第 21783 號函核定修正全文 3 點",
		"中華民國八十四年九月十二日司法院（八四）院台廳行一字第 17093 號函核定修正名稱及全文 3 點（原名稱：行政法院訴訟當事人在途期間表；新名稱：行政法院訴訟當事人在途期間標準）",
		"中華民國八十七年六月十九日司法院（八七）院台廳行一字第 11739 號令修正發布全文 3 點",
		"中華民國八十九年七月四日司法院（八九）院台廳行一字第 16008 號令修正發布全文 4 條；並自八十九年七月一日起施行",
		"中華民國九十九年十一月十五日司法院院台廳行一字第 0990027568 號令修正發布全文 4 條；並自九十九年十二月二十五日施行",
		"中華民國一百零一年二月十六日司法院院台廳行一字第 1010004476 號令修正發布全文 4 條；並自一百零一年三月一日施行",
		"中華民國一百零一年六月二十日司法院院台廳行一字第 1010017367 號令修正發布全文 4 條；並自一百零一年九月六日施行",
		"中華民國一百零二年一月十四日司法院院台廳行一字第 1020001619 號令修正發布第 2～4 條條文；並自發布日施行",
		"中華民國一百零四年一月八日司法院院台廳行一字第 1040000823 號令修正發布全文 4 條；並自一百零三年十二月二十五日施行",
		"中華民國一百零五年七月二十九日司法院院台廳行一字第 1050018541 號令修正發布第 2、4 條條文；並自一百零五年九月一日施行",
		"中華民國一百零六年十一月三十日司法院院台廳行一字第 1060030054 號令修正發布第 2、4 條條文；並自一百零六年七月二十四日施行"
	],
	"divisions": [],
	"articles": [
		{
			"number": 100,
			"content": "本標準依行政訴訟法第八十九條第二項規定訂定之。"
		},
		{
			"number": 200,
			"content": "當事人居住於管轄區域內者，其在途期間之標準如下表：\r\n一、臺灣地區：\r\n┌─┬───────┬──┬─┬─┬─┬─┬─┬─┬─┬─┬─┐\r\n│地│  管轄區域    │所在│地│高│管│所│高│最│縣│所│最│\r\n│方│              │地  │方│等│轄│在│等│高│（│在│高│\r\n│法│              │    │法│行│區│地│行│行│市│地│行│\r\n│院│              │    │院│政│域│  │政│政│）│  │政│\r\n│  │              │    │在│法│  │  │法│法│別│  │法│\r\n│  │              │    │途│院│  │  │院│院│  │  │院│\r\n│  │              │    │期│  │  │  │在│  │  │  │在│\r\n│  │              │    │間│  │  │  │途│  │  │  │途│\r\n│  │              │    │  │  │  │  │期│  │  │  │期│\r\n│  │              │    │  │  │  │  │間│  │  │  │間│\r\n├─┼───────┼──┼─┼─┼─┼─┼─┼─┼─┼─┼─┤\r\n│臺│（臺北市）    │（臺│  │臺│臺│臺│  │最│臺│臺│  │\r\n│北│中正區、松山區│北市│  │北│北│北│  │高│北│北│  │\r\n│地│、信義區、文山│）中│  │高│市│市│  │行│市│市│  │\r\n│方│區、大安區、萬│正區│  │等│  │  │  │政│  │  │  │\r\n│法│華區、中山區  │    │  │行│  │  │  │法│  │  │  │\r\n│院├───────┼──┼─┤政├─┤  ├─┤院├─┤  ├─┤\r\n│  │（新北市）    │    │二│法│新│  │二│  │新│  │二│\r\n│  │新店區、烏來區│    │日│院│北│  │日│  │北│  │日│\r\n│  │、深坑區、石碇│    │  │  │市│  │  │  │市│  │  │\r\n│  │區、坪林區    │    │  │  │  │  │  │  │  │  │  │\r\n├─┼───────┼──┼─┤  ├─┤  ├─┤  ├─┤  ├─┤\r\n│士│（臺北市）    │臺北│  │  │臺│  │  │  │臺│  │  │\r\n│林│士林區、北投區│市）│  │  │北│  │  │  │北│  │  │\r\n│地│、大同區、內湖│士林│  │  │市│  │  │  │市│  │  │\r\n│方│區、南港區    │區  │  │  │  │  │  │  │  │  │  │\r\n│法├───────┼──┼─┤  ├─┤  ├─┤  ├─┤  ├─┤\r\n│院│（新北市）    │    │二│  │新│  │二│  │新│  │二│\r\n│  │汐止區、淡水區│    │日│  │北│  │日│  │北│  │日│\r\n│  │、八里區、三芝│    │  │  │市│  │  │  │市│  │  │\r\n│  │區、石門區    │    │  │  │  │  │  │  │  │  │  │\r\n├─┼───────┼──┼─┤  ├─┤  ├─┤  ├─┤  ├─┤\r\n│新│（新北市）    │土城│  │  │新│  │二│  │新│  │二│\r\n│北│土城區、板橋區│區  │  │  │北│  │日│  │北│  │日│\r\n│地│、三重區、永和├──┼─┤  │市│  │  │  │市│  │  │\r\n│方│區、中和區、新│    │二│  │  │  │  │  │  │  │  │\r\n│法│莊區、三峽區、│    │日│  │  │  │  │  │  │  │  │\r\n│院│樹林區、鶯歌區│    │  │  │  │  │  │  │  │  │  │\r\n│  │、泰山區、蘆洲│    │  │  │  │  │  │  │  │  │  │\r\n│  │區、五股區、林│    │  │  │  │  │  │  │  │  │  │\r\n│  │口區          │    │  │  │  │  │  │  │  │  │  │\r\n├─┼───────┼──┼─┤  ├─┤  ├─┤  ├─┤  ├─┤\r\n│桃│（桃園市）    │桃園│  │  │桃│  │三│  │桃│  │三│\r\n│園│桃園區、中壢區│區  │  │  │園│  │日│  │園│  │日│\r\n│地│、平鎮區、八德├──┼─┤  │市│  │  │  │市│  │  │\r\n│方│區、楊梅區、大│    │一│  │  │  │  │  │  │  │  │\r\n│法│溪區、蘆竹區、│    │日│  │  │  │  │  │  │  │  │\r\n│院│大園區、龜山區│    │  │  │  │  │  │  │  │  │  │\r\n│  │、龍潭區、新屋│    │  │  │  │  │  │  │  │  │  │\r\n│  │區、觀音區、復│    │  │  │  │  │  │  │  │  │  │\r\n│  │興區          │    │  │  │  │  │  │  │  │  │  │\r\n├─┼───────┼──┼─┤  ├─┤  ├─┤  ├─┤  ├─┤\r\n│新│              │    │二│  │新│  │四│  │新│  │四│\r\n│竹│  新竹市      │    │日│  │竹│  │日│  │竹│  │日│\r\n│地│              │    │  │  │市│  │  │  │市│  │  │\r\n│方├───────┼──┼─┤  ├─┤  │  │  ├─┤  │  │\r\n│法│              │竹北│  │  │新│  │  │  │新│  │  │\r\n│院│  新竹縣      │市  │  │  │竹│  │  │  │竹│  │  │\r\n│  │              ├──┼─┤  │縣│  │  │  │縣│  │  │\r\n│  │              │    │二│  │  │  │  │  │  │  │  │\r\n│  │              │    │日│  │  │  │  │  │  │  │  │\r\n├─┼───────┼──┼─┤  ├─┤  ├─┤  ├─┤  ├─┤\r\n│宜│              │宜蘭│  │  │宜│  │四│  │宜│  │四│\r\n│蘭│              │市  │  │  │蘭│  │日│  │蘭│  │日│\r\n│地│  宜蘭縣      ├──┼─┤  │縣│  │  │  │縣│  │  │\r\n│方│              │    │二│  │  │  │  │  │  │  │  │\r\n│法│              │    │日│  │  │  │  │  │  │  │  │\r\n│院│              │    │  │  │  │  │  │  │  │  │  │\r\n├─┼───────┼──┼─┤  ├─┤  ├─┤  ├─┤  ├─┤\r\n│基│              │基隆│  │  │基│  │二│  │基│  │二│\r\n│隆│  基隆市      │市  │  │  │隆│  │日│  │隆│  │日│\r\n│地│              │    │  │  │市│  │  │  │市│  │  │\r\n│方├───────┼──┼─┤  ├─┤  │  │  ├─┤  │  │\r\n│法│（新北市）    │    │二│  │新│  │  │  │新│  │  │\r\n│院│瑞芳區、貢寮區│    │日│  │北│  │  │  │北│  │  │\r\n│  │、雙溪區、平溪│    │  │  │市│  │  │  │市│  │  │\r\n│  │區、萬里區、金│    │  │  │  │  │  │  │  │  │  │\r\n│  │山區          │    │  │  │  │  │  │  │  │  │  │\r\n├─┼───────┼──┼─┤  ├─┤  ├─┤  ├─┤  ├─┤\r\n│花│              │花蓮│  │  │花│  │七│  │花│  │七│\r\n│蓮│              │市  │  │  │蓮│  │日│  │蓮│  │日│\r\n│地│  花蓮縣      ├──┼─┤  │縣│  │  │  │縣│  │  │\r\n│方│              │    │三│  │  │  │  │  │  │  │  │\r\n│法│              │    │日│  │  │  │  │  │  │  │  │\r\n│院│              │    │  │  │  │  │  │  │  │  │  │\r\n├─┼───────┼──┼─┤  ├─┤  ├─┤  ├─┤  ├─┤\r\n│金│              │金城│  │  │金│  │三│  │金│  │三│\r\n│門│              │鎮  │  │  │門│  │十│  │門│  │十│\r\n│地│  金門縣      ├──┼─┤  │縣│  │日│  │縣│  │日│\r\n│方│              │    │一│  │  │  │  │  │  │  │  │\r\n│法│              │    │日│  │  │  │  │  │  │  │  │\r\n│院├───────┼──┼─┤  ├─┤  ├─┤  ├─┤  ├─┤\r\n│  │              │    │三│  │烏│  │三│  │烏│  │三│\r\n│  │  烏坵鄉      │    │十│  │坵│  │十│  │坵│  │十│\r\n│  │              │    │日│  │鄉│  │四│  │鄉│  │四│\r\n│  │              │    │  │  │  │  │日│  │  │  │日│\r\n├─┼───────┼──┼─┤  ├─┤  ├─┤  ├─┤  ├─┤\r\n│連│              │南竿│  │  │連│  │三│  │連│  │三│\r\n│江│              │鄉  │  │  │江│  │十│  │江│  │十│\r\n│地│  連江縣      ├──┼─┤  │縣│  │日│  │縣│  │日│\r\n│方│              │    │十│  │  │  │  │  │  │  │  │\r\n│法│              │    │九│  │  │  │  │  │  │  │  │\r\n│院│              │    │日│  │  │  │  │  │  │  │  │\r\n├─┼───────┼──┼─┼─┼─┼─┼─┤  ├─┤  ├─┤\r\n│苗│              │苗栗│  │臺│苗│臺│五│  │苗│  │六│\r\n│栗│              │市  │  │中│栗│中│日│  │栗│  │日│\r\n│地│  苗栗縣      ├──┼─┤高│縣│市│  │  │縣│  │  │\r\n│方│              │    │二│等│  │  │  │  │  │  │  │\r\n│法│              │    │日│行│  │  │  │  │  │  │  │\r\n│院│              │    │  │政│  │  │  │  │  │  │  │\r\n├─┼───────┼──┼─┤法├─┤  ├─┤  ├─┤  ├─┤\r\n│臺│（臺中市）    │（臺│  │院│臺│  │  │  │臺│  │七│\r\n│中│中區、東區、西│中市│  │  │中│  │  │  │中│  │日│\r\n│地│區、南區、北區│）西│  │  │市│  │  │  │市│  │  │\r\n│方│、西屯區、南屯│區  │  │  │  │  │  │  │  │  │  │\r\n│法│區、北屯區    │    │  │  │  │  │  │  │  │  │  │\r\n│院├───────┼──┼─┤  ├─┤  ├─┤  │  │  │  │\r\n│  │（臺中市）    │    │三│  │臺│  │三│  │  │  │  │\r\n│  │豐原區、大里區│    │日│  │中│  │日│  │  │  │  │\r\n│  │、太平區、東勢│    │  │  │市│  │  │  │  │  │  │\r\n│  │區、大甲區、清│    │  │  │  │  │  │  │  │  │  │\r\n│  │水區、沙鹿區、│    │  │  │  │  │  │  │  │  │  │\r\n│  │梧棲區、后里區│    │  │  │  │  │  │  │  │  │  │\r\n│  │、神岡區、潭子│    │  │  │  │  │  │  │  │  │  │\r\n│  │區、大雅區、新│    │  │  │  │  │  │  │  │  │  │\r\n│  │社區、石岡區、│    │  │  │  │  │  │  │  │  │  │\r\n│  │外埔區、大安區│    │  │  │  │  │  │  │  │  │  │\r\n│  │、烏日區、大肚│    │  │  │  │  │  │  │  │  │  │\r\n│  │區、龍井區、霧│    │  │  │  │  │  │  │  │  │  │\r\n│  │峰區、和平區  │    │  │  │  │  │  │  │  │  │  │\r\n├─┼───────┼──┼─┤  ├─┤  ├─┤  ├─┤  ├─┤\r\n│南│              │南投│  │  │南│  │六│  │南│  │七│\r\n│投│              │市  │  │  │投│  │日│  │投│  │日│\r\n│地│  南投縣      ├──┼─┤  │縣│  │  │  │縣│  │  │\r\n│方│              │    │三│  │  │  │  │  │  │  │  │\r\n│法│              │    │日│  │  │  │  │  │  │  │  │\r\n│院│              │    │  │  │  │  │  │  │  │  │  │\r\n├─┼───────┼──┼─┤  ├─┤  ├─┤  ├─┤  ├─┤\r\n│彰│              │員林│  │  │彰│  │五│  │彰│  │六│\r\n│化│              │市  │  │  │化│  │日│  │化│  │日│\r\n│地│  彰化縣      ├──┼─┤  │縣│  │  │  │縣│  │  │\r\n│方│              │    │二│  │  │  │  │  │  │  │  │\r\n│法│              │    │日│  │  │  │  │  │  │  │  │\r\n│院│              │    │  │  │  │  │  │  │  │  │  │\r\n├─┼───────┼──┼─┤  ├─┼─┼─┤  ├─┤  ├─┤\r\n│雲│              │虎尾│  │  │雲│  │六│  │雲│  │六│\r\n│林│              │鎮  │  │  │林│  │日│  │林│  │日│\r\n│地│  雲林縣      ├──┼─┤  │縣│  │  │  │縣│  │  │\r\n│方│              │    │二│  │  │  │  │  │  │  │  │\r\n│法│              │    │日│  │  │  │  │  │  │  │  │\r\n│院│              │    │  │  │  │  │  │  │  │  │  │\r\n├─┼───────┼──┼─┼─┼─┼─┼─┤  ├─┤  ├─┤\r\n│嘉│              │嘉義│  │高│嘉│高│六│  │嘉│  │六│\r\n│義│  嘉義市      │市  │  │雄│義│雄│日│  │義│  │日│\r\n│地│              │    │  │高│市│市│  │  │市│  │  │\r\n│方├───────┼──┼─┤等├─┤  │  │  ├─┤  │  │\r\n│法│              │    │二│行│嘉│  │  │  │嘉│  │  │\r\n│院│  嘉義縣      │    │日│政│義│  │  │  │義│  │  │\r\n│  │              │    │  │法│縣│  │  │  │縣│  │  │\r\n├─┼───────┼──┼─┤院├─┤  ├─┤  ├─┤  ├─┤\r\n│臺│（臺南市）    │（臺│  │  │臺│  │六│  │臺│  │六│\r\n│南│東區、南區、北│南市│  │  │南│  │日│  │南│  │日│\r\n│地│區、中西區、安│）安│  │  │市│  │  │  │市│  │  │\r\n│方│南區、安平區  │平區│  │  │  │  │  │  │  │  │  │\r\n│法├───────┼──┼─┤  │  │  │  │  │  │  │  │\r\n│院│（臺南市）    │    │二│  │  │  │  │  │  │  │  │\r\n│  │新營區、永康區│    │日│  │  │  │  │  │  │  │  │\r\n│  │、鹽水區、白河│    │  │  │  │  │  │  │  │  │  │\r\n│  │區、麻豆區、佳│    │  │  │  │  │  │  │  │  │  │\r\n│  │里區、新化區、│    │  │  │  │  │  │  │  │  │  │\r\n│  │善化區、學甲區│    │  │  │  │  │  │  │  │  │  │\r\n│  │、柳營區、後壁│    │  │  │  │  │  │  │  │  │  │\r\n│  │區、東山區、下│    │  │  │  │  │  │  │  │  │  │\r\n│  │營區、六甲區、│    │  │  │  │  │  │  │  │  │  │\r\n│  │官田區、大內區│    │  │  │  │  │  │  │  │  │  │\r\n│  │、西港區、七股│    │  │  │  │  │  │  │  │  │  │\r\n│  │區、將軍區、北│    │  │  │  │  │  │  │  │  │  │\r\n│  │門區、新市區、│    │  │  │  │  │  │  │  │  │  │\r\n│  │安定區、山上區│    │  │  │  │  │  │  │  │  │  │\r\n│  │、玉井區、楠西│    │  │  │  │  │  │  │  │  │  │\r\n│  │區、南化區、左│    │  │  │  │  │  │  │  │  │  │\r\n│  │鎮區、仁德區、│    │  │  │  │  │  │  │  │  │  │\r\n│  │歸仁區、關廟區│    │  │  │  │  │  │  │  │  │  │\r\n│  │、龍崎區。    │    │  │  │  │  │  │  │  │  │  │\r\n├─┼───────┼──┼─┤  ├─┤  ├─┤  ├─┤  ├─┤\r\n│高│（高雄市）    │（高│  │  │高│  │  │  │高│  │八│\r\n│雄│鹽埕區、鼓山區│雄市│  │  │雄│  │  │  │雄│  │日│\r\n│地│、三民區、新興│）前│  │  │市│  │  │  │市│  │  │\r\n│方│區、前金區、苓│金區│  │  │  │  │  │  │  │  │  │\r\n│法│雅區、前鎮區、│    │  │  │  │  │  │  │  │  │  │\r\n│院│旗津區、小港區│    │  │  │  │  │  │  │  │  │  │\r\n│  ├───────┼──┼─┤  ├─┤  ├─┤  │  │  │  │\r\n│  │（高雄市）    │    │四│  │高│  │四│  │  │  │  │\r\n│  │鳳山區、林園區│    │日│  │雄│  │日│  │  │  │  │\r\n│  │、大寮區      │    │  │  │市│  │  │  │  │  │  │\r\n│  ├───────┼──┼─┤  ├─┤  ├─┤  ├─┤  ├─┤\r\n│  │（高雄市）    │    │三│  │東│  │三│  │東│  │三│\r\n│  │東沙島        │    │十│  │沙│  │十│  │沙│  │十│\r\n│  │太平島        │    │日│  │島│  │日│  │島│  │四│\r\n│  │              │    │  │  │太│  │  │  │太│  │日│\r\n│  │              │    │  │  │平│  │  │  │平│  │  │\r\n│  │              │    │  │  │島│  │  │  │島│  │  │\r\n├─┼───────┼──┼─┤  ├─┤  ├─┤  ├─┤  ├─┤\r\n│橋│ （高雄市）   │（高│  │  │高│  │  │  │高│  │八│\r\n│頭│左營區、楠梓區│雄市│  │  │雄│  │  │  │雄│  │日│\r\n│地│              │）橋│  │  │市│  │  │  │市│  │  │\r\n│方│              │頭區│  │  │  │  │  │  │  │  │  │\r\n│法├───────┼──┤  │  ├─┤  ├─┤  │  │  │  │\r\n│院│（高雄市）    │    │  │  │高│  │四│  │  │  │  │\r\n│  │橋頭區、岡山區│    │  │  │雄│  │日│  │  │  │  │\r\n│  │、燕巢區、大社│    │  │  │市│  │  │  │  │  │  │\r\n│  │區、仁武區、彌│    │  │  │  │  │  │  │  │  │  │\r\n│  │陀區、梓官區  │    │  │  │  │  │  │  │  │  │  │\r\n│  ├───────┼──┼─┤  │  │  │  │  │  │  │  │\r\n│  │（高雄市）    │    │四│  │  │  │  │  │  │  │  │\r\n│  │大樹區、鳥松區│    │日│  │  │  │  │  │  │  │  │\r\n│  │、田寮區、阿蓮│    │  │  │  │  │  │  │  │  │  │\r\n│  │區、路竹區、湖│    │  │  │  │  │  │  │  │  │  │\r\n│  │內區、茄萣區、│    │  │  │  │  │  │  │  │  │  │\r\n│  │永安區、旗山區│    │  │  │  │  │  │  │  │  │  │\r\n│  │、美濃區、六龜│    │  │  │  │  │  │  │  │  │  │\r\n│  │區、甲仙區、杉│    │  │  │  │  │  │  │  │  │  │\r\n│  │林區、內門區、│    │  │  │  │  │  │  │  │  │  │\r\n│  │茂林區、桃源區│    │  │  │  │  │  │  │  │  │  │\r\n│  │、那瑪夏區    │    │  │  │  │  │  │  │  │  │  │\r\n├─┼───────┼──┼─┤  ├─┤  ├─┤  ├─┤  ├─┤\r\n│屏│              │屏東│  │  │屏│  │八│  │屏│  │八│\r\n│東│              │市  │  │  │東│  │日│  │東│  │日│\r\n│地│  屏東縣      ├──┼─┤  │縣│  │  │  │縣│  │  │\r\n│方│              │    │四│  │  │  │  │  │  │  │  │\r\n│法│              │    │日│  │  │  │  │  │  │  │  │\r\n│院│              │    │  │  │  │  │  │  │  │  │  │\r\n├─┼───────┼──┼─┤  ├─┤  ├─┤  ├─┤  ├─┤\r\n│臺│              │臺東│  │  │臺│  │八│  │臺│  │八│\r\n│東│              │市  │  │  │東│  │日│  │東│  │日│\r\n│地│  臺東縣      ├──┼─┤  │縣│  │  │  │縣│  │  │\r\n│方│              │    │四│  │  │  │  │  │  │  │  │\r\n│法│              │    │日│  │  │  │  │  │  │  │  │\r\n│院│              │    │  │  │  │  │  │  │  │  │  │\r\n├─┼───────┼──┼─┤  ├─┤  ├─┤  ├─┤  ├─┤\r\n│澎│              │馬公│  │  │澎│  │十│  │澎│  │十│\r\n│湖│              │市  │  │  │湖│  │九│  │湖│  │九│\r\n│地│  澎湖縣      ├──┼─┤  │縣│  │日│  │縣│  │日│\r\n│方│              │    │十│  │  │  │  │  │  │  │  │\r\n│法│              │    │五│  │  │  │  │  │  │  │  │\r\n│院│              │    │日│  │  │  │  │  │  │  │  │\r\n└─┴───────┴──┴─┴─┴─┴─┴─┴─┴─┴─┴─┘\r\n二、其他地區另定之。"
		},
		{
			"number": 300,
			"content": "當事人非居住於管轄區域內者，其在途期間之標準如下表：\r\n一、居住於臺灣地區者：\r\n（一）當事人非居住於管轄區域內者，除本款第二目及第三目之規定外，\r\n      其在途期間按該行政法院區域之在途期間日數（日數不同者，按最\r\n      長日數，但臺灣高雄地方法院以四日計，高雄高等行政法院以八日\r\n      計，福建金門地方法院以十九日計，臺北高等行政法院以七日計）\r\n      ，再加其居住地地方法院管轄區域內之在途期間日數（日數不同者\r\n      ，按最長日數，但臺灣高雄地方法院除居住東沙島、太平島者以三\r\n      十日計外，餘以四日計，福建金門地方法院除居住烏坵鄉者以三十\r\n      日計外，餘以十九日計）計算。\r\n（二）臺灣臺北地方法院、臺灣士林地方法院及臺灣新北地方法院間在途\r\n      期間之計算，除當事人居住臺灣臺北地方法院所轄臺北市各區，而\r\n      向臺灣士林地方法院為訴訟行為，或當事人居住臺灣士林地方法院\r\n      所轄臺北市各區，而向臺灣臺北地方法院為訴訟行為者，均不計在\r\n      途期間外，其餘均以在途期間二日計算。\r\n（三）福建金門地方法院與福建連江地方法院間在途期間，均以二十日計\r\n      算。\r\n二、居住於大陸地區或港澳地區者：\r\n    當事人居住於大陸地區或港澳地區，而向臺灣地區行政法院為訴訟行\r\n    為者，其在途期間，均為三十七日。\r\n三、居住於國外者：\r\n    ┌───┬──────┐\r\n    │地區  │在途期間日數│\r\n    ├───┼──────┤\r\n    │亞洲  │三十七日    │\r\n    ├───┼──────┤\r\n    │歐洲  │四十四日    │\r\n    ├───┼──────┤\r\n    │北美洲│四十四日    │\r\n    ├───┼──────┤\r\n    │南美洲│四十四日    │\r\n    ├───┼──────┤\r\n    │大洋洲│四十四日    │\r\n    ├───┼──────┤\r\n    │非洲  │七十二日    │\r\n    ├───┼──────┤\r\n    │南極洲│七十二日    │\r\n    └───┴──────┘"
		},
		{
			"number": 400,
			"content": "本標準自中華民國一百零六年七月二十四日施行。"
		}
	]
}