{
	"pcode": "A0020065",
	"type": "命令",
	"title": "立法委員行使職權保護辦法",
	"url": "https://law.moj.gov.tw/LawClass/LawAll.aspx?pcode=A0020065",
	"category": [
		"立法"
	],
	"lastUpdate": "20000517",
	"isTranslated": false,
	"attachments": [
		"https://law.moj.gov.tw/LawClass/LawGetFile.ashx?FileId=0000210817"
	],
	"history": [
		"中華民國八十九年五月十七日行政院（89）台內字第 14014 號令 、 立法院（89）臺立制字第 1983 號令會同訂定發布全文 8 條；並自發布日起施行"
	],
	"divisions": [],
	"articles": [
		{
			"number": 100,
			"content": "本辦法依立法委員行為法 (以下簡稱本法) 第十四條第二項規定訂定之。"
		},
		{
			"number": 200,
			"content": "本法第十四條第一項所稱治安機關，係指內政部警政署及其所屬或指揮監\r\n督機關。"
		},
		{
			"number": 300,
			"content": "立法委員於有本法第十四條第一項規定情事時，得以下列方式通知治安機\r\n關予以保護：\r\n一、通知書 (格式如附件) 。\r\n二、口頭。\r\n三、電話。\r\n四、傳真。\r\n以口頭、電話或傳真為之者，應於三日內補送前項第一款之通知書。"
		},
		{
			"number": 400,
			"content": "前條通知，應由立法委員本人向治安機關為之。但情況急迫無法親自通知\r\n者，得由關係人代為通知。"
		},
		{
			"number": 500,
			"content": "治安機關接獲保護通知時，應即依其職權，並視案情需要，運用適當方法\r\n或協調相關機關，採取下列保護措施：\r\n一、人身保護。\r\n二、住居所保護。\r\n三、服務處所保護。\r\n四、立法院議場、會議室及會館安全維護。\r\n前項保護措施，於保護事由消滅後，停止之。"
		},
		{
			"number": 600,
			"content": "立法委員或關係人受保護期間，其活動範圍超出原執行保護機關之職權範\r\n圍時，執行保護之治安機關應立即通報或協調該管治安機關繼續保護。"
		},
		{
			"number": 700,
			"content": "治安機關知有本法第十四條第一項規定之情事者，亦應主動依本辦法規定\r\n辦理。"
		},
		{
			"number": 800,
			"content": "本辦法自發布日施行。"
		}
	]
}