{
	"pcode": "A0020025",
	"type": "命令",
	"title": "國民大會人民請願案件處理辦法",
	"url": "https://law.moj.gov.tw/LawClass/LawAll.aspx?pcode=A0020025",
	"category": [
		"國民大會（憲法國民大會章條文已停止適用）"
	],
	"lastUpdate": "19990616",
	"isTranslated": false,
	"history": [
		"中華民國八十六年五月九日第三屆國民大會第二次會議第三次大會通過",
		"中華民國八十八年六月十六日第三屆國民大會第四次會議第四次大會修正通過全文 6 條"
	],
	"divisions": [],
	"articles": [
		{
			"number": 100,
			"content": "國民大會 (以下稱本會) 為處理會議期間人民請願案件，除依請願法規定\r\n辦理外，另訂定本辦法。"
		},
		{
			"number": 200,
			"content": "本會會議期間，由各政黨推派代表若干人組成人民請願接待小組，受理之\r\n請願文書送交本會程序委員會處理後報告大會。"
		},
		{
			"number": 300,
			"content": "本會會議期間，人民以書面向本會請願時，其請願文書由秘書處登記並擬\r\n具處理意見後，送請程序委員會處理。"
		},
		{
			"number": 400,
			"content": "請願案件經程序委員會決議後，由秘書處函復請願人。"
		},
		{
			"number": 500,
			"content": "本會閉會期間，人民來會請願時，由議長或其指派之人員接見。其請願文\r\n書交由本會代表一般提案及人民請願案件專案處理小組處理。"
		},
		{
			"number": 600,
			"content": "本辦法由國民大會通過後施行，修正時亦同。"
		}
	]
}