{
	"pcode": "A0020108",
	"type": "命令",
	"title": "考試院顧問聘任辦法",
	"url": "https://law.moj.gov.tw/LawClass/LawAll.aspx?pcode=A0020108",
	"category": [
		"廢止法規",
		"考試院"
	],
	"lastUpdate": "20031229",
	"isDiscarded": true,
	"isTranslated": false,
	"history": [
		"中華民國五十七年一月二十五日考試院核准施行",
		"中華民國九十二年十二月二十九日廢止中華民國九十二年十二月二十九日考試院考台人字第 09200110242 號令發布廢止"
	],
	"divisions": [],
	"articles": [
		{
			"number": 100,
			"content": "考試院院長為諮詢考銓政策得聘任顧問。"
		},
		{
			"number": 200,
			"content": "顧問就左列人員中聘任之：　\r\n一、曾任特任官對考銓行政有特殊貢獻者。\r\n二、曾任簡任官十年以上或相當職務具有專門學術或著作者。"
		},
		{
			"number": 300,
			"content": "顧問對於考銓有關重大設施得提出建議。"
		},
		{
			"number": 400,
			"content": "顧問得酌給公費或交通費。"
		},
		{
			"number": 500,
			"content": "本辦法自核准日施行。"
		}
	]
}