{
	"pcode": "A0020091",
	"type": "命令",
	"title": "法官、檢察官、公設辯護人、律師及書記官服制規則",
	"url": "https://law.moj.gov.tw/LawClass/LawAll.aspx?pcode=A0020091",
	"category": [
		"司法",
		"院本部",
		"司法行政目"
	],
	"lastUpdate": "20041229",
	"isTranslated": true,
	"english": "Regulations of Uniforms for Judge, Prosecutor, Public Defender, Attorney and Court Clerk",
	"attachments": [
		"https://law.moj.gov.tw/LawClass/LawGetFile.ashx?FileId=0000210826",
		"https://law.moj.gov.tw/LawClass/LawGetFile.ashx?FileId=0000210827"
	],
	"history": [
		"中華民國七十九年八月六日司法院（79）院台廳四字第 04799 號 、 行政院（79）台法字第 20819 令會同訂定發布全文 6 條",
		"中華民國九十三年十二月二十九日司法院院台廳司一字第 0930031514 號令 、 行政院院臺法字第 0930056008 號令會銜修正發布第 4、5 條條文"
	],
	"divisions": [],
	"articles": [
		{
			"number": 100,
			"content": "本規則依法院組織法第九十六條第二項規定訂定之。"
		},
		{
			"number": 200,
			"content": "法官、檢察官、公設辯護人、律師及書記官在法庭執行職務時，除法令另\r\n有規定外，應依本規則服制服。"
		},
		{
			"number": 300,
			"content": "法官、檢察官、公設辯護人、律師及書記官服式如附圖 (一) ，均用黑色\r\n，領、袖及對襟鑲邊，邊寬十二公分。"
		},
		{
			"number": 400,
			"content": "前條各制服鑲邊之色別如下：\r\n一、法官用藍。\r\n二、檢察官用紫。\r\n三、公設辯護人用綠。\r\n四、律師用白。\r\n五、書記官用黑。"
		},
		{
			"number": 500,
			"content": "法官、檢察官、公設辯護人及書記官於法庭開庭執行職務時，男性，應於\r\n制服內穿著有領襯衫並打領結或領帶；女性穿著無領上衣時，應於制服內\r\n配以白色領套，形式如附圖 (二) 。\r\n律師於法庭開庭執行職務時，比照前項規定辦理。"
		},
		{
			"number": 600,
			"content": "本規則自發布日施行。"
		}
	]
}