{
	"pcode": "A0020131",
	"type": "命令",
	"title": "行政院院本部提供政府資訊收費標準",
	"url": "https://law.moj.gov.tw/LawClass/LawAll.aspx?pcode=A0020131",
	"category": [
		"行政",
		"院本部",
		"通用目"
	],
	"lastUpdate": "20060518",
	"isTranslated": false,
	"attachments": [
		"https://law.moj.gov.tw/LawClass/LawGetFile.ashx?FileId=0000035010",
		"https://law.moj.gov.tw/LawClass/LawGetFile.ashx?FileId=0000233926"
	],
	"history": [
		"中華民國九十五年五月十八日行政院院臺法字第 0950085991 號令訂定發布全文 7 條；並自政府資訊公開法施行之日施行"
	],
	"divisions": [],
	"articles": [
		{
			"number": 100,
			"content": "本標準依政府資訊公開法 (以下簡稱本法) 第二十二條第二項規定訂定之\r\n。"
		},
		{
			"number": 200,
			"content": "閱覽、抄錄或攝影政府資訊，每二小時收取費用新臺幣二十元；不足二小\r\n時，以二小時計算。"
		},
		{
			"number": 300,
			"content": "重製或複製政府資訊，依政府資訊重製或複製收費標準表 (如附表) ，收\r\n取費用。\r\n前項收費標準表未明定之項目，按重製或複製工本費，收取費用。"
		},
		{
			"number": 400,
			"content": "重製或複製政府資訊，如另需提供郵寄服務者，其郵遞費用以實支數額計\r\n算。"
		},
		{
			"number": 500,
			"content": "申請政府資訊供學術研究或公益用途者，於申請時應檢附相關證明文件，\r\n經核准後，除郵遞費用仍以實支數額計算外，其餘費用，減半徵收。"
		},
		{
			"number": 600,
			"content": "申請之政府資訊屬規費法第十二條第一款所定辦理業務或教育宣導資料者\r\n，得免費提供。"
		},
		{
			"number": 700,
			"content": "本標準自本法施行之日施行。"
		}
	]
}