{
	"pcode": "A0020182",
	"type": "命令",
	"title": "情資彙送作業辦法",
	"url": "https://law.moj.gov.tw/LawClass/LawAll.aspx?pcode=A0020182",
	"category": [
		"總統",
		"國家安全會議",
		"情報工作目"
	],
	"lastUpdate": "20140722",
	"isTranslated": false,
	"history": [
		"中華民國一百零三年七月二十二日國家安全局（103）開長字第 0008761 號令訂定發布全文 12 條"
	],
	"divisions": [],
	"articles": [
		{
			"number": 100,
			"content": "本辦法依國家情報工作法第十八條（以下簡稱本法）第二項規定訂定之。"
		},
		{
			"number": 200,
			"content": "本辦法未規範事項，依國家機密保護法暨其施行細則、行政院訂頒之文書\r\n處理手冊及其他相關法令辦理。"
		},
		{
			"number": 300,
			"content": "本辦法適用對象為本法第三條第一項第一款所稱之情報機關及第三條第二\r\n項所稱之視同情報機關（以下簡稱情報機關）。"
		},
		{
			"number": 400,
			"content": "各情報機關應本於職權及依主管機關下達之情報需求、情蒐要項蒐集本法\r\n第七條所列之資訊。\r\n各情報機關獲取前項資訊時，應掌握時效即時送達主管機關。"
		},
		{
			"number": 500,
			"content": "各情報機關對送交主管機關之資訊應力求其正確性及完整性。對一時無法\r\n判定正確性之資訊，應予註明，並繼續查證及彙報。"
		},
		{
			"number": 600,
			"content": "絕對機密及極機密等級之資訊，應由承辦人員或指定之人員持送。"
		},
		{
			"number": 700,
			"content": "各情報機關以電子通信工具傳送機密等級之資訊時，應採實體隔離、專機\r\n專用及專人操作之原則，並加裝主管機關核發或認可之通信、資訊保密裝\r\n備或加密技術辦理。非經主管機關同意，各情報機關不得更動相關設備作\r\n業系統及設計。各情報機關相互間之資訊傳送，準用之。"
		},
		{
			"number": 800,
			"content": "主管機關對各情報機關所彙送之資訊，應簽收登載管制並採保密措施。"
		},
		{
			"number": 900,
			"content": "各情報機關彙送之資訊，如未檢送原始文件或資料等，主管機關認有必要\r\n時，得要求原報機關提供。"
		},
		{
			"number": 1000,
			"content": "主管機關對各情報機關所提供之資訊經採用並陳報國家安全會議主席時，\r\n應註記或敘明原報機關。\r\n各情報機關辦理情資彙送之情形，主管機關應陳報國家安全會議主席知悉\r\n。"
		},
		{
			"number": 1100,
			"content": "主管機關對各情報機關報送資訊之評鑑、運用情形，應告知原報機關。"
		},
		{
			"number": 1200,
			"content": "對依本辦法彙送情資表現績優之情報機關或個人，主管機關得依核予獎勵\r\n。"
		}
	]
}