{
	"pcode": "A0020007",
	"type": "命令",
	"title": "國民大會主席團擔任大會主席辦法",
	"url": "https://law.moj.gov.tw/LawClass/LawAll.aspx?pcode=A0020007",
	"category": [
		"國民大會（憲法國民大會章條文已停止適用）"
	],
	"lastUpdate": "19921229",
	"isTranslated": false,
	"history": [
		"中華民國三十七年四月五日第一屆國民大會第一次會議主席團第一次會議通過，並報告四月六日第一次大會中華民國四十三年二月二十八日第一屆國民大會第二次會議主席團第二次會議通過，並報告三月一日第一次大會中華民國四十九年二月二十七日第一屆國民大會第三次會議主席團第一次會議決議仍沿用本辦法，並報告二月二十九日第一次大會中華民國五十五年二月二日第一屆國民大會臨時會主席團第一次會議決議仍沿用本辦法，並報告二月三日第一次大會中華民國五十五年二月二十六日第一屆國民大會第四次會議主席團第一次會議決議仍沿用本辦法，並報告二月二十八日第一次大會中華民國六十一年二月二十六日第一屆國民大會第五次會議主席團第一次會議決議仍沿用本辦法，並報告二月二十八日第一次大會中華民國六十七年二月二十七日第一屆國民大會第六次會議主席團第一次會議決議仍沿用本辦法，並報告三月一日第二次大會中華民國七十三年二月二十六日第一屆國民大會第七次會議主席團第一次會議決議仍沿用本辦法，並報告二月二十七日第一次大會中華民國七十九年二月二十五日第一屆國民大會第八次會議主席團第一次會議決議仍沿用本辦法，並報告二月二十六日第一次大會中華民國八十年四月十日第一屆國民大會第二次臨時會主席團會議第一次會議通過仍沿用本辦法，並報告四月十一日第一次大會",
		"中華民國八十一年三月二十五日第二屆國民大會臨時會主席團第一次會議修正通過並報告三月二十六日第一次大會（原名稱：國民大會主席團輪流擔任主席辦法；新名稱：第二屆國民大會臨時會主席團擔任大會主席辦法）",
		"中華民國八十一年十二月二十九日第二屆國民大會第二次臨時主席團第一次會議修正通過（原名稱：第二屆國民大會臨時會主席團擔任大會主席辦法；新名稱：國民大會主席團擔任大會主席辦法）"
	],
	"divisions": [],
	"articles": [
		{
			"number": 100,
			"content": "一、主席團分成十一組，每組三人，由主席自由認定，輪流主持大會，其\r\n    順序依抽籤決定，並由各組互推一人擔任大會主席，同組另二位主席\r\n    襄助之。"
		},
		{
			"number": 200,
			"content": "二、大會進行中，如遇有須待會商解決之事件時，由大會主席與襄助之主\r\n    席共同會商解決之。"
		},
		{
			"number": 300,
			"content": "三、大會主席之座位置於主席台中央，襄助之主席座位置於大會主席之左\r\n    側；秘書長座位置於大會主席之右側，秘書長得指定議事工作人員一\r\n    人置於秘書長右側協助處理議事業務。"
		},
		{
			"number": 400,
			"content": "四、本辦法經主席團會議通過後實施。"
		}
	]
}