{
	"pcode": "A0020013",
	"type": "命令",
	"title": "國民大會行使同意權審查會召集人選舉辦法",
	"url": "https://law.moj.gov.tw/LawClass/LawAll.aspx?pcode=A0020013",
	"category": [
		"國民大會（憲法國民大會章條文已停止適用）"
	],
	"lastUpdate": "19921224",
	"isTranslated": false,
	"history": [
		"中華民國八十一年十二月二十四日第二屆國民大會第二次臨時會第一次預備會議通過"
	],
	"divisions": [],
	"articles": [
		{
			"number": 100,
			"content": "本辦法依據國民大會同意權行使法第六條訂定之。"
		},
		{
			"number": 200,
			"content": "國民大會代表在規定時間內每人均得自行登記為審查會召集人候選人。"
		},
		{
			"number": 300,
			"content": "審查會召集人選舉票候選人列名順序，應當眾抽籤決定之。"
		},
		{
			"number": 400,
			"content": "審查會召集人選舉，由國民大會代表就候選人中以無記名單記法選舉之，\r\n得票較多者當選，票數相同者，以抽籤定之。"
		},
		{
			"number": 500,
			"content": "審查會召集人應於國民大會每次集會行使同意權時選舉之。"
		},
		{
			"number": 600,
			"content": "審查會召集人選舉投票進行程序及廢票認定標準，準用國民大會主席團選\r\n舉投票及開票辦法之規定。"
		},
		{
			"number": 700,
			"content": "本辦法經國民大會預備會議通過施行，修正時亦同。"
		}
	]
}