{
	"pcode": "A0020005",
	"type": "命令",
	"title": "國民大會議事規則",
	"url": "https://law.moj.gov.tw/LawClass/LawAll.aspx?pcode=A0020005",
	"category": [
		"國民大會（憲法國民大會章條文已停止適用）"
	],
	"lastUpdate": "20050601",
	"isTranslated": false,
	"history": [
		"中華民國三十七年四月九日第一屆國民大會第一次會議第四次大會通過",
		"中華民國四十三年三月三日第一屆國民大會第二次會議第二次大會修正通過",
		"中華民國四十九年三月五日第一屆國民大會第三次會議第四次大會修正通過",
		"中華民國五十五年二月三日國民大會臨時會第一次大會決定國民大會臨時會之議事適用國民大會議事規則",
		"中華民國五十五年二月二十六日第一屆國民大會第四次會議主席團第一次會議通過本規則毋庸修正並提報二月二十八日第一次大會",
		"中華民國六十一年二月二十六日第一屆國民大會第五次會議主席團第一次會議通過本次會議之議事適用本規則並提報二月二十八日第一次大會",
		"中華民國六十七年二月二十五日第一屆國民大會第六次會議主席團第一次會議通過本次會議之議事適用本規則並提報二月二十七日第一次大會",
		"中華民國七十三年二月二十六日第一屆國民大會第七次會議主席團第一次會議通過本次會議之議事適用本規則並提報二月二十七日第一次大會",
		"中華民國七十九年三月三日第一屆國民大會第八次會議第六次大會修正通過",
		"中華民國八十年四月十日第一屆國民大會第二次臨時會主席團第一次會議通過本次臨時會之議事適用第八次會議修正通過之議事規則並經四月十一日第一次大會討論通過",
		"中華民國八十一年四月七日第二屆國民大會臨時會第五次大會修正通過",
		"中華民國八十一年十二月三十日第二屆國民大會第二次臨時會主席團第二次會議決議本規則在未經修正前繼續適用，不必每次集會時提報",
		"中華民國八十三年五月二十四日第二屆國民大會第四次臨時會主席團第六次會議決議本規則第 1～29 條業經大會修正通過；應予適用；第 30 條以後條文仍繼續沿用原條文，並提報五月二十五日第十二次大會",
		"中華民國八十五年七月十八日第三屆國民大會第一次會議第十次大會修正通過，並決議本會議事規則條文中所稱之「主席團」，如立法院修正通過國民大會組織法不再設主席主席團時，授權秘書處一律改為「程序委員會」",
		"中華民國八十六年五月九日第三屆國民大會第三次會議第三次大會修正發布第 18 條第 2 項；並刪除第 19 條條文",
		"中華民國八十七年七月三十日第三屆國民大會第三次會議第六次大會修正通過",
		"中華民國八十八年六月十五日第三屆國民大會第四次會議第三次大會修正通過全文 83 條",
		"中華民國八十九年四月十四日第三屆國民大會第五次會議第三次大會修正發布第 38 條第 2 項條文",
		"中華民國九十四年六月一日國民大會主席團第二次會議核定修正全文 26 條"
	],
	"divisions": [],
	"articles": [
		{
			"number": 100,
			"content": "本規則依國民大會組織法第七條規定訂定之。"
		},
		{
			"number": 200,
			"content": "國民大會（以下簡稱本會）之會議，除憲法、國民大會組織法及國民大會\r\n職權行使法另有規定外，依本規則行之。"
		},
		{
			"number": 300,
			"content": "本會會議由主席團主席依協商輪流主持之。"
		},
		{
			"number": 400,
			"content": "本會會議時，秘書長應列席，並配置工作人員辦理會議事務。 \r\n秘書長席位置於會議主席之右側。"
		},
		{
			"number": 500,
			"content": "代表席位以協商定之。"
		},
		{
			"number": 600,
			"content": "代表出席本會會議，均應署名於簽到簿，如因故不能出席本會會議時，應\r\n通知秘書處請假，未請假者列為缺席，並列入紀錄。"
		},
		{
			"number": 700,
			"content": "議事日程應按開會次數，依次分別編製。必要時，得合數日為一次會議。"
		},
		{
			"number": 800,
			"content": "議事日程應記載開會年、月、日、時、處所，分別編列報告事項及其他事\r\n項，並詳載議案之提案內容及其他關係文書。"
		},
		{
			"number": 900,
			"content": "議事日程由秘書長編擬，經主席團主席共同決定後付印，於開會前分送各\r\n代表。"
		},
		{
			"number": 1000,
			"content": "議事日程所列報告事項不得作為討論之主題。"
		},
		{
			"number": 1100,
			"content": "本會會議應公開行之。"
		},
		{
			"number": 1200,
			"content": "本會會議開會時間為上午九時至下午五時。必要時，經主席團會議通過得\r\n增（減）開會時間或會議。"
		},
		{
			"number": 1300,
			"content": "秘書長於每次會議查點出席人數，如已足法定人數時，主席即宣告開會。\r\n屆開會時間不足法定人數，主席得延長三十分鐘，延長兩次仍不足法定人\r\n數時，主席即宣告延會或改開談話會。"
		},
		{
			"number": 1400,
			"content": "會議進行中出席代表離席時，不影響會議之進行。但出席代表對於在場人\r\n數提出疑問，經清點不足法定人數時，不得進行表決。"
		},
		{
			"number": 1500,
			"content": "會議中主席得酌定時間宣告休息。"
		},
		{
			"number": 1600,
			"content": "議事日程所列之議案議畢或散會時間已屆，主席即宣告散會。"
		},
		{
			"number": 1700,
			"content": "散會時間已屆而議事未畢，主席得徵詢大會同意，酌予延長時間。"
		},
		{
			"number": 1800,
			"content": "本會開會時，出席代表提出權宜問題、秩序問題、會議詢問或其他程序之\r\n動議時，應以書面提出，由主席逕為決定之宣告。\r\n前項宣告，如有出席代表三十人以上表示異議，不經討論，主席即付表決\r\n。該異議未獲出席代表過半數贊成時，仍維持主席之宣告。"
		},
		{
			"number": 1900,
			"content": "本會之表決，除國民大會職權行使法另有規定外，其他議題之表決方式如\r\n下：\r\n一、口頭表決。 \r\n二、舉手表決。 \r\n前項表決方式之採用，由主席逕行決定。"
		},
		{
			"number": 2000,
			"content": "表決除憲法、國民大會組織法及國民大會職權行使法另有規定外，以獲出\r\n席代表過半數之同意者為可決；可否同數時，取決於主席。"
		},
		{
			"number": 2100,
			"content": "出席代表對表決結果，提出疑義，經三十人以上連署或附議，得要求重行\r\n表決。但以一次為限。\r\n採用投票表決，非有重大明顯瑕疵足以影響表決結果者，不得重行表決。 \r\n前項重大明顯瑕疵之疑義認定，由主席團共商決定之。"
		},
		{
			"number": 2200,
			"content": "議事錄應記載之事項如下： \r\n一、會次及其年、月、日、時。 \r\n二、會議地點。 \r\n三、出席、請假及缺席代表之姓名、人數。 \r\n四、列席者姓名。 \r\n五、主席。 \r\n六、記錄者姓名。 \r\n七、報告事項及其決定。 \r\n八、表決方法及人數。 \r\n九、其他事項。"
		},
		{
			"number": 2300,
			"content": "前次會議之議事錄於下次會議宣讀之；最後一次會議之議事錄，由主席簽\r\n名確認之。\r\n議事錄，出席代表認為有遺漏或與事實不符時，應以書面提出，經本會會\r\n議之決議更正之。"
		},
		{
			"number": 2400,
			"content": "出席代表有共同維護議場秩序之責任。本會得設置議場警衛，承主席之命\r\n，協助處理議場違紀及安全事項。"
		},
		{
			"number": 2500,
			"content": "代表言行如有人身攻擊、投擲物品、肆意謾罵、破壞公物、攜帶危險物品\r\n進入議場以及違反本規則或其他妨礙議場秩序之行為者，主席得警告、制\r\n止或禁止其發言，其情節重大者，得強制其退出議場。但出席代表三十人\r\n以上表示異議時，主席應即付表決。"
		},
		{
			"number": 2600,
			"content": "本規則經秘書長擬訂，提報主席團核定後施行。"
		}
	]
}