{
	"pcode": "A0020040",
	"type": "法律",
	"title": "國立中央研究院基金條例",
	"url": "https://law.moj.gov.tw/LawClass/LawAll.aspx?pcode=A0020040",
	"category": [
		"廢止法規",
		"總統府"
	],
	"lastUpdate": "20091111",
	"isDiscarded": true,
	"isTranslated": false,
	"history": [
		"中華民國三十二年十一月十七日國民政府令公布全文 8 條；並自公布日施行中華民國三十二年十月二十九日立法院制定全文 8 條",
		"中華民國九十八年十一月十一日總統華總一義字第 09800282201 號令公布廢止"
	],
	"divisions": [],
	"articles": [
		{
			"number": 100,
			"content": "本條例依國立中央研究院組織法第八條定之。"
		},
		{
			"number": 200,
			"content": "國立中央研究基金之來源，分左列各種：\r\n一、依國立中央研究院組織法第八條之規定，由政府撥付之款。\r\n二、積存基金之孳息。\r\n三、私人或團體之捐助。\r\n四、各項興辦事業及其他之收入。"
		},
		{
			"number": 300,
			"content": "國立中央研究院基金之保管，由國立中央研究院基金委員會行之。"
		},
		{
			"number": 400,
			"content": "國立中央研究院基金委員會，以左列人員組織之：\r\n一、國立中央研究院院長、總幹事、總務主任、會計主任並由院長指定之\r\n    所長二人。\r\n二、教育部代表一人。\r\n三、主計處代表一人。\r\n國立中央研究院基金委員會，以國立中央研究院院長為主席，總幹事為秘\r\n書，會計主任為會計。"
		},
		{
			"number": 500,
			"content": "國立中央研究院基金之投資，應儘先購置政府各項債券；其他投資辦法，\r\n應由基金委員會會計提出委員會通過。"
		},
		{
			"number": 600,
			"content": "國立中央研究院因辦理左列各事業，得動用每年基金孳息之一部份：\r\n一、有特殊重要性質之講座及研究生名額。\r\n二、有促成學術進步功用之獎學金。\r\n三、院內有利事業之投資。\r\n四、其他之特別建築、設備或事業。\r\n前項用途，應由國立中央研究院院長提出基金委員會通過，並呈國民政府\r\n備案。"
		},
		{
			"number": 700,
			"content": "國立中央研究院基金之預算、會計、決算及審計，依法律關於特種基金之\r\n規定辦理之。"
		},
		{
			"number": 800,
			"content": "本條例自公布日施行。"
		}
	]
}