{
	"pcode": "A0020074",
	"type": "命令",
	"title": "地方法院及其分院處務規程",
	"url": "https://law.moj.gov.tw/LawClass/LawAll.aspx?pcode=A0020074",
	"category": [
		"司法",
		"院本部",
		"組織目"
	],
	"lastUpdate": "20150415",
	"isTranslated": false,
	"history": [
		"中華民國七十一年二月一日司法院（71）院台廳四字第 01363 號令訂定發布全文 86 條",
		"中華民國七十一年十月八日司法院（71）院台廳四字第 05570 號令修正發布第 68 條條文",
		"中華民國七十五年五月三日司法院（75）院台廳四字第 03264 號函修正發布全文 86 條",
		"中華民國七十六年四月七日司法院（76）院台廳四字第 02878 號令修正發布全文 86 條",
		"中華民國七十九年三月七日司法院（79）院台廳四字第 02134 號令修正發布全文 90 條",
		"中華民國八十一年六月二十日司法院（81）院台廳四字第 09350 號令修正發布全文 97 條",
		"中華民國八十二年十二月三十日司法院（82）院台廳司一字第 237790 號令修正發布第 7、20、22、28、34、51、56、63、68、92、94 條條文及第十六章章名",
		"中華民國九十年二月十四日司法院（90）院台廳司一字第 03954 號令修正發布第 78 條條文",
		"中華民國九十二年四月十日司法院（九二）院台廳司一字第 09525 號函修正發布第 70、73、78 條條文；並增訂第 88-1、88-2 條條文",
		"中華民國九十三年十一月二十三日司法院院台廳司一字第 0930026572 號令修正發布第 4～7、11、16、17、19、20、26、34、40、42、49、55、58、60、62、63、67、68、77、78、80、81、83、85、88-2、89、90、96 條條文；刪除第 95 條條文",
		"中華民國九十四年九月六日司法院院台廳司一字第 0940019205 號令修正發布第 58、59、73 條條文",
		"中華民國九十七年一月十四日司法院院台廳司一字第 0970001213 號令修正發布第 7、23、37～43、45、56、57、59、62、64、67、73、75、76、78、80、87、88-2 條條文；並增訂第 51-1～51-8 條條文及第八章之一章名",
		"中華民國九十七年十二月四日司法院院台廳司一字第 0970026208 號令修正發布第 73 條條文",
		"中華民國九十九年八月四日司法院院台廳司一字第 0990018493 號令修正發布第 4、7、24、28、88、91 條條文",
		"中華民國一百零一年八月二十三日司法院院台廳司一字第 1010024125 號令修正發布第 4、16、20～23、27、28、51-4、51-5、73、77、80、88-1、97 條條文及第三章章名；增訂第 29-1 條條文；除第 4、29-1、51-5、80、88-1 條自發布日施行外，其餘自一百零一年九月六日施行",
		"中華民國一百零三年十一月二十一日司法院院台廳司一字第 1030032563 號令修正發布第 96 條條文",
		"中華民國一百零四年四月十五日司法院院台廳司一字第 1040010287 號令修正發布第 51-8～54、74 條條文及第九章章名；增訂第 53-1～53-5、54-1 條條文；刪除第 55 條條文"
	],
	"divisions": [
		{
			"type": "章",
			"number": 100,
			"title": "總則",
			"start": 100,
			"end": 1300
		},
		{
			"type": "章",
			"number": 200,
			"title": "院長",
			"start": 1400,
			"end": 1900
		},
		{
			"type": "章",
			"number": 300,
			"title": "民事、刑事及行政訴訟庭",
			"start": 2000,
			"end": 2700
		},
		{
			"type": "章",
			"number": 400,
			"title": "專業法庭",
			"start": 2800,
			"end": 3000
		},
		{
			"type": "章",
			"number": 500,
			"title": "普通庭",
			"start": 3100,
			"end": 3300
		},
		{
			"type": "章",
			"number": 600,
			"title": "簡易庭",
			"start": 3400,
			"end": 3600
		},
		{
			"type": "章",
			"number": 700,
			"title": "民事執行處",
			"start": 3700,
			"end": 4600
		},
		{
			"type": "章",
			"number": 800,
			"title": "公設辯護人室",
			"start": 4700,
			"end": 5100
		},
		{
			"type": "章",
			"number": 800,
			"title": "之 一 司法事務官室",
			"start": 5101,
			"end": 5108
		},
		{
			"type": "章",
			"number": 900,
			"title": "調查保護室",
			"start": 5200,
			"end": 5500
		},
		{
			"type": "章",
			"number": 1000,
			"title": "公證處",
			"start": 5600,
			"end": 6100
		},
		{
			"type": "章",
			"number": 1100,
			"title": "提存所",
			"start": 6200,
			"end": 6500
		},
		{
			"type": "章",
			"number": 1200,
			"title": "登記處",
			"start": 6600,
			"end": 6900
		},
		{
			"type": "章",
			"number": 1300,
			"title": "書記處",
			"start": 7000,
			"end": 8802
		},
		{
			"type": "章",
			"number": 1400,
			"title": "資訊室",
			"start": 8900,
			"end": 9000
		},
		{
			"type": "章",
			"number": 1500,
			"title": "法警",
			"start": 9100,
			"end": 9100
		},
		{
			"type": "章",
			"number": 1600,
			"title": "人事室、會計室、統計室、政風室",
			"start": 9200,
			"end": 9500
		},
		{
			"type": "章",
			"number": 1700,
			"title": "附則",
			"start": 9600,
			"end": 9700
		}
	],
	"articles": [
		{
			"number": 100,
			"content": "本規程依法院組織法第七十八條規定訂定之。"
		},
		{
			"number": 200,
			"content": "地方法院及其分院處理事務，除法令別有規定外，依本規程行之。"
		},
		{
			"number": 300,
			"content": "法院事務，除依法令或依其性質得以各庭、處、所、科、室名義行之者外\r\n，以各該院之院長名義行之。"
		},
		{
			"number": 400,
			"content": "法官年度司法事務分配、代理次序、合議審判時法官之配置及事務分配之\r\n變更，適用法官法之規定。"
		},
		{
			"number": 500,
			"content": "法官以外人員事務之分配，由院長決定之。"
		},
		{
			"number": 600,
			"content": "法院在星期例假日、紀念日或其他休息時、日，應由法官及書記官輪流值\r\n日。"
		},
		{
			"number": 700,
			"content": "值日法官應辦下列事項：\r\n一、以言詞起訴或聲請調解事件。\r\n二、少年之現行犯或依少年事件處理法第十八條隨案移送之少年事件。\r\n三、因羈押、搜索、證據保全、借提、拘提、同行、通緝或協尋案件。\r\n四、聲請提審事件。\r\n五、依通訊保障及監察法聲請之案件。\r\n六、違反社會秩序維護法移送之案件。\r\n七、應急速處分之勘驗事件。\r\n八、緊急保護令聲請事件。\r\n九、其他依法應即時辦理之事件。"
		},
		{
			"number": 800,
			"content": "值日書記官辦理紀錄及其他應由書記官辦理之事務。"
		},
		{
			"number": 900,
			"content": "值日人員之辦公時間，自輪值之日上午八時三十分起至翌日上午八時三十\r\n分止。但法院辦公時間另有規定者，從其規定。"
		},
		{
			"number": 1000,
			"content": "值日人員承辦之案件，應填具值日簿，於翌日上午送請院長核閱。值日簿\r\n之格式另定之。"
		},
		{
			"number": 1100,
			"content": "值日法官對於應即時調查之證據及實施之搜索、扣押、逮捕、裁定等行為\r\n，應為必要之處置，其程序有欠缺並得補正者，應限期補正。"
		},
		{
			"number": 1200,
			"content": "值日法官承辦之事件，無論已結未結，均應於翌日上午交收發室登記分辦\r\n。"
		},
		{
			"number": 1300,
			"content": "值日法官及書記官對於值日事件有應行迴避之情形，仍應依法自行迴避，\r\n並報請院長核辦。"
		},
		{
			"number": 1400,
			"content": "地方法院院長監督該院及其分院。\r\n地方法院分院院長監督該分院。"
		},
		{
			"number": 1500,
			"content": "院長依法令行使職權得發布命令。"
		},
		{
			"number": 1600,
			"content": "下列事項由院長處理或審核之：\r\n一、年度工作計畫之決定、變更、執行及考核。\r\n二、候補法官獨任審判製作之裁判書類原本之審閱、公設辯護人辯護書類\r\n    之核閱、司法事務官辦案書類之審閱及其他辦案書類之審閱。\r\n三、民事庭、刑事庭、行政訴訟庭、專業法庭、普通庭、簡易庭庭數之擬\r\n    議及一般人事配置之核定。\r\n四、重要行政文稿函件之核判。\r\n五、所屬人員工作、操行、學識、能力考核、監督及任免、獎懲之擬議或\r\n    核定。\r\n六、上級機關重要命令執行之監督考核。\r\n七、向上級或有關機關建議或報告事項之核定。\r\n八、人民陳訴事件之處理。\r\n九、其他有關重要行政事務之處理。"
		},
		{
			"number": 1700,
			"content": "院長應隨時考查該院及分院各類案件進行情形，並注意其辦案期限；地方\r\n法院分院院長對於該分院之事務亦同。"
		},
		{
			"number": 1800,
			"content": "有關行政事務或法律見解之溝通，院長為徵詢意見，得召集所屬有關職員\r\n舉行會議。"
		},
		{
			"number": 1900,
			"content": "院長因故不能執行職務時，由資深庭長或院長指定之庭長代行其職務。其\r\n無庭長者，由資深法官或院長指定之法官代行其職務。\r\n前項情形應層報司法院。"
		},
		{
			"number": 2000,
			"content": "民事、刑事及行政訴訟庭庭長之職掌如下：\r\n一、本庭事務之監督。\r\n二、本庭評議簿之保管。\r\n三、本庭候補法官裁判書類之審閱。\r\n四、本庭各項文稿之決行。\r\n五、配置本庭法官及其他職員之工作、操行、學識、能力之考核、監督與\r\n    獎懲之擬議。\r\n六、人民陳訴事件之調查及擬議。\r\n七、法律問題之研究。\r\n八、抽籤或電腦分案事務之主持。\r\n九、其他有關庭務之處理。"
		},
		{
			"number": 2100,
			"content": "民事、刑事及行政訴訟庭庭長各有二人以上時，其相互間行政事務之劃分\r\n與處理，由院長決定之。並得以一人負責共同性之行政事務。"
		},
		{
			"number": 2200,
			"content": "民事、刑事及行政訴訟庭庭長各有二人以上，其中有因故不能執行職務者\r\n，應分別互為代理。其僅有一人者，由該庭資深之法官代理其職務。\r\n合議審判由該庭庭長充審判長；無庭長或庭長有事故時，由庭員資深者充\r\n之，資同由年長者充之。"
		},
		{
			"number": 2300,
			"content": "民刑案件，應依民刑事件編號計數分案報結實施要點及事務分配之規定，\r\n分配各法官辦理。\r\n行政訴訟事件，應依高等行政法院及地方法院行政訴訟事件編號計數分案\r\n報結實施要點及事務分配之規定，分配各法官辦理。"
		},
		{
			"number": 2400,
			"content": "法官配受之案件，因故不能辦理者，應經庭長報請院長核定後重行分案。\r\n其接辦之法官仍因故不能辦理者亦同。\r\n法官依前項規定將案件移出或移入者，應補分或減分相同數額案件。"
		},
		{
			"number": 2500,
			"content": "民刑案件，除依法應合議審判者外，法官認其配受之案件重大有行合議審\r\n判之必要者，得經庭長轉報院長後行之。其未置庭長者，逕報院長後行之\r\n。\r\n庭長認有行合議審判之必要者，亦得徵詢法官之意見報告院長後行之。院\r\n長認有行合議審判之必要者，亦得徵詢庭長、法官意見後行之。\r\n合議審判裁判之評議，應將各法官之意見及決議記載於評議簿。"
		},
		{
			"number": 2600,
			"content": "候補法官獨任審判製作之裁判書原本，應於宣示後法定交付裁判原本期間\r\n內，檢同卷證，送庭長、院長審閱；其裁判書原本不經宣示者，應於製作\r\n完成時，檢同卷證送庭長、院長審閱。\r\n合議審判及實任、試署法官獨任審判製作之裁判書原本，無須送閱。\r\n民事事件支付命令、公示催告、本票強制執行及拍賣抵押物四種裁定，僅\r\n送庭長審閱。\r\n案件較繁之法院，院長得另行指定庭長襄助審閱。\r\n前項審閱裁判書要點另定之。"
		},
		{
			"number": 2700,
			"content": "民事、刑事及行政訴訟庭法官每屆月終，應將本月份案件收結情形及遲延\r\n、視為不遲延案件未結原因，列表分送庭長、院長核閱。"
		},
		{
			"number": 2800,
			"content": "依勞資爭議處理法、少年事件處理法或其他法規應由法院處理之專業案件\r\n，得設立專庭或由專人處理之。"
		},
		{
			"number": 2900,
			"content": "專業法庭置庭長，綜理全庭行政事務，並置法官、書記官及其他必要人員\r\n。"
		},
		{
			"number": 2901,
			"content": "家事事件，應依家事事件編號計數分案報結實施要點及事務分配之規定，\r\n分配各法官辦理。"
		},
		{
			"number": 3000,
			"content": "第三章之規定於專業法庭準用之。"
		},
		{
			"number": 3100,
			"content": "地方法院或其分院設普通庭，處理違反社會秩序維護法之抗告案件。"
		},
		{
			"number": 3200,
			"content": "普通庭置庭長，綜理全庭行政事務，並置法官、書記官及其他必要人員。"
		},
		{
			"number": 3300,
			"content": "第三章之規定於普通庭準用之。"
		},
		{
			"number": 3400,
			"content": "地方法院或其分院設簡易庭，辦理下列案件：\r\n一、民事、刑事簡易訴訟程序案件。\r\n二、社會秩序維護法所規定之案件。\r\n三、家事調解以外之民事調解事件。\r\n簡易庭審理前項案件應以簡易庭名義行之，其裁判正本蓋用簡易庭關防。\r\n但民事簡易訴訟程序事件，依法改為通常訴訟程序事件時，仍由原承辦法\r\n官以民事庭名義行之，並蓋用法院印。\r\n地方法院或其分院得視簡易庭業務繁簡，指定簡易庭之法官兼辦非訟、公\r\n證事件及其他依事務分配應辦理之事項。但非訟事件應以民事庭名義、公\r\n證事件應以公證人名義行之，並分別蓋用法院印、公證人職章或鋼印。"
		},
		{
			"number": 3500,
			"content": "簡易庭得置庭長，綜理全庭行政事務，並置法官、書記官及其他必要人員\r\n。"
		},
		{
			"number": 3600,
			"content": "第三章之規定與本章規定不牴觸部分準用之。"
		},
		{
			"number": 3700,
			"content": "民事執行處之事務，除法律另有規定外，由法官或司法事務官、書記官及\r\n執達員辦理。\r\n書記官應優先遴選資深而成績優良，並有民事紀錄經驗者任之。"
		},
		{
			"number": 3800,
			"content": "民事執行處法官或司法事務官有二人以上者，得置庭長一人，監督該處事\r\n務。未置庭長者，由院長指定適當之人員監督之。"
		},
		{
			"number": 3900,
			"content": "同一執行法官或司法事務官得配置書記官一至三人辦理執行事務。"
		},
		{
			"number": 4000,
			"content": "書記官接受執行案卷，應核對分案清單點收卷宗後，儘速送請法官或司法\r\n事務官核辦。"
		},
		{
			"number": 4100,
			"content": "執行事件之進行及當事人書狀之處理，應由法官或司法事務官自行為之。\r\n書記官應受法官或司法事務官之指示辦理執行事項。"
		},
		{
			"number": 4200,
			"content": "執行事件執行完畢應歸檔者，應經法官或司法事務官核定，其置有庭長者\r\n，並應經庭長或指定適當之人員審閱，未置庭長者，由院長指定適當之人\r\n員為之。執行事件雖已報結，但尚有未了事務者，其卷宗不得歸檔。"
		},
		{
			"number": 4300,
			"content": "民事執行處配置之執達員，其執行職務應受配屬之法官或司法事務官、書\r\n記官指揮監督。"
		},
		{
			"number": 4400,
			"content": "當事人繳案之款項、有價證券及其他貴重物品，應由書記官依照財務收支\r\n之有關規定處理之。"
		},
		{
			"number": 4500,
			"content": "書記官或執達員經法官或司法事務官命為查封或其他執行行為者，應作成\r\n筆錄或報告送請法官或司法事務官核閱。"
		},
		{
			"number": 4600,
			"content": "第三章之規定，與本章不牴觸部分準用之。"
		},
		{
			"number": 4700,
			"content": "公設辯護人應受院長之行政監督。"
		},
		{
			"number": 4800,
			"content": "公設辯護人在二人以上時置主任公設辯護人，其事務之分配，由主任公設\r\n辯護人報請院長定之。"
		},
		{
			"number": 4900,
			"content": "公設辯護人對於指定辯護案件，應製作辯護書。其製作之辯護書，除有特\r\n別情形外，應於辯論終結三日內，送院長核閱，並提出於法院。"
		},
		{
			"number": 5000,
			"content": "法院得指定人員辦理辯護案卷之編訂保管事項。"
		},
		{
			"number": 5100,
			"content": "公設辯護人執行職務，依公設辯護人條例、公設辯護人管理規則及本章之\r\n規定。"
		},
		{
			"number": 5101,
			"content": "司法事務官在二人以上者，置主任司法事務官。\r\n司法事務官之事務分配，由主任司法事務官報請院長決定之。"
		},
		{
			"number": 5102,
			"content": "司法事務官應受院長之行政監督。"
		},
		{
			"number": 5103,
			"content": "司法事務官辦理事務，應受該管事務庭長之職務監督。未置庭長者，由院\r\n長指定適當之人員行使之。"
		},
		{
			"number": 5104,
			"content": "司法事務官辦理之案件，其編號、計數、分案、報結，應依民刑事件編號\r\n計數分案報結實施要點、家事事件編號計數分案報結實施要點、高等行政\r\n法院及地方法院行政訴訟事件編號計數分案報結實施要點規定辦理。"
		},
		{
			"number": 5105,
			"content": "司法事務官配受之事務，因故不能辦理者，應經主任司法事務官報請院長\r\n核定分配與次一符號之司法事務官辦理；其接辦之司法事務官仍因故不能\r\n辦理者，亦同。次一符號以下之司法事務官均不能接辦時，由院長指定其\r\n他適當人員辦理之。\r\n司法事務官依前項規定將事務移出或移入者，應補分或減分相同數額案件\r\n。"
		},
		{
			"number": 5106,
			"content": "初任司法事務官前五年內製作之處分、裁定等辦案書類，應於原本製作完\r\n成時，檢同卷證，送該管事務之庭長及院長審閱。\r\n案件較繁之法院或未置庭長者，院長得另行指定庭長或其他適當人員襄助\r\n審閱。\r\n前二項之審閱要點另定之。"
		},
		{
			"number": 5107,
			"content": "司法事務官每屆月終，應將本月份事務收結情形列表分送主任司法事務官\r\n、該管事務庭長、院長核閱。"
		},
		{
			"number": 5108,
			"content": "司法事務官依法承法官之命辦理事務時，在必要範圍內，得指揮命令法官\r\n助理執行職務。但不得與法官明示之意思相反。\r\n司法事務官依法承法官之命辦理事務時，在必要範圍內，得請少年調查官\r\n、家事調查官協助之。但不得與法官明示之意思相反。"
		},
		{
			"number": 5200,
			"content": "少年調查官、少年保護官及家事調查官合計在二人以上者，置主任調查保\r\n護官一人；合計在六人以上者，得分組辦事，各置組長一人，組長由少年\r\n調查官、少年保護官或家事調查官兼任，不另列等。"
		},
		{
			"number": 5300,
			"content": "主任調查保護官、組長、少年調查官、少年保護官、家事調查官、心理測\r\n驗員、心理輔導員及佐理員應受院長之行政監督。"
		},
		{
			"number": 5301,
			"content": "少年調查官、少年保護官、家事調查官執行職務應受主任調查保護官、組\r\n長之指揮監督。\r\n主任調查保護官、組長、少年調查官、少年保護官、家事調查官執行職務\r\n應受庭長、法官之指揮監督。\r\n少年調查官、家事調查官應協助司法事務官執行職務。"
		},
		{
			"number": 5302,
			"content": "心理測驗員、心理輔導員執行職務，應服從庭長、法官、司法事務官、少\r\n年調查官、少年保護官及家事調查官之指揮監督。"
		},
		{
			"number": 5303,
			"content": "書記官、佐理員及執達員隨同司法事務官、少年調查官、少年保護官或家\r\n事調查官執行職務者，應服從其指揮監督。"
		},
		{
			"number": 5304,
			"content": "少年調查官應服從法官之監督，執行下列職務：\r\n一、調查、蒐集關於少年事件之資料。\r\n二、對於責付、收容少年之調查、輔導事項。\r\n三、出庭陳述意見。\r\n四、其他法令所定之事務。\r\n少年保護官應服從法官之監督，執行下列職務：\r\n一、掌理由少年保護官執行之保護處分。\r\n二、其他法令所定之事務。\r\n少年調查官、少年保護官得相互兼理之。"
		},
		{
			"number": 5305,
			"content": "家事調查官應服從法官之監督，執行下列職務：\r\n一、調查、蒐集關於家事事件特定事項之事實或資料，並提出報告。\r\n二、家事事件履行確保之調查及勸告。\r\n三、出庭陳述意見。\r\n四、其他法令所定之事務。"
		},
		{
			"number": 5400,
			"content": "調查保護室之事務分配，由主任調查保護官報請院長決定之。"
		},
		{
			"number": 5401,
			"content": "少年調查官、少年保護官、家事調查官辦理之案件，其編號、計數、分案\r\n、報結，應依民刑事件編號計數分案報結實施要點及家事事件編號計數分\r\n案報結實施要點規定辦理。"
		},
		{
			"number": 5500,
			"content": "（刪除）"
		},
		{
			"number": 5600,
			"content": "公證人辦理公證事務，應受院長之行政監督，院長並得指定民事庭庭長督\r\n導之。\r\n前項公證人，得由法官或具有公證人任用資格之司法事務官兼充之。"
		},
		{
			"number": 5700,
			"content": "院長應定期調閱有關公證案卷，查核有無不適法之公證。\r\n前項調閱得指定庭長為之。"
		},
		{
			"number": 5800,
			"content": "公證人有二人以上者，置主任公證人，辦理公證處一般行政事務，其事務\r\n之分配，由主任公證人報請院長定之。"
		},
		{
			"number": 5900,
			"content": "公證處配置之佐理員及其他人員，應受主任公證人、公證人或兼充公證人\r\n之法官或司法事務官之指揮監督。"
		},
		{
			"number": 6000,
			"content": "公證分處之設立，應層報司法院核准。"
		},
		{
			"number": 6100,
			"content": "本規程第二十七條於公證處準用之。"
		},
		{
			"number": 6200,
			"content": "提存所置主任一人，佐理員及其他人員若干人，辦理提存事務。但法院得\r\n指定法官、司法事務官或書記官兼辦之。"
		},
		{
			"number": 6300,
			"content": "提存所辦理事務應受院長之行政監督，院長並得指定民事庭庭長督導之。"
		},
		{
			"number": 6400,
			"content": "提存事件之准許或其他有關提存之處分，應由提存所主任或兼辦之司法事\r\n務官決定之。提存所之佐理員及其他人員，依主任或兼辦之司法事務官之\r\n命辦理提存事務。"
		},
		{
			"number": 6500,
			"content": "本規程第二十七條之規定於提存所準用之。"
		},
		{
			"number": 6600,
			"content": "登記處辦理法人登記及夫妻財產制契約之登記。"
		},
		{
			"number": 6700,
			"content": "登記處置主任一人，佐理員及其他人員若干人。但法院得指定法官、司法\r\n事務官或書記官兼辦之。"
		},
		{
			"number": 6800,
			"content": "登記處辦理登記事件，應受院長之行政監督，院長並得指定民事庭庭長督\r\n導之。"
		},
		{
			"number": 6900,
			"content": "本規程第二十七條之規定於登記處準用之。"
		},
		{
			"number": 7000,
			"content": "地方法院書記處置書記官長一人，承院長之命處理行政事務，並指揮監督\r\n所屬書記官、法官助理及其他人員。"
		},
		{
			"number": 7100,
			"content": "書記官長因故不能執行職務時，應由院長指定適當人員代理。"
		},
		{
			"number": 7200,
			"content": "書記官以下職員因故不能執行職務時，由書記官長指定適當人員代理之，\r\n並報告院長。"
		},
		{
			"number": 7300,
			"content": "書記處設民事紀錄科、刑事紀錄科、行政訴訟紀錄科、民事執行紀錄科、\r\n文書科、研究考核科、總務科、資料科及訴訟輔導科。其設有專業法庭、\r\n普通庭、簡易庭者，得各設紀錄科。各紀錄科視業務需要，並得分設一科\r\n至三科。\r\n前項各科置科長一人，並得視業務需要分股辦事；分股辦事者，各股得置\r\n股長一人。但在事務較簡之法院，得不分科或併科辦事。\r\n科長、股長，由地方法院陳報高等法院轉陳司法院就一等書記官或二等書\r\n記官指派兼任之。"
		},
		{
			"number": 7400,
			"content": "配置於調查保護室、公證處、登記處及提存所之佐理員，除不另設科外，\r\n均準用紀錄科有關規定。"
		},
		{
			"number": 7500,
			"content": "書記官於收受案卷或文件後，應即依照規定登記簿冊或建檔，其應由庭長\r\n、法官或司法事務官處理者，即送請核閱。其應由書記官自行處理，或應\r\n簽請院長處理者，即分別處理。"
		},
		{
			"number": 7600,
			"content": "承辦文件除法令屬書記官職權者外，應送請各單位主管核轉院長核定。但\r\n一般例行文稿、例行報告表或以各單位名義行之者，得依其性質由庭長、\r\n法官、司法事務官或書記官長，或各該單位主管核定之。"
		},
		{
			"number": 7700,
			"content": "民事紀錄科、刑事紀錄科、行政訴訟紀錄科、民事執行紀錄科之職掌如下\r\n：\r\n一、關於案件之編號、資料輸入、審核及抽籤分案事項。\r\n二、關於案卷及文件之點收、資料輸入與人犯羈押資料輸入事項。\r\n三、關於筆錄及期日傳喚通知與提押票等之製作事項。\r\n四、關於案件文稿之撰擬事項。\r\n五、關於整理編訂保管案卷及附隨案卷之證物保管事項。\r\n六、關於裁判或其他書類正本之製作與其結果公告事項。\r\n七、關於案卷文書之交付送達事項。\r\n八、關於已結案卷之發送或歸檔事項。\r\n九、關於各項報表製作或提供統計資料事項。\r\n十、其他依法令應由書記官辦理及長官交辦事項。\r\n前項規定於專業法庭、簡易庭、普通庭紀錄科準用之。"
		},
		{
			"number": 7800,
			"content": "紀錄書記官應服從其配屬庭長、法官或司法事務官之指揮命令執行職務。\r\n紀錄書記官應隨時將案件進行終結情形翔實登載書記官辦案進行簿作業系\r\n統，並於月終送請司法事務官、法官、庭長、院長核閱。如有必要，司法\r\n事務官、法官、庭長、院長並得隨時調閱。"
		},
		{
			"number": 7900,
			"content": "紀錄科應用之簿冊，其格式得由司法院統一規定之。"
		},
		{
			"number": 8000,
			"content": "文書科之職掌如下：\r\n一、關於典守印信事項。\r\n二、關於文件之收發、分配、繕校事項。\r\n三、關於行政文稿之撰擬事項。\r\n四、關於各項報告之彙編事項。\r\n五、關於不屬於其他各科室業務會議之籌劃、紀錄及行政事項。\r\n六、關於律師、民間公證人之登錄及律師、訴訟當事人聲請閱卷事項。\r\n七、關於人民陳訴、訴願、國家賠償、刑事補償求償事件之處理事項。\r\n八、關於院長移交案及法官、司法事務官調職移交報告書之彙辦事項。\r\n九、關於法官自律委員會、法官司法事務分配小組行政事務之處理事項。\r\n十、不屬於其他各科室及長官交辦事項。"
		},
		{
			"number": 8100,
			"content": "研究考核科之職掌如下：\r\n一、關於研究發展工作之推行事項。\r\n二、關於年度工作計畫編擬事項。\r\n三、關於公文稽催管制事項。\r\n四、關於案件進行檢查事項。\r\n五、關於各項列管事項之追蹤管制考核事項。\r\n六、關於自行檢查事項。\r\n七、其他有關研究考核及長官交辦事項。"
		},
		{
			"number": 8200,
			"content": "研究發展考核進行情形及結果，承辦人員應按月列表送請書記官長轉送院\r\n長核閱，並依其權責作適當之處理。"
		},
		{
			"number": 8300,
			"content": "總務科之職掌如下：\r\n一、關於經費出納事項。\r\n二、關於司法用紙樣張、請領、審核及發售事項。\r\n三、關於司法收入事項。\r\n四、關於贓證物品之保管事項。\r\n五、關於案內金錢或其他貴重物品存入國庫之出納事項。\r\n六、關於財物購置、保管、發給事項。\r\n七、關於公有廳舍修建及分配使用事項。\r\n八、關於實物配給事項。\r\n九、關於同仁福利事項。\r\n十、關於司機、技工、工友之管理調配訓練與考核事項。\r\n十一、其他有關總務及長官交辦事項。"
		},
		{
			"number": 8400,
			"content": "主辦總務人員應隨時注意支出之款項是否已超出預算。必要時應向上級長\r\n官陳明。"
		},
		{
			"number": 8500,
			"content": "資料科之職掌如下：\r\n一、關於法規、判例、解釋等資料之蒐集、分析、編輯、登記、分送、傳\r\n    觀、保管事項。\r\n二、關於裁判書公報之編印、發行事項。\r\n三、關於圖書資料、報刊之蒐集及圖書室之設置及管理事項。\r\n四、關於卷宗之編號歸檔及保管事項。\r\n五、其他與法律資料有關及長官交辦事項。\r\n前項業務於未設資料科之地方法院及其分院由文書科辦理。"
		},
		{
			"number": 8600,
			"content": "各項卷宗應分別編號保存。\r\n卷宗歸檔編號及其保存期限，得由司法院訂定統一辦法行之。"
		},
		{
			"number": 8700,
			"content": "訴訟或非訟卷宗之調取，應經法官或司法事務官以上人員簽章，行政卷宗\r\n應經單位主管以上人員簽章。"
		},
		{
			"number": 8800,
			"content": "訴訟輔導科辦理為民服務與訴訟輔導事項。其實施要點由司法院定之。"
		},
		{
			"number": 8801,
			"content": "地方法院及其分院得視業務需要，置法官助理若干人；其遴聘、訓練、業\r\n務、管理及考核等事項，由司法院定之。\r\n法官助理之職掌如下：\r\n一、承法官之命，辦理訴訟案件程序之審查、法律問題之分析、資料之蒐\r\n    集。\r\n二、其他交辦事項。"
		},
		{
			"number": 8802,
			"content": "法官助理應服從其配屬庭長、法官之指揮命令執行職務。\r\n法官助理應將辦理之事項確實登載工作日誌及填載月報表，並於次月五日\r\n前送請法官、庭長、院長核閱。如有必要，法官、庭長、院長並得隨時調\r\n閱。"
		},
		{
			"number": 8900,
			"content": "資訊室置主任一人，承院長之命，處理資訊室之行政事項，另置資訊管理\r\n師、操作員若干人；必要時得置設計師，以處理資訊事項。\r\n資訊室所主辦之文稿，應會由書記官長送陳院長核定。"
		},
		{
			"number": 9000,
			"content": "資訊室之職掌如下：\r\n一、配合司法資訊業務之協調、推動事項。\r\n二、關於資訊應用系統之建置、測試、維護及版權控管事項。\r\n三、關於系統程式、文件之保管、更新事項。\r\n四、關於資訊設備及網路之建置、管理、安全維護事項。\r\n五、關於資訊資料庫之建立、運用、管理事項。\r\n六、關於資訊教育訓練及進修計畫之研擬、執行事項。\r\n七、關於執行資訊業務之諮詢輔導事項。\r\n八、關於資訊系統使用效率之查核事項。\r\n九、關於資訊作業標準化建立事項。\r\n十、其他有關資訊業務及長官交辦事項。"
		},
		{
			"number": 9100,
			"content": "地方法院及其分院各置法警若干人，其管理辦法及執行職務注意事項另定\r\n之。"
		},
		{
			"number": 9200,
			"content": "法院設人事室、會計室、統計室及政風室，依照法令分別辦理人事、歲計\r\n、會計、統計及政風事項。"
		},
		{
			"number": 9300,
			"content": "前條人員應受院長之指揮監督。"
		},
		{
			"number": 9400,
			"content": "人事室、會計室、統計室、政風室主辦文稿，應會由書記官長送陳院長核\r\n定。"
		},
		{
			"number": 9500,
			"content": "（刪除）"
		},
		{
			"number": 9600,
			"content": "各單位承辦文稿除本規程另有規定外，應逐級核轉送陳院長核定。但一般\r\n例行文稿，得依其性質逐級授權決定。\r\n前項授權由分層負責明細表定之。\r\n地方法院分層負責明細表，由高等法院訂定，並陳報司法院核定。但福建\r\n金門、連江地方法院由直接上級法院訂定，並陳報司法院核定。\r\n地方法院得自行訂定辦事要點，並層報司法院備查。"
		},
		{
			"number": 9700,
			"content": "本規程自發布日施行。\r\n本規程中華民國一百零一年八月二十三日修正發布之條文，除第四條、第\r\n二十九條之一、第五十一條之五、第八十條及第八十八條之一自發布日施\r\n行外，其餘自一百零一年九月六日施行。"
		}
	]
}