{
	"pcode": "A0020153",
	"type": "命令",
	"title": "司法院顧問聘任辦法",
	"url": "https://law.moj.gov.tw/LawClass/LawAll.aspx?pcode=A0020153",
	"category": [
		"司法",
		"院本部",
		"司法人事目"
	],
	"lastUpdate": "19850902",
	"isTranslated": false,
	"history": [
		"中華民國七十四年八月二十六日司法院訂定全文 7 條",
		"中華民國七十四年九月二日司法院（74）院臺人字第 05038 號函修正發布"
	],
	"divisions": [],
	"articles": [
		{
			"number": 100,
			"content": "司法院院長為改進司法業務，諮商重要事項，得聘任顧問。"
		},
		{
			"number": 200,
			"content": "司法院顧問就具有左列資格之一者聘任之。\r\n一、曾任大法官者。\r\n二、曾任特任官或曾任簡任官十年以上，對於司法卓著貢獻者。\r\n三、研究法學聲望卓著者。"
		},
		{
			"number": 300,
			"content": "司法院顧問對於有關司法之重要興革事項，得向司法院院長提供意見。"
		},
		{
			"number": 400,
			"content": "司法院院長得就有關司法之重要事項，交由顧問研究。"
		},
		{
			"number": 500,
			"content": "司法院顧問得酌支交通費。"
		},
		{
			"number": 600,
			"content": "司法院顧問聘任期間為三年，期滿得續聘之。"
		},
		{
			"number": 700,
			"content": "本辦法自發布日施行。"
		}
	]
}