{
	"pcode": "A0020092",
	"type": "命令",
	"title": "法警管理辦法",
	"url": "https://law.moj.gov.tw/LawClass/LawAll.aspx?pcode=A0020092",
	"category": [
		"司法",
		"院本部",
		"司法人事目"
	],
	"lastUpdate": "20121214",
	"isTranslated": false,
	"history": [
		"中華民國八十年二月十二日司法院（80）院台人字第 2183 號令 、 行政院台八十法字第 5424 號令會同訂定發布全文 29 條；並自發布日施行",
		"中華民國八十一年六月二十日司法院（81）院台人字第 09521 號令 、 行政院（81）台法字第 21038 號令會同修正發布全文 29 條；並自發布日施行",
		"中華民國八十五年十二月三十一日司法院（85）院台人一字第 26704 號令 、 行政院（85）台法字第 48641 號令會同修正發布第 26 條條文",
		"中華民國九十年六月四日司法院（90）院台人二字第 11935 號令 、 行政院（90）台法字第 025954-1 號令會銜修正發布全文 25 條；並自發布日施行",
		"中華民國一百零一年十二月十四日司法院院台人二字第 1010033244 號令 、 行政院院臺法揆字第 1010072509 號令會同修正發布第 6、9、13、16、18～22、24 條條文"
	],
	"divisions": [
		{
			"type": "章",
			"number": 100,
			"title": "總則",
			"start": 100,
			"end": 300
		},
		{
			"type": "章",
			"number": 200,
			"title": "編組、監督",
			"start": 400,
			"end": 500
		},
		{
			"type": "章",
			"number": 300,
			"title": "資格、任用",
			"start": 600,
			"end": 1000
		},
		{
			"type": "章",
			"number": 400,
			"title": "服制、訓練",
			"start": 1100,
			"end": 1300
		},
		{
			"type": "章",
			"number": 500,
			"title": "考核、獎懲",
			"start": 1400,
			"end": 1800
		},
		{
			"type": "章",
			"number": 600,
			"title": "待遇、退撫",
			"start": 1900,
			"end": 2200
		},
		{
			"type": "章",
			"number": 700,
			"title": "其他",
			"start": 2300,
			"end": 2400
		},
		{
			"type": "章",
			"number": 800,
			"title": "附則",
			"start": 2500,
			"end": 2500
		}
	],
	"articles": [
		{
			"number": 100,
			"content": "本辦法依法院組織法第二十三條第三項、第六十九條第一項規定訂定之。"
		},
		{
			"number": 200,
			"content": "法警之管理依本辦法之規定，本辦法未規定者，適用有關法令之規定。"
		},
		{
			"number": 300,
			"content": "本辦法所稱法警 (包括法警長及副法警長) ，指各級法院及檢察署 (以下\r\n簡稱各院檢) ，依法任用，辦理執行法院組織法第二十三條第三項所定之\r\n事務人員。"
		},
		{
			"number": 400,
			"content": "各院檢設法警室，置法警長一人，指揮監督所屬法警辦理各院檢有關司法\r\n警察事務；副法警長一人，協助法警長執行職務；法警若干人。法警人數\r\n超過三十人者，得依法院組織法類別及員額附表規定之副法警長員額，酌\r\n予增置副法警長。"
		},
		{
			"number": 500,
			"content": "法警由各院檢書記官長承院、檢首長之命，予以調度指揮。於執行各項勤\r\n務時，並應受院、檢有關其他長官之命令與監督。"
		},
		{
			"number": 600,
			"content": "法警列委任，法警長、副法警長列委任或薦任。"
		},
		{
			"number": 700,
			"content": "法警應歸入司法行政職系。"
		},
		{
			"number": 800,
			"content": "法警之派免，依官等分由權責機關辦理。"
		},
		{
			"number": 900,
			"content": "法警應就具有下列各款資格之一者遴用之：\r\n一、經普通考試或相當普通考試之特種考試四等考試之法警考試或委任升\r\n    等考試之法警考試及格。\r\n二、現充僱用法警滿一年，年終考成列乙等以上，並完成六個月以上法警\r\n    、警察、監所管理員訓練，具有委任職任用資格。\r\n三、司法行政職系或矯正職系考試及格，並符合公務人員特種考試司法人\r\n    員考試法警類科之體格檢查標準。"
		},
		{
			"number": 1000,
			"content": "高等法院院、檢得視業務需要，調整所屬院、檢法警服務地區。"
		},
		{
			"number": 1100,
			"content": "法警執行職務，除經長官許可得著便服外，應穿著制服。\r\n前項制服，準用警察服制條例有關規定。"
		},
		{
			"number": 1200,
			"content": "法警之佩階，依下列規定：\r\n一、法警長佩帶二線一星。但官等為薦任者，得佩帶二線二星。\r\n二、副法警長佩帶一線四星。但官等為薦任者，得佩帶二線一星。\r\n三、法警佩帶一線三星。"
		},
		{
			"number": 1300,
			"content": "法警應施以訓練，分為下列二種：\r\n一、特定訓練：為應工作需要，選派人員不定期實施訓練。\r\n二、平時訓練：每年或間年須修滿四十小時以上之課程。\r\n前項各款之訓練，由各院檢自行辦理。各項訓練計畫另定之。"
		},
		{
			"number": 1400,
			"content": "各院檢書記官長承院檢首長之命，就所屬法警之工作、生活操守及服務態\r\n度嚴加督導考核，發現獎懲事實，隨時報請院檢首長處理之。"
		},
		{
			"number": 1500,
			"content": "各院檢庭長、法官、主任檢察官、檢察官發現法警有廢弛職務或不當行為\r\n時，除糾正外，並得報請院檢首長處理之。\r\n前項人員配置之書記官認有前項情形時，亦得報請處理之。"
		},
		{
			"number": 1600,
			"content": "法警執行職務有特殊功績者，得報請酌發獎品。"
		},
		{
			"number": 1700,
			"content": "法警之獎懲，適用公務人員考績法及主管機關所定之獎懲規定。"
		},
		{
			"number": 1800,
			"content": "法警之考績，適用公務人員考績法及其施行細則之規定。"
		},
		{
			"number": 1900,
			"content": "法警之俸給，適用公務人員俸給法及其施行細則之規定。"
		},
		{
			"number": 2000,
			"content": "法警任職五年以上，年滿五十歲者或任職滿二十五年者，應准其自願退休\r\n；年滿六十歲者，應屆齡退休。但擔任法警長或副法警長之職務者之屆齡\r\n退休年齡，應年滿六十二歲。"
		},
		{
			"number": 2100,
			"content": "法警之退休，本辦法未規定之事項，適用公務人員退休法及其施行細則辦\r\n理。"
		},
		{
			"number": 2200,
			"content": "法警之撫卹，適用公務人員撫卹法及其施行細則之規定。"
		},
		{
			"number": 2300,
			"content": "現職僱用法警之管理，適用現職雇員管理要點之規定，並準用第二條、第\r\n三條、第五條、第八條及第十條至第二十二條之規定。"
		},
		{
			"number": 2400,
			"content": "法警職務出缺，得依各機關職務代理應行注意事項之規定僱用非現職人員\r\n為職務代理人，並得由各機關依下列規定自行辦理甄選：\r\n一、體格條件：參照公務人員特種考試司法人員考試法警類科之體格檢查\r\n    標準。\r\n二、應試科目：參照公務人員特種考試司法人員考試法警類科之應試科目\r\n    。\r\n法警職務代理人，準用第二條、第三條、第五條、第八條、第十一條至第\r\n十七條之規定。"
		},
		{
			"number": 2500,
			"content": "本辦法自發布日施行。"
		}
	]
}