{
	"pcode": "A0020079",
	"type": "命令",
	"title": "司法院及所屬機關訴願審議委員會審議規則",
	"url": "https://law.moj.gov.tw/LawClass/LawAll.aspx?pcode=A0020079",
	"category": [
		"司法",
		"院本部",
		"一般行政目"
	],
	"lastUpdate": "20041213",
	"isTranslated": false,
	"history": [
		"中華民國八十四年四月二十八日司法院（84）院台參字第 08146 號函訂定發布全文 25 條；並自發布日起施行",
		"中華民國八十九年八月十一日司法院（89）院台訴字第 19548 號令修正發布全文 32 條；本規則修正條文自本法修正條文施行之日起施行",
		"中華民國九十三年十二月十三日司法院（93）院台訴字第 0930030159 號令修正發布第 27、32 條條文；並自發布日施行"
	],
	"divisions": [],
	"articles": [
		{
			"number": 100,
			"content": "本規則依訴願法 (以下簡稱本法) 第五十二條第三項規定訂定之。"
		},
		{
			"number": 200,
			"content": "司法院 (以下簡稱本院) 及所屬機關訴願審議委員會 (以下簡稱訴願會)\r\n由主任委員召集會議並為主席。主任委員不能召集或出席時，得指定委員\r\n一人代行主席職務。委員應親自出席，不得由他人代理。"
		},
		{
			"number": 300,
			"content": "合於管轄之訴願事件，由執行秘書先作法定程式之審查，程式不合法依訴\r\n願法第六十二條規定通知訴願人補正者，應載明於文到之次日起二十日內\r\n補正。"
		},
		{
			"number": 400,
			"content": "原行政處分機關收受之訴願書未附具訴願理由者，應於十日內移由訴願管\r\n轄機關審理；附具訴願理由者，應於二十日內依本法第五十八條第二項至\r\n第四項規定辦理。\r\n訴願人向受理訴願機關提起訴願者，對合於法定程式之訴願事件，受理訴\r\n願機關應即函請原行政處分機關於二十日內依本法第五十八條第二項至第\r\n四項規定辦理；其逾期未陳報或答辯者，應予函催；其答辯欠詳者，得發\r\n還補充答辯。"
		},
		{
			"number": 500,
			"content": "合於程式之事件經答辯完備後，執行秘書檢同卷證，送由全體委員共同審\r\n查或簽請主任委員分配委員一至三人審查，決定處理原則，並依決定原則\r\n擬具決定書初稿，再簽提訴願會審議。"
		},
		{
			"number": 600,
			"content": "對於訴願事件，應先為程序上之審查，其無應不受理之情形者，再進而為\r\n實體上之審查。"
		},
		{
			"number": 700,
			"content": "共同提起訴願，於依本法第二十二條或第二十三條為其代表人之選定時，\r\n非經全體訴願人書面通知受理訴願機關，不生效力；經選定或指定之代表\r\n人更換或增減時，亦同。\r\n共同訴願之代表人經更換、增減後，不得再代表全體訴願人為訴願行為。"
		},
		{
			"number": 800,
			"content": "受理訴願機關審查訴願代理人資格認不符本法第三十三條第一項各款規定\r\n者，應通知委任人，並副知受任人。"
		},
		{
			"number": 900,
			"content": "訴願人、參加人或訴願代理人依本法第四十九條第一項規定，請求閱覽、\r\n抄錄、影印或攝影訴願卷宗內文書者，應以書面向受理訴願機關為之。\r\n訴願人、參加人或訴願代理人依本法第四十九條第一項規定，預納費用請\r\n求付與繕本、影本或節本者，應載明文書種類、名稱、文號及其起迄頁數\r\n、份數。\r\n第三人為前二項請求者，並應附訴願人同意文件或釋明有法律上之利害關\r\n係。"
		},
		{
			"number": 1000,
			"content": "受理訴願機關應於收受前條請求之日起十日內，分別依下列各款規定回復\r\n申請人：\r\n一、通知申請人於指定日、時到達處所閱覽、抄錄、影印或攝影訴願卷宗\r\n    內文書。\r\n二、付與請求之文書繕本、影本或節本。\r\n三、拒絕請求者，應敘明拒絕之理由。"
		},
		{
			"number": 1100,
			"content": "第九條第一項、第二項及前條之規定，於訴願人、參加人或訴願代理人依\r\n本法第七十五條第二項規定請求閱覽、抄錄或影印原行政處分機關據以處\r\n分之證據資料或請求付與繕本、影本或節本，準用之。"
		},
		{
			"number": 1200,
			"content": "訴願事件依本法第六十七條及第六十九條規定，有調查、檢驗、勘驗或送\r\n請鑑定之必要時，受理訴願機關應依職權或囑託有關機關、學校、團體或\r\n人員實施之。"
		},
		{
			"number": 1300,
			"content": "受理訴願機關囑託鑑定時，應載明下列事項：\r\n一、送請鑑定事項。\r\n二、完成期限。\r\n三、本法第七十條及第七十一條規定之內容。\r\n四、鑑定所需費用及支付方式。"
		},
		{
			"number": 1400,
			"content": "受理訴願機關對訴願人或參加人依本法第六十九條第二項規定請求自行負\r\n擔鑑定費用交付鑑定，而有下列情形之一者，得予拒絕，並於理由中敘明\r\n：\r\n一、請求鑑定事項非屬專門性或技術性者。\r\n二、相同事項於另案已交付鑑定，訴願人或參加人未提出新事實或新理由\r\n    者。\r\n三、原行政處分機關已交付鑑定，訴願人或參加人未提出新事實或新理由\r\n    者。\r\n四、申請鑑定事項與訴願標的無關者。\r\n五、有其他正當理由者。"
		},
		{
			"number": 1500,
			"content": "受理訴願機關就訴願人或參加人申請調查之證據認為不必要者，應於決定\r\n理由中敘明。"
		},
		{
			"number": 1600,
			"content": "受理訴願機關依本法第七十三條第一項規定認有留置文書或物件之必要時\r\n，應通知其持有人。"
		},
		{
			"number": 1700,
			"content": "訴願人或參加人依本法第六十三條第三項規定請求陳述意見，而無正當理\r\n由者，受理訴願機關得通知拒絕或於決定理由中敘明。\r\n訴願會主任委員得指定委員偕同承辦人員，於指定處所聽取意見之陳述，\r\n並作成紀錄附訴願卷宗。"
		},
		{
			"number": 1800,
			"content": "受理訴願機關應依訴願人、參加人之申請或認有必要時，得依職權通知訴\r\n願人、參加人或其代表人、訴願代理人、輔佐人及原行政處分機關派員於\r\n指定期日到達指定處所為言詞辯論，並得通知其他人員或有關機關派員到\r\n場備詢。但訴願不合法或訴願顯無理由者，不在此限。\r\n依前項規定通知參加人、輔佐人時，應附具答辯書影本或抄本。\r\n言詞辯論應於訴願會會議中進行。"
		},
		{
			"number": 1900,
			"content": "訴願人或參加人未受合法通知或因不可抗力事由，致未於指定期日到場參\r\n加言詞辯論者，除與其利害關係人相同之人已到場為辯論者外，得於受理\r\n訴願機關決定前，敘明理由續行申請。"
		},
		{
			"number": 2000,
			"content": "言詞辯論筆錄，應記載下列事項：\r\n一、辯論之處所及年、月、日。\r\n二、出席委員及承辦人員姓名。\r\n三、訴願事件。\r\n四、到場之訴願人、參加人或其代表人、訴願代理人、輔佐人、原行政處\r\n    分機關人員及其他經通知到場之人之姓名。\r\n五、辯論進行之要領。\r\n以錄音機、錄影機等機器輔助記錄言詞辯論之進行者，其錄音帶、錄影帶\r\n等資料，應附於言詞辯論筆錄，並保存至該訴願事件確定為止。"
		},
		{
			"number": 2100,
			"content": "訴願不合法定程式逾第三條所定期間不補正，訴願人在不受理決定書正本\r\n發送前，已向受理訴願機關補正者，應註銷決定書仍予受理。但訴願不合\r\n法定程式並不影響訴願要件者，雖未遵限補正，仍不影響訴願之效力。"
		},
		{
			"number": 2200,
			"content": "提起訴願因逾法定期間應為不受理決定，而原行政處分顯屬違法或不當者\r\n，受理訴願機關得於理由中敘明應由原行政處分機關撤銷或變更之。"
		},
		{
			"number": 2300,
			"content": "訴願事件無本法第七十七條規定情形，經實體審查結果，其訴願理由雖非\r\n可取，而依其他理由認為原行政處分確屬違法或不當者，仍應以訴願為有\r\n理由。\r\n原行政處分機關答辯欠詳或逾期不答辯，而事實未臻明確者，受理訴願機\r\n關得依職權調查事實逕為決定或認訴願為有理由逕行撤銷原行政處分，責\r\n令另為行政處分。"
		},
		{
			"number": 2400,
			"content": "本法第八十五條第一項所定之三個月訴願決定期間，自訴願書收受機關收\r\n受訴願書之次日起算。\r\n前項規定，於本法第八十五條第二項補送、補正訴願書時，準用之。\r\n訴願人於訴願決定期間續補具理由者，訴願決定期間自收受最後補具理由\r\n之次日起算。\r\n訴願人於延長決定期間後再補具理由者，訴願決定期間自收受補具理由之\r\n次日起算，不得逾二個月。"
		},
		{
			"number": 2500,
			"content": "訴願事件經依本法第六十條規定撤回者，訴願會應即終結審理程序，並通\r\n知訴願人及參加人。"
		},
		{
			"number": 2600,
			"content": "訴願會承辦人員，應按訴願會審議訴願事件所為決議，依本法第八十九條\r\n第一項規定，製作決定書原本，層送本機關首長判行作成正本，於決定後\r\n十五日內送達訴願人、參加人及原行政處分機關。\r\n決定書以本機關名義行之，除載明決定機關及其首長外，並應列入訴願會\r\n主任委員及參與決議之委員姓名。"
		},
		{
			"number": 2700,
			"content": "訴願文書交付郵政機關送達者，應使用訴願文書郵務送達證書。\r\n訴願文書派員或囑託原行政處分機關或該管警察機關送達者，應由執行送\r\n達人作成送達證書。\r\n前二項之訴願文書郵務送達證書及送達證書格式，由司法院定之。"
		},
		{
			"number": 2800,
			"content": "依本法第九十七條規定申請再審，應具再審申請書，載明下列事項，由申\r\n請人或代理人簽名或蓋章，向原訴願決定機關為之：\r\n一、申請人之姓名、出生年月日、住、居所、身分證明文件字號。如係法\r\n    人或其他設有管理人或代表人之團體，其名稱、事務所或營業所及管\r\n    理人或代表人之姓名、出生年月日、住、居所。\r\n二、有代理人者，其姓名、出生年月日、住居所、身分證明文件字號。\r\n三、不服之訴願決定及請求事項。\r\n四、申請之事實及理由。\r\n五、證據。其為文書者，應添具繕本或影本。\r\n六、年、月、日。"
		},
		{
			"number": 2900,
			"content": "申請再審不合法者，應為不受理之決定。\r\n申請再審，無再審理由或有再審理由而原決定係屬正當者，應以決定駁回\r\n之。"
		},
		{
			"number": 3000,
			"content": "申請再審為有再審理由，而無前條情形者，應以決定撤銷原決定或 (及)\r\n原行政處分之全部或一部，並得視其情節，逕為變更之決定或發回原行政\r\n處分機關另為處分。但於申請人表示不服之範圍內，不得為更不利益之變\r\n更或處分。"
		},
		{
			"number": 3100,
			"content": "本規則各條除於再審已有規定者外，其與再審性質不相牴觸者，於再審準\r\n用之。"
		},
		{
			"number": 3200,
			"content": "本規則自發布日施行。\r\n本規則修正條文自發布日施行。"
		}
	]
}