{
	"pcode": "A0020016",
	"type": "命令",
	"title": "國民大會代表互選議長副議長辦法",
	"url": "https://law.moj.gov.tw/LawClass/LawAll.aspx?pcode=A0020016",
	"category": [
		"國民大會（憲法國民大會章條文已停止適用）"
	],
	"lastUpdate": "19990615",
	"isTranslated": false,
	"history": [
		"中華民國八十四年八月十五日第二屆國民大會第五次會議第十二次大會通過",
		"中華民國八十五年七月五日第三屆國民大會第一次會議第一次大會增訂第 8-1 條條文",
		"中華民國八十八年六月十五日第三屆國民大會第四次會議第三次大會修正通過全文 10 條"
	],
	"divisions": [],
	"articles": [
		{
			"number": 100,
			"content": "本辦法依憲法增修條文第一條第七項及第八項訂定之。"
		},
		{
			"number": 200,
			"content": "議長、副議長之選舉應於每屆國民大會代表宣誓當日分別舉行。"
		},
		{
			"number": 300,
			"content": "全體國民大會代表均為議長、副議長之當然候選人。"
		},
		{
			"number": 400,
			"content": "選舉議長或副議長之會議主席，由國民大會代表互推一人擔任。"
		},
		{
			"number": 500,
			"content": "議長、副議長之選舉，以無記名單記法行之。"
		},
		{
			"number": 600,
			"content": "議長、副議長之選舉，須有代表總額二分之一以上之出席，始得舉行，均\r\n以得出席代表過半數之票數者為當選。\r\n第一次投票如無人得前項所規定之票數時，就得票較多之前二名重行投票\r\n，以得票比較多數者為當選。如第一次投票得票首二名有二人以上同票數\r\n者，一併列入第二次之選舉票。"
		},
		{
			"number": 700,
			"content": "議長或副議長得由代表總額五分之一以上人數之提議，經代表總額二分之\r\n一以上之出席及出席代表過半數之同意改選之。但代表對就任未滿一年之\r\n議長、副議長不得提議改選。"
		},
		{
			"number": 800,
			"content": "國民大會議長、副議長之辭職，應以書面向國民大會提出，於辭職書送達\r\n國民大會時，即行生效。"
		},
		{
			"number": 801,
			"content": "議長、副議長主持會議時，應保持議事中立，並退出國民大會各該政黨之\r\n黨團活動，否則自動辭職。"
		},
		{
			"number": 900,
			"content": "有關選舉議長、副議長之投票及開票辦法另定之。"
		},
		{
			"number": 1000,
			"content": "本辦法自第三屆國民大會起施行。"
		}
	]
}