{
	"pcode": "A0020068",
	"type": "命令",
	"title": "無黨籍及少數黨團委員參加常設委員會抽籤辦法",
	"url": "https://law.moj.gov.tw/LawClass/LawAll.aspx?pcode=A0020068",
	"category": [
		"立法"
	],
	"lastUpdate": "20090113",
	"isTranslated": false,
	"history": [
		"中華民國九十一年一月十五日立法院（91）第四屆第六會期第十三次會議通過訂定發布全文 11 條",
		"中華民國九十六年十二月七日第六屆第六會期第十四次會議通過修正全文 11 條；並自立法院第七屆立法委員就職日（九十七年二月一日）起施行",
		"中華民國九十八年一月十三日立法院第七屆第二會期第十七次會議通過修正第 10 條條文；並自九十八年二月一日起施行"
	],
	"divisions": [],
	"articles": [
		{
			"number": 100,
			"content": "本辦法依立法院各委員會組織法第三條之二第一項規定訂定之。"
		},
		{
			"number": 200,
			"content": "每年首次會期開議日之次日，為本辦法之抽籤日。"
		},
		{
			"number": 300,
			"content": "本辦法之抽籤，由副院長主持，並由人事處負責辦理相關事務。"
		},
		{
			"number": 400,
			"content": "人事處應依委員於每年首次會期報到先後，編排委員參加委員會之抽籤序\r\n號，並於開議日，將抽籤時間、地點、序號通知委員。"
		},
		{
			"number": 500,
			"content": "抽籤時，應合併無黨籍及少數黨團委員，依抽籤序號以每八位委員為一單\r\n位進行抽籤，未滿八位時，以一單位計。\r\n每一單位之委員會委員抽籤時，應於籤櫃中置放八個籤物；每一籤物上標\r\n示一委員會名稱，並不得重複。"
		},
		{
			"number": 600,
			"content": "經唱名三次未在場之委員，由副院長代抽決定。"
		},
		{
			"number": 700,
			"content": "自行抽籤或代抽時，已抽出之籤物不得再放入籤櫃中。"
		},
		{
			"number": 800,
			"content": "經抽籤決定委員所參加之委員會後，人事處應即宣告並登記。"
		},
		{
			"number": 900,
			"content": "委員於抽籤結束後報到者，僅得於各黨團依立法院各委員會組織法第三條\r\n之三第二項分配席次後，依報到先後選擇參加未達十五席之委員會。"
		},
		{
			"number": 1000,
			"content": "參加抽籤之委員，於每年首次會期召集委員選舉人名冊編定前，得互換其\r\n所參加之委員會，並應簽名以書面送交人事處。"
		},
		{
			"number": 1100,
			"content": "本辦法經院會通過後施行。\r\n本辦法中華民國九十六年十二月七日院會通過之條文，自立法院第七屆立\r\n法委員就職日起施行。"
		}
	]
}