{
	"pcode": "A0020033",
	"type": "命令",
	"title": "中央研究院處務規程",
	"url": "https://law.moj.gov.tw/LawClass/LawAll.aspx?pcode=A0020033",
	"category": [
		"總統",
		"總統府",
		"組織目"
	],
	"lastUpdate": "20180302",
	"isTranslated": false,
	"history": [
		"",
		"中華民國五十一年六月二十四日中央研究院第二次院務會議修正",
		"中華民國九十二年一月二十二日中央研究秘書字第 09200155101 號令修正發布全文 26 條",
		"中華民國九十二年六月二十七日中央研究院第四次院務會議修正通過發布全文 26 條",
		"中華民國一百零三年四月二日中央研究院人事字第 10305021491 號令修正發布全文 28 條；並自一百零三年一月十七日施行",
		"中華民國一百零四年九月九日中央研究院人事字第 10405066371 號令修正發布第 7、14～16 條條文；並自一百零三年一月十七日施行",
		"中華民國一百零五年十二月三十日中央研究院秘書字第 10505102031 號令修正發布第 18、19 條條文",
		"中華民國一百零七年三月二日中央研究院人事字第 10705014121 號令修正發布第 7、8 條條文；增訂第 14 條條文；原第 14～28 條條文修正並遞改為第 15～29 條條文；並自發布日施行"
	],
	"divisions": [
		{
			"type": "章",
			"number": 100,
			"title": "總則",
			"start": 100,
			"end": 200
		},
		{
			"type": "章",
			"number": 200,
			"title": "院本部職掌",
			"start": 300,
			"end": 1800
		},
		{
			"type": "章",
			"number": 300,
			"title": "院務會議",
			"start": 1900,
			"end": 2700
		},
		{
			"type": "章",
			"number": 400,
			"title": "附則",
			"start": 2800,
			"end": 2900
		}
	],
	"articles": [
		{
			"number": 100,
			"content": "中央研究院（以下簡稱本院）為處理內部單位之分工職掌及院務會議事項\r\n，特訂定本規程。"
		},
		{
			"number": 200,
			"content": "本規程依相關事務區分為院本部職掌及院務會議。"
		},
		{
			"number": 300,
			"content": "院長綜理院務，並指揮、監督所屬人員；副院長襄助院長處理院務。"
		},
		{
			"number": 400,
			"content": "秘書長承院長之命，指揮、監督院本部人員處理本院行政工作；副秘書長\r\n襄助秘書長處理本院行政工作。"
		},
		{
			"number": 500,
			"content": "本院對外公文書：有關全院事項者，須經院長簽署，由院本部發出；關於\r\n一般行政事務者，得由分層負責主管單位發出；關於研究所、研究所籌備\r\n處、研究中心者，得由該單位主管簽署發出，但以次要之事務為限。"
		},
		{
			"number": 600,
			"content": "院內文書往來均由主管人簽署。"
		},
		{
			"number": 700,
			"content": "院本部設秘書處、總務處、學術及儀器事務處、資訊服務處、國際事務處\r\n、智財技轉處、法制處、人事室、政風室、主計室，分別掌理本院組織法\r\n、本規程規定及奉長官交辦之有關事務，各處、室得視業務需要分科辦事\r\n。"
		},
		{
			"number": 800,
			"content": "秘書處掌理下列事項：\r\n一、文書處理、印信典守及檔案管理事項。\r\n二、院士會議、評議會、院務會議與各種重要會議議事及選舉事項。\r\n三、年度施政計畫及業務概況彙編事項。\r\n四、文稿撰擬及彙報事項。\r\n五、立法院與媒體聯絡及協調事項。\r\n六、科普教育推廣、週報發行及服務信箱處理事項。\r\n七、院長交辦事項。"
		},
		{
			"number": 900,
			"content": "總務處掌理下列事項：\r\n一、院本部經管之土地、財產、物品、車輛、宿舍、辦公處所、集會及環\r\n    境景觀等管理事項。\r\n二、院本部經管之營建、機電工程、財物及勞務採購事項。\r\n三、本院工友管理事項。\r\n四、環境保護暨安全衛生設施、設備之操作、維護及管理事項。\r\n五、安全衛生管理及醫療保健等相關事項。\r\n六、院本部主辦之營建、機電等相關工程事項。\r\n七、院本部經管之設備、設施等修繕及維護事項。\r\n八、經費出納管理事項。\r\n九、院本部所屬館舍之營運管理事項。\r\n十、協助各研究所、研究所籌備處及研究中心辦理營繕、機電工程及房舍\r\n    修建事項。\r\n十一、國家生技研究園區相關設施之管理、營運及維護事項。\r\n十二、院長交辦事項。"
		},
		{
			"number": 1000,
			"content": "學術及儀器事務處掌理下列事項：\r\n一、辦理學術諮詢總會掌理之行政事項。\r\n二、學術發展之行政事項。\r\n三、學術審議、申訴、研究成果評估及出版等行政事項。\r\n四、研究人員聘任審查等行政事項。\r\n五、學術交流及合作之行政事項。\r\n六、培育高級學術研究人才之行政事項。\r\n七、參與國家科技政策及學術發展之行政事項。\r\n八、學術倫理案件審查之行政事項。\r\n九、院內外各項研究計畫及學術獎助之申請辦理事項。\r\n十、本院貴重儀器設施之設置、管理及維運。\r\n十一、本院貴重儀器之使用效益評鑑。\r\n十二、院長交辦事項。"
		},
		{
			"number": 1100,
			"content": "資訊服務處掌理下列事項：\r\n一、本院資訊應用環境之規劃及管理等事項。\r\n二、本院一般資訊業務之規劃、推動及訓練等事項。\r\n三、本院網路、計算與儲存等公共資訊設施之規劃、建置及維運等事項。\r\n四、本院資通訊安全及個人資料保護之資訊技術服務事項。\r\n五、本院學術研究之資訊技術服務事項。\r\n六、協助本院行政作業自動化事項。\r\n七、協助本院圖書資訊業務自動化事項。\r\n八、院長交辦事項。"
		},
		{
			"number": 1200,
			"content": "國際事務處掌理下列事項：\r\n一、國際研究生學程及學位學程。\r\n二、國際學術交流及合作事項。\r\n三、國際科學組織事務。\r\n四、舉辦本院系列講座。\r\n五、外籍人士服務。\r\n六、安排國際重要訪賓活動。\r\n七、兩岸學術交流事項。\r\n八、院長交辦事項。"
		},
		{
			"number": 1300,
			"content": "智財技轉處掌理下列事項：\r\n一、本院智慧財產權管理、推廣、運用、維護及收入分配事項。\r\n二、本院產學合作相關事項。\r\n三、本院研究成果商業開發、技轉、合作新創公司之輔導育成、育成中心\r\n    業務管理及相關人才培育事項。\r\n四、院長交辦事項。"
		},
		{
			"number": 1400,
			"content": "法制處掌理下列事項：\r\n一、本院法律事務及法規研擬諮詢、整編及救濟事項。\r\n二、本院智財法務事項。\r\n三、本院利益衝突管理事項。\r\n四、本院契約審閱及爭議事項。\r\n五、院長交辦事項。"
		},
		{
			"number": 1500,
			"content": "人事室掌理本院人事事項。"
		},
		{
			"number": 1600,
			"content": "政風室掌理本院政風事項。"
		},
		{
			"number": 1700,
			"content": "主計室掌理本院歲計、會計及統計事項。"
		},
		{
			"number": 1800,
			"content": "院本部處理業務，實施分層負責制度，依分層負責明細表逐級授權決定。"
		},
		{
			"number": 1900,
			"content": "院務會議由院長、副院長、研究所所長、研究所籌備處主任、研究中心主\r\n任、學術諮詢總會執行秘書、秘書長及本院二十一位編制內研究人員（以\r\n下簡稱研究人員）代表組成。\r\n前項研究人員代表分為數理科學組、生命科學組、人文及社會科學組三組\r\n，每組七人。"
		},
		{
			"number": 2000,
			"content": "院務會議研究人員代表產生方式，由本院各研究所、研究所籌備處、研究\r\n中心自行經民主程序推舉候選人一名，研究人員亦得自由報名成為該組選\r\n任代表候選人。經該組全體研究人員以限制連記法投票方式（連記二人）\r\n選舉產生。得票較多者當選；票數相同者，以抽籤方式決定。\r\n各組研究人員代表選足名額後，其他得票之候選人，按票數多寡依次為候\r\n補人；研究人員代表出缺時，由同組候補人依次遞補。\r\n研究人員代表任期二年，連選得連任一次。"
		},
		{
			"number": 2100,
			"content": "下列人員有院務會議研究人員代表之選舉及被選舉資格：\r\n一、本院編制內專任研究人員，於前一年度十二月三十一日前完成報到程\r\n    序，且尚在聘期中者。\r\n二、本院與其他單位合聘，在本院支薪者。\r\n三、年度中奉准休假進修，未出國者。\r\n下列人員無院務會議研究人員代表之選舉資格，但有被選舉資格：\r\n一、本院與其他單位合聘不在本院支薪，將來擔任被選舉職務時在本院支\r\n    薪者。\r\n二、經其他單位（含公民營企業）借調，不在本院支薪，將來擔任被選舉\r\n    職務時已歸建者。\r\n三、奉准出國，將來擔任被選舉職務時已返回國內者。\r\n院務會議研究人員代表於任期中因故離職、借調其他單位或出國達半年以\r\n上者，應即喪失資格。"
		},
		{
			"number": 2200,
			"content": "院務會議以院長為主席，院長因故不能出席時，指定副院長一人代理之。"
		},
		{
			"number": 2300,
			"content": "院務會議議定下列法規：\r\n一、本院處務規程。\r\n二、研究人員新聘、續聘、升等及特聘審議作業要點。\r\n三、各項明定需經院務會議通過之法規。\r\n院務會議審議或核備下列事項：\r\n一、本院組織法及各項組織規程修正之初審。\r\n二、研究所及研究中心之設立、組織及興革事宜之初審。\r\n三、研究所、研究所籌備處、研究中心所屬館、室、技術中心、研究站及\r\n    專題中心之設立。\r\n四、特聘研究員擬聘案之核備。\r\n五、本院助研究員以上研究人員資格之核備。\r\n六、因院務會議業務需要而設立之各種委員會。\r\n七、影響全院人員權益之重要事項。\r\n八、院長交議事項。"
		},
		{
			"number": 2400,
			"content": "院務會議以三個月開會一次為原則。必要時得召開臨時會。\r\n院務會議議案除各行政單位依相關規定提案外，其他提案須經應出席人員\r\n至少十分之一連署，並於開會前十四日送秘書處列入議程；臨時提案須經\r\n應出席人員至少五分之一連署。"
		},
		{
			"number": 2500,
			"content": "院務會議開會時，須有應出席人員過半數出席。\r\n研究人員代表因故無法出席時，得以書面委託院務會議其他研究人員代表\r\n出席；行政主管得委託職務代理人代表之。每一受委託人員同時只能代表\r\n一人。"
		},
		{
			"number": 2600,
			"content": "一般議案之通過，須有出席人員過半數之同意。討論研究人員資格案時，\r\n職級低於受審議人職級之研究人員代表應迴避。"
		},
		{
			"number": 2700,
			"content": "院務會議一切議決案，須經院長核准施行。"
		},
		{
			"number": 2800,
			"content": "本院人事委員會之組織及職掌另定之。"
		},
		{
			"number": 2900,
			"content": "本規程自發布日施行。"
		}
	]
}