{
	"pcode": "A0020187",
	"type": "命令",
	"title": "公務員懲戒委員會辦理懲戒案件必要費用徵收標準",
	"url": "https://law.moj.gov.tw/LawClass/LawAll.aspx?pcode=A0020187",
	"lastUpdate": "20160125",
	"isTranslated": false,
	"history": [
		"中華民國一百零五年一月二十五日司法院院台廳行二字第 1050002717 號令訂定發布全文 12 條；並自公務員懲戒法施行之日施行中華民國一百零五年三月七日司法院院台廳行二字第 1050006359 號令發布「公務員懲戒法」定自一百零五年五月二日施行"
	],
	"divisions": [],
	"articles": [
		{
			"number": 100,
			"content": "本標準依公務員懲戒法（以下簡稱本法）第七十六條準用行政訴訟法第九\r\n十八條之六第一項規定訂定之。"
		},
		{
			"number": 200,
			"content": "訴訟文書之抄錄費，每百字徵收新臺幣十五元，未滿百字者，按百字計算\r\n。但裁判書及其他依職權抄送之文件，不得收抄錄費。"
		},
		{
			"number": 300,
			"content": "訴訟文書之黑白影印、列印費，B5、A4  規格紙張每頁徵收新臺幣二元，\r\nB4、A3  規格紙張每頁徵收新臺幣三元；彩色影印、列印費，B5、A4  規\r\n格紙張每頁徵收新臺幣十五元，B4、A3  規格紙張每頁徵收新臺幣三十元\r\n。"
		},
		{
			"number": 400,
			"content": "訴訟文書或證據之攝影、電子掃描費，每頁徵收新臺幣一元。但自備器材\r\n操作者，不另徵收費用。"
		},
		{
			"number": 500,
			"content": "請求交付筆錄光碟費用，每張光碟徵收新臺幣五十元。因攝影、電子掃描\r\n訴訟文書、證據或複製非由公務員懲戒委員會電子掃描作業中心建置以電\r\n子紀錄型態存在之訴訟文書、證據而請求交付光碟，亦同。"
		},
		{
			"number": 600,
			"content": "請求就訴訟文書或證據為攝影、電子掃描並列印或交付光碟，應依第三條\r\n至前條規定分別計費，合併徵收。"
		},
		{
			"number": 700,
			"content": "聲請以電子儲存媒體離線交付方式複製電子卷證，其複製費用徵收之項目\r\n及數額，比照「法院辦理民事及行政訴訟事件複製電子卷證費用徵收標準\r\n」之規定徵收。\r\n前項電子卷證，指經由公務員懲戒委員會電子掃描作業中心建置，以電子\r\n紀錄型態存在之公務員懲戒案件卷證檔案。"
		},
		{
			"number": 800,
			"content": "聲請補發裁判書、判決確定證明書或其他訴訟文書，於十頁以內者，徵收\r\n新臺幣一百元；逾十頁者，每五頁徵收新臺幣二十元；不滿五頁者，以五\r\n頁計算。"
		},
		{
			"number": 900,
			"content": "依本標準規定徵收之必要費用如有溢收情事者，公務員懲戒委員會應依聲\r\n請或依職權發還之。"
		},
		{
			"number": 1000,
			"content": "本標準所徵收之各項費用，公務員懲戒委員會收取後應繳交國庫。"
		},
		{
			"number": 1100,
			"content": "公務員懲戒案件證人、鑑定人、通譯之日費、旅費、報酬及鑑定所需費用\r\n，由國庫負擔。"
		},
		{
			"number": 1200,
			"content": "本標準自本法施行之日施行。"
		}
	]
}