{
	"pcode": "A0020021",
	"type": "命令",
	"title": "國民大會憲政論壇實施辦法",
	"url": "https://law.moj.gov.tw/LawClass/LawAll.aspx?pcode=A0020021",
	"category": [
		"國民大會（憲法國民大會章條文已停止適用）"
	],
	"lastUpdate": "19970507",
	"isTranslated": false,
	"history": [
		"中華民國八十六年五月七日第三屆國民大會第二次會議程序委員會第一次會議決議第二條「主席團」文字修正為「程序委員會」並提報五月八日第二次大會修正通過全文 6 條"
	],
	"divisions": [],
	"articles": [
		{
			"number": 100,
			"content": "國民大會憲政論壇依本辦法行之。"
		},
		{
			"number": 200,
			"content": "國民大會集會時，由程序委員會排定日程，以談話會方式進行憲政論壇，\r\n由議長主持，每週兩次以內，每次三小時。"
		},
		{
			"number": 300,
			"content": "代表有意發言者，應於議程開始前三日內，在辦公時間內以書面向大會秘\r\n書處登記，人數過多時，於當日開會前半小時抽籤決定，或政黨協商決定\r\n發言先後順序，每一代表之發言時間以五分鐘為限。"
		},
		{
			"number": 400,
			"content": "憲政論壇之議題，必要時由政黨協商決定之。"
		},
		{
			"number": 500,
			"content": "憲政論壇之發言紀錄，均由秘書處整理送發言代表校正後，送請總統及有\r\n關機關參考。"
		},
		{
			"number": 600,
			"content": "本辦法經大會通過後施行，修正時亦同。"
		}
	]
}