{
	"pcode": "A0020141",
	"type": "命令",
	"title": "國家情報研析報告分發及管理辦法",
	"url": "https://law.moj.gov.tw/LawClass/LawAll.aspx?pcode=A0020141",
	"category": [
		"總統",
		"國家安全會議",
		"情報工作目"
	],
	"lastUpdate": "20150814",
	"isTranslated": false,
	"attachments": [
		"https://law.moj.gov.tw/LawClass/LawGetFile.ashx?FileId=0000061318"
	],
	"history": [
		"中華民國九十七年十二月三十日國家安全局（097）國雅字第 0027406 號令訂定發布全文 8 條；並自發布日施行",
		"中華民國一百零三年七月二十二日國家安全局（103）開長字第 0008763 號令修正發布第 3 條條文",
		"中華民國一百零四年八月十四日國家安全局（104）鴻祥字第 0010681 號令修正發布第 2、3 條條文"
	],
	"divisions": [],
	"articles": [
		{
			"number": 100,
			"content": "本辦法依國家情報工作法（以下簡稱本法）第十九條第二項規定訂定之。"
		},
		{
			"number": 200,
			"content": "國家情報研析報告區分如下：\r\n一、定期情報研析報告：\r\n（一）安全情勢要況。\r\n（二）一週安全情勢要況。\r\n（三）每週要情研析。\r\n（四）年報。\r\n二、不定期情報研析報告：\r\n（一）專報。\r\n（二）專題。\r\n（三）其他涉及國家情報研析相關報告等。"
		},
		{
			"number": 300,
			"content": "國家情報研析報告分發對象如下：\r\n一、專報：總統、副總統、行政院院長、總統府秘書長及國家安全會議秘\r\n    書長。\r\n二、一週安全情勢要況：總統、副總統、行政院院長及國家安全會議秘書\r\n    長。\r\n三、安全情勢要況：總統、副總統、行政院院長、國家安全會議秘書長及\r\n    副秘書長。\r\n四、每週要情研析：總統、副總統、行政院院長、總統府秘書長、國家安\r\n    全會議秘書長、行政院秘書長、外交部部長、國防部部長、行政院大\r\n    陸委員會主任委員、國防部參謀本部參謀總長、國防部政治作戰局局\r\n    長、國防部參謀本部情報參謀次長室次長、國防部軍事情報局局長及\r\n    國防部電訊發展室主任。\r\n五、年報：總統、副總統、行政院院長、總統府秘書長、國家安全會議秘\r\n    書長、外交部部長、國防部部長、經濟部部長、行政院大陸委員會主\r\n    任委員、國防部參謀本部參謀總長、國防部參謀本部情報參謀次長室\r\n    次長、國防部軍事情報局局長、國防部電訊發展室主任及法務部調查\r\n    局局長。\r\n六、專題及其他涉及國家情報研析之相關報告：各級政府機關。\r\n前項分發對象，主管機關得主動視國家情報研析報告之性質或應各級政府\r\n機關之需求調整之。"
		},
		{
			"number": 400,
			"content": "主管機關應依各級政府機關填具之「國家情報研析報告運用回覆單」（如\r\n附件），瞭解國家情報研析報告之運用價值及掌握未來情蒐需求。"
		},
		{
			"number": 500,
			"content": "分發政府機關或首長之情報研析報告，均應按國家機密保護法及相關法令\r\n之規定，完整標示或註記「機密等級」、「機密屬性」、「保密警語」、\r\n「浮水印」、「保存期限與解密條件」等必要之保密用語。"
		},
		{
			"number": 600,
			"content": "情報研析報告應保存完整檔案紀錄，並依法辦理保密事宜。"
		},
		{
			"number": 700,
			"content": "經主管機關分發各級政府機關，未涉及情報研析之機密情報文件及報告，\r\n其分發及管理方式，準用本辦法第三條至第六條之規定。"
		},
		{
			"number": 800,
			"content": "本辦法自發布日施行。"
		}
	]
}