{
	"pcode": "A0020050",
	"type": "命令",
	"title": "行政院經濟建設委員會會議規則",
	"url": "https://law.moj.gov.tw/LawClass/LawAll.aspx?pcode=A0020050",
	"category": [
		"廢止法規",
		"國家發展委員會"
	],
	"lastUpdate": "20140407",
	"isDiscarded": true,
	"isTranslated": true,
	"english": "The Regulations for Meetings of the Council for Economic Planning and Development, Executive Yuan",
	"history": [
		"中華民國八十六年三月十八日行政院經濟建設委員會（86）總字第 1330 號令訂定發布全文 14 條",
		"中華民國八十七年三月四日行政院經濟建設委員會（87）總字第 0938 號令修正發布第 2、3、6 條條文",
		"中華民國九十一年三月五日行政院經濟建設委員會（91）總字第 0910000898 號令修正發布第 6 條條文",
		"中華民國九十九年八月十日行政院經濟建設委員會總字第 0990003704 號令修正發布第 7、9、10 條條文",
		"中華民國一百年十二月三十日行政院經濟建設委員會總字第 1000005612 號令修正發布第 10 條條文",
		"中華民國一百零三年四月七日國家發展委員會發秘字第 1031800485 號令發布廢止"
	],
	"divisions": [],
	"articles": [
		{
			"number": 100,
			"content": "本規則依行政院經濟建設委員會（以下簡稱本會）組織條例第十九條規定\r\n訂定之。"
		},
		{
			"number": 200,
			"content": "本會委員會議（以下簡稱委員會議），由本會主任委員及委員組成，由主\r\n任委員召集並為主席；主任委員未能召集或出席時，指定委員代理之。"
		},
		{
			"number": 300,
			"content": "委員會議以主任委員、委員合計過半數之出席為法定人數。\r\n委員應親自出席委員會議。但由機關代表兼任之委員，如未能親自出席時\r\n，得指派代表出席。\r\n前項指派之代表列入出席人數，並參與會議發言及表決。"
		},
		{
			"number": 400,
			"content": "委員會議除依本會組織條例第三條至第十條行使職權外，並得將行政院交\r\n議或交辦事項、有關機關送請核議事項或其他有關經濟建設重要事項提會\r\n討論。"
		},
		{
			"number": 500,
			"content": "委員會議討論事項，以出席委員過半數之同意決議之，可否同數時，取決\r\n於主席。"
		},
		{
			"number": 600,
			"content": "委員會議原則上每週舉行一次，如遇特殊原因，得停開或視需要召開臨時\r\n會議。"
		},
		{
			"number": 700,
			"content": "委員會議議程，依下列次序編列：\r\n一、報告事項。\r\n二、討論事項。\r\n議案之進行，依議程所列之順序，必要時主席得變更之。"
		},
		{
			"number": 800,
			"content": "會議議程應於開會前一日分送各出、列席人員。但性質重要或具有時效性\r\n之議案，不及編入會議議程者，經主任委員核定後，得編列臨時議程，於\r\n開會時提出臨時動議。"
		},
		{
			"number": 900,
			"content": "委員會議紀錄分別載明下列事項：\r\n一、會議次數。\r\n二、會議時間。\r\n三、會議地點。\r\n四、主席、出席及列席人員姓名。\r\n五、紀錄人員姓名。\r\n六、報告事項之案由、內容及其決定。\r\n七、討論事項之案由、內容及其決議。\r\n八、其他應行記載之事項。\r\n委員會議紀錄，應於下次會議開會時分送各出、列席人員。如有遺漏、錯\r\n誤或再修正意見，得於紀錄人員宣讀後，提請主席裁定更正或修正。"
		},
		{
			"number": 1000,
			"content": "本會副主任委員、主任秘書、各處處長得列席委員會議，必要時，並得指\r\n定本會參事、顧問、主任及有關人員或邀請下列人員列席：\r\n一、行政院相關業務單位主管。\r\n二、有關機關人員。\r\n三、專家學者。"
		},
		{
			"number": 1100,
			"content": "委員會議議程之編訂，開會時之紀錄及其他有關事項，由本會總務處辦理\r\n之。"
		},
		{
			"number": 1200,
			"content": "委員會議之決定、決議事項，需要發布新聞者，由本會發言人統一發布。"
		},
		{
			"number": 1300,
			"content": "委員會議出、列席及紀錄人員對會議之內容，應恪遵公務員服務法第四條\r\n之規定，對外應嚴守秘密。"
		},
		{
			"number": 1400,
			"content": "本規則自發布日施行。"
		}
	]
}