{
	"pcode": "A0020175",
	"type": "命令",
	"title": "司法院辦理補助駐法院家事服務中心辦法",
	"url": "https://law.moj.gov.tw/LawClass/LawAll.aspx?pcode=A0020175",
	"category": [
		"司法",
		"院本部",
		"少年及家事目"
	],
	"lastUpdate": "20181018",
	"isTranslated": false,
	"history": [
		"中華民國一百零二年十二月三十日司法院院台廳少家三字第 1020034825 號令訂定發布全文 13 條；並自一百零三年一月一日施行",
		"中華民國一百零三年五月十二日司法院院台廳少家三字第 1030013610 號令修正發布第 7、8、10 條條文附件一之附件七之一；並自即日生效",
		"中華民國一百零三年七月四日司法院院台廳少家三字第 1030019050 號令修正發布第 7、8、10 條文之附件六之一 、 七之一 、 七之二",
		"中華民國一百零四年一月二十六日司法院院台廳少家三字第 1040002748 號令修正發布全文 15 條；並自一百零四年一月一日施行",
		"中華民國一百零六年七月五日司法院院台廳少家三字第 1060018023 號令修正發布名稱及全文 15 條；並自發布日施行（原名稱：司法院辦理補（捐）助駐法院家事服務中心辦法；新名稱：司法院辦理補助駐法院家事服務中心辦法）",
		"中華民國一百零七年十月十八日司法院院台廳少家三字第 1070028652 號令修正發布第 7 條條文"
	],
	"divisions": [],
	"articles": [
		{
			"number": 100,
			"content": "本辦法依少年及家事法院組織法（以下簡稱本法）第十九條之一第二項規\r\n定訂定之。"
		},
		{
			"number": 200,
			"content": "本辦法用詞，定義如下：\r\n一、駐法院家事服務中心：指法院依本法第十九條之一第一項規定，提供\r\n    場所、必要之軟硬體設備及其他相關協助，供直轄市、縣（市）主管\r\n    機關（以下簡稱主管機關）自行或委託民間團體設置之資源整合連結\r\n    服務處所（以下簡稱家事服務中心）。\r\n二、民間團體：指受主管機關（含其所屬單位）委託，於家事服務中心提\r\n    供服務之下列單位：\r\n（一）財團法人。\r\n（二）以推展社會福利、醫療衛生、慈善、宗教、文教、社會服務或其他\r\n      公益為目的，經立案之基金會或社會團體。\r\n三、申請單位：指依本辦法申請補助之民間團體。\r\n四、家事事件專案服務：指對家事事件提供陪同出庭、監督未成年子女會\r\n    面交往、監護權或親權訪視調查、親職教育輔導、法律諮詢、心理諮\r\n    商輔導，以及其他相關資訊或資源之提供、宣導、諮詢、協助輔導、\r\n    轉介與法定通報等服務。\r\n五、志工：指民間團體於家事服務中心所運用從事諮詢或關懷服務之志願\r\n    服務工作者。\r\n前項第四款之陪同出庭，包括出庭前準備、出庭時陪同及出庭後之輔導；\r\n其他相關資訊或資源，包括諮商輔導、認知教育輔導、親職教育輔導、衛\r\n生醫療、就業輔導、法律扶助、原住民、新移民及其他社會或社會福利事\r\n項；轉介包括事後資料整理、記錄、電話詢答等。"
		},
		{
			"number": 300,
			"content": "家事服務中心所需經費，由主管機關編列預算支應；經費不足時，民間團\r\n體得依本辦法申請補助。\r\n家事服務中心場所及必要之軟硬體設備所需費用，除經司法院（以下簡稱\r\n本院）核准者外，不予補助。"
		},
		{
			"number": 400,
			"content": "民間團體得申請補助之項目如下：\r\n一、辦理家事事件專案服務之專責社工、社工督導或其他專業人員之費用\r\n    。\r\n二、志工諮詢或關懷服務費用。\r\n三、辦理家事服務中心人員及志工教育訓練、方案督導、個案研討及觀摩\r\n    會之費用。\r\n四、其他經本院核准之項目。\r\n前項各款補助之基準，由本院定之，並得依年度施政計畫、當年度立法院\r\n通過之預算額度、申請補助狀況及實務需要，酌予調整。\r\n民間團體得申請補助之第一項各款合計總金額，最高不得逾主管機關與該\r\n團體所定委託契約之總金額。但離島或經本院審酌主管機關財力分級及當\r\n地社會資源連結不易認有必要之地區，不在此限。"
		},
		{
			"number": 500,
			"content": "同一法院僅補助一民間團體。但主管機關因社會福利資源不足等特殊狀況\r\n，委託不同民間團體於同一法院之家事服務中心提供服務，經本院核可者\r\n，各民間團體得按主管機關委託契約申請補助不足之費用；各團體得申請\r\n補助之合計金額，不得逾各該委託契約合計之總金額。\r\n主管機關委託同一民間團體，於同一法院之家事服務中心及家庭暴力事件\r\n服務處均提供服務者，僅補助家事服務中心之不足費用。\r\n二個以上主管機關委託不同之民間團體於同一法院之家事服務中心提供服\r\n務者，民間團體得按各該主管機關委託契約申請補助；二個以上主管機關\r\n委託同一民間團體時亦同。"
		},
		{
			"number": 600,
			"content": "第四條第一項第一款之費用，民間團體得於每年度三月底前或受主管機關\r\n委託後一個月內，檢附下列文件，向家事服務中心所在地之法院提出申請\r\n；如係提出影本，應與正本相符：\r\n一、經主管機關核章之申請書。\r\n二、主管機關（含其所屬單位）之委託契約、合約書或委託辦理該項服務\r\n    之證明。\r\n三、章程、立案證書或法人登記證書。\r\n四、計畫書。    \r\n五、其他經本院或法院通知應備之文件。\r\n前項申請經核准者，由申請單位填具領款收據、註明為辦理家事服務中心\r\n補助計畫而設立之專戶存款帳號及統一編號，函請本院撥款；本院得按核\r\n定金額之百分之二十五預撥第一季款項至專戶，並按完成結報核銷之金額\r\n，撥付下一季款項。\r\n前項專戶存款計息儲存，專款專用，其由專戶存款所產生之利息及其他收\r\n入，不得抵用或移用。\r\n申請單位未設立專戶者，於依規定檢附辦理結報核銷應備文件後，始得請\r\n款。"
		},
		{
			"number": 700,
			"content": "前條申請案之結報核銷，應向家事服務中心所在地之法院提出；按季撥付\r\n之款項如有賸餘，應於每年度最後結報申請時，連同專戶利息，依規定辦\r\n理繳回本院事宜。但每年利息金額為新臺幣三百元以下者，免予繳回。"
		},
		{
			"number": 800,
			"content": "第四條第一項第二款至第四款之費用，民間團體得於每年度十一月二十日\r\n前，檢附申請書、第六條第一項第二款至第五款及其他應備之文件，向本\r\n院提出申請；如係提出影本，應與正本相符。\r\n前項申請案之結報核銷，應向本院提出。"
		},
		{
			"number": 900,
			"content": "法院收受第六條第一項申請案及第七條結報核銷案後，應先行審核並辦理\r\n下列事項：\r\n一、符合規定者，連同申請或結報核銷應備文件，層報本院複審。\r\n二、不符合規定其情形得補正者，應一次敘明待補正事項，限期補正。\r\n三、不符合規定之情形無法補正或逾期未補正者，應敘明事由退回，並副\r\n    知本院。\r\n前項第一款複審及前條之申請、結報核銷案，由本院依申請項目審查下列\r\n事項，並於預算範圍內，核定補助金額：\r\n一、申請補助項目之妥適性。\r\n二、經費總額及向其他機關申請補助之項目及金額。\r\n三、經費編列之合理性。\r\n四、計畫案之完整性。\r\n五、計畫之規模及推動方式。\r\n六、預期成果。"
		},
		{
			"number": 1000,
			"content": "有下列情形之一者，不予補助：\r\n一、未依規定申請，其情形無法補正或經通知後未補正。\r\n二、逾申請期限。\r\n三、不合第四條第一項所定補助項目。\r\n四、當年度編列之補助經費預算用盡。\r\n五、補助預算未獲立法院通過。\r\n六、有應不受理、撤銷、得停止補助或其他無法補助之事由。"
		},
		{
			"number": 1100,
			"content": "申請單位接受本院補助而辦理之採購案，其補助金額占採購金額半數以上\r\n，且補助金額在公告金額以上者，應適用政府採購法之規定辦理採購，並\r\n應受本院之監督；其不適用政府採購法之規定者，亦應參照政府會計有關\r\n規定辦理採購事宜。\r\n前項適用政府採購法之情形，申請單位申請時應切結確實依該法有關規定\r\n辦理；未依規定辦理時，應將已撥付之補助款繳回。\r\n申請單位有隱匿不實或造假情事者，應不受理或撤銷該補助案件，並收回\r\n已撥付款項。"
		},
		{
			"number": 1200,
			"content": "申請單位接受本院補助款後，應依計畫執行，專款專用，不得挪為他用，\r\n並應建立完整補助案件檔案備查；如有特殊情形須變更計畫者，應先報請\r\n本院核准後方得變更；核准變更之費用為第四條第一項第一款之費用者，\r\n準用第六條第二項後段規定，按完成結報核銷及核定變更後金額百分之二\r\n十五之差額部分，撥付下一季款項。\r\n接受補助之申請單位，應每月填具家事事件專案服務執行概況統計月報表\r\n，送交該管法院據以填報E化報表陳報本院審核。\r\n本院對於核定之補助案件，得委託會計師針對年度接受補助之申請單位進\r\n行補助經費之帳目稽查工作；並得組成督導考核小組或隨時派員抽查考核\r\n，以了解辦理情形，申請單位應予配合。\r\n對補助款之運用考核，如發現有運用成效不佳、未依補助用途支用或虛浮\r\n報銷者，除應追回或不撥付該部分之補助經費及通知主管機關外，得依情\r\n節輕重對該申請單位停止或酌減本案之補助，並核定於次一年度起停止補\r\n助一年至五年。"
		},
		{
			"number": 1300,
			"content": "本辦法所定各項補助費用，由本院編列之當年度相關預算項下支應；預算\r\n不足時，不予補助或停止補助。"
		},
		{
			"number": 1400,
			"content": "本辦法所定申請書、計畫書、其他表格應載內容及格式、審核、撥款、結\r\n報核銷程序及應檢附之文件，由本院定之。"
		},
		{
			"number": 1500,
			"content": "本辦法自發布日施行。"
		}
	]
}