{
	"pcode": "A0020014",
	"type": "命令",
	"title": "國民大會行使同意權投票及開票辦法",
	"url": "https://law.moj.gov.tw/LawClass/LawAll.aspx?pcode=A0020014",
	"category": [
		"國民大會（憲法國民大會章條文已停止適用）"
	],
	"lastUpdate": "19990615",
	"isTranslated": false,
	"history": [
		"中華民國八十二年一月六日第二屆國民大會第二次臨時會第四次大會通過",
		"中華民國八十五年七月十日第三屆國民大會第一次會議第四次大會修正通過",
		"中華民國八十八年六月十五日第三屆國民大會第四次會議第三次大會修正通過全文 16 條"
	],
	"divisions": [],
	"articles": [
		{
			"number": 100,
			"content": "本辦法依國民大會同意權行使辦法第二十七條訂定之。"
		},
		{
			"number": 200,
			"content": "國民大會行使同意權時，應在會場內分別設置投票及開票處所。"
		},
		{
			"number": 300,
			"content": "投票及開票監察員，由代表推派若干人擔任。其職務分配，由大會主席決\r\n定之。"
		},
		{
			"number": 400,
			"content": "每一投票處設投票監察員一組，其職務分配如左：\r\n一、發票監察員：監察發票處，每處若干人。於投票開始前，向大會主席\r\n    領取同意權票，查點數目，監察發票；投票完畢後，查點發出數目及\r\n    用餘票數，報告大會主席。\r\n二、票匭監察員：監察投票匭，每匭一人。於投票開始前，當眾開驗票匭\r\n    並加封鎖；投票完畢後，再加貼封條。\r\n前項所需工作人員，由秘書長指派，受投票監察員之指揮監督，辦理有關\r\n事宜。"
		},
		{
			"number": 500,
			"content": "大會主席宣布投票後，出席代表前往指定之發票處，依次憑宣誓後核發之\r\n「國民大會代表證」親自簽名領票。其未攜帶「國民大會代表證」之代表\r\n，經取得證明，再行投票。"
		},
		{
			"number": 600,
			"content": "代表領取同意權票後，即往圈票處就同意權票上所列之每一被提名人姓名\r\n上端「同意」或「不同意」欄內，以無記名方式加蓋圈戳，並親自投入票\r\n匭內。"
		},
		{
			"number": 700,
			"content": "投票截止時間，由大會主席宣布，並按鈴為號。"
		},
		{
			"number": 800,
			"content": "代表在大會主席宣告截止投票後始到場者，以棄權論。"
		},
		{
			"number": 900,
			"content": "開票時間在投票完畢後，由大會主席宣告，並按鈴為號。"
		},
		{
			"number": 1000,
			"content": "開票應在會場內公開辦理之。"
		},
		{
			"number": 1100,
			"content": "每一開票處設開票監察員一組，其職務分配如左：\r\n一、票匭監察員：於開票前當眾驗明票匭封識，並監督啟封取票及遞交驗\r\n    票。\r\n二、驗票監察員：查驗同意權票圈選是否有效或無效。並在圈選無效之被\r\n    提名人欄上方加蓋「圈選無效」章戳。\r\n三、唱票監察員：監察唱票及記票，並將唱完之同意權票遞交整理人員記\r\n    錄。\r\n四、計票監察員：監察整理人員記錄得票統計及總票數之核對。\r\n前項所需工作人員，由秘書長指派，受開票監察員之指揮監督，辦理有關\r\n事項。"
		},
		{
			"number": 1200,
			"content": "同意權票圈選無效之認定標準如左：\r\n一、不用大會發給之同意權票者。\r\n二、記入其他文字或符號者。\r\n三、毀損或污損同意權票者。\r\n四、全部未加圈選者。\r\n五、部分未加圈選者。\r\n六、不圈在被提名人姓名上端「同意」或「不同意」欄內，致無法確定同\r\n    意與否者。\r\n七、圈後加以塗改者。\r\n無效圈選之認定，若被提名人為一人，有前項任何一款情事者，該同意權\r\n票即為無效。若被提名人為二人以上，有前項第一、二、三、四各款情事\r\n之一者，該同意權票視為無效；有前項第五、六、七各款情事之一者，應\r\n分別認定個別被提名人之圈選為無效。"
		},
		{
			"number": 1300,
			"content": "開票完畢後，由開票監察員將開票情形及左列各項紀錄，造具報告書送交\r\n大會主席：\r\n一、發票數額。\r\n二、投票數額。\r\n三、無效票數額。\r\n四、每一被提名人所得同意、不同意及圈選無效之統計數額。"
		},
		{
			"number": 1400,
			"content": "大會主席應於開票結束後，當眾宣布投、開票結果。"
		},
		{
			"number": 1500,
			"content": "投票監察員、開票監察員及有關投、開票工作人員均應佩戴標識，其他人\r\n員不得進入投票及開票處。"
		},
		{
			"number": 1600,
			"content": "本辦法經國民大會通過後施行。"
		}
	]
}