{
	"pcode": "A0020053",
	"type": "命令",
	"title": "立法委員互選院長副院長辦法",
	"url": "https://law.moj.gov.tw/LawClass/LawAll.aspx?pcode=A0020053",
	"category": [
		"立法"
	],
	"lastUpdate": "19960702",
	"isTranslated": false,
	"history": [
		"中華民國三十七年五月十五日立法院第一屆第一會期第四次預備會議通過",
		"中華民國四十二年十一月十日立法院第一屆第十二會期第八次會議修正通過",
		"中華民國七十年五月一日立法院第一屆第六十七會期第二十次會議修正通過",
		"中華民國七十三年三月二十日立法院第一屆第七十三會期第八次會議修正通過",
		"中華民國七十八年十二月十五日立法院第一屆第八十四會期第二十次會議修正通過",
		"中華民國八十二年一月十五日立法院第一屆第九十會期第二十三次會議通過",
		"中華民國八十五年七月二日立法院第三屆第一會期第二十六次會議修正通過第 8 條條文"
	],
	"divisions": [],
	"articles": [
		{
			"number": 100,
			"content": "根據憲法第六十六條之規定，院長、副院長由立法委員互選之，全體立法\r\n委員均為當然候選人。"
		},
		{
			"number": 101,
			"content": "院長、副院長選舉，應於每屆立法委員選出之翌年二月一日報到，宣誓就\r\n職當日舉行。"
		},
		{
			"number": 200,
			"content": "院長、副院長之選舉，根據立法院組織法第五條之規定，須有立法委員總\r\n額三分之一出席，方得舉行。"
		},
		{
			"number": 300,
			"content": "院長、副院長之選舉，分別舉行。"
		},
		{
			"number": 301,
			"content": "院長、副院長選舉會議，由委員互推一人擔任會議主席；其推選主席會議\r\n，由資深者主持，資同者以年長者任之。"
		},
		{
			"number": 400,
			"content": "院長、副院長之選舉，均以得出席人數過半數之票數者為當選。\r\n第一次投票如無人得前項所規定之過半數票數時，就得票較多之首二名重\r\n行投票，以得票比較多數者為當選。如第一次投票得票首二人以上同票數\r\n時，一併列入第二次之選舉票。"
		},
		{
			"number": 500,
			"content": "院長及副院長之選舉票，各印列全體立法委員姓名，由立法委員各圈選一\r\n人。\r\n舉行第二次投票時，其選舉票印列第一次得票較多之首二名及其同票數之\r\n人，由立法委員圈選一人。"
		},
		{
			"number": 600,
			"content": "院長、副院長選舉時，投票監察員、開票監察員由立法委員擔任之。"
		},
		{
			"number": 700,
			"content": "立法委員互選院長、副院長投票及開票辦法另定之。"
		},
		{
			"number": 800,
			"content": "院長、副院長經全體立法委員三分之一以上人數提議，出席委員三分之二\r\n以上人數通過，得予以改選；其任期至原任之任期屆滿為止。"
		},
		{
			"number": 900,
			"content": "本辦法經本院院會通過後施行。"
		}
	]
}