{
	"pcode": "A0020055",
	"type": "命令",
	"title": "立法院嚴肅紀律辦法",
	"url": "https://law.moj.gov.tw/LawClass/LawAll.aspx?pcode=A0020055",
	"category": [
		"廢止法規",
		"立法院"
	],
	"lastUpdate": "20001215",
	"isDiscarded": true,
	"isTranslated": false,
	"history": [
		"中華民國三十九年三月二十一日立法院第一屆第五會期第八次會議通過",
		"中華民國五十二年三月二十二日立法院第一屆第三十一會期第十次會議修正",
		"中華民國五十三年五月十五日立法院第一屆第三十三會期第二十次會議修正",
		"中華民國五十五年十一月十一日立法院第一屆第三十八會期第十三次會議修正",
		"中華民國六十九年十二月二十六日立法院第六十六會期第二十六次會議通過修正第 1、2、6、8 條條文",
		"中華民國八十九年十二月十五日立法院第四屆第四會期第二十三次會議通過廢止"
	],
	"divisions": [],
	"articles": [
		{
			"number": 100,
			"content": "本院委員叛國有據經檢舉調查屬實者，由本院紀律委員會報告院會同意後\r\n，函請政府依法辦理。"
		},
		{
			"number": 200,
			"content": "本院委員於開會期間，除因公被派或因交通斷絕或因重病臥床經醫師證明\r\n不能報到出席者外，均以無故不出席論。"
		},
		{
			"number": 300,
			"content": "本院委員身陷匪區而有左列情形之一者不以無故不出席論。\r\n甲  在匪區參加反共工作有具體事實經調查屬實者。\r\n乙  因交通斷絕不及疏散致被匪監禁或失去行動自由未有附匪言行經調查\r\n    屬實者。"
		},
		{
			"number": 400,
			"content": "委員報到須親自辦理如有託人代辦者以未報到論。"
		},
		{
			"number": 500,
			"content": "遞補委員須經本院資格審查委員會審查報告院會後方得出席院會。"
		},
		{
			"number": 600,
			"content": "本院委員不得有左列各款行為：\r\n一、利用身分，勾結執行公務之人員，不法圖利。\r\n二、洩露國家機密。\r\n三、向外國申請永久居留。但僑選之立法委員不在此限。"
		},
		{
			"number": 700,
			"content": "本院委員已經政府任命為官吏者，應依憲法第七十五條之規定，自其就職\r\n之日起喪失立法委員之資格。"
		},
		{
			"number": 800,
			"content": "凡兼任政府機關或國營、公營事業機構聘任職務之委員，應於本辦法通過\r\n後兩週內辭去其聘任職務；逾期不辭去其聘任職務者，由本院函請政府轉\r\n飭各該聘任機關解除其職務。"
		},
		{
			"number": 900,
			"content": "本院委員在任職期間停止執行律師、會計師業務。"
		},
		{
			"number": 1000,
			"content": "本院資格審查委員會、紀律委員會分別根據上列各條規定辦法，負責審定\r\n提出院會報告經院會決議後執行。"
		},
		{
			"number": 1100,
			"content": "本院職員紀律之嚴肅由院長依法處理之。"
		},
		{
			"number": 1200,
			"content": "本辦法經院會通過後施行。"
		}
	]
}