{
	"pcode": "A0020057",
	"type": "法律",
	"title": "立法院各委員會辦事通則",
	"url": "https://law.moj.gov.tw/LawClass/LawAll.aspx?pcode=A0020057",
	"category": [
		"廢止法規",
		"立法院"
	],
	"lastUpdate": "20020115",
	"isDiscarded": true,
	"isTranslated": false,
	"history": [
		"中華民國三十七年七月二十四日立法院第一屆第一會期第二十二次會議通過",
		"中華民國八十二年十二月十日立法院第二屆第二會期第二十次會議通過修正發布第 6 條條文",
		"中華民國九十一年一月十五日立法院第四屆第六會期第十三次會議通過廢止"
	],
	"divisions": [],
	"articles": [
		{
			"number": 100,
			"content": "各委員會事務除依立法院組織法、立法院各委員會組織法及立法院議事規\r\n則之規定處理外依本通則處理之。"
		},
		{
			"number": 200,
			"content": "各委員會事務與其他委員會或各處室有關聯者應協商處理之。"
		},
		{
			"number": 300,
			"content": "各委員會會議由召集委員定期或隨時召集之，如經委員三分之一以上之聲\r\n請亦得召集。"
		},
		{
			"number": 400,
			"content": "各委員會會議主席由召集委員輪流擔任。"
		},
		{
			"number": 500,
			"content": "各委員會審查或起草法案，得由會議主席提請委員若干人初步審查或起草\r\n，並指定其中一人為召集人。\r\n各委員會並得經常分設若干小組，分別擔任法案之初步審查或起草。"
		},
		{
			"number": 600,
			"content": "各委員會召集委員輪流處理各該委員會日常公務，其輪值辦法由召集委員\r\n商定之。\r\n議程之排定由輪值召集委員決定。"
		},
		{
			"number": 700,
			"content": "各委員會職員由院長依法任用之。"
		},
		{
			"number": 800,
			"content": "各委員會專門委員承委員會之命，擔任法案之研究及草擬事項。"
		},
		{
			"number": 900,
			"content": "各委員會主任秘書承委員會之命，處理各該委員會事務並指揮監督所屬職\r\n員，秘書襄助主任秘書處理各該委員會事務，科長承主任秘書之命處理各\r\n該科事務，科員速記員書記官書記分別承主管長官之命辦理事務。"
		},
		{
			"number": 1000,
			"content": "各委員會職員於必要時得由院長調派至其他委員會辦公。"
		},
		{
			"number": 1100,
			"content": "各委員會之職員辦理事務得受秘書長、副秘書長之指揮監督。"
		},
		{
			"number": 1200,
			"content": "各委員會辦事細則由各該委員會自行擬定。"
		},
		{
			"number": 1300,
			"content": "本通則經院會通過後施行。"
		}
	]
}