{
	"pcode": "A0020192",
	"type": "命令",
	"title": "促進轉型正義委員會處務規程",
	"url": "https://law.moj.gov.tw/LawClass/LawAll.aspx?pcode=A0020192",
	"category": [
		"行政",
		"院本部",
		"組織目"
	],
	"lastUpdate": "20180829",
	"isTranslated": false,
	"history": [
		"中華民國一百零七年五月三十一日行政院院授人組字第 10700421641 號令訂定發布全文 15 條；並自一百零七年五月三十一日施行",
		"中華民國一百零七年八月二十九日促進轉型正義委員會促轉三字第 1075300071 號令修正發布第 4、5、7、8、15 條條文；並自發布日施行"
	],
	"divisions": [],
	"articles": [
		{
			"number": 100,
			"content": "促進轉型正義委員會（以下簡稱本會）為處理內部單位之分工職掌，特訂\r\n定本規程。"
		},
		{
			"number": 200,
			"content": "主任委員綜理會務，並指揮、監督所屬人員；副主任委員襄助主任委員處\r\n理會務。"
		},
		{
			"number": 300,
			"content": "主任秘書權責如下：\r\n一、文稿之綜核及代判。\r\n二、機密及重要文件之處理。\r\n三、各單位之協調及權責問題之核議。\r\n四、重要會議之籌辦。\r\n五、其他交辦事項。"
		},
		{
			"number": 400,
			"content": "本會設下列組、室：\r\n一、還原歷史真相組。\r\n二、威權象徵處理組。\r\n三、平復司法不法組。\r\n四、重建社會信任組。\r\n五、秘書室。\r\n六、人事室。\r\n七、政風室。\r\n八、主計室。"
		},
		{
			"number": 500,
			"content": "還原歷史真相組掌理事項如下：\r\n一、回復威權統治時期相關歷史事實，以還原人權受迫害之歷程，並釐清\r\n    壓迫體制加害者及參與者責任。\r\n二、威權統治時期政治檔案開放應用之研究、規劃及推動。\r\n三、政黨、附隨組織與黨營機構持有政治檔案之通報、調查、審定與移歸\r\n    為國家檔案之研究、規劃及推動。\r\n四、政治檔案相關爭議事項之受理、諮詢及處理。\r\n五、還原歷史真相與政治檔案相關報告編擬之規劃及推動。\r\n六、其他有關還原歷史真相事項。"
		},
		{
			"number": 600,
			"content": "威權象徵處理組掌理事項如下：\r\n一、威權象徵移除與改名之研究、規劃及推動。\r\n二、不義遺址保存、重建與作為歷史遺址之研究、規劃及推動。\r\n三、威權象徵與不義遺址相關處置之研究、規劃及推動。\r\n四、清除威權象徵與保存不義遺址相關報告編擬之規劃及推動。\r\n五、其他有關威權象徵處理事項。"
		},
		{
			"number": 700,
			"content": "平復司法不法組掌理事項如下：\r\n一、威權統治時期違反自由民主憲政秩序、侵害公平審判原則所追訴或審\r\n    判刑事案件之調查，及其他歷史真相調查之研究、規劃及推動。\r\n二、平復司法不法相關方案與作法之研究、規劃及推動。\r\n三、應予平復司法不法之刑事有罪判決案件之研究及處理。\r\n四、規劃人事清查處置及相關救濟程序。\r\n五、平復司法不法相關報告編擬之規劃及推動。\r\n六、其他有關平復司法不法事項。"
		},
		{
			"number": 800,
			"content": "重建社會信任組掌理事項如下：\r\n一、重建社會信任、創傷療癒、促進社會對話朝向和解之研究、規劃及推\r\n    動。\r\n二、民主、法治與人權教育、轉型正義相關文化事務之研究、規劃及推動\r\n    。\r\n三、經移轉為國家所有之不當黨產用途之研究、規劃、協調及推動。\r\n四、以前款不當黨產成立之特種基金之收支、保管及運用。\r\n五、重建社會信任及不當黨產運用相關報告編擬之規劃及推動。\r\n六、其他有關重建社會信任事項。"
		},
		{
			"number": 900,
			"content": "秘書室掌理事項如下：\r\n一、印信典守及文書、檔案之管理。\r\n二、法制、出納、財務、營繕、採購及其他事務管理。\r\n三、國會聯絡及媒體公關業務。\r\n四、本會資訊應用服務策略規劃及管理。\r\n五、不屬其他各組、室事項。"
		},
		{
			"number": 1000,
			"content": "人事室掌理本會人事事項。"
		},
		{
			"number": 1100,
			"content": "政風室掌理本會政風事項。"
		},
		{
			"number": 1200,
			"content": "主計室掌理本會歲計、會計及統計事項。"
		},
		{
			"number": 1300,
			"content": "本會所列各職稱及工作人員之員額，另以編組表定之。"
		},
		{
			"number": 1400,
			"content": "本會處理業務，實施分層負責制度，依分層負責明細表逐級授權決定。"
		},
		{
			"number": 1500,
			"content": "本規程自中華民國一百零七年五月三十一日施行。\r\n本規程修正條文，自發布日施行。"
		}
	]
}