{
	"pcode": "A0020039",
	"type": "法律",
	"title": "中央研究院評議會條例",
	"url": "https://law.moj.gov.tw/LawClass/LawAll.aspx?pcode=A0020039",
	"category": [
		"廢止法規",
		"總統府"
	],
	"lastUpdate": "20091230",
	"isDiscarded": true,
	"isTranslated": false,
	"history": [
		"中華民國二十四年五月二十七日國民政府制定公布中華民國二十四年五月十七日立法院制定全文 15 條",
		"中華民國三十二年十一月十七日國民政府修正公布中華民國三十二年十月二十九日立法院修正全文 14 條",
		"中華民國四十三年十二月二十八日總統令修正公布全文 13 條；並自公布日施行中華民國四十三年十二月十七日立法院修正全文 13 條",
		"中華民國九十八年十二月三十日總統華總一義字第 09800320051 號令公布廢止"
	],
	"divisions": [],
	"articles": [
		{
			"number": 100,
			"content": "中央研究院依中央研究院組織法第十一條之規定設評議會。"
		},
		{
			"number": 200,
			"content": "評議員由中央研究院院士選舉之。"
		},
		{
			"number": 300,
			"content": "聘任評議員，應依中央研究院組織法第十條所列各組分配名額。"
		},
		{
			"number": 400,
			"content": "中央研究院評議會之職權如左：\r\n一、決定中央研究院研究學術之方針。\r\n二、促進國內外學術之合作與互助。\r\n三、中央研究院院長辭職或出缺時，選舉院長候補人三人，呈請總統遴任\r\n    。\r\n四、受中央政府之委託，從事學術之研究。\r\n五、受考試院之委託，審查關於考試及任用人員之著作或發明事項。"
		},
		{
			"number": 500,
			"content": "聘任評議員任期三年，連選得連任。"
		},
		{
			"number": 600,
			"content": "聘任評議員任期終了前三個月，應由院士選舉下屆評議員，其選舉規程由\r\n評議會定之。"
		},
		{
			"number": 700,
			"content": "聘任評議員在任期內辭職或出缺時，應由評議會補選，呈請總統聘任，其\r\n任期以補足原任期為限。"
		},
		{
			"number": 800,
			"content": "聘任評議員為名譽職。但開會時得酌給旅費。"
		},
		{
			"number": 900,
			"content": "評議會每年至少開會一次，由議長召集；遇有必要或經評議員三分之一以\r\n上之請求，議長得召集臨時會。"
		},
		{
			"number": 1000,
			"content": "評議會置秘書一人，由全體評議員選舉之。"
		},
		{
			"number": 1100,
			"content": "中央研究院院長辭職或出缺時，由秘書召集臨時評議會，選舉院長候補人\r\n。"
		},
		{
			"number": 1200,
			"content": "評議會議事規程及處務規程，由評議會定之。"
		},
		{
			"number": 1300,
			"content": "本條例自公布日施行。"
		}
	]
}