{
	"pcode": "A0020044",
	"type": "命令",
	"title": "國史館微捲閱讀機使用規則",
	"url": "https://law.moj.gov.tw/LawClass/LawAll.aspx?pcode=A0020044",
	"category": [
		"廢止法規",
		"總統府"
	],
	"lastUpdate": "20091022",
	"isDiscarded": true,
	"isTranslated": false,
	"history": [
		"",
		"中華民國九十三年二月四日國史館國審字第 0930000259B 號令修正發布全文 5 條",
		"中華民國九十八年十月二十二日國史館國審字第 0980004056A 號函自即日起停止適用"
	],
	"divisions": [],
	"articles": [
		{
			"number": 100,
			"content": "國史館 (以下簡稱本館) 微捲閱讀機專供修史與學術研究之用，為維護館\r\n藏微縮資料及機具之正常使用，特訂定本規則。"
		},
		{
			"number": 200,
			"content": "微捲閱讀機操作注意事項：\r\n一、微捲閱讀機分為手動上帶及自動上帶兩種機型，應依規定程序操作。\r\n二、閱覽者不熟悉微捲閱讀機操作程序時，應請業務承辦人協助處理。\r\n三、微捲閱讀機故障時，應報請業務承辦人處理，不得隨意拆卸零組件。"
		},
		{
			"number": 300,
			"content": "微捲閱讀機之複印，應先填具「國史館史料複印申請單」，並註明用途及\r\n複印張數，依規定程序申請複印，並酌收複印工本費用：\r\n一、收費標準：Ａ４每頁 (單面) 酌收工本費三元；Ａ３每頁 (單面) 酌\r\n    收工本費五元。\r\n二、本館暨臺灣文獻館同仁申請複印微捲，因編纂業務或公務需要者，不\r\n    收費。\r\n三、政府機關或學校申請複印微捲，因公務需要，備文不收費。"
		},
		{
			"number": 400,
			"content": "微捲、微片之閱覽及機具之使用，應小心維護，不得擅自攜出或拆卸，倘\r\n有污損、破壞等情事，應負賠償責任，並暫停其閱覽權利三個月。"
		},
		{
			"number": 500,
			"content": "閱覽者使用微捲閱讀機，應遵守「著作權法」及「檔案法」等相關法規。"
		}
	]
}