{
	"pcode": "A0020020",
	"type": "命令",
	"title": "國民大會議決總統副總統彈劾案辦法",
	"url": "https://law.moj.gov.tw/LawClass/LawAll.aspx?pcode=A0020020",
	"category": [
		"國民大會（憲法國民大會章條文已停止適用）"
	],
	"lastUpdate": "19980730",
	"isTranslated": false,
	"history": [
		"中華民國八十七年七月三十日第三屆國民大會第三次會議第六次大會通過全文 11 條"
	],
	"divisions": [],
	"articles": [
		{
			"number": 100,
			"content": "本辦法依憲法增修條文第一條第三項第三款及第八項訂定之。"
		},
		{
			"number": 200,
			"content": "國民大會於立法院所提總統、副總統彈劾案送達後，議長應即通告於一個\r\n月內集會。\r\n前項彈劾案有關資料，應於收到後七日內送全體代表及被彈劾人，並請被\r\n彈劾人於開會七日前提出答辯書，答辯書一併分送全體代表。"
		},
		{
			"number": 300,
			"content": "國民大會集會時，由議長將彈劾案連同被彈劾人答辯書一併提報大會審議\r\n。"
		},
		{
			"number": 400,
			"content": "國民大會審議彈劾案時，應請立法院院長或其指派之立法委員到會說明；\r\n並應通知被彈劾人親自或由其辯護人到會申辯並答復代表之詢問。"
		},
		{
			"number": 500,
			"content": "國民大會審議彈劾案時，得依職權或經立法院或被彈劾人之申請，調查證\r\n據或傳喚證人。"
		},
		{
			"number": 600,
			"content": "國民大會於聽取立法院有關人員說明及被彈劾人申辯後，應就彈劾案相關\r\n事宜進行審議。\r\n必要時，得經大會之決議，組成專案小組，蒐集相關資料，提出報告書，\r\n報請大會處理。\r\n被彈劾人如未依時提出答辯書或到會申辯，國民大會仍得逕行審議。"
		},
		{
			"number": 700,
			"content": "國民大會於彈劾案審議完竣後，應即舉行投票，經代表總額三分之二以上\r\n之同意，彈劾案即為通過並由國民大會議長正式宣告。\r\n彈劾案議決票應刊印「同意彈劾」、「不同意彈劾」兩欄，由代表以本會\r\n製備之圈戳，以無記名方式圈選之。"
		},
		{
			"number": 800,
			"content": "國民大會審議彈劾案，不因被彈劾人辭職或死亡而終止。"
		},
		{
			"number": 900,
			"content": "彈劾案審議經過及議決結果，應以書面通知被彈劾人及有關機關。"
		},
		{
			"number": 1000,
			"content": "議決彈劾案之投票及開票，準用國民大會補選副總統投票及開票辦法之規\r\n定。"
		},
		{
			"number": 1100,
			"content": "本辦法經國民大會通過後施行，修正時亦同。"
		}
	]
}