{
	"pcode": "A0020067",
	"type": "命令",
	"title": "立法院點名表決辦法",
	"url": "https://law.moj.gov.tw/LawClass/LawAll.aspx?pcode=A0020067",
	"category": [
		"立法"
	],
	"lastUpdate": "20001215",
	"isTranslated": false,
	"history": [
		"中華民國四十五年四月二十七日立法院第一屆第十七會期第十七次會議通過",
		"中華民國八十九年十二月十五日立法院第四屆第四會期第二十三次會議修正通過全文 11 條"
	],
	"divisions": [],
	"articles": [
		{
			"number": 100,
			"content": "立法院議事規則第三十五條所規定之點名表決，依本辦法之規定。"
		},
		{
			"number": 200,
			"content": "點名表決應定期舉行。但會期將了之日，或有預定時程最後一次舉行之會\r\n議，採用點名表決時，不在此限。"
		},
		{
			"number": 300,
			"content": "點名表決開始前，應鳴鈴三長聲。"
		},
		{
			"number": 400,
			"content": "點名表決，以當次院會出席委員簽到名簿為名冊。"
		},
		{
			"number": 500,
			"content": "點名表決之實施，由主席依簽到名簿次序唱名。"
		},
		{
			"number": 600,
			"content": "在場委員於唱到姓名時，贊成者起立答曰：「贊成」，反對者起立答曰：\r\n「反對」，棄權者起立答曰：「棄權」；未答應者，應予重唱一次。\r\n依次唱名序及主席姓名時，免予唱名。主席表決權之行使，依立法院職權\r\n行使法第六條後段之規定。"
		},
		{
			"number": 700,
			"content": "唱名完畢，應即進行計算，宣告結果。"
		},
		{
			"number": 800,
			"content": "未參加表決委員於表決結果宣告前到會者，得要求參加表決。"
		},
		{
			"number": 900,
			"content": "點名表決結果，依參加表決之人數計算。參加表決之人數未足法定人數時\r\n，其表決無效。"
		},
		{
			"number": 1000,
			"content": "實施點名表決之院會議事錄，關於委員姓名之記載，除立法院議事規則第\r\n五十三條第三款至第五款規定辦理外，應將參加表決之委員依下列規定記\r\n入：\r\n一、贊成者：記列贊成委員之姓名。\r\n二、反對者：記列反對委員之姓名。\r\n三、棄權者：記列棄權委員之姓名。\r\n前項各款紀錄，應當場宣讀確定，如有委員認為有錯誤時，得即席請求更\r\n正。"
		},
		{
			"number": 1100,
			"content": "本辦法經院會通過後施行。"
		}
	]
}