{
	"pcode": "A0020114",
	"type": "命令",
	"title": "考試院及所屬機關訴願文書使用收費標準",
	"url": "https://law.moj.gov.tw/LawClass/LawAll.aspx?pcode=A0020114",
	"category": [
		"考試",
		"院本部",
		"通用目"
	],
	"lastUpdate": "20140729",
	"isTranslated": false,
	"history": [
		"中華民國八十九年六月二十九日考試院（89）考台訴字第 06170 號令訂定發布全文 5 條；並自發布日起施行",
		"中華民國一百零三年七月二十九日考試院考臺訴字第 10300062321 號令修正發布全文 5 條；並自發布日施行"
	],
	"divisions": [],
	"articles": [
		{
			"number": 100,
			"content": "本標準依訴願法（以下簡稱本法）第四十九條第二項規定訂定之。"
		},
		{
			"number": 200,
			"content": "訴願人、參加人或訴願代理人依本法第四十九條第一項或第七十五條第二\r\n項規定，向受理訴願機關請求閱覽、抄錄、影印或攝影訴願卷宗內文書或\r\n原處分機關據以處分之證據資料者，每二小時收取使用費新臺幣二十元；\r\n不足二小時，以二小時計算。"
		},
		{
			"number": 300,
			"content": "訴願人、參加人或訴願代理人使用受理訴願機關之機器影印前條之文書資\r\n料者，每張應繳納新臺幣二元；預納費用請求付與繕本、影本或節本者，\r\n每張應繳納新臺幣三元。"
		},
		{
			"number": 400,
			"content": "第三人依本法第五十條規定請求閱覽、抄錄、影印或攝影訴願卷宗內文書\r\n，或請求付與繕本、影本或節本，其收費標準，準用前二條規定。"
		},
		{
			"number": 500,
			"content": "本標準自發布日施行。"
		}
	]
}