{
	"pcode": "A0020107",
	"type": "命令",
	"title": "考試院處務規程",
	"url": "https://law.moj.gov.tw/LawClass/LawAll.aspx?pcode=A0020107",
	"category": [
		"考試",
		"院本部",
		"組織目"
	],
	"lastUpdate": "20081107",
	"isTranslated": false,
	"history": [
		"中華民國三十七年十月七日考試院訂定發布",
		"中華民國四十一年十一月十五日考試院（41）台新試秘文字第 690 號令修正發布",
		"中華民國四十六年二月十六日考試院（46）台試秘文字第 0270 號令修正發布",
		"中華民國四十九年六月二十日考試院（49）考台秘一字第 0728 號令修正發布第 6、7 條條文",
		"中華民國四十九年十二月三十日考試院（49）考台秘一字第 1735 號令修正發布第 1 條條文；並增列第 13 條條文及以下條次遞改",
		"中華民國五十三年十二月四日考試院（53）考台秘一字第 2217 號令發布增訂第 8 條第七款",
		"中華民國六十八年八月十五日考試院（68）考台秘一字第 2105 號令修正發布",
		"中華民國七十一年六月一日考試院（71）考台秘議字第 2003 號令修正發布",
		"中華民國八十三年七月二十五日考試院（83）考台秘議字第 2371 號令修正發布全文 43 條",
		"中華民國九十二年二月二十七日考試院考台人字第 09200016451 號令修正發布第 14、16、18 條條文",
		"中華民國九十二年四月三日考試院考台人字第 09200027861 號令修正發布第 7、20 條條文；並刪除第 13 條條文",
		"中華民國九十七年十一月七日考試院考臺人字第 09700080771 號令修正發布第 5、8、10～12、14～16、18、25、27、29、33～35、37、38 條條文；並增訂第 27-1 條條文"
	],
	"divisions": [
		{
			"type": "章",
			"number": 100,
			"title": "總則",
			"start": 100,
			"end": 200
		},
		{
			"type": "章",
			"number": 200,
			"title": "職掌",
			"start": 300,
			"end": 2800
		},
		{
			"type": "章",
			"number": 300,
			"title": "業務會報",
			"start": 2900,
			"end": 3200
		},
		{
			"type": "章",
			"number": 400,
			"title": "文書處理",
			"start": 3300,
			"end": 4100
		},
		{
			"type": "章",
			"number": 500,
			"title": "附則",
			"start": 4200,
			"end": 4300
		}
	],
	"articles": [
		{
			"number": 100,
			"content": "本規程依考試院組織法第十八條之規定訂定之。"
		},
		{
			"number": 200,
			"content": "本院事務，除法令另有規定外，依本規程處理。"
		},
		{
			"number": 300,
			"content": "秘書長承院長之命處理本院事務，並指揮監督所屬職員。"
		},
		{
			"number": 400,
			"content": "副秘書長承院長之命，襄助秘書長處理本院事務。"
		},
		{
			"number": 500,
			"content": "參事之職掌如下：\r\n一、關於考銓法令及重要文稿之審核事項。 \r\n二、關於各種施政計畫擬訂事項。 \r\n三、關於考銓法令實施檢討事項。 \r\n四、關法法令疑義研擬之會辦事項。 \r\n五、關於本院法規之研究、整理及修訂事項。 \r\n六、關於考銓詞彙之編審事項。 \r\n七、其他交辦事項。 \r\n院長得就參事中指定一人為首席參事，處理有關事務。"
		},
		{
			"number": 600,
			"content": "本院依組織法第十條之規定，設下列處、組、室：\r\n一、秘書處。 \r\n二、第一組。 \r\n三、第二組。 \r\n四、第三組。 \r\n五、編纂室。 \r\n六、資訊室。 \r\n七、機要室。 \r\n秘書處置處長一人承長官之命，主管該處事務；副處長一人，襄助處長處\r\n理事務。\r\n各組置組長一人，由參事兼任，承長官之命，主管該組事務。 \r\n各室置主任一人，由院長指定人員兼任之，分別掌理有關業務。"
		},
		{
			"number": 700,
			"content": "秘書處設議事、文書、公共關係、出納、總務五科。第一組、第二組、第\r\n三組、資訊室則各設第一科、第二科。本院各科置科長一人，由院長指定\r\n人員擔任；承長官之命，處理本單位事務。"
		},
		{
			"number": 800,
			"content": "秘書處議事科之職掌如下：\r\n一、關於院會、年度工作檢討、業務會報之事務及其他有關會議事項。 \r\n二、關於議案之登記、查卷、整理、保管及有關資料之蒐集事項。 \r\n三、關於議事日程之編擬及分發事項。 \r\n四、關於院會、年度工作檢討會、業務會報及其他有關會議紀錄整理、校\r\n    訂、印發與保管事項。\r\n五、其他有關會議事項。"
		},
		{
			"number": 900,
			"content": "秘書處文書科之職掌如下：\r\n一、關於文書收發、登記、分配事項。\r\n二、關於文書繕校、印刷、裝訂及送達事項。\r\n三、關於檔案管理事項。\r\n四、關於印信典守事項。\r\n五、關於公文之管制、稽催及統計事項。\r\n六、其他有關文書事項。"
		},
		{
			"number": 1000,
			"content": "秘書處公共關係科之職掌如下：\r\n一、關於本院新聞稿件之撰擬及發布事項。\r\n二、關於新聞資料之蒐集、分析及整理事項。\r\n三、關於本院多媒體簡報之策劃及管理事項。\r\n四、關於新聞記者之接待及聯絡事項。\r\n五、關於本院與立法院之聯絡協調事項。\r\n六、關於本院接待賓客及與各有關單位之聯絡協調事項。\r\n七、關於促進公共關係之研究及建議事議。\r\n八、關於考試及格人員聯繫及動態之調查登記事項。\r\n九、其他有關公共關係事項。"
		},
		{
			"number": 1100,
			"content": "秘書處出納科之職掌如下：\r\n一、關於經費領取及規費核收事項。\r\n二、關於款項之出納、保管及登記事項。\r\n三、關於票據及有價證券移轉、登記及保管事項。\r\n四、關於本院員工薪資所得稅之扣繳事項。\r\n五、關於收支表報事項。\r\n六、其他有關經費出納事項。"
		},
		{
			"number": 1200,
			"content": "秘書處總務科之職掌如下：\r\n一、關於財物之購置、登記、保管、供應及勞務採購等事項。\r\n二、關於土地、房屋、車輛之管理、分配、使用及修繕等事項。\r\n三、關於本院辦公處所內外之環境衛生及清潔整理事項。\r\n四、關於員工福利協辦事項。\r\n五、關於技工、工友之管理、訓練及勞保等事項。\r\n六、其他有關總務事項。"
		},
		{
			"number": 1300,
			"content": "（刪除）"
		},
		{
			"number": 1400,
			"content": "第一組第一科之職掌如下：\r\n一、關於考試政策研擬規劃事項。\r\n二、關於考試法令之擬辦、審核事項。\r\n三、關於考試議案之審查會及其他有關會議事項。\r\n四、院會決議有關考試業務之處理事項。\r\n五、關於本院施政計畫或工作報告有關考試部分之撰擬及審核事項。\r\n六、其他有關考試事項。"
		},
		{
			"number": 1500,
			"content": "第一組第二科之職掌如下：\r\n一、關於請領考試及格及訓練合格證書案件之核辦事項。\r\n二、關於考試及格及訓練合格證書繕校及製發事項。\r\n三、關於考試及格及訓練合格證書資料之建立及管理事項。\r\n四、其他有關考試及格及訓練合格證書事項。"
		},
		{
			"number": 1600,
			"content": "第二組第一科之職掌如下：\r\n一、關於人事政策研擬規劃事項。 \r\n二、關於機關組織法規之擬辦、審核事項。 \r\n三、關於公務人員任免、考績、級俸、陞遷、褒獎等法令之擬辦、審核事\r\n    項。\r\n四、關於人事政策、機關組織法規及公務人員任免、考績、級俸、陞遷、\r\n    褒獎等議案之審查會及其他有關會議事項。\r\n五、院會決議有關人事政策、機關組織法規及公務人員任免、考績、級俸\r\n    、陞遷、褒獎等業務之處理事項。\r\n六、關於本院施政計畫或工作報告有關人事政策、機關組織法規及公務人\r\n    員任免、考績、級俸、陞遷、褒獎等部分之撰擬及審核事項。\r\n七、其他有關人事政策、機關組織法規及公務人員任免、考績、級俸、陞\r\n    遷、褒獎等事項。"
		},
		{
			"number": 1700,
			"content": "第二組第二科之職掌如下：\r\n一、關於公務人員保險、退休撫卹、福利、登記等法令之擬辦、審核事項\r\n    。\r\n二、關於公務人員保險、退休撫卹、福利、登記等議案之審查會及其他有\r\n    關會議事項。\r\n三、院會決議有關公務人員保險、退休撫卹、福利、登記等業務之處理事\r\n    項。\r\n四、關於本院施政計畫或工作報告有關公務人員保險、退休撫卹、福利、\r\n    登記等部分之撰擬及審核事項。\r\n五、其他有關公務人員保險、退休撫卹、福利、登記等事項。"
		},
		{
			"number": 1800,
			"content": "第三組第一科之職掌如下：\r\n一、關於公務人員保障暨培訓政策研擬規劃事項。 \r\n二、關於公務人員保障暨培訓法令之擬辦、審核事項。 \r\n三、關於公務人員保障暨培訓議案之審查會及其他有關會議事項。 \r\n四、院會決議有關公務人員保障暨培訓業務之處理事項。 \r\n五、關於本院施政計畫或工作報告有關公務人員保障暨培訓部分之撰擬及\r\n    審核事項。\r\n六、關於國際文官制度及學術交流之規劃、協調事項。 \r\n七、其他有關公務人員保障暨培訓事項。"
		},
		{
			"number": 1900,
			"content": "第三組第二科之職掌如下：\r\n一、關於公務人員退休撫卹基金管理、監督政策研擬規劃事項。 \r\n二、關於公務人員退休撫卹基金管理、監督法令之擬辦、審核事項。 \r\n三、關於公務人員退休撫卹基金管理、監督議案之審查會及其他有關會議\r\n    事項。\r\n四、院會決議有關公務人員退休撫卹基金管理、監督業務之處理事項。 \r\n五、關於本院施政計畫或工作報告有關公務人員退休撫卹基金管理、監督\r\n    等部分之撰擬及審核事項。\r\n六、其他公務人員退休撫卹基金事項。 \r\n七、不屬於各組之其他事項。"
		},
		{
			"number": 2000,
			"content": "編纂室之職掌如下：\r\n一、關於考銓資料之蒐集及編輯事項。 \r\n二、關於本院公報、施政編年錄與考銓刊物之出版事項。 \r\n三、關於各國人事制度論著之蒐集、編輯事項。 \r\n四、關於本院院史資料之蒐集、陳列及管理事項。 \r\n五、關於本院網站網頁之設計及管理事項。 \r\n六、關於圖書資訊之蒐集、採購、登錄、編目、典藏、流通、閱覽、參考\r\n    諮詢及推廣服務事項。\r\n七、關於本院圖書業務自動化系統規劃、管理及維護事項。 \r\n八、關於本院出版品之出版申請作業及交換事項。 \r\n九、其他有關編纂及圖書管理事項。"
		},
		{
			"number": 2100,
			"content": "資訊室第一科之職掌如下：\r\n一、關於考銓資訊體系之整體規劃、協調、推動事項。\r\n二、關於本院資訊系統之開發設計、輔導及維護事項。\r\n三、關於資訊技術研究及資料庫設計、運用與管理事項。\r\n四、關於套裝軟體、作業系統之評選、維護及管理事項。\r\n五、關於資訊標準之訂定及資訊計畫之研擬與執行事項。\r\n六、關於資訊教育訓練之研擬及執行事項。\r\n七、關於應用系統文件之編撰、維護及管理事項。\r\n八、其他有關應用軟體開發事項。"
		},
		{
			"number": 2200,
			"content": "資訊室第二科之職掌如下：\r\n一、關於資訊設備之採購規劃、安裝及管理事項。\r\n二、關於資訊設備操作及機房環境之管理事項。\r\n三、關於資訊網路之規劃、建立及管理事項。\r\n四、關於資訊檔案管理、機密維護及備援處理事項。\r\n五、關於資訊軟體著作權保護及資訊設備使用效率查核事項。\r\n六、關於資訊作業輸出入資料之彙整及管理事項。\r\n七、其他有關資訊設備管理事項。"
		},
		{
			"number": 2300,
			"content": "機要室之職掌如下：\r\n一、機密文件之撰擬與保管。\r\n二、重要文稿之審核事項。\r\n三、特殊資料之蒐集、保管事項。\r\n四、院長、副院長函電等之擬辦及代見賓客事項。\r\n五、院長、副院長交辦事項。"
		},
		{
			"number": 2400,
			"content": "人事室之職掌如下：\r\n一、關於任免、遷調及俸級之審議事項。\r\n二、關於銓敘案件之擬辦、查催及本院所屬各機關有關人事案件依法核辦\r\n    事項。\r\n三、關於考績、考成之擬辦事項。\r\n四、關於考勤紀錄、獎懲簽擬及人事調查登記、統計事項。\r\n五、關於保險、退休、撫卹案件之辦理事項。\r\n六、關於國內外考銓業務考察之擬辦事項。\r\n七、關於本院員工之訓練進修及福利康樂活動之籌辦事項。\r\n八、關於人事規章之擬訂及檢討修訂事項。\r\n九、關於人力規劃、人員調配之研究及擬辦事項。\r\n十、其他有關人事事項。"
		},
		{
			"number": 2500,
			"content": "會計室之職掌如下：\r\n一、關於預算、決算之籌劃編製事項。\r\n二、關於預算依法流用及保留事項。\r\n三、關於原始憑證之審核事項。\r\n四、關於記帳憑證編製帳務之處理及會計報告表之編製等事項。\r\n五、關於財務上增進效能與減少不經濟支出之研究及建議事項。\r\n六、關於本院所屬機關歲計、會計業務之審核督導事項。\r\n七、其他有關歲計、會計事項。"
		},
		{
			"number": 2600,
			"content": "統計室之職掌如下：\r\n一、關於本院主管（含所屬）與本院單位概算、預算、半年結算及決算之\r\n    審核編製事項。\r\n二、關於本院及所屬預算保留事項。\r\n三、關於本院單位預算執行控制、內部審核及單據憑證送審等考銓統計刊\r\n    物之出版事項。\r\n四、關於統計報告及統計文件之編纂事項。\r\n五、其他有關統計事項。"
		},
		{
			"number": 2700,
			"content": "政風室之職掌如下：\r\n一、關於本院設施安全維護之策劃與推行事項。\r\n二、關於本院員工貪瀆不法之預防、發掘及處理事項。\r\n三、關於本院政風工作之策劃、執行、考核等事項。\r\n四、關於本院公務機密維護事項。\r\n五、關於政風法令之宣導事項。\r\n六、其他有關政風事項。"
		},
		{
			"number": 2701,
			"content": "本院依各機關學校團體駐衛警察設置管理辦法設置駐衛警察隊，負責本院\r\n暨所屬部會安全及秩序之維護。\r\n駐衛警察隊之勤務，由政風室督導。"
		},
		{
			"number": 2800,
			"content": "各處、組、室得因業務繁簡，隨時調整職掌；必要時在法定科數範圍內增\r\n設新科，或以一科兼辦他科事項。"
		},
		{
			"number": 2900,
			"content": "本院業務會報以每月舉行一次為原則，必要時得舉行臨時業務會報，均由\r\n秘書長主持之。"
		},
		{
			"number": 3000,
			"content": "業務會報應出席之人員如下：\r\n一、秘書長。\r\n二、副秘書長。\r\n三、首席參事。\r\n四、秘書處處長。\r\n五、各組組長。\r\n六、各室主任。\r\n七、其他經指定之人員。"
		},
		{
			"number": 3100,
			"content": "業務會報之範圍如下：\r\n一、工作報告。\r\n二、業務聯繫、檢討及改進。\r\n三、各出席人員建議事項。\r\n四、臨時交議事項。"
		},
		{
			"number": 3200,
			"content": "業務會報決定事項，由各單位主管負責執行；關於重大事項之決定，由秘\r\n書長報請院長核可後執行之。"
		},
		{
			"number": 3300,
			"content": "文書收到後，由收發人員點收、送由負責分文人員摘由登錄，依業務性質\r\n，分送各單位辦理。"
		},
		{
			"number": 3400,
			"content": "機密文件應即送秘書長或副秘書長或指定之專責人員拆閱，其註明院長、\r\n副院長、秘書長親啟文件，應即分別陳送，不得拆閱。"
		},
		{
			"number": 3500,
			"content": "本院政令之發布、職員之任免、上行公文、訴願決定書及其他重要公文，\r\n以院長名義行文；一般事務性函件，以本院或秘書長或單位名義行文。"
		},
		{
			"number": 3600,
			"content": "機密公文由秘書長核交秘書或主管單位擬辦。\r\n重要文件由各單位主管人員詳細簽註意見，遞陳核奪；如有關涉之重要法\r\n令例案，並須檢卷附陳。\r\n例行公文由各單位擬稿，遞陳核定。\r\n關涉兩單位以上之文稿，由有關單位會同辦理。"
		},
		{
			"number": 3700,
			"content": "本院各種文稿，均依公文程式條例、機關公文電子交換作業辦法、機關公\r\n文傳真作業辦法、印信條例、檔案法及國家機密保護法辦理。承辦及審核\r\n人，並須簽名，凡有時間性案件應隨到隨辦；如內容較繁或查件過多，不\r\n能如限辦竣者，應事前請准延長之。"
		},
		{
			"number": 3800,
			"content": "文稿核定後，送由秘書處文書科繕正、校對，並由校對員加蓋名章。"
		},
		{
			"number": 3900,
			"content": "文件繕校畢，送由監印人員蓋用印章，並由監印人員加蓋名章，登記後，\r\n送由收發人員封發。"
		},
		{
			"number": 4000,
			"content": "文件封發後，由收發人員將原稿及來文依規定辦理歸檔。"
		},
		{
			"number": 4100,
			"content": "文件歸檔後，如需調閱時，應依規定手續辦理。"
		},
		{
			"number": 4200,
			"content": "本院設訴願審議委員會、法規委員會及研究發展委員會；其組織規程均另\r\n定之。"
		},
		{
			"number": 4300,
			"content": "本規程自發布日施行。"
		}
	]
}