{
	"pcode": "A0020063",
	"type": "命令",
	"title": "中華民國八十八年下半年及八十九年度中央政府總預算附屬單位預算編製辦法",
	"url": "https://law.moj.gov.tw/LawClass/LawAll.aspx?pcode=A0020063",
	"category": [
		"廢止法規",
		"行政院主計處"
	],
	"lastUpdate": "20000324",
	"isDiscarded": true,
	"isTranslated": false,
	"history": [
		"中華民國八十七年十二月二日行政院（87）台孝授字第 10581 號令訂定發布全文 24 條",
		"中華民國八十九年三月二十四日行政院（89）台孝授一字第 06231 號公告發布廢止"
	],
	"divisions": [
		{
			"type": "章",
			"number": 100,
			"title": "總則",
			"start": 100,
			"end": 300
		},
		{
			"type": "章",
			"number": 200,
			"title": "營業基金預算之籌劃、編製及審核",
			"start": 400,
			"end": 1100
		},
		{
			"type": "章",
			"number": 300,
			"title": "非營業基金預算之籌劃、編製及審核",
			"start": 1200,
			"end": 1700
		},
		{
			"type": "章",
			"number": 400,
			"title": "綜計表之編製",
			"start": 1800,
			"end": 2000
		},
		{
			"type": "章",
			"number": 500,
			"title": "附則",
			"start": 2100,
			"end": 2400
		}
	],
	"articles": [
		{
			"number": 100,
			"content": "本辦法依預算法第三十一條及第九十條之規定訂定。\r\n八十八年下半年及八十九年度之預算期間 (以下簡稱本預算期間) ，係自\r\n八十八年七月一日起至八十九年十二月三十一日止。"
		},
		{
			"number": 200,
			"content": "八十八年下半年及八十九年度中央政府總預算附屬單位預算之編製，除法\r\n令另有規定者外，悉照本辦法辦理。\r\n前項附屬單位預算包括營業基金及非營業基金預算二部分 (以下簡稱基金\r\n預算) ，如僅涉營業基金部分，稱營業基金預算；僅涉非營業基金部分，\r\n稱非營業基金預算。\r\n各基金之名稱於預算完成法定程序前，得經行政院核定調整修正。"
		},
		{
			"number": 300,
			"content": "營業基金預算之編製，應依照企業化經營原則，提昇經營績效，除獨佔性\r\n或依政策設置者以追求合理盈餘為目標外，凡具有市場競爭性之事業應以\r\n追求最高盈餘為目標。\r\n非營業基金預算之編製，應以創造最高效益為原則，除應達成基金設置目\r\n的外，應本自給自足原則，設法擴展自償性資金來源，完整回收營運成本\r\n，減少對國庫之依賴。"
		},
		{
			"number": 400,
			"content": "行政院主計處應會同各營業基金主管機關擬訂事業計畫總綱草案，函請行\r\n政院經濟建設委員會提請委員會議審查通過後，簽報行政院核定分行。"
		},
		{
			"number": 500,
			"content": "各營業基金主管機關依照行政院施政方針、預算籌編原則及事業計畫總綱\r\n，擬定其主管範圍內之事業計畫，分別指示所屬營業基金擬訂業務計畫與\r\n預算。\r\n前項事業計畫，應就經營政策、重要投資目標與產銷或營運目標分別訂定\r\n。"
		},
		{
			"number": 600,
			"content": "各營業基金應依下列規定，擬編業務計畫與預算，依規定時間陳報主管機\r\n關：\r\n一、應設置年度計畫與預算審核會議或類似組織，由主持人、各部門主管\r\n    及高級幕僚組成，並儘量邀請熟悉業務之基層人員參加或提供意見。\r\n二、應切實依照主管機關之指示及行政院主計處所定共同項目編列標準辦\r\n    理。\r\n三、有關投資事項，其完成期限超過一年度者，應列明計畫內容、投資總\r\n    額、執行期間及各年度之分配額；依本預算期間之分配額編列本次預\r\n    算。\r\n四、依預算法第八十八條規定，報經核准辦理補辦預算之項目，補辦預算\r\n    時，應於其預算書列明計畫內容與預算金額。\r\n五、轉投資於其他事業，持股比例超過百分之五十者，該被投資事業應編\r\n    製分預算，並以編製合併報表方式併入各該投資營業基金附屬單位預\r\n    算。"
		},
		{
			"number": 700,
			"content": "各營業基金依前條規定擬編之業務計畫與預算，其中屬下列規定項目，並\r\n應分別擬具計畫，依規定時間陳報主管機關：\r\n一、固定資產投資計畫：\r\n (一) 應詳予規劃評估，屬計畫型者，應依「國營事業固定資產投資計畫\r\n      編製評估要點」規定辦理。其中新興計畫應先行製作選擇方案及替\r\n      代方案之成本效益分析，並提供財源籌措及資金運用之說明。\r\n (二) 重要固定資產投資計畫除依「政府重要經建投資計畫先期作業實施\r\n      要點」規定辦理者外，符合下列規定者，亦應比照該要點規定辦理\r\n      ：\r\n      1 新興計畫，列入國家重大經建計畫或其總投資金額在新台幣一○\r\n        ○億元以上者。但不包括營運設施汰換更新計畫。\r\n      2 已奉核定之計畫，因計畫內容部分變更，或因外在因素，致投資\r\n        總額增加超過新台幣二○億元且超過原投資總額百分之二十者。\r\n      3 其他涉及政府重要政策之計畫。\r\n二、資金轉投資計畫，應依「中央政府營業及非營業基金參加民營事業投\r\n    資管理要點」規定辦理。\r\n三、預算員額異動計畫，應依「國營事業機構編報年度預算員額授權原則\r\n    」規定辦理。\r\n四、派員出國計畫，應依「公教人員出國進修研究實習要點」及「公教人\r\n    員申請出國案件審核要點」規定辦理。\r\n五、設置及應用電腦計畫，應依照「各機關設置及應用電腦管理辦法」規\r\n    定辦理。\r\n六、請求國庫現金增資計畫。\r\n七、職技訓練計畫。"
		},
		{
			"number": 800,
			"content": "各營業基金主管機關對所屬基金業務計畫與預算，應切實詳盡審核，對各\r\n項投資計畫應就政策性需要、計畫可行性及效益、計畫內容、投資金額等\r\n詳予評估，確實負審核之責。\r\n前項主管機關審核結果，應依規定時間編具審定數額表及審核意見，連同\r\n主管概算與所屬各基金審定預算相關項目對照表、各基金原送附屬單位預\r\n算及分預算，送行政院主計處。"
		},
		{
			"number": 900,
			"content": "各主管機關對所屬營業基金依第七條規定陳報之項目，應審核加具意見，\r\n依規定時間核轉及副知有關機關：\r\n一、固定資產投資、資金轉投資、派員出國、請求國庫現金增資、設置及\r\n    應用電腦等計畫，應核轉行政院主計處，其中重要固定資產投資計畫\r\n    ，並應核轉行政院經濟建設委員會。\r\n二、預算員額異動計畫，應核轉行政院人事行政局。\r\n三、職技訓練計畫，應核轉行政院勞工委員會。"
		},
		{
			"number": 1000,
			"content": "各先期審議機關應依下列規定辦理：\r\n一、財政部應就各營業基金資本增減、盈虧撥補、固定資產投資計畫等，\r\n    提出書面意見，送行政院主計處。\r\n二、行政院經濟建設委員會應就重要固定資產投資計畫之審議結果，函報\r\n    行政院。\r\n三、行政院人事行政局應就預算員額、待遇及福利暨派員出國計畫中之進\r\n    修、研究、實習項目等，提出書面意見，送行政院主計處。\r\n四、行政院秘書處、研究發展考核委員會應就固定資產投資計畫，提出書\r\n    面意見，送行政院主計處。\r\n五、行政院勞工委員會應就職技訓練計畫，提出書面意見，送行政院主計\r\n    處。"
		},
		{
			"number": 1100,
			"content": "行政院主計處對各營業基金業務計畫與預算，應就各有關機關所提意見彙\r\n核整理，加具意見，邀集各主管機關、行政院秘書處、經濟建設委員會、\r\n研究發展考核委員會、人事行政局、公共工程委員會及財政部等機關舉行\r\n審查會議，並將審查結果提報行政院年度計畫及預算審核會議。"
		},
		{
			"number": 1200,
			"content": "各非營業基金應依下列規定，擬編業務計畫與預算，依規定時間陳報主管\r\n機關：\r\n一、應設置年度計畫與預算審核會議或類似組織，由主持人、各部門主管\r\n    及高級幕僚組成，並儘量邀請熟悉業務之基層人員參加或提供意見。\r\n二、應切實依照主管機關之指示及行政院主計處所定共同項目編列標準辦\r\n    理。\r\n三、有關投資事項，其完成期限超過一年度者，應列明計畫內容、投資總\r\n    額、執行期間及各年度之分配額；依本預算期間之分配額編列本次預\r\n    算。\r\n四、依預算法第八十八條規定，報經核准辦理補辦預算之項目，補辦預算\r\n    時，應於其預算書列明計畫內容與預算金額。\r\n五、所屬各基金應編製分預算；另轉投資於其他事業持股比例超過百分之\r\n    五十者，該被投資事業亦應編製分預算。均併入各該基金附屬單位預\r\n    算表達。"
		},
		{
			"number": 1300,
			"content": "各非營業基金依前條規定擬編之業務計畫與預算，其中屬下列規定項目，\r\n並應分別擬具計畫，依規定時間陳報主管機關：\r\n一、固定資產投資計畫：\r\n (一) 應詳予規劃評估，屬計畫型者，應參照「國營事業固定資產投資計\r\n      畫編製評估要點」規定辦理。其中新興計畫應先行製作選擇方案及\r\n      替代方案之成本效益分析，並提供財源籌措及資金運用之說明。\r\n (二) 重要經建投資計畫應依「政府重要經建投資計畫先期作業實施要點\r\n      」規定辦理。\r\n二、科技發展計畫，應依「政府科技計畫先期作業實施要點」規定辦理。\r\n三、重要行政計畫，應依「行政院重要行政計畫先期作業實施要點」規定\r\n    辦理。\r\n四、資金轉投資計畫，應依「中央政府營業及非營業基金參加民營事業投\r\n    資管理要點」規定辦理。\r\n五、派員出國計畫，應依「公教人員出國進修研究實習要點」及「公教人\r\n    員申請出國案件審核要點」規定辦理。\r\n六、設置及應用電腦計畫，應依照「各機關設置及應用電腦管理辦法」辦\r\n    理。\r\n七、預算員額異動計畫。\r\n八、長期債務之舉借及償還計畫。\r\n九、請求國庫現金增撥基金計畫。\r\n十、職技訓練計畫。\r\n十一、購置科學儀器計畫。\r\n各非營業基金重要經建投資計畫、重要行政計畫及科技發展計畫以外之公\r\n共工程及各類房屋建築項目在新台幣五、○○○萬元以上者，應由各基金\r\n或其主管機關送行政院公共工程委員會。"
		},
		{
			"number": 1400,
			"content": "各非營業基金主管機關對所屬基金業務計畫與預算，應切實詳盡審核，對\r\n各項投資計畫應就政策性需要、計畫可行性及效益、計畫內容、投資金額\r\n等詳予評估，確實負審核之責。\r\n前項主管機關審核結果，應依規定時間編具審定數額表及審核意見，連同\r\n主管概算與所屬各基金審定預算相關項目對照表、各基金原送附屬單位預\r\n算及分預算，送行政院主計處。"
		},
		{
			"number": 1500,
			"content": "各主管機關對於所屬非營業基金依第十三條規定陳報之項目，應審核加具\r\n意見，依規定時間核轉及副知各有關機關：\r\n一、固定資產投資、資金轉投資、長期債務舉借及償還、請求國庫現金增\r\n    撥基金、設置及應用電腦等計畫，應核轉行政院主計處，其中重要經\r\n    建投資計畫，並應核轉行政院經濟建設委員會。\r\n二、科技發展計畫，應核轉行政院國家科學委員會。\r\n三、重要行政計畫，應核轉行政院研究發展考核委員會。\r\n四、派員出國計畫，應核轉行政院秘書處。\r\n五、預算員額異動計畫，應核轉行政院人事行政局。\r\n六、職技訓練計畫，應核轉行政院勞工委員會。\r\n七、購置科學儀器計畫，應核轉行政院國家科學委員會。"
		},
		{
			"number": 1600,
			"content": "各先期審議機關應依下列規定辦理：\r\n一、財政部應就各非營業基金之基金增減、餘絀撥補、固定資產投資、長\r\n    期債務舉借及償還計畫等，提出書面意見，送行政院主計處。\r\n二、行政院經濟建設委員會、國家科學委員會及研究發展考核委員會，應\r\n    分別就重要經建投資計畫、科技計畫及重要行政計畫之審議結果，函\r\n    報行政院。\r\n三、行政院秘書處應就固定資產投資、派員出國、長期債務之舉借及償還\r\n    計畫，研究發展考核委員會應就固定資產投資計畫，提出書面意見，\r\n    送行政院主計處。\r\n四、行政院人事行政局應就預算員額異動計畫，行政院勞工委員會應就職\r\n    技訓練計畫，提出書面意見，送行政院主計處。\r\n五、行政院公共工程委員會應就重要經建投資計畫、重要行政計畫及科技\r\n    計畫以外之公共工程及各類房屋建築項目，提出書面意見，送行政院\r\n    主計處。"
		},
		{
			"number": 1700,
			"content": "行政院主計處對各非營業基金業務計畫與預算，應就各有關機關所提意見\r\n彙核整理，加具意見，邀集各非營業基金主管機關、行政院秘書處、經濟\r\n建設委員會、公共工程委員會、研究發展考核委員會、財政部等機關舉行\r\n審查會議，並將審查結果提報行政院年度計畫及預算審核會議。"
		},
		{
			"number": 1800,
			"content": "行政院主計處應依據行政院年度計畫及預算審核會議審查結果，彙案編成\r\n中央政府總預算案附屬單位預算綜計表 (分為營業及非營業二部分) ，連\r\n同各附屬單位預算，隨同中央政府總預算案簽報行政院提出行政院會議通\r\n過後，依規定時間提出立法院審議。"
		},
		{
			"number": 1900,
			"content": "各基金應切實依行政院核定預算數及規定之書表格式改編各該附屬單位預\r\n算並詳予核對，同時應注意與行政院編預算綜計表勾稽相符，確實無訛。"
		},
		{
			"number": 2000,
			"content": "各基金投資其他事業及捐助財團法人者，應由各主管機關彙整各該事業及\r\n財團法人之營運及資金運用計畫，送立法院。"
		},
		{
			"number": 2100,
			"content": "附屬單位預算編製日程表、預算科目及書表格式，由行政院主計處定之。"
		},
		{
			"number": 2200,
			"content": "各附屬單位預算，除依行政程序層轉之正本應蓋用印信外，其由各基金分\r\n送有關機關之副本及複本一律免蓋印信。"
		},
		{
			"number": 2300,
			"content": "附屬單位預算之分預算編製，準用本辦法之規定。"
		},
		{
			"number": 2400,
			"content": "本辦法自發布日施行，施行期間至本次附屬單位預算完成法定程序之日止\r\n。"
		}
	]
}