{
	"pcode": "A0020189",
	"type": "命令",
	"title": "公務員懲戒委員會分科分股及兼任免兼辦法",
	"url": "https://law.moj.gov.tw/LawClass/LawAll.aspx?pcode=A0020189",
	"lastUpdate": "20160314",
	"isTranslated": false,
	"history": [
		"中華民國一百零五年三月十四日司法院院台廳司一字第 1050007091 號令訂定發布全文 6 條；並自中華民國一百零四年五月六日修正公布之公務員懲戒委員會組織法施行之日施行中華民國一百零五年三月十四日司法院院台廳司一字第 1050007087 號令發布「公務員懲戒委員會組織法」定自一百零五年五月二日施行"
	],
	"divisions": [],
	"articles": [
		{
			"number": 100,
			"content": "本辦法依公務員懲戒委員會組織法（以下簡稱本法）第六條第二項規定訂\r\n定之。"
		},
		{
			"number": 200,
			"content": "公務員懲戒委員會(以下簡稱本會)書記廳得分科辦事；各科視業務需要，\r\n並得分股辦事。"
		},
		{
			"number": 300,
			"content": "書記廳各科依下列標準分置股長： \r\n一、紀錄科：每二庭得置股長一人。但每一股長所屬書記官不得少於四人\r\n    。各庭書記官在六人以上者，亦得置股長一人。\r\n二、文書科、資料科、研究發展考核科、訴訟輔導科及總務科屬員在六人\r\n    以上且業務繁重者，得分股辦事。每一股長所屬書記官及錄事不得少\r\n    於四人。\r\n各科因業務繁重，依前項規定得分股辦事者，最高以五股為限。"
		},
		{
			"number": 400,
			"content": "各科得設置科長、股長人數，如有增減，應於每年四月底前陳報司法院。"
		},
		{
			"number": 500,
			"content": "有關科長、股長之兼任、免兼事項，依據公務人員任用法、公務人員陞遷\r\n法、司法院及所屬機關陞遷序列表等相關規定辦理。"
		},
		{
			"number": 600,
			"content": "本辦法自中華民國一百零四年五月六日修正公布之本法施行之日施行。"
		}
	]
}