{
	"pcode": "A0030051",
	"type": "命令",
	"title": "行政院聘任人員辦法",
	"url": "https://law.moj.gov.tw/LawClass/LawAll.aspx?pcode=A0030051",
	"category": [
		"廢止法規",
		"行政院"
	],
	"lastUpdate": "20131121",
	"isDiscarded": true,
	"isTranslated": false,
	"history": [
		"中華民國三十四年八月十八日國民政府處字第 285 號指令准備案",
		"中華民國一百零二年十一月二十一日行政院院臺人字第 1020152611 號令發布廢止"
	],
	"divisions": [],
	"articles": [
		{
			"number": 100,
			"content": "行政院院長為統籌大計，翊贊國是，得聘政務顧問。"
		},
		{
			"number": 200,
			"content": "政務顧問以具有左列資格之一者充之。\r\n一、曾任特任官於國家行政設施創建有特殊貢獻者。\r\n二、曾任地方最高行政長官治績優良者。\r\n三、聲望卓著才識閎通堪資匡濟者。"
		},
		{
			"number": 300,
			"content": "行政院院長認為有必要時，得指定政務顧問列席行院會議或召集政務顧問\r\n會議。\r\n政務顧問對於政治上重要設施，得提出意見，建議於行政院院長。"
		},
		{
			"number": 400,
			"content": "行政院院長為增進建設，襄助治理，得聘任技術顧問、參議及諮議。"
		},
		{
			"number": 500,
			"content": "技術顧問以具有高深技術學識經驗聲譽卓著或於建設事業計劃有特殊貢獻\r\n者充之。\r\n建設事業之設計及考核，得由行政院院長指派技術顧問任之。"
		},
		{
			"number": 600,
			"content": "參議以政治學識具有特長或曾任政府高級職務或致力社會事業著有成績者\r\n充之。\r\n有關行政之重要事項或問題，行政院院長得交由參議審議調查或研究。"
		},
		{
			"number": 700,
			"content": "諮議以在行政機關服務或從事社會事業成績優良者充之。\r\n諮議備行政院院長之諮詢或秉承行政院院長之命，辦理行政事務或研究指\r\n定之問題。"
		},
		{
			"number": 800,
			"content": "行政院院長得指派參議或諮議在本院各處會辦事。"
		},
		{
			"number": 900,
			"content": "聘任人員不得兼任其他官職。"
		},
		{
			"number": 1000,
			"content": "聘任人員得酌給公費。"
		},
		{
			"number": 1100,
			"content": "行政院院長更迭時，舊有聘任人員除有契約規定者外，即隨同解聘。"
		},
		{
			"number": 1200,
			"content": "技術顧問及參議諮議之任期，除有契約規定者外以一年為限，期滿得續聘\r\n之。"
		},
		{
			"number": 1300,
			"content": "本辦法自公布之日施行。"
		}
	]
}