{
	"pcode": "A0030113",
	"type": "命令",
	"title": "九二一震災社區重建更新基金收支保管及運用辦法",
	"url": "https://law.moj.gov.tw/LawClass/LawAll.aspx?pcode=A0030113",
	"category": [
		"廢止法規",
		"行政院"
	],
	"lastUpdate": "20070108",
	"isDiscarded": true,
	"isTranslated": false,
	"history": [
		"中華民國八十九年九月十八日行政院（89）台孝授二字第 14126 號令訂定發布全文 13 條；並自九十年一月一日起施行",
		"中華民國九十年三月十六日行政院（90）台孝授二字第 02514 號令修正發布全文 17 條；並自發布日起實施",
		"中華民國九十二年五月十二日行政院院授主實一字第 092002458 號令修正發布第 5 條條文",
		"中華民國九十四年六月十四日行政院院授主實一字第 0940004424A 號令修正發布第 6、8～10、15 條條文；並刪除第 2 條條文",
		"中華民國九十六年一月八日行政院院授主忠七字第 0960000054A 號令發布廢止"
	],
	"divisions": [],
	"articles": [
		{
			"number": 100,
			"content": "為配合災區重建，特依九二一震災重建暫行條例 (以下簡稱本條例) 第七\r\n十條第一項規定，設置九二一震災社區重建更新基金 (以下簡稱本基金)\r\n，並依同條第三項及預算法第二十一條規定，訂定本辦法。"
		},
		{
			"number": 200,
			"content": "（刪除）"
		},
		{
			"number": 300,
			"content": "本基金為預算法第四條第一項第二款所定之特種基金，編製附屬單位預算\r\n，以行政院為主管機關。"
		},
		{
			"number": 400,
			"content": "本基金之來源如下：\r\n一、中央政府循預算程序之撥入款。\r\n二、民間捐贈收入。\r\n三、融資利息收入。\r\n四、本基金之孳息收入。\r\n五、投資開發、更新社區之收益。\r\n六、其他經行政院核定撥入之款項。\r\n前項第二款之收入，應全數用於九二一震災社區重建。"
		},
		{
			"number": 500,
			"content": "本基金之用途如下：                                              \r\n一、補助災區社區開發、更新規劃設計費。                          \r\n二、撥貸辦理災區社區開發、更新地區內土地取得及地上物拆遷補償，並\r\n    得補助必要性公共設施之用地取得、地上物拆遷補償及工程經費。  \r\n三、撥貸辦理災區社區開發、更新地區開發興建。                    \r\n四、投資社區開發、更新有關重要事業或計畫。                      \r\n五、補助災區個別建築物重建規劃設計費。                          \r\n六、撥貸辦理災區個別住宅重建。                                  \r\n七、補助政府依本條例第二十三條第六項規定辦理所需之費用。        \r\n八、重建推動委員會所需之經費。                                  \r\n九、生活重建相關事項。                                          \r\n十、文化資產之修復。                                          \r\n十一、低收入戶創業融資貸款之利息補貼。                          \r\n十二、受讓公寓大廈區分所有權人產權貸款之利息補貼。              \r\n十三、依本條例第五十三條第五項規定辦理之利息補貼。              \r\n十四、因震災毀損有爭議之建築物，經依本條例第十七條之一第七項所為\r\n      之鑑定，或提起民、刑事訴訟之鑑定費用補助。                \r\n十五、管理及總務支出。                                          \r\n十六、其他有關支出。"
		},
		{
			"number": 600,
			"content": "本基金之收支、保管及運用，應設九二一震災社區重建更新基金管理會 (\r\n以下簡稱本會) ，置委員十九人，其中一人為召集人，一人為副召集人，\r\n分別由行政院院長指派人員兼任之；其餘委員，由下列機關指派代表組成\r\n之：\r\n一、行政院秘書處一人。\r\n二、行政院主計處一人。\r\n三、行政院經濟建設委員會一人。\r\n四、行政院研究發展考核委員會一人。\r\n五、內政部三人。\r\n六、財政部一人。\r\n七、中央銀行一人。\r\n八、教育部一人。\r\n九、行政院文化建設委員會一人。\r\n十、行政院衛生署一人。\r\n十一、行政院農業委員會一人。\r\n十二、行政院勞工委員會一人。\r\n十三、行政院原住民族委員會一人。\r\n十四、行政院公共工程委員會一人\r\n十五、行政院金融監督管理委員會一人。"
		},
		{
			"number": 700,
			"content": "本會之任務如下：\r\n一、本基金收支、保管及運用之審議。\r\n二、本基金年度預算及決算之審議。\r\n三、本基金運用執行情形之考核。\r\n四、其他有關事項。"
		},
		{
			"number": 800,
			"content": "本會置執行秘書一人，組長三人至五人，組員若干人，均由召集人就行政\r\n院九二一震災災後重建推動委員會及其他相關機關現職人員派 (聘) 兼之\r\n。"
		},
		{
			"number": 900,
			"content": "本會每二個月開會一次，必要時得召開臨時會議，均由召集人召集之；召\r\n集人因故不能出席時，由副召集人代理之，副召集人亦不能出席時，由出\r\n席委員互推一人代理之。"
		},
		{
			"number": 1000,
			"content": "本會委員及派兼人員均為無給職。"
		},
		{
			"number": 1100,
			"content": "本基金之保管及運用應注重效率性及安全性，其存儲並應依國庫法及其相\r\n關法令規定辦理。"
		},
		{
			"number": 1200,
			"content": "本基金為應業務需要，得購買政府公債、國庫券或其他短期票券。"
		},
		{
			"number": 1300,
			"content": "本基金有關預算編製與執行及決算編造，應依預算法、會計法、決算法、\r\n審計法及相關法令規定辦理。"
		},
		{
			"number": 1400,
			"content": "本基金會計事務之處理，應依規定訂定會計制度。"
		},
		{
			"number": 1500,
			"content": "本基金年度決算如有賸餘，以累積賸餘處理。"
		},
		{
			"number": 1600,
			"content": "本基金於本條例施行期限結束時裁撤之，結束時應予結算，除第四條第一\r\n項第二款規定民間捐贈收入之賸餘款外，其餘存權益應解繳國庫；存續業\r\n務，由行政院指定相關機關接辦。"
		},
		{
			"number": 1700,
			"content": "本辦法自中華民國九十年一月一日施行。\r\n本辦法修正條文自發布日施行。"
		}
	]
}