{
	"pcode": "A0030009",
	"type": "命令",
	"title": "勳章遺失補發辦法",
	"url": "https://law.moj.gov.tw/LawClass/LawAll.aspx?pcode=A0030009",
	"category": [
		"行政",
		"行政院人事行政總處",
		"培訓考用目"
	],
	"lastUpdate": "19820324",
	"isTranslated": false,
	"history": [
		"中華民國四十八年一月十日行政院訂定發布",
		"中華民國四十八年九月五日行政院令修正發布第 2、5 條條文",
		"中華民國七十一年三月二十四日行政院（71）台人政參字第 6006 號令修正發布全文 8 條"
	],
	"divisions": [],
	"articles": [
		{
			"number": 100,
			"content": "本辦法依勳章條例施行細則第二十三條訂定之。"
		},
		{
			"number": 200,
			"content": "勳章如有遺失，得由受領人聲敘理由，函請原請授勳機關轉請總統府補發\r\n；但已停頒者，不再補發。\r\n勳章證書如有遺失，得依前列手續轉請補發。"
		},
		{
			"number": 300,
			"content": "前條原請授勳機關現已不存在者，以接管原請勳機關業務之主管院部會為\r\n轉請機關。"
		},
		{
			"number": 400,
			"content": "補發勳章應照補發時製作成本計算應收取之費用，於核定補發時通知受領\r\n人照繳。\r\n前項規定於外國人不適用之。"
		},
		{
			"number": 500,
			"content": "依照前條規定所收之費用，解繳國庫。"
		},
		{
			"number": 600,
			"content": "遺失之勳章或證書查獲時，應立即呈報註銷。"
		},
		{
			"number": 700,
			"content": "陸海空軍各種勳獎章及證書或執照之補發，比照本辦法辦理。\r\n國防部核定補發之勳章，應列冊函送總統府備查。"
		},
		{
			"number": 800,
			"content": "本辦法自發布日施行。"
		}
	]
}