{
	"pcode": "A0030125",
	"type": "命令",
	"title": "行政院公營事業民營化基金提撥運用辦法",
	"url": "https://law.moj.gov.tw/LawClass/LawAll.aspx?pcode=A0030125",
	"category": [
		"行政",
		"財政部",
		"國庫目"
	],
	"lastUpdate": "20180226",
	"isTranslated": true,
	"english": "Regulations Governing Appropriation and Use of the Fund for Privatization of Government-owned Enterprises under the Executive Yuan",
	"history": [
		"中華民國九十年八月二十八日行政院（90）台孝援三字第 06845 號令訂定發布全文 13 條",
		"中華民國九十二年十二月十六日行政院院授主孝一字第 0920007832 號令修正發布第 4、5、11 條條文；並刪除第 2 條條文",
		"中華民國九十六年一月二日行政院院授主孝一字第 0950007846A 號令修正發布第 4、5 條條文",
		"中華民國九十六年十二月二十七日行政院院授主孝一字第 0960007540A 號令修正發布第 6 條條文",
		"中華民國一百零七年二月二十六日行政院院授主基營字第 1070200229A 號令修正發布第 5、7、11 條條文"
	],
	"divisions": [],
	"articles": [
		{
			"number": 100,
			"content": "為配合公營事業移轉民營，特設置行政院公營事業民營化基金 (以下簡稱\r\n本基金) ，並依公營事業移轉民營條例 (以下簡稱本條例) 第十五條第二\r\n項及預算法第二十一條規定，訂定本辦法。"
		},
		{
			"number": 200,
			"content": "（刪除）"
		},
		{
			"number": 300,
			"content": "本基金為預算法第四條第一項第二款所定之特種基金，編製附屬單位預算\r\n，以行政院為主管機關，財政部為管理機關。"
		},
		{
			"number": 400,
			"content": "本基金之來源如下：\r\n一、政府循預算程序之撥款。\r\n二、公營事業移轉民營及出售政府資本未超過百分之五十之事業公股股份\r\n    ，政府所得資金經行政院核定之撥入款。\r\n三、財務艱困事業移轉民營或結束營業時，受本基金支應者，其於辦理清\r\n    算時，政府可得之款項。\r\n四、財務艱困事業移轉民營時，受本基金支應者，其已依本條例領取公保\r\n    、勞保補償金之從業人員，再參加各該保險並請領養老或老年給付時\r\n    ，繳還原請領之補償金。\r\n五、其他有關收入。"
		},
		{
			"number": 500,
			"content": "本基金之用途如下：\r\n一、支應本條例第八條第六項規定之加發六個月薪給與補償各項損失之費\r\n    用及政府負擔之民營化所需支出。\r\n二、支應財務艱困事業不足支付移轉民營之給與支出。\r\n三、支應財務艱困事業不足支付移轉民營前辦理專案裁減人員或結束營業\r\n    時之給與支出。\r\n四、供政府資本計畫支出。\r\n五、管理及總務支出。\r\n前項第一款支出，應由移轉民營事業主管機關或公股股權管理機關，依本\r\n條例施行細則規定，報本基金辦理撥付。\r\n第一項第二款及第三款支出，應先由移轉民營事業主管機關認可，報請行\r\n政院核准後，轉本基金辦理撥付。\r\n行政院於核准前項支出時，得附加財務艱困事業辦理清算如有賸餘財產，\r\n應於分派股東前優先繳還本基金之條件。"
		},
		{
			"number": 600,
			"content": "本基金為支應前條第一項各款用途，得在當年度釋股收入預算及以前年度\r\n釋股收入預算保留合計數額內，向金融機構或其他基金專戶舉借資金配合\r\n運用。"
		},
		{
			"number": 700,
			"content": "本基金之保管及運用應注重收益性及安全性，其存儲並應依公庫法及其相\r\n關法令規定辦理。"
		},
		{
			"number": 800,
			"content": "本基金為應業務需要，得購買政府公債、國庫券或其他短期票券。"
		},
		{
			"number": 900,
			"content": "本基金有關預算編製與執行及決算編造，應依預算法、會計法、決算法、\r\n審計法及相關法令規定辦理。"
		},
		{
			"number": 1000,
			"content": "本基金會計事務之處理，應依規定訂定會計制度。"
		},
		{
			"number": 1100,
			"content": "本基金年度決算如有賸餘，應依規定辦理分配。"
		},
		{
			"number": 1200,
			"content": "本基金結束時，應予結算，其餘存權益應解繳國庫。"
		},
		{
			"number": 1300,
			"content": "本辦法自發布日施行。"
		}
	]
}