{
	"pcode": "A0030115",
	"type": "命令",
	"title": "國家檔案局籌備處暫行組織規程",
	"url": "https://law.moj.gov.tw/LawClass/LawAll.aspx?pcode=A0030115",
	"category": [
		"廢止法規",
		"行政院研究發展考核委員會"
	],
	"lastUpdate": "20020102",
	"isDiscarded": true,
	"isTranslated": false,
	"history": [
		"中華民國八十九年二月三日行政院研究發展考核委員會（89）會綜字第 00684 號令訂定發布全文 12 條；並自發布日起施行",
		"中華民國九十一年一月二日行政院研究發展考核委員會會人字第 09100000401 號令發布廢止"
	],
	"divisions": [],
	"articles": [
		{
			"number": 100,
			"content": "行政院研究發展考核委員會 (以下簡稱本會) 為籌設國家檔案局，以統籌\r\n規劃政府機關檔案管理事務，促進檔案公開運用，發揮檔案功能，特設國\r\n家檔案局籌備處 (以下簡稱本處) 。"
		},
		{
			"number": 200,
			"content": "本處掌理事項如下：\r\n一、關於檔案管理之研究及規劃事項。\r\n二、關於國家檔案局籌設之規劃及執行事項。\r\n三、關於國家檔案管理法規之研擬事項。\r\n四、關於檔案管理資訊系統之建置事項。\r\n五、關於國家檔案局機關用地、建築設備之規劃及興辦事項。\r\n六、其他有關國家檔案局籌設事項。"
		},
		{
			"number": 300,
			"content": "本處設企劃、檔案管理、典藏技術、資訊及行政院管理五組，分別掌理前\r\n條所列事項。\r\n前項各組，必要時得分科辦事。"
		},
		{
			"number": 400,
			"content": "本處置主任一人，承本會主任委員之命，綜理處務，並指揮監督所屬人員\r\n；副主任二人，襄助主任處理處務。"
		},
		{
			"number": 500,
			"content": "本處置組長、高級分析師、專門委員、科長、分析師、技正、編審、專員\r\n、設計師、管理師、技士、組員、助理設計師、助理管理師、辦事員。"
		},
		{
			"number": 600,
			"content": "本處設人事室，置主任，依法辦理人事管理事項。"
		},
		{
			"number": 700,
			"content": "本處設會計室，置會計主任，依法辦理歲計、會計及統計事項。"
		},
		{
			"number": 800,
			"content": "本處為應業務需要，得聘請學者、專家為顧問，必要時得設各種委員會。\r\n前項顧問及委員會之委員，均為無給職。"
		},
		{
			"number": 900,
			"content": "本處為應業務需要，得報請行政院核准，聘用研究人員。"
		},
		{
			"number": 1000,
			"content": "本規程所列各職稱之官等及員額，另以編制表定之。\r\n\r\n國家檔案局籌備處編制表\r\n┌──────┬─────┬───┬─────────────┐\r\n│職        稱│官      等│員  額│備                      考│\r\n├──────┼─────┼───┼─────────────┤\r\n│主任        │簡任      │一    │一  本職稱之職等在「甲、中│\r\n│            │          │      │    央機關職務列等表之十二│\r\n│            │          │      │    」未規定前，暫以簡任第│\r\n│            │          │      │    十三職等辦理。        │\r\n│            │          │      │二  必要時得依「教育人員任│\r\n│            │          │      │    用條例」聘任之。      │\r\n├──────┼─────┼───┼─────────────┤\r\n│副主任      │簡任      │二    │一  本職稱之職等在「甲、中│\r\n│            │          │      │    央機關職務列等表之十二│\r\n│            │          │      │    」未規定前，暫以簡任第│\r\n│            │          │      │    十二職等辦理。        │\r\n│            │          │      │二  必要時得依「教育人員任│\r\n│            │          │      │    用條例」聘任之。      │\r\n├──────┼─────┼───┼─────────────┤\r\n│組長        │          │ (五) │企劃組、檔案管理組、典藏技│\r\n│            │          │      │術組、行政管理組等四組組長│\r\n│            │          │      │由專門委員兼任；資訊組組長│\r\n│            │          │      │由高級分析師兼任。        │\r\n├──────┼─────┼───┼─────────────┤\r\n│高級分析師  │薦任至簡任│一    │                          │\r\n├──────┼─────┼───┼─────────────┤\r\n│專門委員    │薦任至簡任│六    │                          │\r\n├──────┼─────┼───┼─────────────┤\r\n│科長        │薦任      │一○  │                          │\r\n├──────┼─────┼───┼─────────────┤\r\n│分析師      │薦任      │二    │                          │\r\n├──────┼─────┼───┼─────────────┤\r\n│技正        │薦任      │二    │                          │\r\n├──────┼─────┼───┼─────────────┤\r\n│編審        │薦任      │七    │                          │\r\n├──────┼─────┼───┼─────────────┤\r\n│專員        │薦任      │一四  │                          │\r\n├──────┼─────┼───┼─────────────┤\r\n│設計師      │薦任      │二    │                          │\r\n├──────┼─────┼───┼─────────────┤\r\n│管理師      │薦任      │二    │                          │\r\n├──────┼─────┼───┼─────────────┤\r\n│技士        │委任或薦任│二    │                          │\r\n├──────┼─────┼───┼─────────────┤\r\n│組員        │委任或薦任│九    │                          │\r\n├──────┼─────┼───┼─────────────┤\r\n│助理設計師  │委任      │一    │得列薦任 (係由本職稱一人與│\r\n│            │          │      │助理管理師職稱一人，合併計│\r\n│            │          │      │給) 。                    │\r\n├──────┼─────┼───┼─────────────┤\r\n│助理管理師  │委任      │一    │                          │\r\n├──────┼─────┼───┼─────────────┤\r\n│辦事員      │委任      │一    │                          │\r\n├─┬────┼─────┼───┼─────────────┤\r\n│人│主任    │薦任      │一    │                          │\r\n│事│        │          │      │                          │\r\n│室│        │          │      │                          │\r\n├─┼────┼─────┼───┼─────────────┤\r\n│會│會計主任│薦任      │一    │                          │\r\n│計│        │          │      │                          │\r\n│室│        │          │      │                          │\r\n├─┴────┼─────┼───┼─────────────┤\r\n│合計        │          │六五  │                          │\r\n│            │          │ (五) │                          │\r\n└──────┴─────┴───┴─────────────┘\r\n附註：本編制表各職稱之職等，應適用「甲、中央機關職務列等表之十二\r\n      」之規定；該職務列等表修正亦同。"
		},
		{
			"number": 1100,
			"content": "本處於國家檔案局成立時裁撤之。"
		},
		{
			"number": 1200,
			"content": "本規程自發布日施行。"
		}
	]
}