{
	"pcode": "A0030147",
	"type": "命令",
	"title": "立法院國會外交事務經費使用暫行辦法",
	"url": "https://law.moj.gov.tw/LawClass/LawAll.aspx?pcode=A0030147",
	"category": [
		"立法"
	],
	"lastUpdate": "20001123",
	"isTranslated": false,
	"history": [
		"",
		"中華民國八十九年十一月二十三日立法院院長核定修正發布全文 6 條"
	],
	"divisions": [],
	"articles": [
		{
			"number": 100,
			"content": "立法院 (以下簡稱本院) 為加強與各國國會交流，並有效使用國會外交事\r\n務經費 (以下簡稱本經費) ，特訂定本暫行辦法。"
		},
		{
			"number": 200,
			"content": "本院院長、副院長及委員於左列情形之一者，得動支本經費：\r\n一、院長、副院長率團出國訪問考察推動國會外交者。\r\n二、委員出國訪問考察推動國會外交者。但委員五人以上組團出國者，得\r\n    指派秘書一人隨行。\r\n三、院長、副院長及委員邀請外國國會議長、副議長、議員至我國訪問者\r\n    。但委員邀請應六人以上連署為之。"
		},
		{
			"number": 300,
			"content": "委員於每屆任內，依第二條第二款規定出國訪問之經費，每人每會期各乙\r\n次，均在當年度所列預算範圍內辦理。"
		},
		{
			"number": 400,
			"content": "動支本經費應於當年度核銷，並依左列情形之一者辦理：\r\n一、委員出國訪問考察返國後，應檢具出入國境證明文件影印本、飛機票\r\n    票根送秘書處辦理核銷。\r\n二、院長、副院長率團出國訪問考察返國後，或邀請外國國會議長、副議\r\n    長、議員至我國訪問於貴賓離華後，由秘書處檢具原始憑證辦理核銷\r\n    。\r\n前項經費核銷，為配合會計年度結束作業，最遲應於次年一月十日前送秘\r\n書處辦理。"
		},
		{
			"number": 500,
			"content": "本暫行辦法經院長核定後施行。"
		},
		{
			"number": 600,
			"content": "本暫行辦法於立法院國會外交事務經費使用辦法經院會通過後失效。"
		}
	]
}