{
	"pcode": "A0030170",
	"type": "命令",
	"title": "法庭旁聽規則",
	"url": "https://law.moj.gov.tw/LawClass/LawAll.aspx?pcode=A0030170",
	"category": [
		"司法",
		"院本部",
		"司法行政目"
	],
	"lastUpdate": "20160314",
	"isTranslated": true,
	"english": "Regulations of Court Audience",
	"history": [
		"中華民國七十年一月十六日司法院（70）院台廳四字第 01198 號令訂定發布全文 9 條；並自發布日施行",
		"中華民國七十五年四月三十日司法院（75）院台廳四字第 03229 號函修正發布第 7 條條文",
		"中華民國七十六年十二月十日司法院（76）院台廳四字第 06806 號令修正發布全文 11 條；並自發布日施行",
		"中華民國七十九年一月十一日司法院（79）院台廳四字第 01144 號令修正發布全文 12 條；並自發布日施行",
		"中華民國八十一年三月七日司法院（81）院台廳四字第 03054 號令修正發布第 2、3、4、6 條條文",
		"中華民國九十三年十月十九日司法院院台廳司一字第 0930025711 號令修正發布第 6、7 條條文",
		"中華民國九十七年一月四日司法院院台廳司一字第 0970000047 號令修正發布第 1、6、7、9 條條文",
		"中華民國一百零五年三月十四日司法院院台廳司一字第 1050007095 號令修正發布第 1、6、7、9、12 條條文；並自一百零五年五月二日施行"
	],
	"divisions": [],
	"articles": [
		{
			"number": 100,
			"content": "本規則依法院組織法第八十四條第五項、行政法院組織法第四十五條、公\r\n務員懲戒委員會組織法第二十二條、智慧財產法院組織法第三十條第二項\r\n、少年及家事法院組織法第三十七條第二項規定訂定之。"
		},
		{
			"number": 200,
			"content": "法庭應設旁聽席，並得編訂席位號次，除依法禁止旁聽者外，均許旁聽。"
		},
		{
			"number": 300,
			"content": "法院為維持法庭秩序，於必要時得斟酌法庭旁聽席位之多寡核發旁聽證。\r\n法院決定核發旁聽證之法庭，無旁聽證者不得進入法庭旁聽。\r\n旁聽證應依請求旁聽者登記之先後次序核發之。旁聽席如有空位，得隨時\r\n核發旁聽證。\r\n核發旁聽證時，應命請求旁聽者提交國民身分證或其他證明文件查驗，並\r\n得登記姓名、住所備查。所提證件於交還旁聽證時發還之。\r\n法院核發旁聽證者，得規定旁聽人應於開庭前十分鐘進入法庭，依序就坐\r\n。"
		},
		{
			"number": 400,
			"content": "法庭得設記者旁聽席，專供記者旁聽。"
		},
		{
			"number": 500,
			"content": "旁聽人出入法庭及在庭旁聽，應受審判長及其他在法庭執行職務人員所為\r\n有關維持法庭秩序之指示。"
		},
		{
			"number": 600,
			"content": "有下列情形之一者，不論有無旁聽證，均禁止旁聽：\r\n一、酒醉、施用毒品或其他管制藥品、迷幻藥，或精神狀態異常。\r\n二、攜帶槍砲、彈藥、刀械等有危險性或其他不適在法庭持有之物品。\r\n三、未經審判長許可而攜帶攝影、錄影、錄音器材。但攜帶具有上開功能\r\n    之電子機具已關閉電源，或調整為靜音、震動模式者，不在此限。\r\n四、攜同未滿十歲之兒童旁聽。但經審判長許可者，不在此限。\r\n五、奇裝異服或衣履不整。\r\n六、拒絕安全檢查。\r\n七、其他認為有擾亂法庭秩序或影響法庭莊嚴之虞。"
		},
		{
			"number": 700,
			"content": "旁聽人在法庭旁聽，應保持肅靜，並不得有下列行為：\r\n一、大聲交談、鼓掌、喧嘩。\r\n二、向法庭攝影、錄影、錄音。但經審判長許可者，不在此限。\r\n三、吸煙或飲食物品。\r\n四、對於在庭執行職務人員或訴訟關係人等加以批評、嘲笑或有其他類似\r\n    之行為。\r\n五、其他妨害法庭秩序或不當之行為。"
		},
		{
			"number": 800,
			"content": "審判長蒞庭及宣示判決時，在法庭之人均應起立。"
		},
		{
			"number": 900,
			"content": "旁聽人有妨害法庭秩序或其他不當行為者，審判長得依法禁止其進入法庭\r\n或命其退出法庭，必要時並得命看管至閉庭時。\r\n旁聽人違反審判長維持法庭秩序之命令，足致妨害法院執行職務者，審判\r\n長於制止前，得加以警告。"
		},
		{
			"number": 1000,
			"content": "旁聽人或其他人於開庭前如有違反本規則之規定時，由在法庭執行職務人\r\n員處理之，如有疑義時，應報請該法庭之審判長裁定之。"
		},
		{
			"number": 1100,
			"content": "本規則有關審判長之規定，於受命法官、受託法官執行職務時準用之。"
		},
		{
			"number": 1200,
			"content": "本規則自發布日施行。\r\n本規則修正條文，除中華民國一百零五年三月十四日修正之條文，自一百\r\n零五年五月二日施行外，自發布日施行。"
		}
	]
}