{
	"pcode": "A0030093",
	"type": "命令",
	"title": "招標期限標準",
	"url": "https://law.moj.gov.tw/LawClass/LawAll.aspx?pcode=A0030093",
	"category": [
		"行政",
		"行政院公共工程委員會",
		"通用目"
	],
	"lastUpdate": "20090831",
	"isTranslated": true,
	"english": "Standards for Time-limits for Tendering",
	"history": [
		"中華民國八十八年四月二十六日行政院公共工程委員會（88）工程企字第 8805500 號令訂定發布全文 16 條；並自八十八年五月二十七日起施行",
		"中華民國九十一年五月八日行政院公共工程委員會（91）工程企字第 91017694 號令修正發布全文 12 條；並自發布日施行",
		"中華民國九十八年八月三十一日行政院公共工程委員會工程企字第 09800380570 號令增訂發布第 4-1 條條文"
	],
	"divisions": [],
	"articles": [
		{
			"number": 100,
			"content": "本標準依政府採購法 (以下簡稱本法) 第二十八條規定訂定之。"
		},
		{
			"number": 200,
			"content": "機關辦理公開招標，其公告自刊登政府採購公報日起至截止投標日止之等\r\n標期，應視案件性質與廠商準備及遞送投標文件所需時間合理訂定之。\r\n前項等標期，除本標準或我國締結之條約或協定另有規定者外，不得少於\r\n下列期限：\r\n一、未達公告金額之採購：七日。\r\n二、公告金額以上未達查核金額之採購：十四日。\r\n三、查核金額以上未達巨額之採購：二十一日。\r\n四、巨額之採購：二十八日。\r\n依本法第四十二條第二項規定辦理後續階段之邀標，其等標期由機關視需\r\n要合理訂定之。但不得少於七日。"
		},
		{
			"number": 300,
			"content": "機關辦理選擇性招標之廠商資格預先審查，其公告自刊登政府採購公報日\r\n起至截止收件日止之等標期，應視案件性質與廠商準備及遞送資格文件所\r\n需時間合理訂定之。\r\n前項等標期，除本標準或我國締結之條約或協定另有規定者外，不得少於\r\n下列期限：\r\n一、未達公告金額之採購：七日。\r\n二、公告金額以上未達巨額之採購：十日。\r\n三、巨額之採購：十四日。\r\n機關邀請第一項符合資格之廠商投標，其自邀標日起至截止投標日止之等\r\n標期，準用前條第二項規定。"
		},
		{
			"number": 400,
			"content": "機關依本法第二十二條第一項第九款或第十款規定辦理公開評選，其自公\r\n告日起至截止收件日止之等標期，準用第二條規定。\r\n機關依本法第二十二條第一項第十一款規定辦理公開徵求，其自公告日起\r\n至截止收件日止之等標期，應訂定十日以上之合理期限。第二次以後公開\r\n徵求之期限，由機關視需要合理訂定之。但不得少於五日。"
		},
		{
			"number": 401,
			"content": "機關辦理公告金額以上之採購，因應緊急情事，依第二條至第四條所定期\r\n限辦理不符合實際需要者，等標期得予縮短。但縮短後不得少於十日；其\r\n併第九條規定情形縮短者，亦同。"
		},
		{
			"number": 500,
			"content": "機關依本法第四十九條之規定公開徵求廠商之書面報價或企劃書者，其自\r\n公告日起至截止收件日止之等標期，應訂定五日以上之合理期限。"
		},
		{
			"number": 600,
			"content": "機關辦理限制性招標，其未經公開評選或公開徵求程序者，等標期由機關\r\n視需要合理訂定之。"
		},
		{
			"number": 700,
			"content": "機關於等標期截止前變更或補充招標文件內容者，應視需要延長等標期。\r\n前項變更或補充，其非屬重大改變，且於原定截止日前五日公告或書面通\r\n知各廠商者，得免延長等標期。"
		},
		{
			"number": 800,
			"content": "機關於等標期截止前取消或暫停招標，並於取消或暫停後六個月內重行或\r\n續行招標且招標文件內容未經重大改變者，重行或續行招標之等標期，得\r\n考量取消或暫停前已公告或邀標之日數，依原定期限酌予縮短。但重行或\r\n續行招標之等標期，未達公告金額之採購不得少於三日，公告金額以上之\r\n採購不得少於七日。\r\n機關於等標期截止後流標、廢標、撤銷決標或解除契約，並於其後三個月\r\n內重行招標且招標文件內容未經重大改變者，準用前項之規定。"
		},
		{
			"number": 900,
			"content": "機關辦理採購，除我國締結之條約或協定另有規定者外，其等標期得依下\r\n列情形縮短之：\r\n一、於招標前將招標文件稿辦理公開閱覽且招標文件內容未經重大改變者\r\n    ，等標期得縮短五日。但縮短後不得少於十日。\r\n二、依本法第九十三條之一規定辦理電子領標並於招標公告敘明者，等標\r\n    期得縮短三日。但縮短後不得少於五日。\r\n三、依本法第九十三條之一規定辦理電子投標並於招標公告或招標文件敘\r\n    明者，等標期得縮短二日。但縮短後不得少於五日。"
		},
		{
			"number": 1000,
			"content": "機關辦理採購，除我國締結之條約或協定另有規定者外，有下列情形之一\r\n者，經機關首長或其授權人員核准，其等標期得視案件之特性及實際需要\r\n合理訂定之：\r\n一、依本法第二十一條以預先建立之合格廠商名單，邀請符合資格之廠商\r\n    投標，於辦理廠商資格審查之文件中另有載明者。\r\n二、公營事業為商業性轉售或用於製造產品、提供服務以供轉售目的所為\r\n    之採購，基於採購案件之特性或實際需要，有縮短等標期之必要者。\r\n三、採購原料、物料或農礦產品，其市場行情波動不定者。\r\n四、採購標的屬廠商於市場普遍銷售且招標及投標文件內容簡單者。"
		},
		{
			"number": 1100,
			"content": "本標準所定等標期或截止收件期限，其敘明自公告日或邀標日起算者，應\r\n將公告或邀標之當日算入。\r\n前項等標期或截止收件期限，招標文件規定之截止投標日或截止收件日，\r\n以當日下班時間為其截止投標或收件時間者，始算一日；未達下班時間者\r\n，該日不算入。\r\n截止投標日或截止收件日為星期例假日、國定假日或其他休息日者，以其\r\n休息日之次日代之。\r\n截止投標日或截止收件日為辦公日，而該日因故停止辦公致未達原定截止\r\n投標或收件時間者，以其次一辦公日之同一截止投標或收件時間代之。\r\n休息日在期間中而非末日者，算一日。"
		},
		{
			"number": 1200,
			"content": "本標準自發布日施行。"
		}
	]
}