{
	"pcode": "A0030100",
	"type": "命令",
	"title": "採購稽核小組組織準則",
	"url": "https://law.moj.gov.tw/LawClass/LawAll.aspx?pcode=A0030100",
	"category": [
		"行政",
		"行政院公共工程委員會",
		"通用目"
	],
	"lastUpdate": "20111027",
	"isTranslated": false,
	"history": [
		"中華民國八十八年五月十七日行政院公共工程委員會（88）工程企字第 8806853 號令訂定發布全文 8 條；並自八十八年五月二十七日起施行",
		"中華民國九十年十二月二十八日行政院公共工程委員會（90）工程企字第 90050200 號令修正發布全文 8 條；並自發布日施行",
		"中華民國一百年十月二十七日行政院公共工程委員會工程稽字第 10000402800 號令修正發布第 6 條條文"
	],
	"divisions": [],
	"articles": [
		{
			"number": 100,
			"content": "本準則依政府採購法 (以下簡稱本法) 第一百零八條第二項規定訂定之。"
		},
		{
			"number": 200,
			"content": "中央及直轄市、縣 (市) 政府採購稽核小組 (以下簡稱採購稽核小組) 之\r\n設立機關如下：\r\n一 中央政府採購稽核小組：\r\n (一) 中央採購稽核小組：本法之主管機關。\r\n (二) 部會署採購稽核小組：附屬機關較多之行政院所屬各部會署。\r\n二、直轄市政府採購稽核小組：各直轄市政府。\r\n三、縣 (市) 政府採購稽核小組：各縣 (市) 政府。\r\n前項第一款第二目部會署採購稽核小組，由主管機關就行政院所屬各部會\r\n署附屬機關較多者，報請行政院核定設立；該採購稽核小組並冠以部該會\r\n署之名稱。"
		},
		{
			"number": 300,
			"content": "採購稽核小組稽核監督之範圍如下：\r\n一、中央採購稽核小組：\r\n (一) 設立採購稽核小組之部會署與所屬機關所辦理之採購，或其補助或\r\n      委託地方機關、法人或團體辦理之採購，有重大異常者。\r\n (二) 設立採購稽核小組之部會署及所屬機關以外之中央各機關所辦理之\r\n      採購，或其補助或委託地方機關、法人或團體辦理之採購。\r\n (三) 地方機關所辦理之採購，有重大異常者。\r\n二、部會署採購稽核小組：\r\n (一) 該部會署及所屬各機關所辦理之採購。\r\n (二) 該部會署及所屬機關補助或委託地方機關、法人或團體辦理之採購\r\n      。\r\n三、直轄市政府採購稽核小組：\r\n (一) 直轄市各機關所辦理之採購。\r\n (二) 直轄市各機關補助或委託法人或團體辦理之採購。\r\n四、縣 (市) 政府採購稽核小組：\r\n (一) 縣 (市) 及所轄鄉 (鎮、市) 各機關所辦理之採購。\r\n (二) 縣 (市) 及所轄鄉 (鎮、市) 各機關補助或委託法人或團體辦理之\r\n      採購。"
		},
		{
			"number": 400,
			"content": "採購稽核小組之任務為稽核監督機關辦理採購有無違反政府採購法令。\r\n各部會署及地方採購稽核小組應將每月辦理結果，向本法主管機關彙報，\r\n以供考核。"
		},
		{
			"number": 500,
			"content": "採購稽核小組置召集人一人，綜理稽核監督事宜；副召集人一人，襄助召\r\n集人處理稽核監督事宜；均由設立機關首長或其指定之高級人員兼任。置\r\n稽核委員若干人，由設立機關首長就具有採購相關專門知識之人員派 (聘\r\n) 兼之；任期二年，期滿時得續派 (聘) 之。\r\n前項人員均為無給職。但非由本機關人員兼任者，得依規定支給交通費。"
		},
		{
			"number": 600,
			"content": "採購稽核小組置執行秘書一人，由設立機關就其高級人員中具有採購相關\r\n專門知識之人員派兼之，承召集人之命，綜理採購稽核小組日常事務；稽\r\n查人員若干人，由設立機關就具有採購相關專門知識之人員派（聘）兼之\r\n，協辦採購稽核小組業務。\r\n前項派（聘）兼人員均為無給職。但非由本機關人員兼任者，得依規定支\r\n給交通費。"
		},
		{
			"number": 700,
			"content": "有下列各款情形之一者，不得擔任採購稽核小組之成員：\r\n一、犯貪污或瀆職之罪，經判刑確定者。\r\n二、褫奪公權尚未復權者。\r\n三、受破產宣告確定尚未復權者。\r\n四、專門職業人員已受停止執行業務或撤銷執業執照之處分者。\r\n五、未成年人。\r\n稽核委員有前項情形或未能依採購稽核小組作業規則第四條之規定公正行\r\n使職權者，設立機關應解除其職務。"
		},
		{
			"number": 800,
			"content": "本準則自發布日施行。"
		}
	]
}