{
	"pcode": "A0030055",
	"type": "法律",
	"title": "行政程序法",
	"url": "https://law.moj.gov.tw/LawClass/LawAll.aspx?pcode=A0030055",
	"category": [
		"行政",
		"法務部",
		"法律事務目"
	],
	"lastUpdate": "20151230",
	"isTranslated": true,
	"english": "Administrative Procedure Act",
	"history": [
		"中華民國八十八年二月三日總統（88）華總一義字第 8800027120 號令公布全文 175 條；並自九十年一月一日施行",
		"中華民國八十九年十二月二十七日總統（89）華總一義字第 8900305050 號令增訂公布第 174-1 條條文",
		"中華民國九十年六月二十日總統（90）華總一義字第 9000119000 號令修正公布第 174-1 條條文",
		"中華民國九十年十二月二十八日總統（90）華總一義字第 9000265010 號令修正公布第 174-1 條條文",
		"中華民國九十四年十二月二十八日總統華總一義字第 09400212541 號令刪除公布第 44、45 條條文",
		"中華民國一百零二年五月二十二日總統華總一義字第 10200092011 號令修正公布第 131 條條文",
		"中華民國一百零四年十二月三十日總統華總一義字第 10400151551 號令修正公布第 127、175 條條文；並自公布日施行"
	],
	"divisions": [
		{
			"type": "章",
			"number": 100,
			"title": "總則",
			"start": 100,
			"end": 9100,
			"children": [
				{
					"type": "節",
					"number": 100,
					"title": "法例",
					"start": 100,
					"end": 1000
				},
				{
					"type": "節",
					"number": 200,
					"title": "管轄",
					"start": 1100,
					"end": 1900
				},
				{
					"type": "節",
					"number": 300,
					"title": "當事人",
					"start": 2000,
					"end": 3100
				},
				{
					"type": "節",
					"number": 400,
					"title": "迴避",
					"start": 3200,
					"end": 3300
				},
				{
					"type": "節",
					"number": 500,
					"title": "程序之開始",
					"start": 3400,
					"end": 3500
				},
				{
					"type": "節",
					"number": 600,
					"title": "調查事實及證據",
					"start": 3600,
					"end": 4300
				},
				{
					"type": "節",
					"number": 700,
					"title": "資訊公開",
					"start": 4400,
					"end": 4700
				},
				{
					"type": "節",
					"number": 800,
					"title": "期日與期間",
					"start": 4800,
					"end": 5100
				},
				{
					"type": "節",
					"number": 900,
					"title": "費用",
					"start": 5200,
					"end": 5300
				},
				{
					"type": "節",
					"number": 1000,
					"title": "聽證程序",
					"start": 5400,
					"end": 6600
				},
				{
					"type": "節",
					"number": 1100,
					"title": "送達",
					"start": 6700,
					"end": 9100
				}
			]
		},
		{
			"type": "章",
			"number": 200,
			"title": "行政處分",
			"start": 9200,
			"end": 13400,
			"children": [
				{
					"type": "節",
					"number": 100,
					"title": "行政處分之成立",
					"start": 9200,
					"end": 10100
				},
				{
					"type": "節",
					"number": 200,
					"title": "陳述意見及聽證",
					"start": 10200,
					"end": 10900
				},
				{
					"type": "節",
					"number": 300,
					"title": "行政處分之效力",
					"start": 11000,
					"end": 13400
				}
			]
		},
		{
			"type": "章",
			"number": 300,
			"title": "行政契約",
			"start": 13500,
			"end": 14900
		},
		{
			"type": "章",
			"number": 400,
			"title": "法規命令及行政規則",
			"start": 15000,
			"end": 16200
		},
		{
			"type": "章",
			"number": 500,
			"title": "行政計畫",
			"start": 16300,
			"end": 16400
		},
		{
			"type": "章",
			"number": 600,
			"title": "行政指導",
			"start": 16500,
			"end": 16700
		},
		{
			"type": "章",
			"number": 700,
			"title": "陳情",
			"start": 16800,
			"end": 17300
		},
		{
			"type": "章",
			"number": 800,
			"title": "附則",
			"start": 17400,
			"end": 17500
		}
	],
	"articles": [
		{
			"number": 100,
			"content": "為使行政行為遵循公正、公開與民主之程序，確保依法行政之原則，以保\r\n障人民權益，提高行政效能，增進人民對行政之信賴，特制定本法。"
		},
		{
			"number": 200,
			"content": "本法所稱行政程序，係指行政機關作成行政處分、締結行政契約、訂定法\r\n規命令與行政規則、確定行政計畫、實施行政指導及處理陳情等行為之程\r\n序。\r\n本法所稱行政機關，係指代表國家、地方自治團體或其他行政主體表示意\r\n思，從事公共事務，具有單獨法定地位之組織。\r\n受託行使公權力之個人或團體，於委託範圍內，視為行政機關。"
		},
		{
			"number": 300,
			"content": "行政機關為行政行為時，除法律另有規定外，應依本法規定為之。\r\n下列機關之行政行為，不適用本法之程序規定：\r\n一、各級民意機關。\r\n二、司法機關。\r\n三、監察機關。\r\n下列事項，不適用本法之程序規定：\r\n一、有關外交行為、軍事行為或國家安全保障事項之行為。\r\n二、外國人出、入境、難民認定及國籍變更之行為。\r\n三、刑事案件犯罪偵查程序。\r\n四、犯罪矯正機關或其他收容處所為達成收容目的所為之行為。\r\n五、有關私權爭執之行政裁決程序。\r\n六、學校或其他教育機構為達成教育目的之內部程序。\r\n七、對公務員所為之人事行政行為。\r\n八、考試院有關考選命題及評分之行為。"
		},
		{
			"number": 400,
			"content": "行政行為應受法律及一般法律原則之拘束。"
		},
		{
			"number": 500,
			"content": "行政行為之內容應明確。"
		},
		{
			"number": 600,
			"content": "行政行為，非有正當理由，不得為差別待遇。"
		},
		{
			"number": 700,
			"content": "行政行為，應依下列原則為之：\r\n一、採取之方法應有助於目的之達成。\r\n二、有多種同樣能達成目的之方法時，應選擇對人民權益損害最少者。\r\n三、採取之方法所造成之損害不得與欲達成目的之利益顯失均衡。"
		},
		{
			"number": 800,
			"content": "行政行為，應以誠實信用之方法為之，並應保護人民正當合理之信賴。"
		},
		{
			"number": 900,
			"content": "行政機關就該管行政程序，應於當事人有利及不利之情形，一律注意。"
		},
		{
			"number": 1000,
			"content": "行政機關行使裁量權，不得逾越法定之裁量範圍，並應符合法規授權之目\r\n的。"
		},
		{
			"number": 1100,
			"content": "行政機關之管轄權，依其組織法規或其他行政法規定之。\r\n行政機關之組織法規變更管轄權之規定，而相關行政法規所定管轄機關尚\r\n未一併修正時，原管轄機關得會同組織法規變更後之管轄機關公告或逕由\r\n其共同上級機關公告變更管轄之事項。\r\n行政機關經裁併者，前項公告得僅由組織法規變更後之管轄機關為之。\r\n前二項公告事項，自公告之日起算至第三日起發生移轉管轄權之效力。但\r\n公告特定有生效日期者，依其規定。\r\n管轄權非依法規不得設定或變更。"
		},
		{
			"number": 1200,
			"content": "不能依前條第一項定土地管轄權者，依下列各款順序定之︰\r\n一、關於不動產之事件，依不動產之所在地。\r\n二、關於企業之經營或其他繼續性事業之事件，依經營企業或從事事業之\r\n    處所，或應經營或應從事之處所。\r\n三、其他事件，關於自然人者，依其住所地，無住所或住所不明者，依其\r\n    居所地，無居所或居所不明者，依其最後所在地。關於法人或團體者\r\n    ，依其主事務所或會址所在地。\r\n四、不能依前三款之規定定其管轄權或有急迫情形者，依事件發生之原因\r\n    定之。"
		},
		{
			"number": 1300,
			"content": "同一事件，數行政機關依前二條之規定均有管轄權者，由受理在先之機關\r\n管轄，不能分別受理之先後者，由各該機關協議定之，不能協議或有統一\r\n管轄之必要時，由其共同上級機關指定管轄。無共同上級機關時，由各該\r\n上級機關協議定之。\r\n前項機關於必要之情形時，應為必要之職務行為，並即通知其他機關。"
		},
		{
			"number": 1400,
			"content": "數行政機關於管轄權有爭議時，由其共同上級機關決定之，無共同上級機\r\n關時，由各該上級機關協議定之。\r\n前項情形，人民就其依法規申請之事件，得向共同上級機關申請指定管轄\r\n，無共同上級機關者，得向各該上級機關之一為之。受理申請之機關應自\r\n請求到達之日起十日內決定之。\r\n在前二項情形未經決定前，如有導致國家或人民難以回復之重大損害之虞\r\n時，該管轄權爭議之一方，應依當事人申請或依職權為緊急之臨時處置，\r\n並應層報共同上級機關及通知他方。\r\n人民對行政機關依本條所為指定管轄之決定，不得聲明不服。"
		},
		{
			"number": 1500,
			"content": "行政機關得依法規將其權限之一部分，委任所屬下級機關執行之。\r\n行政機關因業務上之需要，得依法規將其權限之一部分，委託不相隸屬之\r\n行政機關執行之。\r\n前二項情形，應將委任或委託事項及法規依據公告之，並刊登政府公報或\r\n新聞紙。"
		},
		{
			"number": 1600,
			"content": "行政機關得依法規將其權限之一部分，委託民間團體或個人辦理。\r\n前項情形，應將委託事項及法規依據公告之，並刊登政府公報或新聞紙。\r\n第一項委託所需費用，除另有約定外，由行政機關支付之。"
		},
		{
			"number": 1700,
			"content": "行政機關對事件管轄權之有無，應依職權調查；其認無管轄權者，應即移\r\n送有管轄權之機關，並通知當事人。\r\n人民於法定期間內提出申請，依前項規定移送有管轄權之機關者，視同已\r\n在法定期間內向有管轄權之機關提出申請。"
		},
		{
			"number": 1800,
			"content": "行政機關因法規或事實之變更而喪失管轄權時，應將案件移送有管轄權之\r\n機關，並通知當事人。但經當事人及有管轄權機關之同意，亦得由原管轄\r\n機關繼續處理該案件。"
		},
		{
			"number": 1900,
			"content": "行政機關為發揮共同一體之行政機能，應於其權限範圍內互相協助。\r\n行政機關執行職務時，有下列情形之一者，得向無隸屬關係之其他機關請\r\n求協助︰\r\n一、因法律上之原因，不能獨自執行職務者。\r\n二、因人員、設備不足等事實上之原因，不能獨自執行職務者。\r\n三、執行職務所必要認定之事實，不能獨自調查者。\r\n四、執行職務所必要之文書或其他資料，為被請求機關所持有者。\r\n五、由被請求機關協助執行，顯較經濟者。\r\n六、其他職務上有正當理由須請求協助者。\r\n前項請求，除緊急情形外，應以書面為之。\r\n被請求機關於有下列情形之一者，應拒絕之︰\r\n一、協助之行為，非其權限範圍或依法不得為之者。\r\n二、如提供協助，將嚴重妨害其自身職務之執行者。\r\n被請求機關認有正當理由不能協助者，得拒絕之。\r\n被請求機關認為無提供行政協助之義務或有拒絕之事由時，應將其理由通\r\n知請求協助機關。請求協助機關對此有異議時，由其共同上級機關決定之\r\n，無共同上級機關時，由被請求機關之上級機關決定之。\r\n被請求機關得向請求協助機關要求負擔行政協助所需費用。其負擔金額及\r\n支付方式，由請求協助機關及被請求機關以協議定之；協議不成時，由其\r\n共同上級機關定之。"
		},
		{
			"number": 2000,
			"content": "本法所稱之當事人如下︰\r\n一、申請人及申請之相對人。\r\n二、行政機關所為行政處分之相對人。\r\n三、與行政機關締結行政契約之相對人。\r\n四、行政機關實施行政指導之相對人。\r\n五、對行政機關陳情之人。\r\n六、其他依本法規定參加行政程序之人。"
		},
		{
			"number": 2100,
			"content": "有行政程序之當事人能力者如下︰\r\n一、自然人。\r\n二、法人。\r\n三、非法人之團體設有代表人或管理人者。\r\n四、行政機關。\r\n五、其他依法律規定得為權利義務之主體者。"
		},
		{
			"number": 2200,
			"content": "有行政程序之行為能力者如下︰\r\n一、依民法規定，有行為能力之自然人。\r\n二、法人。\r\n三、非法人之團體由其代表人或管理人為行政程序行為者。\r\n四、行政機關由首長或其代理人、授權之人為行政程序行為者。\r\n五、依其他法律規定者。\r\n無行政程序行為能力者，應由其法定代理人代為行政程序行為。\r\n外國人依其本國法律無行政程序之行為能力，而依中華民國法律有行政程\r\n序之行為能力者，視為有行政程序之行為能力。"
		},
		{
			"number": 2300,
			"content": "因程序之進行將影響第三人之權利或法律上利益者，行政機關得依職權或\r\n依申請，通知其參加為當事人。"
		},
		{
			"number": 2400,
			"content": "當事人得委任代理人。但依法規或行政程序之性質不得授權者，不得為之\r\n。\r\n每一當事人委任之代理人，不得逾三人。\r\n代理權之授與，及於該行政程序有關之全部程序行為。但申請之撤回，非\r\n受特別授權，不得為之。\r\n行政程序代理人應於最初為行政程序行為時，提出委任書。\r\n代理權授與之撤回，經通知行政機關後，始對行政機關發生效力。"
		},
		{
			"number": 2500,
			"content": "代理人有二人以上者，均得單獨代理當事人。\r\n違反前項規定而為委任者，其代理人仍得單獨代理。\r\n代理人經本人同意得委任他人為複代理人。"
		},
		{
			"number": 2600,
			"content": "代理權不因本人死亡或其行政程序行為能力喪失而消滅。法定代理有變更\r\n或行政機關經裁併或變更者，亦同。"
		},
		{
			"number": 2700,
			"content": "多數有共同利益之當事人，未共同委任代理人者，得選定其中一人至五人\r\n為全體為行政程序行為。\r\n未選定當事人，而行政機關認有礙程序之正常進行者，得定相當期限命其\r\n選定；逾期未選定者，得依職權指定之。\r\n經選定或指定為當事人者，非有正當理由不得辭退。\r\n經選定或指定當事人者，僅得由該當事人為行政程序行為，其他當事人脫\r\n離行政程序。但申請之撤回、權利之拋棄或義務之負擔，非經全體有共同\r\n利益之人同意，不得為之。"
		},
		{
			"number": 2800,
			"content": "選定或指定當事人有二人以上時，均得單獨為全體為行政程序行為。"
		},
		{
			"number": 2900,
			"content": "多數有共同利益之當事人於選定或經指定當事人後，仍得更換或增減之。\r\n行政機關對於其指定之當事人，為共同利益人之權益，必要時，得更換或\r\n增減之。\r\n依前二項規定喪失資格者，其他被選定或指定之人得為全體為行政程序行\r\n為。"
		},
		{
			"number": 3000,
			"content": "當事人之選定、更換或增減，非以書面通知行政機關不生效力。\r\n行政機關指定、更換或增減當事人者，非以書面通知全體有共同利益之當\r\n事人，不生效力。但通知顯有困難者，得以公告代之。"
		},
		{
			"number": 3100,
			"content": "當事人或代理人經行政機關之許可，得偕同輔佐人到場。\r\n行政機關認為必要時，得命當事人或代理人偕同輔佐人到場。\r\n前二項之輔佐人，行政機關認為不適當時，得撤銷其許可或禁止其陳述。\r\n輔佐人所為之陳述，當事人或代理人未立即提出異議者，視為其所自為。"
		},
		{
			"number": 3200,
			"content": "公務員在行政程序中，有下列各款情形之一者，應自行迴避︰\r\n一、本人或其配偶、前配偶、四親等內之血親或三親等內之姻親或曾有此\r\n    關係者為事件之當事人時。\r\n二、本人或其配偶、前配偶，就該事件與當事人有共同權利人或共同義務\r\n    人之關係者。\r\n三、現為或曾為該事件當事人之代理人、輔佐人者。\r\n四、於該事件，曾為證人、鑑定人者。"
		},
		{
			"number": 3300,
			"content": "公務員有下列各款情形之一者，當事人得申請迴避︰\r\n一、有前條所定之情形而不自行迴避者。\r\n二、有具體事實，足認其執行職務有偏頗之虞者。\r\n前項申請，應舉其原因及事實，向該公務員所屬機關為之，並應為適當之\r\n釋明；被申請迴避之公務員，對於該申請得提出意見書。\r\n不服行政機關之駁回決定者，得於五日內提請上級機關覆決，受理機關除\r\n有正當理由外，應於十日內為適當之處置。\r\n被申請迴避之公務員在其所屬機關就該申請事件為准許或駁回之決定前，\r\n應停止行政程序。但有急迫情形，仍應為必要處置。\r\n公務員有前條所定情形不自行迴避，而未經當事人申請迴避者，應由該公\r\n務員所屬機關依職權命其迴避。"
		},
		{
			"number": 3400,
			"content": "行政程序之開始，由行政機關依職權定之。但依本法或其他法規之規定有\r\n開始行政程序之義務，或當事人已依法規之規定提出申請者，不在此限。"
		},
		{
			"number": 3500,
			"content": "當事人依法向行政機關提出申請者，除法規另有規定外，得以書面或言詞\r\n為之。以言詞為申請者，受理之行政機關應作成紀錄，經向申請人朗讀或\r\n使閱覽，確認其內容無誤後由其簽名或蓋章。"
		},
		{
			"number": 3600,
			"content": "行政機關應依職權調查證據，不受當事人主張之拘束，對當事人有利及不\r\n利事項一律注意。"
		},
		{
			"number": 3700,
			"content": "當事人於行政程序中，除得自行提出證據外，亦得向行政機關申請調查事\r\n實及證據。但行政機關認為無調查之必要者，得不為調查，並於第四十三\r\n條之理由中敘明之。"
		},
		{
			"number": 3800,
			"content": "行政機關調查事實及證據，必要時得據實製作書面紀錄。"
		},
		{
			"number": 3900,
			"content": "行政機關基於調查事實及證據之必要，得以書面通知相關之人陳述意見。\r\n通知書中應記載詢問目的、時間、地點、得否委託他人到場及不到場所生\r\n之效果。"
		},
		{
			"number": 4000,
			"content": "行政機關基於調查事實及證據之必要，得要求當事人或第三人提供必要之\r\n文書、資料或物品。"
		},
		{
			"number": 4100,
			"content": "行政機關得選定適當之人為鑑定。\r\n以書面為鑑定者，必要時，得通知鑑定人到場說明。"
		},
		{
			"number": 4200,
			"content": "行政機關為瞭解事實真相，得實施勘驗。\r\n勘驗時應通知當事人到場。但不能通知者，不在此限。"
		},
		{
			"number": 4300,
			"content": "行政機關為處分或其他行政行為，應斟酌全部陳述與調查事實及證據之結\r\n果，依論理及經驗法則判斷事實之真偽，並將其決定及理由告知當事人。"
		},
		{
			"number": 4400,
			"content": "（刪除）"
		},
		{
			"number": 4500,
			"content": "（刪除）"
		},
		{
			"number": 4600,
			"content": "當事人或利害關係人得向行政機關申請閱覽、抄寫、複印或攝影有關資料\r\n或卷宗。但以主張或維護其法律上利益有必要者為限。\r\n行政機關對前項之申請，除有下列情形之一者外，不得拒絕︰\r\n一、行政決定前之擬稿或其他準備作業文件。\r\n二、涉及國防、軍事、外交及一般公務機密，依法規規定有保密之必要者\r\n    。\r\n三、涉及個人隱私、職業秘密、營業秘密，依法規規定有保密之必要者。\r\n四、有侵害第三人權利之虞者。\r\n五、有嚴重妨礙有關社會治安、公共安全或其他公共利益之職務正常進行\r\n    之虞者。\r\n前項第二款及第三款無保密必要之部分，仍應准許閱覽。\r\n當事人就第一項資料或卷宗內容關於自身之記載有錯誤者，得檢具事實證\r\n明，請求相關機關更正。"
		},
		{
			"number": 4700,
			"content": "公務員在行政程序中，除基於職務上之必要外，不得與當事人或代表其利\r\n益之人為行政程序外之接觸。\r\n公務員與當事人或代表其利益之人為行政程序外之接觸時，應將所有往來\r\n之書面文件附卷，並對其他當事人公開。\r\n前項接觸非以書面為之者，應作成書面紀錄，載明接觸對象、時間、地點\r\n及內容。"
		},
		{
			"number": 4800,
			"content": "期間以時計算者，即時起算。\r\n期間以日、星期、月或年計算者，其始日不計算在內。但法律規定即日起\r\n算者，不在此限。\r\n期間不以星期、月或年之始日起算者，以最後之星期、月或年與起算日相\r\n當日之前一日為期間之末日。但以月或年定期間，而於最後之月無相當日\r\n者，以其月之末日為期間之末日。\r\n期間之末日為星期日、國定假日或其他休息日者，以該日之次日為期間之\r\n末日；期間之末日為星期六者，以其次星期一上午為期間末日。\r\n期間涉及人民之處罰或其他不利行政處分者，其始日不計時刻以一日論；\r\n其末日為星期日、國定假日或其他休息日者，照計。但依第二項、第四項\r\n規定計算，對人民有利者，不在此限。"
		},
		{
			"number": 4900,
			"content": "基於法規之申請，以掛號郵寄方式向行政機關提出者，以交郵當日之郵戳\r\n為準。"
		},
		{
			"number": 5000,
			"content": "因天災或其他不應歸責於申請人之事由，致基於法規之申請不能於法定期\r\n間內提出者，得於其原因消滅後十日內，申請回復原狀。如該法定期間少\r\n於十日者，於相等之日數內得申請回復原狀。\r\n申請回復原狀，應同時補行期間內應為之行政程序行為。\r\n遲誤法定期間已逾一年者，不得申請回復原狀。"
		},
		{
			"number": 5100,
			"content": "行政機關對於人民依法規之申請，除法規另有規定外，應按各事項類別，\r\n訂定處理期間公告之。\r\n未依前項規定訂定處理期間者，其處理期間為二個月。\r\n行政機關未能於前二項所定期間內處理終結者，得於原處理期間之限度內\r\n延長之，但以一次為限。\r\n前項情形，應於原處理期間屆滿前，將延長之事由通知申請人。\r\n行政機關因天災或其他不可歸責之事由，致事務之處理遭受阻礙時，於該\r\n項事由終止前，停止處理期間之進行。"
		},
		{
			"number": 5200,
			"content": "行政程序所生之費用，由行政機關負擔。但專為當事人或利害關係人利益\r\n所支出之費用，不在此限。\r\n因可歸責於當事人或利害關係人之事由，致程序有顯著之延滯者，其因延\r\n滯所生之費用，由其負擔。"
		},
		{
			"number": 5300,
			"content": "證人或鑑定人得向行政機關請求法定之日費及旅費，鑑定人並得請求相當\r\n之報酬。\r\n前項費用及報酬，得請求行政機關預行酌給之。\r\n第一項費用，除法規另有規定外，其標準由行政院定之。"
		},
		{
			"number": 5400,
			"content": "依本法或其他法規舉行聽證時，適用本節規定。"
		},
		{
			"number": 5500,
			"content": "行政機關舉行聽證前，應以書面記載下列事項，並通知當事人及其他已知\r\n之利害關係人，必要時並公告之︰\r\n一、聽證之事由與依據。\r\n二、當事人之姓名或名稱及其住居所、事務所或營業所。\r\n三、聽證之期日及場所。\r\n四、聽證之主要程序。\r\n五、當事人得選任代理人。\r\n六、當事人依第六十一條所得享有之權利。\r\n七、擬進行預備程序者，預備聽證之期日及場所。\r\n八、缺席聽證之處理。\r\n九、聽證之機關。\r\n依法規之規定，舉行聽證應預先公告者，行政機關應將前項所列各款事項\r\n，登載於政府公報或以其他適當方法公告之。\r\n聽證期日及場所之決定，應視事件之性質，預留相當期間，便利當事人或\r\n其代理人參與。"
		},
		{
			"number": 5600,
			"content": "行政機關得依職權或當事人之申請，變更聽證期日或場所，但以有正當理\r\n由為限。\r\n行政機關為前項之變更者，應依前條規定通知並公告。"
		},
		{
			"number": 5700,
			"content": "聽證，由行政機關首長或其指定人員為主持人，必要時得由律師、相關專\r\n業人員或其他熟諳法令之人員在場協助之。"
		},
		{
			"number": 5800,
			"content": "行政機關為使聽證順利進行，認為必要時，得於聽證期日前，舉行預備聽\r\n證。\r\n預備聽證得為下列事項︰\r\n一、議定聽證程序之進行。\r\n二、釐清爭點。\r\n三、提出有關文書及證據。\r\n四、變更聽證之期日、場所與主持人。\r\n預備聽證之進行，應作成紀錄。"
		},
		{
			"number": 5900,
			"content": "聽證，除法律另有規定外，應公開以言詞為之。\r\n有下列各款情形之一者，主持人得依職權或當事人之申請，決定全部或一\r\n部不公開︰\r\n一、公開顯然有違背公益之虞者。\r\n二、公開對當事人利益有造成重大損害之虞者。"
		},
		{
			"number": 6000,
			"content": "聽證以主持人說明案由為始。\r\n聽證開始時，由主持人或其指定之人說明事件之內容要旨。"
		},
		{
			"number": 6100,
			"content": "當事人於聽證時，得陳述意見、提出證據，經主持人同意後並得對機關指\r\n定之人員、證人、鑑定人、其他當事人或其代理人發問。"
		},
		{
			"number": 6200,
			"content": "主持人應本中立公正之立場，主持聽證。\r\n主持人於聽證時，得行使下列職權︰\r\n一、就事實或法律問題，詢問當事人、其他到場人，或促其提出\r\n    證據。\r\n二、依職權或當事人之申請，委託相關機關為必要之調查。\r\n三、通知證人或鑑定人到場。\r\n四、依職權或申請，通知或允許利害關係人參加聽證。\r\n五、許可當事人及其他到場人之發問或發言。\r\n六、為避免延滯程序之進行，禁止當事人或其他到場之人發言；有妨礙聽\r\n    證程序而情節重大者，並得命其退場。\r\n七、當事人一部或全部無故缺席者，逕行開始、延期或終結聽證。\r\n八、當事人曾於預備聽證中提出有關文書者，得以其所載內容視為陳述。\r\n九、認為有必要時，於聽證期日結束前，決定繼續聽證之期日及場所。\r\n十、如遇天災或其他事故不能聽證時，得依職權或當事人之申請，中止聽\r\n    證。\r\n十一、採取其他為順利進行聽證所必要之措施。\r\n主持人依前項第九款決定繼續聽證之期日及場所者，應通知未到場之當事\r\n人及已知之利害關係人。"
		},
		{
			"number": 6300,
			"content": "當事人認為主持人於聽證程序進行中所為之處置違法或不當者，得即時聲\r\n明異議。\r\n主持人認為異議有理由者，應即撤銷原處置，認為無理由者，應即駁回異\r\n議。"
		},
		{
			"number": 6400,
			"content": "聽證，應作成聽證紀錄。\r\n前項紀錄，應載明到場人所為陳述或發問之要旨及其提出之文書、證據，\r\n並記明當事人於聽證程序進行中聲明異議之事由及主持人對異議之處理。\r\n聽證紀錄，得以錄音、錄影輔助之。\r\n聽證紀錄當場製作完成者，由陳述或發問人簽名或蓋章；未當場製作完成\r\n者，由主持人指定日期、場所供陳述或發問人閱覽，並由其簽名或蓋章。\r\n前項情形，陳述或發問人拒絕簽名、蓋章或未於指定日期、場所閱覽者，\r\n應記明其事由。\r\n陳述或發問人對聽證紀錄之記載有異議者，得即時提出。主持人認異議有\r\n理由者，應予更正或補充；無理由者，應記明其異議。"
		},
		{
			"number": 6500,
			"content": "主持人認當事人意見業經充分陳述，而事件已達可為決定之程度者，應即\r\n終結聽證。"
		},
		{
			"number": 6600,
			"content": "聽證終結後，決定作成前，行政機關認為必要時，得再為聽證。"
		},
		{
			"number": 6700,
			"content": "送達，除法規另有規定外，由行政機關依職權為之。"
		},
		{
			"number": 6800,
			"content": "送達由行政機關自行或交由郵政機關送達。\r\n行政機關之文書依法規以電報交換、電傳文件、傳真或其他電子文件行之\r\n者，視為自行送達。\r\n由郵政機關送達者，以一般郵遞方式為之。但文書內容對人民權利義務有\r\n重大影響者，應為掛號。\r\n文書由行政機關自行送達者，以承辦人員或辦理送達事務人員為送達人；\r\n其交郵政機關送達者，以郵務人員為送達人。\r\n前項郵政機關之送達準用依民事訴訟法施行法第三條訂定之郵政機關送達\r\n訴訟文書實施辦法。"
		},
		{
			"number": 6900,
			"content": "對於無行政程序之行為能力人為送達者，應向其法定代理人為之。\r\n對於機關、法人或非法人之團體為送達者，應向其代表人或管理人為之。\r\n法定代理人、代表人或管理人有二人以上者，送達得僅向其中之一人為之\r\n。\r\n無行政程序之行為能力人為行政程序之行為，未向行政機關陳明其法定代\r\n理人者，於補正前，行政機關得向該無行為能力人為送達。"
		},
		{
			"number": 7000,
			"content": "對於在中華民國有事務所或營業所之外國法人或團體為送達者，應向其在\r\n中華民國之代表人或管理人為之。\r\n前條第三項規定，於前項送達準用之。"
		},
		{
			"number": 7100,
			"content": "行政程序之代理人受送達之權限未受限制者，送達應向該代理人為之。但\r\n行政機關認為必要時，得送達於當事人本人。"
		},
		{
			"number": 7200,
			"content": "送達，於應受送達人之住居所、事務所或營業所為之。但在行政機關辦公\r\n處所或他處會晤應受送達人時，得於會晤處所為之。\r\n對於機關、法人、非法人之團體之代表人或管理人為送達者，應向其機關\r\n所在地、事務所或營業所行之。但必要時亦得於會晤之處所或其住居所行\r\n之。\r\n應受送達人有就業處所者，亦得向該處所為送達。"
		},
		{
			"number": 7300,
			"content": "於應送達處所不獲會晤應受送達人時，得將文書付與有辨別事理能力之同\r\n居人、受雇人或應送達處所之接收郵件人員。\r\n前項規定於前項人員與應受送達人在該行政程序上利害關係相反者，不適\r\n用之。\r\n應受送達人或其同居人、受雇人、接收郵件人員無正當理由拒絕收領文書\r\n時，得將文書留置於應送達處所，以為送達。"
		},
		{
			"number": 7400,
			"content": "送達，不能依前二條規定為之者，得將文書寄存送達地之地方自治或警察\r\n機關，並作送達通知書兩份，一份黏貼於應受送達人住居所、事務所、營\r\n業所或其就業處所門首，另一份交由鄰居轉交或置於該送達處所信箱或其\r\n他適當位置，以為送達。\r\n前項情形，由郵政機關為送達者，得將文書寄存於送達地之郵政機關。\r\n寄存機關自收受寄存文書之日起，應保存三個月。"
		},
		{
			"number": 7500,
			"content": "行政機關對於不特定人之送達，得以公告或刊登政府公報或新聞紙代替之\r\n。"
		},
		{
			"number": 7600,
			"content": "送達人因證明之必要，得製作送達證書，記載下列事項並簽名︰\r\n一、交送達之機關。\r\n二、應受送達人。\r\n三、應送達文書之名稱。\r\n四、送達處所、日期及時間。\r\n五、送達方法。\r\n除電子傳達方式之送達外，送達證書應由收領人簽名或蓋章；如拒絕或不\r\n能簽名或蓋章者，送達人應記明其事由。\r\n送達證書，應提出於行政機關附卷。"
		},
		{
			"number": 7700,
			"content": "送達係由當事人向行政機關申請對第三人為之者，行政機關應將已為送達\r\n或不能送達之事由，通知當事人。"
		},
		{
			"number": 7800,
			"content": "對於當事人之送達，有下列各款情形之一者，行政機關得依申請，准為公\r\n示送達︰\r\n一、應為送達之處所不明者。\r\n二、於有治外法權人之住居所或事務所為送達而無效者。\r\n三、於外國或境外為送達，不能依第八十六條之規定辦理或預知雖依該規\r\n    定辦理而無效者。\r\n有前項所列各款之情形而無人為公示送達之申請者，行政機關為避免行政\r\n程序遲延，認為有必要時，得依職權命為公示送達。\r\n當事人變更其送達之處所而不向行政機關陳明，致有第一項之情形者，行\r\n政機關得依職權命為公示送達。"
		},
		{
			"number": 7900,
			"content": "依前條規定為公示送達後，對於同一當事人仍應為公示送達者，依職權為\r\n之。"
		},
		{
			"number": 8000,
			"content": "公示送達應由行政機關保管送達之文書，而於行政機關公告欄黏貼公告，\r\n告知應受送達人得隨時領取；並得由行政機關將文書或其節本刊登政府公\r\n報或新聞紙。"
		},
		{
			"number": 8100,
			"content": "公示送達自前條公告之日起，其刊登政府公報或新聞紙者，自最後刊登之\r\n日起，經二十日發生效力；於依第七十八條第一項第三款為公示送達者，\r\n經六十日發生效力。但第七十九條之公示送達，自黏貼公告欄翌日起發生\r\n效力。"
		},
		{
			"number": 8200,
			"content": "為公示送達者，行政機關應製作記載該事由及年、月、日、時之證書附卷\r\n。"
		},
		{
			"number": 8300,
			"content": "當事人或代理人經指定送達代收人，向行政機關陳明者，應向該代收人為\r\n送達。\r\n郵寄方式向行政機關提出者，以交郵地無住居所、事務所及營業所者，行\r\n政機關得命其於一定期間內，指定送達代收人。\r\n如不於前項期間指定送達代收人並陳明者，行政機關得將應送達之文書，\r\n註明該當事人或代理人之住居所、事務所或營業所，交付郵政機關掛號發\r\n送，並以交付文書時，視為送達時。"
		},
		{
			"number": 8400,
			"content": "送達，除第六十八條第一項規定交付郵政機關或依第二項之規定辦理者外\r\n，不得於星期日或其他休息日或日出前、日沒後為之。但應受送達人不拒\r\n絕收領者，不在此限。"
		},
		{
			"number": 8500,
			"content": "不能為送達者，送達人應製作記載該事由之報告書，提出於行政機關附卷\r\n，並繳回應送達之文書。"
		},
		{
			"number": 8600,
			"content": "於外國或境外為送達者，應囑託該國管轄機關或駐在該國之中華民國使領\r\n館或其他機構、團體為之。\r\n不能依前項規定為送達者，得將應送達之文書交郵政機關以雙掛號發送，\r\n以為送達，並將掛號回執附卷。"
		},
		{
			"number": 8700,
			"content": "對於駐在外國之中華民國大使、公使、領事或其他駐外人員為送達者，應\r\n囑託外交部為之。"
		},
		{
			"number": 8800,
			"content": "對於在軍隊或軍艦服役之軍人為送達者，應囑託該管軍事機關或長官為之\r\n。"
		},
		{
			"number": 8900,
			"content": "對於在監所人為送達者，應囑託該監所長官為之。"
		},
		{
			"number": 9000,
			"content": "於有治外法權人之住居所或事務所為送達者，得囑託外交部為之。"
		},
		{
			"number": 9100,
			"content": "受囑託之機關或公務員，經通知已為送達或不能為送達者，行政機關應將\r\n通知書附卷。"
		},
		{
			"number": 9200,
			"content": "本法所稱行政處分，係指行政機關就公法上具體事件所為之決定或其他公\r\n權力措施而對外直接發生法律效果之單方行政行為。\r\n前項決定或措施之相對人雖非特定，而依一般性特徵可得確定其範圍者，\r\n為一般處分，適用本法有關行政處分之規定。有關公物之設定、變更、廢\r\n止或其一般使用者，亦同。"
		},
		{
			"number": 9300,
			"content": "行政機關作成行政處分有裁量權時，得為附款。無裁量權者，以法律有明\r\n文規定或為確保行政處分法定要件之履行而以該要件為附款內容者為限，\r\n始得為之。\r\n前項所稱之附款如下︰\r\n一、期限。\r\n二、條件。\r\n三、負擔。\r\n四、保留行政處分之廢止權。\r\n五、保留負擔之事後附加或變更。"
		},
		{
			"number": 9400,
			"content": "前條之附款不得違背行政處分之目的，並應與該處分之目的具有正當合理\r\n之關聯。"
		},
		{
			"number": 9500,
			"content": "行政處分除法規另有要式之規定者外，得以書面、言詞或其他方式為之。\r\n以書面以外方式所為之行政處分，其相對人或利害關係人有正當理由要求\r\n作成書面時，處分機關不得拒絕。"
		},
		{
			"number": 9600,
			"content": "行政處分以書面為之者，應記載下列事項︰\r\n一、處分相對人之姓名、出生年月日、性別、身分證統一號碼、住居所或\r\n    其他足資辨別之特徵；如係法人或其他設有管理人或代表人之團體，\r\n    其名稱、事務所或營業所，及管理人或代表人之姓名、出生年月日、\r\n    性別、身分證統一號碼、住居所。\r\n二、主旨、事實、理由及其法令依據。\r\n三、有附款者，附款之內容。\r\n四、處分機關及其首長署名、蓋章，該機關有代理人或受任人者，須同時\r\n    於其下簽名。但以自動機器作成之大量行政處分，得不經署名，以蓋\r\n    章為之。\r\n五、發文字號及年、月、日。\r\n六、表明其為行政處分之意旨及不服行政處分之救濟方法、期間及其受理\r\n    機關。\r\n前項規定於依前條第二項作成之書面，準用之。"
		},
		{
			"number": 9700,
			"content": "書面之行政處分有下列各款情形之一者，得不記明理由︰\r\n一、未限制人民之權益者。\r\n二、處分相對人或利害關係人無待處分機關之說明已知悉或可知悉作成處\r\n    分之理由者。\r\n三、大量作成之同種類行政處分或以自動機器作成之行政處分依其狀況無\r\n    須說明理由者。\r\n四、一般處分經公告或刊登政府公報或新聞紙者。\r\n五、有關專門知識、技能或資格所為之考試、檢定或鑑定等程序。\r\n六、依法律規定無須記明理由者。"
		},
		{
			"number": 9800,
			"content": "處分機關告知之救濟期間有錯誤時，應由該機關以通知更正之，並自通知\r\n送達之翌日起算法定期間。\r\n處分機關告知之救濟期間較法定期間為長者，處分機關雖以通知更正，如\r\n相對人或利害關係人信賴原告知之救濟期間，致無法於法定期間內提起救\r\n濟，而於原告知之期間內為之者，視為於法定期間內所為。\r\n處分機關未告知救濟期間或告知錯誤未為更正，致相對人或利害關係人遲\r\n誤者，如自處分書送達後一年內聲明不服時，視為於法定期間內所為。"
		},
		{
			"number": 9900,
			"content": "對於行政處分聲明不服，因處分機關未為告知或告知錯誤致向無管轄權之\r\n機關為之者，該機關應於十日內移送有管轄權之機關，並通知當事人。\r\n前項情形，視為自始向有管轄權之機關聲明不服。"
		},
		{
			"number": 10000,
			"content": "書面之行政處分，應送達相對人及已知之利害關係人；書面以外之行政處\r\n分，應以其他適當方法通知或使其知悉。\r\n一般處分之送達，得以公告或刊登政府公報或新聞紙代替之。"
		},
		{
			"number": 10100,
			"content": "行政處分如有誤寫、誤算或其他類此之顯然錯誤者，處分機關得隨時或依\r\n申請更正之。\r\n前項更正，附記於原處分書及其正本，如不能附記者，應製作更正書，以\r\n書面通知相對人及已知之利害關係人。"
		},
		{
			"number": 10200,
			"content": "行政機關作成限制或剝奪人民自由或權利之行政處分前，除已依第三十九\r\n條規定，通知處分相對人陳述意見，或決定舉行聽證者外，應給予該處分\r\n相對人陳述意見之機會。但法規另有規定者，從其規定。"
		},
		{
			"number": 10300,
			"content": "有下列各款情形之一者，行政機關得不給予陳述意見之機會︰\r\n一、大量作成同種類之處分。\r\n二、情況急迫，如予陳述意見之機會，顯然違背公益者。\r\n三、受法定期間之限制，如予陳述意見之機會，顯然不能遵行者。\r\n四、行政強制執行時所採取之各種處置。\r\n五、行政處分所根據之事實，客觀上明白足以確認者。\r\n六、限制自由或權利之內容及程度，顯屬輕微，而無事先聽取相對人意見\r\n    之必要者。\r\n七、相對人於提起訴願前依法律應向行政機關聲請再審查、異議、復查、\r\n    重審或其他先行程序者。\r\n八、為避免處分相對人隱匿、移轉財產或潛逃出境，依法律所為保全或限\r\n    制出境之處分。"
		},
		{
			"number": 10400,
			"content": "行政機關依第一百零二條給予相對人陳述意見之機會時，應以書面記載下\r\n列事項通知相對人，必要時並公告之︰\r\n一、相對人及其住居所、事務所或營業所。\r\n二、將為限制或剝奪自由或權利行政處分之原因事實及法規依據。\r\n三、得依第一百零五條提出陳述書之意旨。\r\n四、提出陳述書之期限及不提出之效果。\r\n五、其他必要事項。\r\n前項情形，行政機關得以言詞通知相對人，並作成紀錄，向相對人朗讀或\r\n使閱覽後簽名或蓋章；其拒絕簽名或蓋章者，應記明其事由。"
		},
		{
			"number": 10500,
			"content": "行政處分之相對人依前條規定提出之陳述書，應為事實上及法律上陳述。\r\n利害關係人亦得提出陳述書，為事實上及法律上陳述，但應釋明其利害關\r\n係之所在。\r\n不於期間內提出陳述書者，視為放棄陳述之機會。"
		},
		{
			"number": 10600,
			"content": "行政處分之相對人或利害關係人得於第一百零四條第一項第四款所定期限\r\n內，以言詞向行政機關陳述意見代替陳述書之提出。\r\n以言詞陳述意見者，行政機關應作成紀錄，經向陳述人朗讀或使閱覽確認\r\n其內容無誤後，由陳述人簽名或蓋章；其拒絕簽名或蓋章者，應記明其事\r\n由。陳述人對紀錄有異議者，應更正之。"
		},
		{
			"number": 10700,
			"content": "行政機關遇有下列各款情形之一者，舉行聽證︰\r\n一、法規明文規定應舉行聽證者。\r\n二、行政機關認為有舉行聽證之必要者。"
		},
		{
			"number": 10800,
			"content": "行政機關作成經聽證之行政處分時，除依第四十三條之規定外，並應斟酌\r\n全部聽證之結果。但法規明定應依聽證紀錄作成處分者，從其規定。\r\n前項行政處分應以書面為之，並通知當事人。"
		},
		{
			"number": 10900,
			"content": "不服依前條作成之行政處分者，其行政救濟程序，免除訴願及其先行程序\r\n。"
		},
		{
			"number": 11000,
			"content": "書面之行政處分自送達相對人及已知之利害關係人起；書面以外之行政處\r\n分自以其他適當方法通知或使其知悉時起，依送達、通知或使知悉之內容\r\n對其發生效力。\r\n一般處分自公告日或刊登政府公報、新聞紙最後登載日起發生效力。但處\r\n分另訂不同日期者，從其規定。\r\n行政處分未經撤銷、廢止，或未因其他事由而失效者，其效力繼續存在。\r\n無效之行政處分自始不生效力。"
		},
		{
			"number": 11100,
			"content": "行政處分有下列各款情形之一者，無效︰\r\n一、不能由書面處分中得知處分機關者。\r\n二、應以證書方式作成而未給予證書者。\r\n三、內容對任何人均屬不能實現者。\r\n四、所要求或許可之行為構成犯罪者。\r\n五、內容違背公共秩序、善良風俗者。\r\n六、未經授權而違背法規有關專屬管轄之規定或缺乏事務權限者。\r\n七、其他具有重大明顯之瑕疵者。"
		},
		{
			"number": 11200,
			"content": "行政處分一部分無效者，其他部分仍為有效。但除去該無效部分，行政處\r\n分不能成立者，全部無效。"
		},
		{
			"number": 11300,
			"content": "行政處分之無效，行政機關得依職權確認之。\r\n行政處分之相對人或利害關係人有正當理由請求確認行政處分無效時，處\r\n分機關應確認其為有效或無效。"
		},
		{
			"number": 11400,
			"content": "違反程序或方式規定之行政處分，除依第一百十一條規定而無效者外，因\r\n下列情形而補正︰\r\n一、須經申請始得作成之行政處分，當事人已於事後提出者。\r\n二、必須記明之理由已於事後記明者。\r\n三、應給予當事人陳述意見之機會已於事後給予者。\r\n四、應參與行政處分作成之委員會已於事後作成決議者。\r\n五、應參與行政處分作成之其他機關已於事後參與者。\r\n前項第二款至第五款之補正行為，僅得於訴願程序終結前為之；得不經訴\r\n願程序者，僅得於向行政法院起訴前為之。\r\n當事人因補正行為致未能於法定期間內聲明不服者，其期間之遲誤視為不\r\n應歸責於該當事人之事由，其回復原狀期間自該瑕疵補正時起算。"
		},
		{
			"number": 11500,
			"content": "行政處分違反土地管轄之規定者，除依第一百十一條第六款規定而無效者\r\n外，有管轄權之機關如就該事件仍應為相同之處分時，原處分無須撤銷。"
		},
		{
			"number": 11600,
			"content": "行政機關得將違法行政處分轉換為與原處分具有相同實質及程序要件之其\r\n他行政處分。但有下列各款情形之一者，不得轉換︰\r\n一、違法行政處分，依第一百十七條但書規定，不得撤銷者。\r\n二、轉換不符作成原行政處分之目的者。\r\n三、轉換法律效果對當事人更為不利者。\r\n羈束處分不得轉換為裁量處分。\r\n行政機關於轉換前應給予當事人陳述意見之機會。但有第一百零三條之事\r\n由者，不在此限。"
		},
		{
			"number": 11700,
			"content": "違法行政處分於法定救濟期間經過後，原處分機關得依職權為全部或一部\r\n之撤銷；其上級機關，亦得為之。但有下列各款情形之一者，不得撤銷︰\r\n一、撤銷對公益有重大危害者。\r\n二、受益人無第一百十九條所列信賴不值得保護之情形，而信賴授予利益\r\n    之行政處分，其信賴利益顯然大於撤銷所欲維護之公益者。"
		},
		{
			"number": 11800,
			"content": "違法行政處分經撤銷後，溯及既往失其效力。但為維護公益或為避免受益\r\n人財產上之損失，為撤銷之機關得另定失其效力之日期。"
		},
		{
			"number": 11900,
			"content": "受益人有下列各款情形之一者，其信賴不值得保護︰\r\n一、以詐欺、脅迫或賄賂方法，使行政機關作成行政處分者。\r\n二、對重要事項提供不正確資料或為不完全陳述，致使行政機關依該資料\r\n    或陳述而作成行政處分者。\r\n三、明知行政處分違法或因重大過失而不知者。"
		},
		{
			"number": 12000,
			"content": "授予利益之違法行政處分經撤銷後，如受益人無前條所列信賴不值得保護\r\n之情形，其因信賴該處分致遭受財產上之損失者，為撤銷之機關應給予合\r\n理之補償。\r\n前項補償額度不得超過受益人因該處分存續可得之利益。\r\n關於補償之爭議及補償之金額，相對人有不服者，得向行政法院提起給付\r\n訴訟。"
		},
		{
			"number": 12100,
			"content": "第一百十七條之撤銷權，應自原處分機關或其上級機關知有撤銷原因時起\r\n二年內為之。\r\n前條之補償請求權，自行政機關告知其事由時起，因二年間不行使而消滅\r\n；自處分撤銷時起逾五年者，亦同。"
		},
		{
			"number": 12200,
			"content": "非授予利益之合法行政處分，得由原處分機關依職權為全部或一部之廢止\r\n。但廢止後仍應為同一內容之處分或依法不得廢止者，不在此限。"
		},
		{
			"number": 12300,
			"content": "授予利益之合法行政處分，有下列各款情形之一者，得由原處分機關依職\r\n權為全部或一部之廢止：\r\n一、法規准許廢止者。\r\n二、原處分機關保留行政處分之廢止權者。\r\n三、附負擔之行政處分，受益人未履行該負擔者。\r\n四、行政處分所依據之法規或事實事後發生變更，致不廢止該處分對公益\r\n    將有危害者。\r\n五、其他為防止或除去對公益之重大危害者。"
		},
		{
			"number": 12400,
			"content": "前條之廢止，應自廢止原因發生後二年內為之。"
		},
		{
			"number": 12500,
			"content": "合法行政處分經廢止後，自廢止時或自廢止機關所指定較後之日時起，失\r\n其效力。但受益人未履行負擔致行政處分受廢止者，得溯及既往失其效力\r\n。"
		},
		{
			"number": 12600,
			"content": "原處分機關依第一百二十三條第四款、第五款規定廢止授予利益之合法行\r\n政處分者，對受益人因信賴該處分致遭受財產上之損失，應給予合理之補\r\n償。\r\n第一百二十條第二項、第三項及第一百二十一條第二項之規定，於前項補\r\n償準用之。"
		},
		{
			"number": 12700,
			"content": "授予利益之行政處分，其內容係提供一次或連續之金錢或可分物之給付者\r\n，經撤銷、廢止或條件成就而有溯及既往失效之情形時，受益人應返還因\r\n該處分所受領之給付。其行政處分經確認無效者，亦同。\r\n前項返還範圍準用民法有關不當得利之規定。\r\n行政機關依前二項規定請求返還時，應以書面行政處分確認返還範圍，並\r\n限期命受益人返還之。\r\n前項行政處分未確定前，不得移送行政執行。"
		},
		{
			"number": 12800,
			"content": "行政處分於法定救濟期間經過後，具有下列各款情形之一者，相對人或利\r\n害關係人得向行政機關申請撤銷、廢止或變更之。但相對人或利害關係人\r\n因重大過失而未能在行政程序或救濟程序中主張其事由者，不在此限：\r\n一、具有持續效力之行政處分所依據之事實事後發生有利於相對人或利害\r\n    關係人之變更者。\r\n二、發生新事實或發現新證據者，但以如經斟酌可受較有利益之處分者為\r\n    限。\r\n三、其他具有相當於行政訴訟法所定再審事由且足以影響行政處分者。\r\n前項申請，應自法定救濟期間經過後三個月內為之；其事由發生在後或知\r\n悉在後者，自發生或知悉時起算。但自法定救濟期間經過後已逾五年者，\r\n不得申請。"
		},
		{
			"number": 12900,
			"content": "行政機關認前條之申請為有理由者，應撤銷、廢止或變更原處分；認申請\r\n為無理由或雖有重新開始程序之原因，如認為原處分為正當者，應駁回之\r\n。"
		},
		{
			"number": 13000,
			"content": "行政處分經撤銷或廢止確定，或因其他原因失其效力後，而有收回因該處\r\n分而發給之證書或物品之必要者，行政機關得命所有人或占有人返還之。\r\n前項情形，所有人或占有人得請求行政機關將該證書或物品作成註銷之標\r\n示後，再予發還。但依物之性質不能作成註銷標示，或註銷標示不能明顯\r\n而持續者，不在此限。"
		},
		{
			"number": 13100,
			"content": "公法上之請求權，於請求權人為行政機關時，除法律另有規定外，因五年\r\n間不行使而消滅；於請求權人為人民時，除法律另有規定外，因十年間不\r\n行使而消滅。\r\n公法上請求權，因時效完成而當然消滅。\r\n前項時效，因行政機關為實現該權利所作成之行政處分而中斷。"
		},
		{
			"number": 13200,
			"content": "行政處分因撤銷、廢止或其他事由而溯及既往失效時，自該處分失效時起\r\n，已中斷之時效視為不中斷。"
		},
		{
			"number": 13300,
			"content": "因行政處分而中斷之時效，自行政處分不得訴請撤銷或因其他原因失其效\r\n力後，重行起算。"
		},
		{
			"number": 13400,
			"content": "因行政處分而中斷時效之請求權，於行政處分不得訴請撤銷後，其原有時\r\n效期間不滿五年者，因中斷而重行起算之時效期間為五年。"
		},
		{
			"number": 13500,
			"content": "公法上法律關係得以契約設定、變更或消滅之。但依其性質或法規規定不\r\n得締約者，不在此限。"
		},
		{
			"number": 13600,
			"content": "行政機關對於行政處分所依據之事實或法律關係，經依職權調查仍不能確\r\n定者，為有效達成行政目的，並解決爭執，得與人民和解，締結行政契約\r\n，以代替行政處分。"
		},
		{
			"number": 13700,
			"content": "行政機關與人民締結行政契約，互負給付義務者，應符合下列各款之規定\r\n︰\r\n一、契約中應約定人民給付之特定用途。\r\n二、人民之給付有助於行政機關執行其職務。\r\n三、人民之給付與行政機關之給付應相當，並具有正當合理之關聯。\r\n行政處分之作成，行政機關無裁量權時，代替該行政處分之行政契約所約\r\n定之人民給付，以依第九十三條第一項規定得為附款者為限。\r\n第一項契約應載明人民給付之特定用途及僅供該特定用途使用之意旨。"
		},
		{
			"number": 13800,
			"content": "行政契約當事人之一方為人民，依法應以甄選或其他競爭方式決定該當事\r\n人時，行政機關應事先公告應具之資格及決定之程序。決定前，並應予參\r\n與競爭者表示意見之機會。"
		},
		{
			"number": 13900,
			"content": "行政契約之締結，應以書面為之。但法規另有其他方式之規定者，依其規\r\n定。"
		},
		{
			"number": 14000,
			"content": "行政契約依約定內容履行將侵害第三人之權利者，應經該第三人書面之同\r\n意，始生效力。\r\n行政處分之作成，依法規之規定應經其他行政機關之核准、同意或會同辦\r\n理者，代替該行政處分而締結之行政契約，亦應經該行政機關之核准、同\r\n意或會同辦理，始生效力。"
		},
		{
			"number": 14100,
			"content": "行政契約準用民法規定之結果為無效者，無效。\r\n行政契約違反第一百三十五條但書或第一百三十八條之規定者，無效。"
		},
		{
			"number": 14200,
			"content": "代替行政處分之行政契約，有下列各款情形之一者，無效︰\r\n一、與其內容相同之行政處分為無效者。\r\n二、與其內容相同之行政處分，有得撤銷之違法原因，並為締約雙方所明\r\n    知者。\r\n三、締結之和解契約，未符合第一百三十六條之規定者。\r\n四、締結之雙務契約，未符合第一百三十七條之規定者。"
		},
		{
			"number": 14300,
			"content": "行政契約之一部無效者，全部無效。但如可認為欠缺該部分，締約雙方亦\r\n將締結契約者，其他部分仍為有效。"
		},
		{
			"number": 14400,
			"content": "行政契約當事人之一方為人民者，行政機關得就相對人契約之履行，依書\r\n面約定之方式，為必要之指導或協助。"
		},
		{
			"number": 14500,
			"content": "行政契約當事人之一方為人民者，其締約後，因締約機關所屬公法人之其\r\n他機關於契約關係外行使公權力，致相對人履行契約義務時，顯增費用或\r\n受其他不可預期之損失者，相對人得向締約機關請求補償其損失。但公權\r\n力之行使與契約之履行無直接必要之關聯者，不在此限。\r\n締約機關應就前項請求，以書面並敘明理由決定之。\r\n第一項補償之請求，應自相對人知有損失時起一年內為之。\r\n關於補償之爭議及補償之金額，相對人有不服者，得向行政法院提起給付\r\n訴訟。"
		},
		{
			"number": 14600,
			"content": "行政契約當事人之一方為人民者，行政機關為防止或除去對公益之重大危\r\n害，得於必要範圍內調整契約內容或終止契約。\r\n前項之調整或終止，非補償相對人因此所受之財產上損失，不得為之。\r\n第一項之調整或終止及第二項補償之決定，應以書面敘明理由為之。\r\n相對人對第一項之調整難為履行者，得以書面敘明理由終止契約。\r\n相對人對第二項補償金額不同意時，得向行政法院提起給付訴訟。"
		},
		{
			"number": 14700,
			"content": "行政契約締結後，因有情事重大變更，非當時所得預料，而依原約定顯失\r\n公平者，當事人之一方得請求他方適當調整契約內容。如不能調整，得終\r\n止契約。\r\n前項情形，行政契約當事人之一方為人民時，行政機關為維護公益，得於\r\n補償相對人之損失後，命其繼續履行原約定之義務。\r\n第一項之請求調整或終止與第二項補償之決定，應以書面敘明理由為之。\r\n相對人對第二項補償金額不同意時，得向行政法院提起給付訴訟。"
		},
		{
			"number": 14800,
			"content": "行政契約約定自願接受執行時，債務人不為給付時，債權人得以該契約為\r\n強制執行之執行名義。\r\n前項約定，締約之一方為中央行政機關時，應經主管院、部或同等級機關\r\n之認可；締約之一方為地方自治團體之行政機關時，應經該地方自治團體\r\n行政首長之認可；契約內容涉及委辦事項者，並應經委辦機關之認可，始\r\n生效力。\r\n第一項強制執行，準用行政訴訟法有關強制執行之規定。"
		},
		{
			"number": 14900,
			"content": "行政契約，本法未規定者，準用民法相關之規定。"
		},
		{
			"number": 15000,
			"content": "本法所稱法規命令，係指行政機關基於法律授權，對多數不特定人民就一\r\n般事項所作抽象之對外發生法律效果之規定。\r\n法規命令之內容應明列其法律授權之依據，並不得逾越法律授權之範圍與\r\n立法精神。"
		},
		{
			"number": 15100,
			"content": "行政機關訂定法規命令，除關於軍事、外交或其他重大事項而涉及國家機\r\n密或安全者外，應依本法所定程序為之。但法律另有規定者，從其規定。\r\n法規命令之修正、廢止、停止或恢復適用，準用訂定程序之規定。"
		},
		{
			"number": 15200,
			"content": "法規命令之訂定，除由行政機關自行草擬者外，並得由人民或團體提議為\r\n之。\r\n前項提議，應以書面敘明法規命令訂定之目的、依據及理由，並附具相關\r\n資料。"
		},
		{
			"number": 15300,
			"content": "受理前條提議之行政機關，應依下列情形分別處理︰\r\n一、非主管之事項，依第十七條之規定予以移送。\r\n二、依法不得以法規命令規定之事項，附述理由通知原提議者。\r\n三、無須訂定法規命令之事項，附述理由通知原提議者。\r\n四、有訂定法規命令之必要者，著手研擬草案。"
		},
		{
			"number": 15400,
			"content": "行政機關擬訂法規命令時，除情況急迫，顯然無法事先公告周知者外，應\r\n於政府公報或新聞紙公告，載明下列事項︰\r\n一、訂定機關之名稱，其依法應由數機關會同訂定者，各該機關名稱。\r\n二、訂定之依據。\r\n三、草案全文或其主要內容。\r\n四、任何人得於所定期間內向指定機關陳述意見之意旨。\r\n行政機關除為前項之公告外，並得以適當之方法，將公告內容廣泛周知。"
		},
		{
			"number": 15500,
			"content": "行政機關訂定法規命令，得依職權舉行聽證。"
		},
		{
			"number": 15600,
			"content": "行政機關為訂定法規命令，依法舉行聽證者，應於政府公報或新聞紙公告\r\n，載明下列事項：\r\n一、訂定機關之名稱，其依法應由數機關會同訂定者，各該機關之名稱。\r\n二、訂定之依據。\r\n三、草案之全文或其主要內容。\r\n四、聽證之日期及場所。\r\n五、聽證之主要程序。"
		},
		{
			"number": 15700,
			"content": "法規命令依法應經上級機關核定者，應於核定後始得發布。\r\n數機關會同訂定之法規命令，依法應經上級機關或共同上級機關核定者，\r\n應於核定後始得會銜發布。\r\n法規命令之發布，應刊登政府公報或新聞紙。"
		},
		{
			"number": 15800,
			"content": "法規命令，有下列情形之一者，無效︰\r\n一、牴觸憲法、法律或上級機關之命令者。\r\n二、無法律之授權而剝奪或限制人民之自由、權利者。\r\n三、其訂定依法應經其他機關核准，而未經核准者。\r\n法規命令之一部分無效者，其他部分仍為有效。但除去該無效部分，法規\r\n命令顯失規範目的者，全部無效。"
		},
		{
			"number": 15900,
			"content": "本法所稱行政規則，係指上級機關對下級機關，或長官對屬官，依其權限\r\n或職權為規範機關內部秩序及運作，所為非直接對外發生法規範效力之一\r\n般、抽象之規定。\r\n行政規則包括下列各款之規定︰\r\n一、關於機關內部之組織、事務之分配、業務處理方式、人事管理等一般\r\n    性規定。\r\n二、為協助下級機關或屬官統一解釋法令、認定事實、及行使裁量權，而\r\n    訂頒之解釋性規定及裁量基準。"
		},
		{
			"number": 16000,
			"content": "行政規則應下達下級機關或屬官。\r\n行政機關訂定前條第二項第二款之行政規則，應由其首長簽署，並登載於\r\n政府公報發布之。"
		},
		{
			"number": 16100,
			"content": "有效下達之行政規則，具有拘束訂定機關、其下級機關及屬官之效力。"
		},
		{
			"number": 16200,
			"content": "行政規則得由原發布機關廢止之。\r\n行政規則之廢止，適用第一百六十條規定。"
		},
		{
			"number": 16300,
			"content": "本法所稱行政計畫，係指行政機關為將來一定期限內達成特定之目的或實\r\n現一定之構想，事前就達成該目的或實現該構想有關之方法、步驟或措施\r\n等所為之設計與規劃。"
		},
		{
			"number": 16400,
			"content": "行政計畫有關一定地區土地之特定利用或重大公共設施之設置，涉及多數\r\n不同利益之人及多數不同行政機關權限者，確定其計畫之裁決，應經公開\r\n及聽證程序，並得有集中事權之效果。\r\n前項行政計畫之擬訂、確定、修訂及廢棄之程序，由行政院另定之。"
		},
		{
			"number": 16500,
			"content": "本法所稱行政指導，謂行政機關在其職權或所掌事務範圍內，為實現一定\r\n之行政目的，以輔導、協助、勸告、建議或其他不具法律上強制力之方法\r\n，促請特定人為一定作為或不作為之行為。"
		},
		{
			"number": 16600,
			"content": "行政機關為行政指導時，應注意有關法規規定之目的，不得濫用。\r\n相對人明確拒絕指導時，行政機關應即停止，並不得據此對相對人為不利\r\n之處置。"
		},
		{
			"number": 16700,
			"content": "行政機關對相對人為行政指導時，應明示行政指導之目的、內容、及負責\r\n指導者等事項。\r\n前項明示，得以書面、言詞或其他方式為之。如相對人請求交付文書時，\r\n除行政上有特別困難外，應以書面為之。"
		},
		{
			"number": 16800,
			"content": "人民對於行政興革之建議、行政法令之查詢、行政違失之舉發或行政上權\r\n益之維護，得向主管機關陳情。"
		},
		{
			"number": 16900,
			"content": "陳情得以書面或言詞為之；其以言詞為之者，受理機關應作成紀錄，並向\r\n陳情人朗讀或使閱覽後命其簽名或蓋章。\r\n陳情人對紀錄有異議者，應更正之。"
		},
		{
			"number": 17000,
			"content": "行政機關對人民之陳情，應訂定作業規定，指派人員迅速、確實處理之。\r\n人民之陳情有保密必要者，受理機關處理時，應不予公開。"
		},
		{
			"number": 17100,
			"content": "受理機關認為人民之陳情有理由者，應採取適當之措施；認為無理由者，\r\n應通知陳情人，並說明其意旨。\r\n受理機關認為陳情之重要內容不明確或有疑義者，得通知陳情人補陳之。"
		},
		{
			"number": 17200,
			"content": "人民之陳情應向其他機關為之者，受理機關應告知陳情人。但受理機關認\r\n為適當時，應即移送其他機關處理，並通知陳情人。\r\n陳情之事項，依法得提起訴願、訴訟或請求國家賠償者，受理機關應告知\r\n陳情人。"
		},
		{
			"number": 17300,
			"content": "人民陳情案有下列情形之一者，得不予處理︰\r\n一、無具體之內容或未具真實姓名或住址者。\r\n二、同一事由，經予適當處理，並已明確答覆後，而仍一再陳情者。\r\n三、非主管陳情內容之機關，接獲陳情人以同一事由分向各機關陳情者。"
		},
		{
			"number": 17400,
			"content": "當事人或利害關係人不服行政機關於行政程序中所為之決定或處置，僅得\r\n於對實體決定聲明不服時一併聲明之。但行政機關之決定或處置得強制執\r\n行或本法或其他法規另有規定者，不在此限。"
		},
		{
			"number": 17401,
			"content": "本法施行前，行政機關依中央法規標準法第七條訂定之命令，須以法律規\r\n定或以法律明列其授權依據者，應於本法施行後二年內，以法律規定或以\r\n法律明列其授權依據後修正或訂定；逾期失效。"
		},
		{
			"number": 17500,
			"content": "本法自中華民國九十年一月一日施行。\r\n本法修正條文自公布日施行。"
		}
	]
}