{
	"pcode": "A0030086",
	"type": "命令",
	"title": "檔案微縮儲存管理實施辦法",
	"url": "https://law.moj.gov.tw/LawClass/LawAll.aspx?pcode=A0030086",
	"category": [
		"行政",
		"國家發展委員會",
		"通用目"
	],
	"lastUpdate": "20050928",
	"isTranslated": true,
	"english": "The Implementation Regulations for Archives Stored on Microfilm",
	"history": [
		"中華民國九十年十二月十二日檔案管理局（90）檔秘字第 0002054-2 號令訂定發布全文 23 條；並自檔案法施行之日施行",
		"中華民國九十四年九月二十八日檔案管理局檔典字第 09400040751 號令修正發布第 21、23 條條文；並自發布日施行"
	],
	"divisions": [],
	"articles": [
		{
			"number": 100,
			"content": "本辦法依檔案法 (以下簡稱本法) 第九條第一項規定訂定之。"
		},
		{
			"number": 200,
			"content": "本辦法用詞定義如下：\r\n一、微縮：指使用攝影方法，將檔案縮攝於鹵化銀底片或其他適於長久保\r\n    存底片之程序。\r\n二、原始文件：指供微縮作業所拍攝之檔案。\r\n三、微縮母片：指由原始文件直接攝製之微縮片。\r\n四、微縮副片：指由微縮母片複製之微縮片。\r\n五、影幅：指微縮片在攝影機內經一次曝光所得之影像。\r\n六、確認：指檔案管理機關證明微縮檔案及其複製品內容與原始檔案內容\r\n    相同之程序。"
		},
		{
			"number": 300,
			"content": "檔案之微縮作業，應由管理該檔案機關辦理；必要時，得委外為之。"
		},
		{
			"number": 400,
			"content": "微縮片之材質、縮攝及沖片設備均應符合國家標準。"
		},
		{
			"number": 500,
			"content": "永久保存檔案與定期保存檔案以分別拍攝於不同微縮片為原則。"
		},
		{
			"number": 600,
			"content": "機密檔案與一般檔案應分別拍攝。\r\n拍攝機密檔案時，應於微縮片之首幅及尾幅攝入機密標記及適切之警語。"
		},
		{
			"number": 700,
			"content": "微縮母片以儲存檔案為原則；如須調閱應用者，應優先使用微縮副片。\r\n前項副片之製作，非經權責長官核准，不得為之。\r\n微縮母片與微縮副片應分置於不同地點保管之。"
		},
		{
			"number": 800,
			"content": "檔案進行微縮前得予拆卷。但應注意其順序，並於微縮作業完成後恢復原\r\n狀。"
		},
		{
			"number": 900,
			"content": "檔案微縮作業應由檔案管理單位及微縮作業單位填寫說明書，併同解像率\r\n測試卡，於微縮片之開端及末端攝入之。\r\n前項置於開端之說明書應記載下列事項：\r\n一、原始文件製作單位。\r\n二、原始文件檔號及案名。\r\n三、原始文件排列次序之起迄號碼。\r\n四、原始文件拍攝後處理情形。\r\n五、微縮母片之保管單位、管理人員姓名及填寫日期。\r\n第一項置於末端之說明書應記載下列事項：\r\n一、原始文件製作單位。\r\n二、原始文件保管單位。\r\n三、微縮片編號、起迄序號及總數量。\r\n四、微縮母片之型式、材質、縮小倍率及影像排列方式。\r\n五、尚待承接拍攝之微縮片編號或承接本捲 (片) 之微縮片編號。\r\n六、微縮作業單位、拍攝人姓名及拍攝完成日期。"
		},
		{
			"number": 1000,
			"content": "微縮片之每一影幅，應註明其序號或座標值。"
		},
		{
			"number": 1100,
			"content": "檔案微縮作業中，應注意拍攝完成之微縮母片與原始文件之內容一致，次\r\n序相同；如有錯誤或漏拍情事者，應即補正。"
		},
		{
			"number": 1200,
			"content": "沖驗完成之微縮母片應影像清晰，其背景密度值、解像率及定影液殘留量\r\n應符合國家標準，並定期由檔案中央主管機關派員查驗。"
		},
		{
			"number": 1300,
			"content": "微縮母片製作完成後，應就第四條至第六條、第九條至第十二條所定事項\r\n逐項查驗；如與規定事項不符或無法補正者，應整捲 (片) 作廢，另取新\r\n片重新拍攝。\r\n經查驗合格之微縮母片，應由查驗人員親自於微縮片前後端未曝光部位註\r\n記姓名及查驗時間。"
		},
		{
			"number": 1400,
			"content": "微縮母片儲存紀錄之確認，應由檔案管理機關於微縮片攝製完成時，逐一\r\n檢視，確定其內容與原始文件內容一致，次序相同後，於微縮片之開端未\r\n曝光部位及其外包裝註記「同原檔案」字樣。"
		},
		{
			"number": 1500,
			"content": "微縮副片儲存紀錄之確認，應由檔案管理機關於微縮片攝製完成時，逐一\r\n檢視，確定其內容與微縮母片儲存紀錄完全相同後，於微縮片之開端未曝\r\n光部位及其外包裝註記「與原件相符」字樣。"
		},
		{
			"number": 1600,
			"content": "微縮片儲存紀錄輸出列印之紙本式複製品，其確認應檢視其內容與微縮片\r\n儲存紀錄完全相同後，於首頁蓋用主管單位章戳，並註記「與原件相符」\r\n字樣。"
		},
		{
			"number": 1700,
			"content": "微縮片之外部包裝應註明微縮片編號、機密等級、微縮作業單位名稱、微\r\n縮作業日期、保存期限等事項；如為微縮副片應加註「副片」字樣及編號\r\n。"
		},
		{
			"number": 1800,
			"content": "檔案微縮作業應設置微縮作業紀錄簿冊。\r\n微縮作業紀錄簿冊應記載第九條、第十三條及第十七條規定之事項。\r\n前項簿冊應併同微縮片指定專人負責保管，其保存期限與製作完成之微縮\r\n片同；必要時，並得製成微縮片保存。"
		},
		{
			"number": 1900,
			"content": "原始文件經攝製微縮片後，檔案管理人員應將微縮片編號、微縮母片保管\r\n單位及原始文件處理情形註記於檔案目錄。"
		},
		{
			"number": 2000,
			"content": "微縮片之保存場所，應有適當環境控制及安全管制措施，避免毀損或遺失\r\n。\r\n前項措施應參照檔案中央主管機關訂定之檔案庫房設施基準有關規定辦理\r\n。"
		},
		{
			"number": 2100,
			"content": "微縮片應定期查驗，如有變質、損壞，應為適當之修復；無法修復時，應\r\n整捲 (片) 作廢，重行製作；無法製作時，應於檔案目錄註記。\r\n微縮母片重行製作時，應依第三條至第六條、第八條至第十九條規定辦理\r\n。\r\n第一項作廢微縮片之銷毀方法，準用檔案中央主管機關訂定之機關檔案保\r\n存年限及銷毀辦法第十三條規定。"
		},
		{
			"number": 2200,
			"content": "微縮片之製作及銷毀，應依環境保護相關法規辦理。"
		},
		{
			"number": 2300,
			"content": "本辦法自本法施行之日施行。\r\n本辦法修正條文自發布日施行。"
		}
	]
}