{
	"pcode": "A0030034",
	"type": "命令",
	"title": "行政院研究發展考核委員會會議規則",
	"url": "https://law.moj.gov.tw/LawClass/LawAll.aspx?pcode=A0030034",
	"category": [
		"廢止法規",
		"國家發展委員會"
	],
	"lastUpdate": "20151110",
	"isDiscarded": true,
	"isTranslated": false,
	"history": [
		"中華民國七十七年十月三日行政院研究發展考核委員會（77）會秘字第 3089 號令訂定發布全文 11 條",
		"中華民國八十七年八月五日行政院研究發展考核委員會（87）會管字第 02935 號令修正發布全文 12 條",
		"中華民國一百零四年十一月十日國家發展委員會發秘字第 1041801576 號令發布廢止"
	],
	"divisions": [],
	"articles": [
		{
			"number": 100,
			"content": "本規則依行政院研究發展考核委員會 (以下簡稱本會) 組織條例第十八條\r\n規定訂定之。"
		},
		{
			"number": 200,
			"content": "本會委員會議 (以下簡稱委員會議) 由主任委員、副主任委員及委員組成\r\n，由主任委員召集並為主席，主任委員因故不能召集時，由主任委員指定\r\n副主任委員一人召集並為主席。"
		},
		{
			"number": 300,
			"content": "委員會議以委員過半數之出席為法定人數。"
		},
		{
			"number": 400,
			"content": "委員應親自出席委員會議。但由機關代表兼任之委員，如因故不能親自出\r\n席時，得指派代表出席，並應先期通知幕僚作業單位。\r\n前項指派之代表列入出席人數，並參與會議發言及表決。"
		},
		{
			"number": 500,
			"content": "委員會議討論事項如下：\r\n一、關於本院及所屬各機關研究發展、綜合規劃、管制考核、行政資訊管\r\n    理工作暨本會圖書及出版等重要案件之審議事項。\r\n二、院長或院會交議事項。\r\n三、主任委員提議事項。\r\n四、其他重要事項。"
		},
		{
			"number": 600,
			"content": "委員會議討論事項，以出席委員過半數之同意決議之，可否同數時，取決\r\n於主席。"
		},
		{
			"number": 700,
			"content": "委員會議每月舉行一次。必要時，得召集臨時會議。"
		},
		{
			"number": 800,
			"content": "委員會議議程，依下列次序編列之：\r\n一、報告事項。\r\n二、討論事項。"
		},
		{
			"number": 900,
			"content": "委員會議紀錄，應載明下列事項：\r\n一、會議次數。\r\n二、會議時間。\r\n三、會議地點。\r\n四、主席姓名。\r\n五、出席、請假及列席人員姓名。\r\n六、紀錄人員姓名。\r\n七、報告事項之案由及決定。\r\n八、討論事項之案由及決議。\r\n九、其他應行記載之事項。"
		},
		{
			"number": 1000,
			"content": "委員會議列席人員如下：\r\n一、本會主任秘書及各處處長、各室室主任。\r\n二、其他經指定或邀約之人員。"
		},
		{
			"number": 1100,
			"content": "委員會議出席、列席及紀錄人員，對會議有關事項，應嚴守秘密，不得洩\r\n露。"
		},
		{
			"number": 1200,
			"content": "本規則自發布日施行。"
		}
	]
}