{
	"pcode": "A0030173",
	"type": "命令",
	"title": "法院設置調解委員辦法",
	"url": "https://law.moj.gov.tw/LawClass/LawAll.aspx?pcode=A0030173",
	"category": [
		"司法",
		"院本部",
		"民事目"
	],
	"lastUpdate": "20091113",
	"isTranslated": false,
	"attachments": [
		"https://law.moj.gov.tw/LawClass/LawGetFile.ashx?FileId=0000043083",
		"https://law.moj.gov.tw/LawClass/LawGetFile.ashx?FileId=0000043084",
		"https://law.moj.gov.tw/LawClass/LawGetFile.ashx?FileId=0000234068",
		"https://law.moj.gov.tw/LawClass/LawGetFile.ashx?FileId=0000234069"
	],
	"history": [
		"中華民國八十八年二月十日司法院（88）院台廳民一字第 03538 號令訂定發布全文 16 條；並自發布日起實施",
		"中華民國九十四年一月四日司法院院台廳民一字第 0940000141 號函修正發布第 15 條條文之附式",
		"中華民國九十六年四月十二日司法院院台廳民一字第 0960007863 號令修正發布名稱及全文 16 條；並自發布日實施（原名稱：地方法院設置調解委員辦法；新名稱：法院設置調解委員辦法）",
		"中華民國九十八年十一月十三日司法院院台廳民一字第 0980026743 號令修正發布第 5、16 條條文；並自九十八年十一月二十三日施行"
	],
	"divisions": [],
	"articles": [
		{
			"number": 100,
			"content": "本辦法依民事訴訟法第四百零六條之二第一項、第四百六十三條訂定之。"
		},
		{
			"number": 200,
			"content": "司法院所屬各法院調解委員之人數、資格、任期、聘任及解任等事項，除\r\n法律另有規定外，依本辦法行之。"
		},
		{
			"number": 300,
			"content": "調解委員由各法院院長聘任，其人數依各法院實際需要決定之，並造冊層\r\n報或報司法院備查。"
		},
		{
			"number": 400,
			"content": "具備下列資格之一者，得聘任為調解委員：\r\n一、品行端正，著有信譽。\r\n二、對調解工作富有熱忱。\r\n三、生活安定且有充裕時間。\r\n四、身心健康有說服能力。\r\n五、對解決民事或家事紛爭具有專門經驗。\r\n六、具有豐富社會知識經驗。\r\n七、其他經認為適當者。"
		},
		{
			"number": 500,
			"content": "有下列各款情形之一者，不得聘任為調解委員，其已聘任者，應即予解任\r\n：\r\n一、曾受有期徒刑以上刑之宣告，但過失犯罪不在此限。\r\n二、曾受保安處分或感訓處分之裁判確定。\r\n三、受破產宣告確定或裁定開始清算程序尚未復權。\r\n四、褫奪公權尚未復權。\r\n五、受監護宣告或輔助宣告尚未撤銷。\r\n六、律師受除名之處分。\r\n七、醫師受廢止執業執照或醫師證書之處分。\r\n八、會計師受除名之處分。\r\n九、建築師受撤銷或廢止開業證書之處分。\r\n十、身心障礙致不能執行職務。\r\n十一、有違反職務或其他不適於擔任調解委員之行為。"
		},
		{
			"number": 600,
			"content": "調解委員因住居所遷移或其他事由致不能執行職務者，得隨時報請法院解\r\n任之。"
		},
		{
			"number": 700,
			"content": "法院每年應將其聘任之調解委員，依區、鄉、鎮、市別及其專長與經歷列\r\n冊，供法官選任時之參考。"
		},
		{
			"number": 800,
			"content": "調解委員任期二年。但法院得依實際需要縮短之。\r\n前項任期屆滿得續聘之。"
		},
		{
			"number": 900,
			"content": "調解委員服務地區與工作分配，應斟酌其志願、專長、住居所等因素，由\r\n法院定之。但法院如認為需要，得命調解委員至同一法院轄區其他地區服\r\n務。"
		},
		{
			"number": 1000,
			"content": "調解委員於執行職務時，應服從法官之指示。"
		},
		{
			"number": 1100,
			"content": "法院視實際需要，得舉辦調解委員講習會或座談會，受通知之調解委員無\r\n正當理由不參加者，法院得解任之。"
		},
		{
			"number": 1200,
			"content": "法官選任調解委員時，宜依事件之性質，斟酌調解委員之能力，選任具備\r\n解決該事件專門知識或經驗之調解委員進行調解。"
		},
		{
			"number": 1300,
			"content": "法院院長、庭長及法官應與調解委員保持適當聯繫，並予必要之協助。"
		},
		{
			"number": 1400,
			"content": "調解委員服務績效優良者，應予表揚。"
		},
		{
			"number": 1500,
			"content": "調解委員之聘書及服務證，由司法院統一規定（格式如附件）。"
		},
		{
			"number": 1600,
			"content": "本辦法自發布日實施。\r\n本辦法修正條文自中華民國九十八年十一月二十三日施行。"
		}
	]
}