{
	"pcode": "A0030035",
	"type": "命令",
	"title": "行政院所屬各機關研究發展實施辦法",
	"url": "https://law.moj.gov.tw/LawClass/LawAll.aspx?pcode=A0030035",
	"category": [
		"廢止法規",
		"行政院研究發展考核委員會"
	],
	"lastUpdate": "20080603",
	"isDiscarded": true,
	"isTranslated": false,
	"attachments": [
		"https://law.moj.gov.tw/LawClass/LawGetFile.ashx?FileId=0000018762",
		"https://law.moj.gov.tw/LawClass/LawGetFile.ashx?FileId=0000018763",
		"https://law.moj.gov.tw/LawClass/LawGetFile.ashx?FileId=0000018764",
		"https://law.moj.gov.tw/LawClass/LawGetFile.ashx?FileId=0000018765",
		"https://law.moj.gov.tw/LawClass/LawGetFile.ashx?FileId=0000230985",
		"https://law.moj.gov.tw/LawClass/LawGetFile.ashx?FileId=0000230986",
		"https://law.moj.gov.tw/LawClass/LawGetFile.ashx?FileId=0000233338",
		"https://law.moj.gov.tw/LawClass/LawGetFile.ashx?FileId=0000233339"
	],
	"history": [
		"中華民國五十八年九月十八日行政院（58）台研展字第 20 號令訂定發布",
		"中華民國六十二年二月八日行政院（62）台研展字第 203 號令修正發布",
		"中華民國七十年五月十一日行政院（70）台研展字第 1538 號令修正發布",
		"中華民國八十三年八月五日行政院（83）台研展字第 2542 號令修正發布第 3～10、20 條條文",
		"中華民國八十九年一月三日行政院（89）台研展字第 00015 號令修正發布名稱及全文 23 條；並自發布日起施行（原名稱：各級行政機關研究發展實施辦法；新名稱：行政院所屬各機關研究發展實施辦法）",
		"中華民國九十七年六月三日行政院院授研展字第 0972160538 號令發布廢止"
	],
	"divisions": [],
	"articles": [
		{
			"number": 100,
			"content": "行政院為革新行政，加強所屬各機關 (以下簡稱各機關) 之研究發展，特\r\n訂定本辦法。"
		},
		{
			"number": 200,
			"content": "研究發展工作範圍如左：\r\n一、本機關施政方針或業務 (工作) 方針之研擬事項。\r\n二、本機關施政計畫或業務 (工作) 計畫之編擬事項。\r\n三、促進業務革新及發展事項。\r\n四、改進行政管理及提高行政效率事項。\r\n五、有關民意及國情之調查與分析事項。\r\n六、有關資訊系統之規劃與協調事項。\r\n七、有關推動諮詢制度事項。\r\n八、有關為民服務事項。\r\n九、本機關組織調整之研究事項。\r\n十、本機關出國人員報告之審查與處理事項。\r\n十一、奉交辦之研究事項。\r\n十二、其他有關研究發展事項。"
		},
		{
			"number": 300,
			"content": "研究發展工作由各機關主管研考業務單位推行，並按左列方式進行研究：\r\n一、本機關人員自行研究。\r\n二、與有關機關人員共同研究。\r\n三、與專家或學術機構合作研究。\r\n四、委託專家或學術機構專題研究。"
		},
		{
			"number": 400,
			"content": "各機關主管研考業務單位應於年度開始前，協調其他單位，配合施政計畫\r\n，提出下年度研究計畫項目，報經本機關首長核定。其增減修正時亦同。"
		},
		{
			"number": 500,
			"content": "各機關就左列來源，選定研究計畫項目：\r\n一、本機關自行選定者。\r\n (一) 有關促進機關目標之達成者。\r\n (二) 主管業務需要改進者。\r\n (三) 輿論反映及人民陳情者。\r\n (四) 年度考成及業務檢查所發現者。\r\n (五) 機關人員自行研提者。\r\n二、上級機關交辦者。\r\n三、下級機關陳報者。\r\n四、其他機關合作、委託或洽請研究者。"
		},
		{
			"number": 600,
			"content": "各機關選定之研究計畫項目，如涉及兩個機關以上權責，非本機關所能單\r\n獨進行者，應會同有關機關共同研究，或報由上級機關指定機關專案研究\r\n。"
		},
		{
			"number": 700,
			"content": "經核定之研究計畫項目，其經費在本機關相關業務經費或研考經費項下支\r\n應。"
		},
		{
			"number": 800,
			"content": "各機關應於每年二月底前將所屬機關研究計畫項目表 (見附表一之一、一\r\n之二) ，彙送行政院研究發展考核委員會 (以下簡稱行政院研考會) 備查\r\n。\r\n年度進行中，研究計畫項目表異動時，各機關應彙送行政院研考會備查。"
		},
		{
			"number": 900,
			"content": "各機關主管研考業務單位得視需要，每年向本機關及所屬機關之負責研究\r\n單位，定期分別查證進度。行政院研考會則派員分別抽查各機關研究發展\r\n工作進行情形。"
		},
		{
			"number": 1000,
			"content": "各項研究計畫項目應按預定進度如期完成，提出研究執告及研究報告提要\r\n表 (見附表二) 。各機關人員並得隨時就機關業務提出興革意見。"
		},
		{
			"number": 1100,
			"content": "前條之各項研究報告及研究意見由各機關主管研考業務單位予以分析，加\r\n具審查意見，整理為研究報告建議事項處理表 (見附表三) 報請機關首長\r\n核示。\r\n對於重大問題或涉及兩個機關共同業務或專門技術性之研究報告，得由主\r\n管研考業務單位，邀集有關人員或學者專家開會審查，或委託學術機構或\r\n專家學者代為審查。"
		},
		{
			"number": 1200,
			"content": "各機關人員得隨時提出研究發展意見，符合第十四條規定者，各機關得予\r\n以獎勵。"
		},
		{
			"number": 1300,
			"content": "各機關主管研考業務單位對研究報告或意見之可行性建議，依左列方式\r\n處理之：\r\n一、報請機關首長核定實施。\r\n二、報請上級機關核採。\r\n三、函送有關機關參考。"
		},
		{
			"number": 1400,
			"content": "各機關人員從事研究發展工作具有左列情形之一者，得依照本辦法規定檢\r\n同有關文件，在年度結束前彙報機關首長核獎：\r\n一、對於政治革新研提新方案或新制度，具重大價值者。\r\n二、對於機關業務研提具體改進辦法，具有效益者。\r\n三、對於行政措施研提改進方法，能獲致便民效果者。\r\n四、對於行政管理制度及管理方法研提改善方案，能增進辦事效能者。\r\n五、對於機關組織或法令規章研提調整修正意見實施後能收精簡效果者。\r\n六、對於機關業務或行政管理提出著作，具有特殊學術價值者。\r\n七、對本機關研究發展工作之推動，有顯著成效者。\r\n八、其他研究發明，有益於機關業務及行政革新者。"
		},
		{
			"number": 1500,
			"content": "前條所稱之獎勵如左：\r\n一、嘉獎、記功、記大功或發給獎金。\r\n二、調升職務、保送進修或公開表揚。\r\n三、對具有特殊價值之研究著作予以贊助出版。\r\n四、列為個人「學識才能」考績項目之依據。"
		},
		{
			"number": 1600,
			"content": "申請獎勵者，應填具申請書檢同有關文件，於年度結束前送交本機關主管\r\n研考業務單位彙辦。"
		},
		{
			"number": 1700,
			"content": "各機關對申請獎勵之案件，得由各機關首長遴選適當人員或學者專家評審\r\n之，對評審人員得酌送評審費，評審費標準由各機關自行訂定。\r\n評審行政工作由本機關主管研考業務單位辦理。"
		},
		{
			"number": 1800,
			"content": "評審人員對於申請獎勵之案件，應評定其等次報請本機關首長核定。"
		},
		{
			"number": 1900,
			"content": "經本機關首長核定之獎勵案件，由主管研考業務單位依照有關規定分別辦\r\n理獎勵，其獎勵經費，由各機關研究發展經費或其他適當科目下支應。"
		},
		{
			"number": 2000,
			"content": "各機關應於每年四月底前，將上年度研究成果及獎勵情形列表 (見附表四\r\n之一、四之二) 報院備查。並選送研究報告一至三篇附提要表逕送行政院\r\n研考會，參加行政院傑出研究獎評獎，擇優公開表揚。\r\n前項參加評獎之研究報告，以第三條第一款自行研究或第二款共同研究，\r\n並經彙送行政院研考會備查之計畫項目為限。"
		},
		{
			"number": 2100,
			"content": "研究報告或研究意見中，經本機關首長或上級機關核交實施之研究建議，\r\n應於實施年度終了時，擇要列為考成項目，由主管研考業務單位查證其實\r\n施效果，並提出檢討。"
		},
		{
			"number": 2200,
			"content": "行政院所屬各機關以外之政府機關研究發展工作，得參照本辦法自訂作業\r\n規定辦理。"
		},
		{
			"number": 2300,
			"content": "本辦法自發布日施行。"
		}
	]
}