{
	"pcode": "A0030017",
	"type": "命令",
	"title": "私人或團體移轉總統副總統文物作業細則",
	"url": "https://law.moj.gov.tw/LawClass/LawAll.aspx?pcode=A0030017",
	"category": [
		"總統",
		"總統府",
		"國史館目"
	],
	"lastUpdate": "20180704",
	"isTranslated": false,
	"history": [
		"中華民國九十三年十一月十日國史館國采字第 0930003151B 號令訂定發布全文 12 條；並自發布日施行",
		"中華民國一百零七年七月四日國史館國采字第 1071000900 號令修正發布第 6、7、11 條條文"
	],
	"divisions": [],
	"articles": [
		{
			"number": 100,
			"content": "國史館 (以下簡稱本館) 依總統副總統文物管理條例第四條第四項、第五\r\n項規定訂定本細則，以受理私人或團體移轉之總統副總統文物 (以下簡稱\r\n文物) 。"
		},
		{
			"number": 200,
			"content": "本細則所稱本館受理私人或團體移轉文物之行為係指捐贈或委託管理事項\r\n。"
		},
		{
			"number": 300,
			"content": "本國人民或團體捐贈或委託管理文物，得以書面或言詞表示。其以言詞為\r\n之者，本館應作成紀錄。"
		},
		{
			"number": 400,
			"content": "僑居國外之本國人民或團體捐贈或委託管理文物，得以書面經由我國駐外\r\n使領館、代表處、辦事處或其他外交部授權機構或僑務主管機關認可之僑\r\n團轉送本館辦理。其以言詞為之者，應作成紀錄轉送之。"
		},
		{
			"number": 500,
			"content": "外國私人或團體捐贈或委託管理文物，本館得會同外交部依本細則辦理。"
		},
		{
			"number": 600,
			"content": "本館依據私人或團體捐贈或委託管理文物之同意書或紀錄，得請該私人或\r\n團體依總統副總統文物管理條例施行細則第六條規定造具表冊送交本館。\r\n本館應召開總統副總統文物審鑑委員會審定文物保存價值。經審定具保存\r\n價值者始得移轉。\r\n前項審定結果應函知該私人或團體。"
		},
		{
			"number": 700,
			"content": "本館為審定文物之保存價值，必要時，得請求捐贈人或委託管理人提供文\r\n物原件，作為參考。"
		},
		{
			"number": 800,
			"content": "捐贈或委託管理文物，應訂定書面契約，載明文物之名稱、事由、內容、\r\n數量、材質、尺寸、期限、權利義務等相關事項。"
		},
		{
			"number": 900,
			"content": "捐贈人或委託管理人附有特殊條件者，應於前條書面契約中載明。"
		},
		{
			"number": 1000,
			"content": "私人或團體委託管理文物，不得要求或收取任何報酬或費用。"
		},
		{
			"number": 1100,
			"content": "私人或團體捐贈文物，本館得視受贈文物之保存價值，頒給感謝狀或感謝\r\n函。"
		},
		{
			"number": 1200,
			"content": "本細則自發布日施行。"
		}
	]
}