{
	"pcode": "A0030102",
	"type": "命令",
	"title": "採購評選委員會審議規則",
	"url": "https://law.moj.gov.tw/LawClass/LawAll.aspx?pcode=A0030102",
	"category": [
		"行政",
		"行政院公共工程委員會",
		"通用目"
	],
	"lastUpdate": "20080428",
	"isTranslated": true,
	"english": "Regulations For Review by Procurement Evaluation Committee",
	"history": [
		"中華民國八十八年五月二十一日行政院公共工程委員會（88）工程企字第 8806986 號令訂定發布全文 16 條；並自同年五月廿七日起施行",
		"中華民國八十九年四月十八日行政院公共工程委員會（89）工程企字第 89010148 號令修正發布第 9、16 條條文",
		"中華民國九十二年六月二十五日行政院公共工程委員會工程企字第 09200254200 號令修正發布第 6、9、10、13、14 條條文；並增訂第 6-1、14-1 條條文",
		"中華民國九十三年九月八日行政院公共工程委員會工程企字第 09300345180 號令修正發布第 6-1 條條文",
		"中華民國九十四年一月三日行政院公共工程委員會工程企字第 09300490920 號令修正發布第 6-1 條條文",
		"中華民國九十四年七月十三日行政院公共工程委員會工程企字第 09400247740 號令修正發布第 3、5、7 條條文；並刪除第 4 條條文",
		"中華民國九十六年四月二十五日行政院公共工程委員會工程企字第 09600160900 號令修正發布第 6、9 條條文；並增訂第 3-1 條條文",
		"中華民國九十七年四月二十八日行政院公共工程委員會工程企字第 09700170270 號令修正發布第 14 條條文"
	],
	"divisions": [],
	"articles": [
		{
			"number": 100,
			"content": "本規則依政府採購法 (以下簡稱本法) 第九十四條第二項規定訂定之。"
		},
		{
			"number": 200,
			"content": "採購評選委員會 (以下簡稱本委員會) 得視案件性質，由召集人或委員會\r\n議決定每位委員之分工及應評選之項目。"
		},
		{
			"number": 300,
			"content": "機關成立之工作小組應依據評選項目或本委員會指定之項目，就受評廠商\r\n資料擬具初審意見，載明下列事項，連同廠商資料送本委員會供評選參考\r\n：\r\n一、採購案名稱。\r\n二、工作小組人員姓名、職稱及專長。\r\n三、受評廠商於各評選項目所報內容是否符合招標文件規定。\r\n四、受評廠商於各評選項目之差異性。"
		},
		{
			"number": 301,
			"content": "本委員會辦理廠商評選，應就各評選項目、受評廠商資料及工作小組初審\r\n意見，逐項討論後為之。\r\n本委員會或個別委員評選結果與工作小組初審意見有異時，應由本委員會\r\n或該個別委員敘明理由，並列入會議紀錄。"
		},
		{
			"number": 400,
			"content": "（刪除）"
		},
		{
			"number": 500,
			"content": "本委員會於作成決議前得指定委員就工作小組所擬具之初審意見內容預先\r\n審查，其審查意見應送本委員會參考。\r\n委員認有調查或實地勘驗之必要時，得經本委員會決議後實施調查或勘驗\r\n。"
		},
		{
			"number": 600,
			"content": "委員應公正辦理評選。評選及出席會議，應親自為之，不得代理，且應參\r\n與評分（比）。\r\n不同委員之評選結果有明顯差異時，召集人應提交本委員會議決或依本委\r\n員會決議辦理複評。複評結果仍有明顯差異時，由本委員會決議之。\r\n本委員會依前項規定，得作成下列議決或決議：\r\n一、維持原評選結果。\r\n二、除去個別委員評選結果，重計評選結果。\r\n三、廢棄原評選結果，重行提出評選結果。\r\n四、無法評定最有利標。"
		},
		{
			"number": 601,
			"content": "委員辦理評選，應於機關備具之評分 (比) 表逐項載明各受評廠商之評分\r\n或序位，並簽名或蓋章。\r\n機關於委員評選後，應彙整製作總表，載明下列事項，由參與評選全體委\r\n員簽名或蓋章。其內容有修正者，應經修正人員簽名或蓋章：\r\n一、採購案。\r\n二、各受評廠商名稱及標價。\r\n三、本委員會全部委員姓名、職業、評選優勝廠商或評定最有利標會議之\r\n    出席委員姓名。\r\n四、各出席委員對於各受評廠商之評分或序位評比結果。\r\n五、全部出席委員對各受評廠商之總評選結果。\r\n前項第四款，各受評廠商之評分或序位評比結果，其所標示之各出席委員\r\n姓名，得以代號代之。"
		},
		{
			"number": 700,
			"content": "工作小組擬具初審意見及本委員會審查、議決等評選作業，以記名方式秘\r\n密為之為原則。\r\n評選結果應通知投標廠商，對不合格或未獲選之廠商，並應敘明其原因。"
		},
		{
			"number": 800,
			"content": "本委員會或工作小組辦理評選，其於通知廠商說明、減價、協商、更改原\r\n報內容或重新報價時，應個別洽廠商為之，並予保密。"
		},
		{
			"number": 900,
			"content": "本委員會會議，應有委員總額二分之一以上出席，其決議應經出席委員過\r\n半數之同意行之。出席委員中之外聘專家、學者人數應至少二人且不得少\r\n於出席人數之三分之一。\r\n本委員會委員有第十四條情形或其他原因未能繼續擔任委員，致委員總額\r\n或專家、學者人數未達本法第九十四條第一項關於人數之規定者，應另行\r\n遴選委員補足之。\r\n第一項會議表決時，主席得命本委員會以外之人員退席。但不包括應全程\r\n出席之承辦人員。\r\n第一項會議，應作成紀錄，由出席委員全體簽名。"
		},
		{
			"number": 1000,
			"content": "本委員會會議進行中，出席委員人數不符合前條第一項規定者，議案不得\r\n提付表決。"
		},
		{
			"number": 1100,
			"content": "本委員會會議紀錄，應記載下列事項：\r\n一、採購案名稱。\r\n二、會議次別。\r\n三、會議時間。\r\n四、會議地點。\r\n五、主席姓名。\r\n六、出席及請假委員姓名。\r\n七、列席人員姓名。\r\n八、記錄人員姓名。\r\n九、報告事項之案由及決定。\r\n十、討論事項之案由及決議。\r\n十一、臨時動議之案由及決議。\r\n十二、其他應行記載之事項。\r\n前項會議紀錄至遲應於下次開會時分送各出席委員，並予確認。如有遺漏\r\n或錯誤，得於紀錄宣讀後，提請主席裁定更正。最後一次會議紀錄應於當\r\n次會議結束前作成並予確認。"
		},
		{
			"number": 1200,
			"content": "本委員會委員對於會議之決議有不同意見者，得要求將不同意見載入會議\r\n紀錄或將意見書附於會議紀錄，以備查考。本委員會不得拒絕。"
		},
		{
			"number": 1300,
			"content": "本委員會委員及參與評選工作之人員對於受評廠商之資料，除供公務上使\r\n用或法令另有規定外，應保守秘密。評選後亦同。                    \r\n得標廠商受評選之樣品或模型，機關得於決標後公開；未得標廠商之樣品\r\n或模型，機關得於決標後發還。"
		},
		{
			"number": 1400,
			"content": "本委員會委員有下列情形之一者，應即辭職或予以解聘：\r\n一、就案件涉及本人、配偶、三親等以內血親或姻親，或同財共居親屬之\r\n    利益。\r\n二、本人或其配偶與受評選之廠商或其負責人間現有或三年內曾有僱傭、\r\n    委任或代理關係。\r\n三、委員認為本人或機關認其有不能公正執行職務之虞。\r\n四、有其他情形足使受評選之廠商認其有不能公正執行職務之虞，經受評\r\n    選之廠商以書面敘明理由，向機關提出，經本委員會作成決定。"
		},
		{
			"number": 1401,
			"content": "本委員會委員自接獲評選有關資料之時起，不得就該採購案參加投標、作\r\n為投標廠商之分包廠商或擔任工作成員。其有違反者，機關應不決標予該\r\n廠商。"
		},
		{
			"number": 1500,
			"content": "關於本委員會評選廠商之文書，應由承辦人員就每一採購案分別編訂卷宗\r\n。"
		},
		{
			"number": 1600,
			"content": "本規則自中華民國八十八年五月二十七日施行。\r\n本規則修正條文自發布日施行。"
		}
	]
}