{
	"pcode": "A0030020",
	"type": "法律",
	"title": "訴願法",
	"url": "https://law.moj.gov.tw/LawClass/LawAll.aspx?pcode=A0030020",
	"category": [
		"行政",
		"院本部",
		"通用目"
	],
	"lastUpdate": "20120627",
	"isTranslated": true,
	"english": "Administrative Appeal Act",
	"history": [
		"中華民國十九年三月二十四日國民政府制定公布全文 14 條",
		"中華民國二十六年一月八日國民政府修正公布全文 13 條",
		"中華民國五十九年十二月二十三日總統令修正公布全文 28 條",
		"中華民國六十八年十二月七日總統令修正公布第 26 條條文",
		"中華民國八十四年一月十六日總統（84）華總（一）義字第 0196 號令修正公布第 26 條條文",
		"中華民國八十七年十月二十八日總統（87）華總（一）義字第 8700221320 號令修正公布全文 101 條中華民國八十八年七月三十一日行政院（88）台規字第 29626 號令發布：本次修正條文，定自八十九年七月一日起施行",
		"中華民國八十九年六月十四日總統（89）華總（一）義字第 8900146990 號令修正公布第 4、9、41 條條文；並自八十九年七月一日起施行",
		"中華民國一百零一年六月二十七日總統華總一義字第 10100146371 號令修正公布第 90 條條文；施行日期，由行政院以命令定之中華民國一百零一年七月十二日行政院院臺規字第 1010136526 號令發布定自一百零一年九月六日施行"
	],
	"divisions": [
		{
			"type": "章",
			"number": 100,
			"title": "總則",
			"start": 100,
			"end": 5100,
			"children": [
				{
					"type": "節",
					"number": 100,
					"title": "訴願事件",
					"start": 100,
					"end": 300
				},
				{
					"type": "節",
					"number": 200,
					"title": "管轄",
					"start": 400,
					"end": 1300
				},
				{
					"type": "節",
					"number": 300,
					"title": "期日及期間",
					"start": 1400,
					"end": 1700
				},
				{
					"type": "節",
					"number": 400,
					"title": "訴願人",
					"start": 1800,
					"end": 4200
				},
				{
					"type": "節",
					"number": 500,
					"title": "送達",
					"start": 4300,
					"end": 4700
				},
				{
					"type": "節",
					"number": 600,
					"title": "訴願卷宗",
					"start": 4800,
					"end": 5100
				}
			]
		},
		{
			"type": "章",
			"number": 200,
			"title": "訴願審議委員會",
			"start": 5200,
			"end": 5500
		},
		{
			"type": "章",
			"number": 300,
			"title": "訴願程序",
			"start": 5600,
			"end": 9600,
			"children": [
				{
					"type": "節",
					"number": 100,
					"title": "訴願之提起",
					"start": 5600,
					"end": 6200
				},
				{
					"type": "節",
					"number": 200,
					"title": "訴願審議",
					"start": 6300,
					"end": 7600
				},
				{
					"type": "節",
					"number": 300,
					"title": "訴願決定",
					"start": 7700,
					"end": 9600
				}
			]
		},
		{
			"type": "章",
			"number": 400,
			"title": "再審程序",
			"start": 9700,
			"end": 9700
		},
		{
			"type": "章",
			"number": 500,
			"title": "附則",
			"start": 9800,
			"end": 10100
		}
	],
	"articles": [
		{
			"number": 100,
			"content": "人民對於中央或地方機關之行政處分，認為違法或不當，致損害其權利或\r\n利益者，得依本法提起訴願。但法律另有規定者，從其規定。\r\n各級地方自治團體或其他公法人對上級監督機關之行政處分，認為違法或\r\n不當，致損害其權利或利益者，亦同。"
		},
		{
			"number": 200,
			"content": "人民因中央或地方機關對其依法申請之案件，於法定期間內應作為而不作\r\n為，認為損害其權利或利益者，亦得提起訴願。\r\n前項期間，法令未規定者，自機關受理申請之日起為二個月。"
		},
		{
			"number": 300,
			"content": "本法所稱行政處分，係指中央或地方機關就公法上具體事件所為之決定或\r\n其他公權力措施而對外直接發生法律效果之單方行政行為。\r\n前項決定或措施之相對人雖非特定，而依一般性特徵可得確定其範圍者，\r\n亦為行政處分。有關公物之設定、變更、廢止或一般使用者，亦同。"
		},
		{
			"number": 400,
			"content": "訴願之管轄如左：\r\n一、不服鄉 (鎮、市) 公所之行政處分者，向縣 (市) 政府提起訴願。\r\n二、不服縣 (市) 政府所屬各級機關之行政處分者，向縣 (市) 政府提起\r\n    訴願。\r\n三、不服縣 (市) 政府之行政處分者，向中央主管部、會、行、處、局、\r\n    署提起訴願。\r\n四、不服直轄市政府所屬各級機關之行政處分者，向直轄市政府提起訴願\r\n    。\r\n五、不服直轄市政府之行政處分者，向中央主管部、會、行、處、局、署\r\n    提起訴願。\r\n六、不服中央各部、會、行、處、局、署所屬機關之行政處分者，向各部\r\n    、會、行、處、局、署提起訴願。\r\n七、不服中央各部、會、行、處、局、署之行政處分者，向主管院提起訴\r\n    願。\r\n八、不服中央各院之行政處分者，向原院提起訴願。"
		},
		{
			"number": 500,
			"content": "人民對於前條以外之中央或地方機關之行政處分提起訴願時，應按其管轄\r\n等級，比照前條之規定為之。\r\n訴願管轄，法律另有規定依其業務監督定之者，從其規定。"
		},
		{
			"number": 600,
			"content": "對於二以上不同隸屬或不同層級之機關共為之行政處分，應向其共同之上\r\n級機關提起訴願。"
		},
		{
			"number": 700,
			"content": "無隸屬關係之機關辦理受託事件所為之行政處分，視為委託機關之行政處\r\n分，其訴願之管轄，比照第四條之規定，向原委託機關或其直接上級機關\r\n提起訴願。"
		},
		{
			"number": 800,
			"content": "有隸屬關係之下級機關依法辦理上級機關委任事件所為之行政處分，為受\r\n委任機關之行政處分，其訴願之管轄，比照第四條之規定，向受委任機關\r\n或其直接上級機關提起訴願。"
		},
		{
			"number": 900,
			"content": "直轄市政府、縣（市）政府或其所屬機關及鄉（鎮、市）公所依法辦理上\r\n級政府或其所屬機關委辦事件所為之行政處分，為受委辦機關之行政處分\r\n，其訴願之管轄，比照第四條之規定，向受委辦機關之直接上級機關提起\r\n訴願。"
		},
		{
			"number": 1000,
			"content": "依法受中央或地方機關委託行使公權力之團體或個人，以其團體或個人名\r\n義所為之行政處分，其訴願之管轄，向原委託機關提起訴願。"
		},
		{
			"number": 1100,
			"content": "原行政處分機關裁撤或改組，應以承受其業務之機關視為原行政處分機關\r\n，比照前七條之規定，向承受其業務之機關或其直接上級機關提起訴願。"
		},
		{
			"number": 1200,
			"content": "數機關於管轄權有爭議或因管轄不明致不能辨明有管轄權之機關者，由其\r\n共同之直接上級機關確定之。\r\n無管轄權之機關就訴願所為決定，其上級機關應依職權或依申請撤銷之，\r\n並命移送於有管轄權之機關。"
		},
		{
			"number": 1300,
			"content": "原行政處分機關之認定，以實施行政處分時之名義為準。但上級機關本於\r\n法定職權所為之行政處分，交由下級機關執行者，以該上級機關為原行政\r\n處分機關。"
		},
		{
			"number": 1400,
			"content": "訴願之提起，應自行政處分達到或公告期滿之次日起三十日內為之。\r\n利害關係人提起訴願者，前項期間自知悉時起算。但自行政處分達到或公\r\n告期滿後，已逾三年者，不得提起。\r\n訴願之提起，以原行政處分機關或受理訴願機關收受訴願書之日期為準。\r\n訴願人誤向原行政處分機關或受理訴願機關以外之機關提起訴願者，以該\r\n機關收受之日，視為提起訴願之日。"
		},
		{
			"number": 1500,
			"content": "訴願人因天災或其他不應歸責於己之事由，致遲誤前條之訴願期間者，於\r\n其原因消滅後十日內，得以書面敘明理由向受理訴願機關申請回復原狀。\r\n但遲誤訴願期間已逾一年者，不得為之。\r\n申請回復原狀，應同時補行期間內應為之訴願行為。"
		},
		{
			"number": 1600,
			"content": "訴願人不在受理訴願機關所在地住居者，計算法定期間，應扣除其在途期\r\n間。但有訴願代理人住居受理訴願機關所在地，得為期間內應為之訴願行\r\n為者，不在此限。\r\n前項扣除在途期間辦法，由行政院定之。"
		},
		{
			"number": 1700,
			"content": "期間之計算，除法律另有規定外，依民法之規定。"
		},
		{
			"number": 1800,
			"content": "自然人、法人、非法人之團體或其他受行政處分之相對人及利害關係人得\r\n提起訴願。"
		},
		{
			"number": 1900,
			"content": "能獨立以法律行為負義務者，有訴願能力。"
		},
		{
			"number": 2000,
			"content": "無訴願能力人應由其法定代理人代為訴願行為。\r\n地方自治團體、法人、非法人之團體應由其代表人或管理人為訴願行為。\r\n關於訴願之法定代理，依民法規定。"
		},
		{
			"number": 2100,
			"content": "二人以上得對於同一原因事實之行政處分，共同提起訴願。\r\n前項訴願之提起，以同一機關管轄者為限。"
		},
		{
			"number": 2200,
			"content": "共同提起訴願，得選定其中一人至三人為代表人。\r\n選定代表人應於最初為訴願行為時，向受理訴願機關提出文書證明。"
		},
		{
			"number": 2300,
			"content": "共同提起訴願，未選定代表人者，受理訴願機關得限期通知其選定；逾期\r\n不選定者，得依職權指定之。"
		},
		{
			"number": 2400,
			"content": "代表人經選定或指定後，由其代表全體訴願人為訴願行為。但撤回訴願，\r\n非經全體訴願人書面同意，不得為之。"
		},
		{
			"number": 2500,
			"content": "代表人經選定或指定後，仍得更換或增減之。\r\n前項代表人之更換或增減，非以書面通知受理訴願機關，不生效力。"
		},
		{
			"number": 2600,
			"content": "代表人有二人以上者，均得單獨代表共同訴願人為訴願行為。"
		},
		{
			"number": 2700,
			"content": "代表人之代表權不因其他共同訴願人死亡、喪失行為能力或法定代理變更\r\n而消滅。"
		},
		{
			"number": 2800,
			"content": "與訴願人利害關係相同之人，經受理訴願機關允許，得為訴願人之利益參\r\n加訴願。受理訴願機關認有必要時，亦得通知其參加訴願。\r\n訴願決定因撤銷或變更原處分，足以影響第三人權益者，受理訴願機關應\r\n於作成訴願決定之前，通知其參加訴願程序，表示意見。"
		},
		{
			"number": 2900,
			"content": "申請參加訴願，應以書面向受理訴願機關為之。\r\n參加訴願應以書面記載左列事項：\r\n一、本訴願及訴願人。\r\n二、參加人與本訴願之利害關係。\r\n三、參加訴願之陳述。"
		},
		{
			"number": 3000,
			"content": "通知參加訴願，應記載訴願意旨、通知參加之理由及不參加之法律效果，\r\n送達於參加人，並副知訴願人。\r\n受理訴願機關為前項之通知前，得通知訴願人或得參加訴願之第三人以書\r\n面陳述意見。"
		},
		{
			"number": 3100,
			"content": "訴願決定對於參加人亦有效力。經受理訴願機關通知其參加或允許其參加\r\n而未參加者，亦同。"
		},
		{
			"number": 3200,
			"content": "訴願人或參加人得委任代理人進行訴願。每一訴願人或參加人委任之訴願\r\n代理人不得超過三人。"
		},
		{
			"number": 3300,
			"content": "左列之人，得為訴願代理人：\r\n一、律師。\r\n二、依法令取得與訴願事件有關之代理人資格者。\r\n三、具有該訴願事件之專業知識者。\r\n四、因業務或職務關係為訴願人之代理人者。\r\n五、與訴願人有親屬關係者。\r\n前項第三款至第五款之訴願代理人，受理訴願機關認為不適當時，得禁止\r\n之，並以書面通知訴願人或參加人。"
		},
		{
			"number": 3400,
			"content": "訴願代理人應於最初為訴願行為時，向受理訴願機關提出委任書。"
		},
		{
			"number": 3500,
			"content": "訴願代理人就其受委任之事件，得為一切訴願行為。但撤回訴願，非受特\r\n別委任不得為之。"
		},
		{
			"number": 3600,
			"content": "訴願代理人有二人以上者，均得單獨代理訴願人。\r\n違反前項規定而為委任者，其訴願代理人仍得單獨代理。"
		},
		{
			"number": 3700,
			"content": "訴願代理人事實上之陳述，經到場之訴願人本人即時撤銷或更正者，不生\r\n效力。"
		},
		{
			"number": 3800,
			"content": "訴願代理權不因訴願人本人死亡、破產或喪失訴願能力而消滅。法定代理\r\n有變更、機關經裁撤、改組或公司、團體經解散、變更組織者，亦同。"
		},
		{
			"number": 3900,
			"content": "訴願委任之解除，應由訴願人、參加人或訴願代理人以書面通知受理訴願\r\n機關。"
		},
		{
			"number": 4000,
			"content": "訴願委任之解除，由訴願代理人提出者，自為解除意思表示之日起十五日\r\n內，仍應為維護訴願人或參加人權利或利益之必要行為。"
		},
		{
			"number": 4100,
			"content": "訴願人、參加人或訴願代理人經受理訴願機關之許可，得於期日偕同輔佐\r\n人到場。\r\n受理訴願機關認為必要時，亦得命訴願人、參加人或訴願代理人偕同輔佐\r\n人到場。\r\n前二項之輔佐人，受理訴願機關認為不適當時，得廢止其許可或禁止其續\r\n為輔佐。"
		},
		{
			"number": 4200,
			"content": "輔佐人到場所為之陳述，訴願人、參加人或訴願代理人不即時撤銷或更正\r\n者，視為其所自為。"
		},
		{
			"number": 4300,
			"content": "送達除別有規定外，由受理訴願機關依職權為之。"
		},
		{
			"number": 4400,
			"content": "對於無訴願能力人為送達者，應向其法定代理人為之；未經陳明法定代理\r\n人者，得向該無訴願能力人為送達。\r\n對於法人或非法人之團體為送達者，應向其代表人或管理人為之。\r\n法定代理人、代表人或管理人有二人以上者，送達得僅向其中一人為之。"
		},
		{
			"number": 4500,
			"content": "對於在中華民國有事務所或營業所之外國法人或團體為送達者，應向其在\r\n中華民國之代表人或管理人為之。\r\n前項代表人或管理人有二人以上者，送達得僅向其中一人為之。"
		},
		{
			"number": 4600,
			"content": "訴願代理人除受送達之權限受有限制者外，送達應向該代理人為之。但受\r\n理訴願機關認為必要時，得送達於訴願人或參加人本人。"
		},
		{
			"number": 4700,
			"content": "訴願文書之送達，應註明訴願人、參加人或其代表人、訴願代理人住、居\r\n所、事務所或營業所，交付郵政機關以訴願文書郵務送達證書發送。\r\n訴願文書不能為前項送達時，得由受理訴願機關派員或囑託原行政處分機\r\n關或該管警察機關送達，並由執行送達人作成送達證書。\r\n訴願文書之送達，除前二項規定外，準用行政訴訟法第六十七條至第六十\r\n九條、第七十一條至第八十三條之規定。"
		},
		{
			"number": 4800,
			"content": "關於訴願事件之文書，受理訴願機關應保存者，應由承辦人員編為卷宗。"
		},
		{
			"number": 4900,
			"content": "訴願人、參加人或訴願代理人得向受理訴願機關請求閱覽、抄錄、影印或\r\n攝影卷內文書，或預納費用請求付與繕本、影本或節本。\r\n前項之收費標準，由主管院定之。"
		},
		{
			"number": 5000,
			"content": "第三人經訴願人同意或釋明有法律上之利害關係，經受理訴願機關許可者\r\n，亦得為前條之請求。"
		},
		{
			"number": 5100,
			"content": "左列文書，受理訴願機關應拒絕前二條之請求：\r\n一、訴願決定擬辦之文稿。\r\n二、訴願決定之準備或審議文件。\r\n三、為第三人正當權益有保密之必要者。\r\n四、其他依法律或基於公益，有保密之必要者。"
		},
		{
			"number": 5200,
			"content": "各機關辦理訴願事件，應設訴願審議委員會，組成人員以具有法制專長者\r\n為原則。\r\n訴願審議委員會委員，由本機關高級職員及遴聘社會公正人士、學者、專\r\n家擔任之；其中社會公正人士、學者、專家人數不得少於二分之一。\r\n訴願審議委員會組織規程及審議規則，由主管院定之。"
		},
		{
			"number": 5300,
			"content": "訴願決定應經訴願審議委員會會議之決議，其決議以委員過半數之出席，\r\n出席委員過半數之同意行之。"
		},
		{
			"number": 5400,
			"content": "訴願審議委員會審議訴願事件，應指定人員製作審議紀錄附卷。委員於審\r\n議中所持與決議不同之意見，經其請求者，應列入紀錄。\r\n訴願審議經言詞辯論者，應另行製作筆錄，編為前項紀錄之附件，並準用\r\n民事訴訟法第二百十二條至第二百十九條之規定。"
		},
		{
			"number": 5500,
			"content": "訴願審議委員會主任委員或委員對於訴願事件有利害關係者，應自行迴避\r\n，不得參與審議。"
		},
		{
			"number": 5600,
			"content": "訴願應具訴願書，載明左列事項，由訴願人或代理人簽名或蓋章：\r\n一、訴願人之姓名、出生年月日、住、居所、身分證明文件字號。如係法\r\n    人或其他設有管理人或代表人之團體，其名稱、事務所或營業所及管\r\n    理人或代表人之姓名、出生年月日、住、居所。\r\n二、有訴願代理人者，其姓名、出生年月日、住、居所、身分證明文件字\r\n    號。\r\n三、原行政處分機關。\r\n四、訴願請求事項。\r\n五、訴願之事實及理由。\r\n六、收受或知悉行政處分之年、月、日。\r\n七、受理訴願之機關。\r\n八、證據。其為文書者，應添具繕本或影本。\r\n九、年、月、日。\r\n訴願應附原行政處分書影本。\r\n依第二條第一項規定提起訴願者，第一項第三款、第六款所列事項，載明\r\n應為行政處分之機關、提出申請之年、月、日，並附原申請書之影本及受\r\n理申請機關收受證明。"
		},
		{
			"number": 5700,
			"content": "訴願人在第十四條第一項所定期間向訴願管轄機關或原行政處分機關作不\r\n服原行政處分之表示者，視為已在法定期間內提起訴願。但應於三十日內\r\n補送訴願書。"
		},
		{
			"number": 5800,
			"content": "訴願人應繕具訴願書經由原行政處分機關向訴願管轄機關提起訴願。\r\n原行政處分機關對於前項訴願應先行重新審查原處分是否合法妥當，其認\r\n訴願為有理由者，得自行撤銷或變更原行政處分，並陳報訴願管轄機關。\r\n原行政處分機關不依訴願人之請求撤銷或變更原行政處分者，應儘速附具\r\n答辯書，並將必要之關係文件，送於訴願管轄機關。\r\n原行政處分機關檢卷答辯時，應將前項答辯書抄送訴願人。"
		},
		{
			"number": 5900,
			"content": "訴願人向受理訴願機關提起訴願者，受理訴願機關應將訴願書影本或副本\r\n送交原行政處分機關依前條第二項至第四項規定辦理。"
		},
		{
			"number": 6000,
			"content": "訴願提起後，於決定書送達前，訴願人得撤回之。訴願經撤回後，不得復\r\n提起同一之訴願。"
		},
		{
			"number": 6100,
			"content": "訴願人誤向訴願管轄機關或原行政處分機關以外之機關作不服原行政處分\r\n之表示者，視為自始向訴願管轄機關提起訴願。\r\n前項收受之機關應於十日內將該事件移送於原行政處分機關，並通知訴願\r\n人。"
		},
		{
			"number": 6200,
			"content": "受理訴願機關認為訴願書不合法定程式，而其情形可補正者，應通知訴願\r\n人於二十日內補正。"
		},
		{
			"number": 6300,
			"content": "訴願就書面審查決定之。\r\n受理訴願機關必要時得通知訴願人、參加人或利害關係人到達指定處所陳\r\n述意見。\r\n訴願人或參加人請求陳述意見而有正當理由者，應予到達指定處所陳述意\r\n見之機會。"
		},
		{
			"number": 6400,
			"content": "訴願審議委員會主任委員得指定委員聽取訴願人、參加人或利害關係人到\r\n場之陳述。"
		},
		{
			"number": 6500,
			"content": "受理訴願機關應依訴願人、參加人之申請或於必要時，得依職權通知訴願\r\n人、參加人或其代表人、訴願代理人、輔佐人及原行政處分機關派員於指\r\n定期日到達指定處所言詞辯論。"
		},
		{
			"number": 6600,
			"content": "言詞辯論之程序如左：\r\n一、受理訴願機關陳述事件要旨。\r\n二、訴願人、參加人或訴願代理人就事件為事實上及法律上之陳述。\r\n三、原行政處分機關就事件為事實上及法律上之陳述。\r\n四、訴願或原行政處分機關對他方之陳述或答辯，為再答辯。\r\n五、受理訴願機關對訴願人及原行政處分機關提出詢問。\r\n前項辯論未完備者，得再為辯論。"
		},
		{
			"number": 6700,
			"content": "受理訴願機關應依職權或囑託有關機關或人員，實施調查、檢驗或勘驗，\r\n不受訴願人主張之拘束。\r\n受理訴願機關應依訴願人或參加人之申請，調查證據。但就其申請調查之\r\n證據中認為不必要者，不在此限。\r\n受理訴願機關依職權或依申請調查證據之結果，非經賦予訴願人及參加人\r\n表示意見之機會，不得採為對之不利之訴願決定之基礎。"
		},
		{
			"number": 6800,
			"content": "訴願人或參加人得提出證據書類或證物。但受理訴願機關限定於一定期間\r\n內提出者，應於該期間內提出。"
		},
		{
			"number": 6900,
			"content": "受理訴願機關得依職權或依訴願人、參加人之申請，囑託有關機關、學校\r\n、團體或有專門知識經驗者為鑑定。\r\n受理訴願機關認無鑑定之必要，而訴願人或參加人願自行負擔鑑定費用時\r\n，得向受理訴願機關請求准予交付鑑定。受理訴願機關非有正當理由不得\r\n拒絕。\r\n鑑定人由受理訴願機關指定之。\r\n鑑定人有數人者，得共同陳述意見。但意見不同者，受理訴願機關應使其\r\n分別陳述意見。"
		},
		{
			"number": 7000,
			"content": "鑑定人應具鑑定書陳述意見。必要時，受理訴願機關得請鑑定人到達指定\r\n處所說明。"
		},
		{
			"number": 7100,
			"content": "鑑定所需資料在原行政處分機關或受理訴願機關者，受理訴願機關應告知\r\n鑑定人准其利用。但其利用之範圍及方法得限制之。\r\n鑑定人因行鑑定得請求受理訴願機關調查證據。"
		},
		{
			"number": 7200,
			"content": "鑑定所需費用由受理訴願機關負擔，並得依鑑定人之請求預行酌給之。\r\n依第六十九條第二項規定交付鑑定所得結果，據為有利於訴願人或參加人\r\n之決定或裁判時，訴願人或參加人得於訴願或行政訴訟確定後三十日內，\r\n請求受理訴願機關償還必要之鑑定費用。"
		},
		{
			"number": 7300,
			"content": "受理訴願機關得依職權或依訴願人、參加人之申請，命文書或其他物件之\r\n持有人提出該物件，並得留置之。\r\n公務員或機關掌管之文書或其他物件，受理訴願機關得調取之。\r\n前項情形，除有妨害國家機密者外，不得拒絕。"
		},
		{
			"number": 7400,
			"content": "受理訴願機關得依職權或依訴願人、參加人之申請，就必要之物件或處所\r\n實施勘驗。\r\n受理訴願機關依前項規定實施勘驗時，應將日、時、處所通知訴願人、參\r\n加人及有關人員到場。"
		},
		{
			"number": 7500,
			"content": "原行政處分機關應將據以處分之證據資料提出於受理訴願機關。\r\n對於前項之證據資料，訴願人、參加人或訴願代理人得請求閱覽、抄錄或\r\n影印之。受理訴願機關非有正當理由，不得拒絕。\r\n第一項證據資料之閱覽、抄錄或影印，受理訴願機關應指定日、時、處所\r\n。"
		},
		{
			"number": 7600,
			"content": "訴願人或參加人對受理訴願機關於訴願程序進行中所為之程序上處置不服\r\n者，應併同訴願決定提起行政訴訟。"
		},
		{
			"number": 7700,
			"content": "訴願事件有左列各款情形之一者，應為不受理之決定：\r\n一、訴願書不合法定程式不能補正或經通知補正逾期不補正者。\r\n二、提起訴願逾法定期間或未於第五十七條但書所定期間內補送訴願書者\r\n    。\r\n三、訴願人不符合第十八條之規定者。\r\n四、訴願人無訴願能力而未由法定代理人代為訴願行為，經通知補正逾期\r\n    不補正者。\r\n五、地方自治團體、法人、非法人之團體，未由代表人或管理人為訴願行\r\n    為，經通知補正逾期不補正者。\r\n六、行政處分已不存在者。\r\n七、對已決定或已撤回之訴願事件重行提起訴願者。\r\n八、對於非行政處分或其他依法不屬訴願救濟範圍內之事項提起訴願者。"
		},
		{
			"number": 7800,
			"content": "分別提起之數宗訴願係基於同一或同種類之事實上或法律上之原因者，受\r\n理訴願機關得合併審議，並得合併決定。"
		},
		{
			"number": 7900,
			"content": "訴願無理由者，受理訴願機關應以決定駁回之。\r\n原行政處分所憑理由雖屬不當，但依其他理由認為正當者，應以訴願為無\r\n理由。\r\n訴願事件涉及地方自治團體之地方自治事務者，其受理訴願之上級機關僅\r\n就原行政處分之合法性進行審查決定。"
		},
		{
			"number": 8000,
			"content": "提起訴願因逾法定期間而為不受理決定時，原行政處分顯屬違法或不當者\r\n，原行政處分機關或其上級機關得依職權撤銷或變更之。但有左列情形之\r\n一者，不得為之：\r\n一、其撤銷或變更對公益有重大危害者。\r\n二、行政處分受益人之信賴利益顯然較行政處分撤銷或變更所欲維護之公\r\n    益更值得保護者。\r\n行政處分受益人有左列情形之一者，其信賴不值得保護：\r\n一、以詐欺、脅迫或賄賂方法，使原行政處分機關作成行政處分者。\r\n二、對重要事項提供不正確資料或為不完全陳述，致使原行政處分機關依\r\n    該資料或陳述而作成行政處分者。\r\n三、明知原行政處分違法或因重大過失而不知者。\r\n行政處分之受益人值得保護之信賴利益，因原行政處分機關或其上級機關\r\n依第一項規定撤銷或變更原行政處分而受有損失者，應予補償。但其補償\r\n額度不得超過受益人因該處分存續可得之利益。"
		},
		{
			"number": 8100,
			"content": "訴願有理由者，受理訴願機關應以決定撤銷原行政處分之全部或一部，並\r\n得視事件之情節，逕為變更之決定或發回原行政處分機關另為處分。但於\r\n訴願人表示不服之範圍內，不得為更不利益之變更或處分。\r\n前項訴願決定撤銷原行政處分，發回原行政處分機關另為處分時，應指定\r\n相當期間命其為之。"
		},
		{
			"number": 8200,
			"content": "對於依第二條第一項提起之訴願，受理訴願機關認為有理由者，應指定相\r\n當期間，命應作為之機關速為一定之處分。\r\n受理訴願機關未為前項決定前，應作為之機關已為行政處分者，受理訴願\r\n機關應認訴願為無理由，以決定駁回之。"
		},
		{
			"number": 8300,
			"content": "受理訴願機關發現原行政處分雖屬違法或不當，但其撤銷或變更於公益有\r\n重大損害，經斟酌訴願人所受損害、賠償程度、防止方法及其他一切情事\r\n，認原行政處分之撤銷或變更顯與公益相違背時，得駁回其訴願。\r\n前項情形，應於決定主文中載明原行政處分違法或不當。"
		},
		{
			"number": 8400,
			"content": "受理訴願機關為前條決定時，得斟酌訴願人因違法或不當處分所受損害，\r\n於決定理由中載明由原行政處分機關與訴願人進行協議。\r\n前項協議，與國家賠償法之協議有同一效力。"
		},
		{
			"number": 8500,
			"content": "訴願之決定，自收受訴願書之次日起，應於三個月內為之；必要時，得予\r\n延長，並通知訴願人及參加人。延長以一次為限，最長不得逾二個月。\r\n前項期間，於依第五十七條但書規定補送訴願書者，自補送之次日起算，\r\n未為補送者，自補送期間屆滿之次日起算；其依第六十二條規定通知補正\r\n者，自補正之次日起算；未為補正者，自補正期間屆滿之次日起算。"
		},
		{
			"number": 8600,
			"content": "訴願之決定以他法律關係是否成立為準據，而該法律關係在訴訟或行政救\r\n濟程序進行中者，於該法律關係確定前，受理訴願機關得停止訴願程序之\r\n進行，並即通知訴願人及參加人。\r\n受理訴願機關依前項規定停止訴願程序之進行者，前條所定訴願決定期間\r\n，自該法律關係確定之日起，重行起算。"
		},
		{
			"number": 8700,
			"content": "訴願人死亡者，由其繼承人或其他依法得繼受原行政處分所涉權利或利益\r\n之人，承受其訴願。\r\n法人因合併而消滅者，由因合併而另立或合併後存續之法人，承受其訴願\r\n。\r\n依前二項規定承受訴願者，應於事實發生之日起三十日內，向受理訴願機\r\n關檢送因死亡繼受權利或合併事實之證明文件。"
		},
		{
			"number": 8800,
			"content": "受讓原行政處分所涉權利或利益之人，得檢具受讓證明文件，向受理訴願\r\n機關申請許其承受訴願。"
		},
		{
			"number": 8900,
			"content": "訴願決定書，應載明左列事項：\r\n一、訴願人姓名、出生年月日、住、居所、身分證明文件字號。如係法人\r\n    或其他設有管理人或代表人之團體，其名稱、事務所或營業所，管理\r\n    人或代表人之姓名、出生年月日、住、居所、身分證明文件字號。\r\n二、有法定代理人或訴願代理人者，其姓名、出生年月日、住、居所、身\r\n    分證明文件字號。\r\n三、主文、事實及理由。其係不受理決定者，得不記載事實。\r\n四、決定機關及其首長。\r\n五、年、月、日。\r\n訴願決定書之正本，應於決定後十五日內送達訴願人、參加人及原行政處\r\n分機關。"
		},
		{
			"number": 9000,
			"content": "訴願決定書應附記，如不服決定，得於決定書送達之次日起二個月內向行\r\n政法院提起行政訴訟。"
		},
		{
			"number": 9100,
			"content": "對於得提起行政訴訟之訴願決定，因訴願決定機關附記錯誤，向非管轄機\r\n關提起行政訴訟，該機關應於十日內將行政訴訟書狀連同有關資料移送管\r\n轄行政法院，並即通知原提起行政訴訟之人。\r\n有前項規定之情形，行政訴訟書狀提出於非管轄機關者，視為自始向有管\r\n轄權之行政法院提起行政訴訟。"
		},
		{
			"number": 9200,
			"content": "訴願決定機關附記提起行政訴訟期間錯誤時，應由訴願決定機關以通知更\r\n正之，並自更正通知送達之日起，計算法定期間。\r\n訴願決定機關未依第九十條規定為附記，或附記錯誤而未依前項規定通知\r\n更正，致原提起行政訴訟之人遲誤行政訴訟期間者，如自訴願決定書送達\r\n之日起一年內提起行政訴訟，視為於法定期間內提起。"
		},
		{
			"number": 9300,
			"content": "原行政處分之執行，除法律另有規定外，不因提起訴願而停止。\r\n原行政處分之合法性顯有疑義者，或原行政處分之執行將發生難以回復之\r\n損害，且有急迫情事，並非為維護重大公共利益所必要者，受理訴願機關\r\n或原行政處分機關得依職權或依申請，就原行政處分之全部或一部，停止\r\n執行。\r\n前項情形，行政法院亦得依聲請，停止執行。"
		},
		{
			"number": 9400,
			"content": "停止執行之原因消滅，或有其他情事變更之情形，受理訴願機關或原行政\r\n處分機關得依職權或依申請撤銷停止執行。\r\n前項情形，原裁定停止執行之行政法院亦得依聲請，撤銷停止執行之裁定\r\n。"
		},
		{
			"number": 9500,
			"content": "訴願之決定確定後，就其事件，有拘束各關係機關之效力；就其依第十條\r\n提起訴願之事件，對於受委託行使公權力之團體或個人，亦有拘束力。"
		},
		{
			"number": 9600,
			"content": "原行政處分經撤銷後，原行政處分機關須重為處分者，應依訴願決定意旨\r\n為之，並將處理情形以書面告知受理訴願機關。"
		},
		{
			"number": 9700,
			"content": "於有左列各款情形之一者，訴願人、參加人或其他利害關係人得對於確定\r\n訴願決定，向原訴願決定機關申請再審。但訴願人、參加人或其他利害關\r\n係人已依行政訴訟主張其事由或知其事由而不為主張者，不在此限：\r\n一、適用法規顯有錯誤者。\r\n二、決定理由與主文顯有矛盾者。\r\n三、決定機關之組織不合法者。\r\n四、依法令應迴避之委員參與決定者。\r\n五、參與決定之委員關於該訴願違背職務，犯刑事上之罪者。\r\n六、訴願之代理人，關於該訴願有刑事上應罰之行為，影響於決定者。\r\n七、為決定基礎之證物，係偽造或變造者。\r\n八、證人、鑑定人或通譯就為決定基礎之證言、鑑定為虛偽陳述者。\r\n九、為決定基礎之民事、刑事或行政訴訟判決或行政處分已變更者。\r\n十、發見未經斟酌之證物或得使用該證物者。\r\n前項聲請再審，應於三十日內提起。\r\n前項期間，自訴願決定確定時起算。但再審之事由發生在後或知悉在後者\r\n，自知悉時起算。"
		},
		{
			"number": 9800,
			"content": "依本法規定所為之訴願、答辯及應備具之書件，應以中文書寫；其科學名\r\n詞之譯名以國立編譯館規定者為原則，並應附註外文原名。\r\n前項書件原係外文者，並應檢附原外文資料。"
		},
		{
			"number": 9900,
			"content": "本法修正施行前，尚未終結之訴願事件，其以後之訴願程序，依修正之本\r\n法規定終結之。\r\n本法修正施行前，尚未終結之再訴願案件，其以後之再訴願程序，準用修\r\n正之本法有關訴願程序規定終結之。"
		},
		{
			"number": 10000,
			"content": "公務人員因違法或不當處分，涉有刑事或行政責任者，由最終決定之機關\r\n於決定後責由該管機關依法辦理。"
		},
		{
			"number": 10100,
			"content": "本法自公布日施行。\r\n本法修正條文之施行日期，由行政院以命令定之。"
		}
	]
}