{
	"pcode": "A0030118",
	"type": "命令",
	"title": "行政院及各級行政機關訴願文書使用收費標準",
	"url": "https://law.moj.gov.tw/LawClass/LawAll.aspx?pcode=A0030118",
	"category": [
		"行政",
		"院本部",
		"通用目"
	],
	"lastUpdate": "20150821",
	"isTranslated": false,
	"attachments": [
		"https://law.moj.gov.tw/LawClass/LawGetFile.ashx?FileId=0000165702",
		"https://law.moj.gov.tw/LawClass/LawGetFile.ashx?FileId=0000236226"
	],
	"history": [
		"中華民國八十九年五月十日行政院令訂定發布全文 5 條；並自訴願法施行之日起施行",
		"中華民國一百年四月一日行政院院臺規字第 1000094614 號令修正發布第 2、5 條條文；並自發布日施行",
		"中華民國一百零四年八月二十一日行政院院臺規字第 1040142660 號令修正發布第 3 條條文"
	],
	"divisions": [],
	"articles": [
		{
			"number": 100,
			"content": "本標準依訴願法 (以下簡稱本法) 第四十九條第二項規定訂定之。"
		},
		{
			"number": 200,
			"content": "訴願人、參加人或訴願代理人依本法第四十九條第一項或第七十五條第二\r\n項規定，向受理訴願機關請求閱覽、抄錄、影印或攝影訴願卷宗內文書，\r\n或原行政處分機關據以處分之證據資料者，每二小時收取新臺幣二十元；\r\n不足二小時，以二小時計算。"
		},
		{
			"number": 300,
			"content": "訴願人、參加人或訴願代理人重製或複製前條之文書資料，依訴願文書重\r\n製或複製收費標準表（如附表），收取費用。\r\n前項收費標準表未明定之項目，按重製或複製工本費，收取費用。\r\n受理訴願機關無相關設備可供重製或複製時，以現有設備製作提供之。\r\n重製或複製前條之文書資料，如另需提供郵寄服務，其郵遞費用以實支數\r\n額計算。"
		},
		{
			"number": 400,
			"content": "第三人依本法第五十條規定請求閱覽、抄錄、影印或攝影訴願卷宗內文書\r\n者，其收費標準，準用前二條規定。"
		},
		{
			"number": 500,
			"content": "本標準自本法施行之日施行。\r\n本標準修正條文自發布日施行。"
		}
	]
}