{
	"pcode": "A0030089",
	"type": "命令",
	"title": "機關檔案保存年限及銷毀辦法",
	"url": "https://law.moj.gov.tw/LawClass/LawAll.aspx?pcode=A0030089",
	"category": [
		"行政",
		"國家發展委員會",
		"通用目"
	],
	"lastUpdate": "20170105",
	"isTranslated": true,
	"english": "Regulations Governing the Retention Periods and Destruction of Agency Records",
	"history": [
		"中華民國九十年十二月十二日檔案管理局（90）檔秘字第 0002054-5 號令訂定發布全文 19 條",
		"中華民國九十四年一月三日檔案管理局檔徵字第 09400000013 號令修正發布全文 19 條；並自發布日施行",
		"中華民國一百零六年一月五日國家發展委員會檔案管理局檔徵字第 10500092623 號令修正發布第 2～5、7、9、10、15、17 條條文"
	],
	"divisions": [],
	"articles": [
		{
			"number": 100,
			"content": "本辦法依檔案法 (以下簡稱本法) 第十二條第四項規定訂定之。"
		},
		{
			"number": 200,
			"content": "各機關依本法第十條區分檔案保存年限時，應審酌下列各款事項：\r\n一、影響國家安全、社會發展及公益之程度。\r\n二、典章或史料文物之價值。\r\n三、法律信證之維護。\r\n四、行政程序之稽憑。\r\n五、學術研究之參考。\r\n六、機關組織沿革及業務職能之特性。\r\n七、個人權益之保護。\r\n八、其他應審酌之重要事項。"
		},
		{
			"number": 300,
			"content": "下列檔案之保存年限，應列為永久保存：\r\n一、涉及國家或本機關重要制度、決策及計畫者。\r\n二、涉及國家或本機關重要法規之制（訂）定、修正及解釋者。\r\n三、涉及本機關組織沿革、主要業務運作及職能演變者。\r\n四、對國家建設或機關施政具有重要利用價值者。\r\n五、具有國家或機關重要行政稽憑價值者。\r\n六、具有國家、機關、團體或個人重要財產稽憑價值者。\r\n七、對國家、機關、社會大眾或個人權益之維護具有重大影響者。\r\n八、具有重要科技價值者。\r\n九、具有重要歷史或社會文化保存價值者。\r\n十、屬重大輿情或具唯一性、獨特性或代表性之特殊個案者。\r\n十一、法令規定應永久保存者。\r\n十二、其他有關重要事項而具有永久保存價值者。"
		},
		{
			"number": 400,
			"content": "定期保存之檔案，其保存年限區分為三十年、二十五年、二十年、十五年\r\n、十年、五年、三年及一年。但下列範圍之檔案，不在此限：\r\n一、屬檔案中央主管機關訂定之機關共通性檔案保存年限基準所列檔案。\r\n二、符合第七條規定之檔案。\r\n三、保存年限有超過三十年之需求，且經檔案中央主管機關同意者。\r\n四、其他相關法規另有規定者。"
		},
		{
			"number": 500,
			"content": "各機關應就主管業務，依本辦法、機關共通性檔案保存年限基準及其他相\r\n關法規規定，編訂檔案保存年限區分表，區分檔案保存年限及清理處置方\r\n式。\r\n前項清理處置方式應區分為列為國家檔案、機關永久保存、屆期後鑑定及\r\n依規定程序銷毀。\r\n第一項檔案保存年限區分表應依本法施行細則第十條第一項各款規定程序\r\n，函送檔案中央主管機關審核後實施。修正時，亦同。但依機關共通性檔\r\n案保存年限基準修正者，不在此限。"
		},
		{
			"number": 600,
			"content": "各機關檔案保存年限區分表至少每十年應檢討一次；必要時，得隨時修正\r\n之。"
		},
		{
			"number": 700,
			"content": "定期保存之檔案經微縮、電子或其他方式儲存者，應具確保複製儲存紀錄\r\n具存取有效性之保存措施，其符合下列情形者，並得調整其檔案原件之保\r\n存年限：\r\n一、保存年限為二十年以下。\r\n二、清理處置列屬依規定程序銷毀。\r\n依前項規定調整後之保存年限，不得低於原定保存年限二分之一，並採整\r\n數進位。\r\n依第一項規定調整保存年限之檔案，其原件經檔案中央主管機關核准銷毀\r\n後，該複製儲存之紀錄，應提供應用，且至少保存至該檔案之原定保存年\r\n限；於原定保存年限屆滿後，該複製儲存之紀錄得經檔案中央主管機關備\r\n查後銷毀。"
		},
		{
			"number": 800,
			"content": "各機關辦理定期保存檔案之銷毀，以每年一次為原則。\r\n已屆保存年限之檔案，各機關檔案管理單位或人員應依檔案中央主管機關\r\n規定之格式製作檔案銷毀目錄，送會相關業務單位表示意見，各單位認有\r\n延長保存年限之必要者，應簽註延長年限及理由。\r\n前項檔案銷毀目錄，應記載下列事項：\r\n一、年度號、分類號及案次號。\r\n二、卷數\r\n三、案名。\r\n四、檔案產生者。\r\n五、案卷內文件起迄日期。\r\n六、保存年限；檔案保存年限經調整者，其原定保存年限及調整原因。\r\n七、案情摘要。\r\n八、其他經檔案中央主管機關指定事項。\r\n機關檔案非以案卷層級著錄，而已依案件編目完成者，其檔案銷毀目錄，\r\n應記載下列事項：\r\n一、檔號。\r\n二、案名。\r\n三、案由。\r\n四、來 (受) 文者。\r\n五、收文字號、發 (來) 文字號。\r\n六、文件產生日期。\r\n七、保存年限；檔案保存年限經調整者，其原定保存年限及調整原因。\r\n八、其他經檔案中央主管機關指定事項。"
		},
		{
			"number": 900,
			"content": "各機關檔案銷毀目錄得提供史政機關檢選；經檢選之檔案，應於銷毀計畫\r\n及檔案銷毀目錄註記之。\r\n依第七條第一項規定調整保存年限，且經史政機關檢選之檔案原件，應於\r\n該複製儲存之紀錄保存至原定保存年限，且依同條第三項規定經檔案中央\r\n主管機關備查後，始得送交史政機關。"
		},
		{
			"number": 1000,
			"content": "本法第十二條第二項所定銷毀計畫，應包括下列事項：\r\n一、擬銷毀檔案年度及數量。\r\n二、擬銷毀檔案現在存放地點。\r\n三、擬銷毀時間、地點及方式。\r\n四、依第七條規定調整保存年限者，其確保複製儲存紀錄具存取有效性之\r\n    保存措施。\r\n五、其他經檔案中央主管機關指定事項。\r\n前項第四款所定具存取有效性之保存措施，應包括下列事項：\r\n一、建立檔案複製儲存紀錄長期保存之標準作業流程。\r\n二、規劃複製儲存紀錄之異地備份作業。\r\n三、評估載體、軟硬體之有效性、轉置作業及其成本效益。\r\n四、其他經檔案中央主管機關指定事項。\r\n第一項銷毀計畫及第八條檔案銷毀目錄，應依本法施行細則第十條第一項\r\n各款規定程序，函送檔案中央主管機關審核。"
		},
		{
			"number": 1100,
			"content": "本法第十二條第三項所定應經電子儲存者，檔案中央主管機關或原機關認\r\n有必要時，得依本法第九條規定，採微縮或其他方式為之。"
		},
		{
			"number": 1200,
			"content": "經核准銷毀之檔案於銷毀前，應妥善集中放置於安全場所，並應注意其運\r\n送過程之安全。\r\n檔案之銷毀，應由檔案管理單位會同相關單位派員全程監控，並應注意環\r\n境保護事宜。"
		},
		{
			"number": 1300,
			"content": "檔案之銷毀方法如下：\r\n一、化為碎紙或溶為紙漿。\r\n二、焚化。\r\n三、擊碎至檔案內容無法辨識。\r\n四、化為粉末。\r\n五、消磁。\r\n六、消除電子檔或重新格式化。\r\n七、其他足以完全消除或毀滅檔案內容之方法。\r\n前項方法，必要時得併用之。"
		},
		{
			"number": 1400,
			"content": "檔案有下列情形之一，且情況急迫時，得逕行銷毀之：\r\n一、因變質而散發有毒物質，嚴重影響人體健康者。\r\n二、遭遇戰爭、暴動或事變，為保護國家安全或利益而須即時銷毀者。\r\n各機關如有前項情形，應將其原因及已銷毀檔案之檔號、案名、數量、銷\r\n毀時間、地點及方法等詳細情形，函送檔案中央主管機關備查。"
		},
		{
			"number": 1500,
			"content": "檔案因天災或事故毀損，經鑑定結果認無法修復者，各機關得將其原因及\r\n已毀損檔案之檔號、案名及數量等詳細情形，函送檔案中央主管機關備查\r\n後銷毀。\r\n檔案因天災或事故滅失者，各機關應將其原因、時間、地點、滅失檔案之\r\n範圍、數量等相關說明及佐證資料，函送檔案中央主管機關備查。"
		},
		{
			"number": 1600,
			"content": "各機關發見有本法第二十四條所定非法銷毀檔案者，應即將其原因及已銷\r\n毀檔案之檔號、案名、數量、銷毀時間、地點及方法等情事，函送檔案中\r\n央主管機關備查。"
		},
		{
			"number": 1700,
			"content": "已銷毀之檔案，應分別於檔案銷毀目錄及案卷目次表等有關目錄，註記核\r\n准銷毀之文號及銷毀之日期；其有微縮、電子或其他方式儲存之紀錄者，\r\n並應附註其編號。但全卷銷毀者，其案卷目次表得免註記。\r\n前項已銷毀之檔案目錄已彙送至檔案中央主管機關者，應於完成相關註記\r\n後，重新辦理目錄彙送。"
		},
		{
			"number": 1800,
			"content": "已銷毀檔案之目錄，應併同核准銷毀文件永久保存。"
		},
		{
			"number": 1900,
			"content": "本辦法自發布日施行。"
		}
	]
}