{
	"pcode": "A0030175",
	"type": "命令",
	"title": "司法院所屬各級法院聘用法官助理遴選辦法",
	"url": "https://law.moj.gov.tw/LawClass/LawAll.aspx?pcode=A0030175",
	"category": [
		"廢止法規",
		"司法院"
	],
	"lastUpdate": "20030226",
	"isDiscarded": true,
	"isTranslated": false,
	"history": [
		"中華民國八十八年三月二十三日司法院（88）院台人二字第 06914 號函訂定發布全文 11 條",
		"中華民國九十年六月二十日司法院（90）院台人二字第 15155 號令修正發布第 5 條條文",
		"中華民國九十二年一月二日司法院（92）院台人二字第 00067 號令修正發布第 3 條條文",
		"中華民國九十二年二月二十六日司法院（九二）院台人二字第 05317 號令發布廢止"
	],
	"divisions": [],
	"articles": [
		{
			"number": 100,
			"content": "司法院為規範所屬各級法院聘用法官助理職務之工作內容、資格條件、支\r\n酬標準、年度考核等項目，特依修正法院組織法第十二條、第三十四條、\r\n第五十一條及行政法院組織法第十條、第十五條之規定訂定本辦法。"
		},
		{
			"number": 200,
			"content": "聘用法官助理之工作內容如左：\r\n一、最高法院、高等法院及地方法院之聘用法官助理：\r\n (一) 承法官之命，辦理訴訟案件程序之審查。\r\n (二) 承法官之命，辦理訴訟案件法律問題之分析。\r\n (三) 承法官之命，辦理訴訟案件資料之蒐集。\r\n (四) 法官交辦之其他事項。\r\n二、最高行政法院、高等行政法院之聘用法官助理：\r\n (一) 協助各庭辦理訴訟案件程序之進行。\r\n (二) 協助各庭辦理訴訟案件程序重點之分析。\r\n (三) 協助各庭辦理訴訟案件資料之蒐集分析。\r\n (四) 各庭交辦之其他事項。"
		},
		{
			"number": 300,
			"content": "聘用法官助理應就大學法律或與業務相關系所畢業者遴聘之，聘期一年。\r\n工作績效優良者，得續聘，最長不得逾四年。\r\n經續聘之法官助理，於聘期屆滿四年後，得依前項規定，重新遴聘，聘期\r\n一年，工作績效優良者得續聘，每次最長不得逾四年。"
		},
		{
			"number": 400,
			"content": "聘用法官助理月支報酬依左列規定起敘薪點，最高得敘至五二○薪點：\r\n一、以大學學歷聘用者，自三六○薪點起敘；但具有律師資格者，自三七\r\n    六薪點起敘。\r\n二、以碩士學歷聘用者，自三九二薪點起敘；但具有律師資格者，自四○\r\n    八薪點起敘。\r\n三、以博士學歷聘用者，自四二四薪點起敘；但具有律師資格者，自四四\r\n    ○薪點起敘。\r\n薪點折合率由各用人法院依聘用人員所具經驗能力於每年度最高薪點折合\r\n率範圍內支給。"
		},
		{
			"number": 500,
			"content": "聘用法官助理在年度內服務滿一年者，於每年聘用年度終了前，由用人法\r\n院考核其工作績效，並依左列考核結果調整報酬：\r\n一、甲等：晉一階。\r\n二、乙等：不晉階。\r\n三、丙等：解聘。"
		},
		{
			"number": 600,
			"content": "聘用法官助理與法官有配偶及三親等以內血親、姻親關係者，不得受聘為\r\n該法官之助理。"
		},
		{
			"number": 700,
			"content": "法令有關書記官執行職務時應迴避之規定，於聘用法官助理準用之。"
		},
		{
			"number": 800,
			"content": "各法院就其聘用之法官助理，應報司法院備查。"
		},
		{
			"number": 900,
			"content": "各用人法院得依本辦法之原則，衡酌個別業務需要，自行訂定相關規定。"
		},
		{
			"number": 1000,
			"content": "本辦法如有未盡事宜，依聘用人員聘用條例及其他相關規定辦理。"
		},
		{
			"number": 1100,
			"content": "本辦法自發布日施行。"
		}
	]
}