{
	"pcode": "A0030058",
	"type": "命令",
	"title": "政府採購法施行細則",
	"url": "https://law.moj.gov.tw/LawClass/LawAll.aspx?pcode=A0030058",
	"category": [
		"行政",
		"行政院公共工程委員會",
		"通用目"
	],
	"lastUpdate": "20180326",
	"isTranslated": true,
	"english": "Enforcement Rules of the Government Procurement Act",
	"history": [
		"中華民國八十八年五月二十一日行政院公共工程委員會（88）工程企字第 8806988 號令訂定發布全文 113 條；並自同年五月二十七日起施行",
		"中華民國九十年八月三十一日行政院公共工程委員會（90）工程企字第 90033200 號令修正發布第 108 條條文",
		"中華民國九十一年十一月二十七日行政院公共工程委員會工程企字第 09100507960 號令修正發布第 4、6、11、22、33、55、56、58、60、61、72、84、90、92、96、101、105、107、108、109、110、111、112、113 條條文；增訂第 23-1、25-1、28-1、49-1、54-1、64-1、90-1、104-1、105-1、109-1、112-1、112-2 條條文；並刪除第 12、28、30、31、40、88、106 條條文；並自發布日施行",
		"中華民國九十九年十一月三十日行政院公共工程委員會工程企字第 09900449600 號令修正發布第 22、48、87、107、109 條條文；增訂第 64-2 條條文",
		"中華民國一百零一年十二月二十五日行政院公共工程委員會工程企字第 10100474910 號令增訂發布第 5-1 條條文",
		"中華民國一百零五年十一月十八日行政院公共工程委員會工程企字第 10500362770 號令修正發布第 32、84、111 條條文",
		"中華民國一百零七年三月二日行政院公共工程委員會工程企字第 10700054830 號令修正發布第 58 條條文",
		"中華民國一百零七年三月二十六日行政院公共工程委員會工程企字第 10700085530 號令刪除發布第 41 條條文"
	],
	"divisions": [
		{
			"type": "章",
			"number": 100,
			"title": "總則",
			"start": 100,
			"end": 1800
		},
		{
			"type": "章",
			"number": 200,
			"title": "招標",
			"start": 1900,
			"end": 4700
		},
		{
			"type": "章",
			"number": 300,
			"title": "決標",
			"start": 4800,
			"end": 8600
		},
		{
			"type": "章",
			"number": 400,
			"title": "履約管理",
			"start": 8700,
			"end": 8900
		},
		{
			"type": "章",
			"number": 500,
			"title": "驗收",
			"start": 9000,
			"end": 10100
		},
		{
			"type": "章",
			"number": 600,
			"title": "爭議處理",
			"start": 10200,
			"end": 10600
		},
		{
			"type": "章",
			"number": 700,
			"title": "附則",
			"start": 10700,
			"end": 11300
		}
	],
	"articles": [
		{
			"number": 100,
			"content": "本細則依政府採購法 (以下簡稱本法) 第一百十三條規定訂定之。"
		},
		{
			"number": 200,
			"content": "機關補助法人或團體辦理採購，其補助金額達本法第四條規定者，受補助\r\n者於辦理開標、比價、議價、決標及驗收時，應受該機關監督。\r\n前項採購關於本法及本細則規定上級機關行使之事項，由本法第四條所定\r\n監督機關為之。"
		},
		{
			"number": 300,
			"content": "本法第四條所定補助金額，於二以上機關補助法人或團體辦理同一採購者\r\n，以其補助總金額計算之。補助總金額達本法第四條規定者，受補助者應\r\n通知各補助機關，並由各補助機關共同或指定代表機關辦理監督。\r\n本法第四條所稱接受機關補助辦理採購，包括法人或團體接受機關獎助、\r\n捐助或以其他類似方式動支機關經費辦理之採購。\r\n本法第四條之採購，其受理申訴之採購申訴審議委員會，為受理補助機關\r\n自行辦理採購之申訴之採購申訴審議委員會；其有第一項之情形者，依指\r\n定代表機關或所占補助金額比率最高者認定之。"
		},
		{
			"number": 400,
			"content": "機關依本法第五條第一項規定委託法人或團體代辦採購，其委託屬勞務採\r\n購。受委託代辦採購之法人或團體，並須具備熟諳政府採購法令之人員。\r\n代辦採購之法人、團體與其受雇人及關係企業，不得為該採購之投標廠商\r\n或分包廠商。"
		},
		{
			"number": 500,
			"content": "本法第九條第二項所稱上級機關，於公營事業或公立學校為其所隸屬之政\r\n府機關。\r\n本法第九條第二項所稱辦理採購無上級機關者，在中央為國民大會、總統\r\n府、國家安全會議與五院及院屬各一級機關；在地方為直轄市、縣 (市)\r\n政府及議會。"
		},
		{
			"number": 501,
			"content": "主管機關得視需要將本法第十條第二款之政府採購法令之解釋、第三款至\r\n第八款事項，委託其他機關辦理。"
		},
		{
			"number": 600,
			"content": "機關辦理採購，其屬巨額採購、查核金額以上之採購、公告金額以上之採\r\n購或小額採購，依採購金額於招標前認定之；其採購金額之計算方式如下\r\n：\r\n一、採分批辦理採購者，依全部批數之預算總額認定之。\r\n二、依本法第五十二條第一項第四款採複數決標者，依全部項目或數量之\r\n    預算總額認定之。但項目之標的不同者，依個別項目之預算金額認定\r\n    之。\r\n三、招標文件含有選購或後續擴充項目者，應將預估選購或擴充項目所需\r\n    金額計入。\r\n四、採購項目之預算案尚未經立法程序者，應將預估需用金額計入。\r\n五、採單價決標者，依預估採購所需金額認定之。\r\n六、租期不確定者，以每月租金之四十八倍認定之。\r\n七、依本法第九十九條規定甄選投資廠商者，以預估廠商興建、營運所需\r\n    金額認定之。依本法第七條第三項規定營運管理之委託，包括廠商興\r\n    建、營運金額者，亦同。\r\n八、依本法第二十一條第一項規定建立合格廠商名單，其預先辦理廠商資\r\n    格審查階段，以該名單有效期內預估採購總額認定之；邀請符合資格\r\n    廠商投標階段，以邀請當次之採購預算金額認定之。\r\n九、招標文件規定廠商報價金額包括機關支出及收入金額者，以支出所需\r\n    金額認定之。\r\n十、機關以提供財物或權利之使用為對價，而無其他支出者，以該財物或\r\n    權利之使用價值認定之。"
		},
		{
			"number": 700,
			"content": "機關辦理查核金額以上採購之招標，應於等標期或截止收件日五日前檢送\r\n採購預算資料、招標文件及相關文件，報請上級機關派員監辦。\r\n前項報請上級機關派員監辦之期限，於流標、廢標或取消招標重行招標時\r\n，得予縮短；其依前項規定應檢送之文件，得免重複檢送。"
		},
		{
			"number": 800,
			"content": "機關辦理查核金額以上採購之決標，其決標不與開標、比價或議價合併辦\r\n理者，應於預定決標日三日前，檢送審標結果，報請上級機關派員監辦。\r\n前項決標與開標、比價或議價合併辦理者，應於決標前當場確認審標結果\r\n，並列入紀錄。"
		},
		{
			"number": 900,
			"content": "機關辦理查核金額以上採購之驗收，應於預定驗收日五日前，檢送結算表\r\n及相關文件，報請上級機關派員監辦。結算表及相關文件併入結算驗收證\r\n明書編送時，得免另行填送。\r\n財物之驗收，其有分批交貨、因緊急需要必須立即使用或因逐一開箱或裝\r\n配完成後方知其數量，報請上級機關派員監辦確有困難者，得視個案實際\r\n情形，事先敘明理由，函請上級機關同意後自行辦理，並於全部驗收完成\r\n後一個月內，將結算表及相關文件彙總報請上級機關備查。"
		},
		{
			"number": 1000,
			"content": "機關辦理查核金額以上採購之開標、比價、議價、決標或驗收，上級機關\r\n得斟酌其金額、地區或其他特殊情形，決定應否派員監辦。其未派員監辦\r\n者，應事先通知機關自行依法辦理。"
		},
		{
			"number": 1100,
			"content": "本法第十二條第一項所稱監辦，指監辦人員實地監視或書面審核機關辦理\r\n開標、比價、議價、決標及驗收是否符合本法規定之程序。監辦人員採書\r\n面審核監辦者，應經機關首長或其授權人員核准。\r\n前項監辦，不包括涉及廠商資格、規格、商業條款、底價訂定、決標條件\r\n及驗收方法等實質或技術事項之審查。監辦人員發現該等事項有違反法令\r\n情形者，仍得提出意見。\r\n監辦人員對採購不符合本法規定程序而提出意見，辦理採購之主持人或主\r\n驗人如不接受，應納入紀錄，報機關首長或其授權人員決定之。但不接受\r\n上級機關監辦人員意見者，應報上級機關核准。"
		},
		{
			"number": 1200,
			"content": "（刪除）"
		},
		{
			"number": 1300,
			"content": "本法第十四條所定意圖規避本法適用之分批，不包括依不同標的、不同施\r\n工或供應地區、不同需求條件或不同行業廠商之專業項目所分別辦理者。\r\n機關分批辦理公告金額以上之採購，法定預算書已標示分批辦理者，得免\r\n報經上級機關核准。"
		},
		{
			"number": 1400,
			"content": "本法第十五條第四項所稱機關首長，其範圍如下：\r\n一、招標機關之機關首長。\r\n二、法人或團體接受機關補助依本法第四條辦理採購者，為補助機關之機\r\n    關首長及受補助之法人或團體之負責人。\r\n三、依本法第五條委託法人或團體代辦採購者，為委託機關之機關首長及\r\n    受託法人或團體之負責人。\r\n四、依本法第四十條洽由其他機關代辦採購者，為洽辦機關及代辦機關之\r\n    機關首長。"
		},
		{
			"number": 1500,
			"content": "依本法第十五條第五項規定應申報財產之採購之承辦、監辦人員，其範圍\r\n依公職人員財產申報法之規定。"
		},
		{
			"number": 1600,
			"content": "本法第十六條所稱請託或關說，指不循法定程序，對採購案提出下列要求\r\n：\r\n一、於招標前，對預定辦理之採購事項，提出請求。\r\n二、於招標後，對招標文件內容或審標、決標結果，要求變更。\r\n三、於履約及驗收期間，對契約內容或查驗、驗收結果，要求變更。"
		},
		{
			"number": 1700,
			"content": "本法第十六條第一項所稱作成紀錄者，得以文字或錄音等方式為之，附於\r\n採購文件一併保存。其以書面請託或關說者，亦同。"
		},
		{
			"number": 1800,
			"content": "機關依本法對廠商所為之通知，除本法另有規定者外，得以口頭、傳真或\r\n其他電子資料傳輸方式辦理。\r\n前項口頭通知，必要時得作成紀錄。"
		},
		{
			"number": 1900,
			"content": "機關辦理限制性招標，邀請二家以上廠商比價，有二家廠商投標者，即得\r\n比價；僅有一家廠商投標者，得當場改為議價辦理。"
		},
		{
			"number": 2000,
			"content": "機關辦理選擇性招標，其預先辦理資格審查所建立之合格廠商名單，有效\r\n期逾一年者，應逐年公告辦理資格審查，並檢討修正既有合格廠商名單。\r\n前項名單之有效期未逾三年，且已於辦理資格審查之公告載明不再公告辦\r\n理資格審查者，於有效期內得免逐年公告。但機關仍應逐年檢討修正該名\r\n單。\r\n機關於合格廠商名單有效期內發現名單內之廠商有不符合原定資格條件之\r\n情形者，得限期通知該廠商提出說明。廠商逾期未提出合理說明者，機關\r\n應將其自合格廠商名單中刪除。"
		},
		{
			"number": 2100,
			"content": "機關為特定個案辦理選擇性招標，應於辦理廠商資格審查後，邀請所有符\r\n合資格之廠商投標。\r\n機關依本法第二十一條第一項建立合格廠商名單者，於辦理採購時，得擇\r\n下列方式之一為之，並於辦理廠商資格審查之文件中載明。其有每次邀請\r\n廠商家數之限制者，亦應載明。\r\n一、個別邀請所有符合資格之廠商投標。\r\n二、公告邀請所有符合資格之廠商投標。\r\n三、依辦理廠商資格審查文件所標示之邀請順序，依序邀請符合資格之廠\r\n    商投標。\r\n四、以抽籤方式擇定邀請符合資格之廠商投標。"
		},
		{
			"number": 2200,
			"content": "本法第二十二條第一項第一款所稱無廠商投標，指公告或邀請符合資格之\r\n廠商投標結果，無廠商投標或提出資格文件；所稱無合格標，指審標結果\r\n無廠商合於招標文件規定。但有廠商異議或申訴在處理中者，均不在此限\r\n。\r\n本法第二十二條第一項第二款所稱專屬權利，指已立法保護之智慧財產權\r\n。但不包括商標專用權。\r\n本法第二十二條第一項第五款所稱供應之標的，包括工程、財物或勞務；\r\n所稱以研究發展、實驗或開發性質辦理者，指以契約要求廠商進行研究發\r\n展、實驗或開發，以獲得原型或首次製造、供應之標的，並得包括測試品\r\n質或功能所為之限量生產或供應。但不包括商業目的或回收研究發展、實\r\n驗或開發成本所為之大量生產或供應。\r\n本法第二十二條第一項第六款所稱百分之五十，指追加累計金額占原主契\r\n約金額之比率。\r\n本法第二十二條第一項第十二款所稱身心障礙者及身心障礙福利機構，其\r\n認定依身心障礙者權益保障法之規定；所稱原住民，其認定依原住民身分\r\n法之規定。"
		},
		{
			"number": 2300,
			"content": "機關辦理採購，屬專屬權利或獨家製造或供應，無其他合適之替代標的之\r\n部分，其預估金額達採購金額之百分之五十以上，分別辦理採購確有重大\r\n困難之虞，必須與其他部分合併採購者，得依本法第二十二條第一項第二\r\n款規定採限制性招標。"
		},
		{
			"number": 2301,
			"content": "機關依本法第二十二條第一項規定辦理限制性招標，應由需求、使用或承\r\n辦採購單位，就個案敘明符合各款之情形，簽報機關首長或其授權人員核\r\n准。其得以比價方式辦理者，優先以比價方式辦理。\r\n機關辦理本法第二十二條第一項所定限制性招標，得將徵求受邀廠商之公\r\n告刊登政府採購公報或公開於主管機關之資訊網路。但本法另有規定者，\r\n依其規定辦理。"
		},
		{
			"number": 2400,
			"content": "本法第二十六條第一項所稱國際標準及國家標準，依標準法第三條之規定\r\n。"
		},
		{
			"number": 2500,
			"content": "本法第二十六條第三項所稱同等品，指經機關審查認定，其功能、效益、\r\n標準或特性不低於招標文件所要求或提及者。\r\n招標文件允許投標廠商提出同等品，並規定應於投標文件內預先提出者，\r\n廠商應於投標文件內敘明同等品之廠牌、價格及功能、效益、標準或特性\r\n等相關資料，以供審查。\r\n招標文件允許投標廠商提出同等品，未規定應於投標文件內預先提出者，\r\n得標廠商得於使用同等品前，依契約規定向機關提出同等品之廠牌、價格\r\n及功能、效益、標準或特性等相關資料，以供審查。"
		},
		{
			"number": 2501,
			"content": "各機關不得以足以構成妨礙競爭之方式，尋求或接受在特定採購中有商業\r\n利益之廠商之建議。"
		},
		{
			"number": 2600,
			"content": "機關依本法第二十七條第三項得於招標公告中一併公開之預算金額，為該\r\n採購得用以支付得標廠商契約價金之預算金額。預算案尚未經立法程序者\r\n，為預估需用金額。\r\n機關依本法第二十七條第三項得於招標公告中一併公開之預計金額，為該\r\n採購之預估決標金額。"
		},
		{
			"number": 2700,
			"content": "本法第二十八條第一項所稱公告日，指刊登於政府採購公報之日；邀標日\r\n，指發出通知邀請符合資格之廠商投標之日。"
		},
		{
			"number": 2800,
			"content": "（刪除）"
		},
		{
			"number": 2801,
			"content": "機關依本法第二十九條第一項規定發售文件，其收費應以人工、材料、郵\r\n遞等工本費為限。其由機關提供廠商使用招標文件或書表樣品而收取押金\r\n或押圖費者，亦同。"
		},
		{
			"number": 2900,
			"content": "本法第三十三條第一項所稱書面密封，指將投標文件置於不透明之信封或\r\n容器內，並以漿糊、膠水、膠帶、釘書針、繩索或其他類似材料封裝者。\r\n信封上或容器外應標示廠商名稱及地址。其交寄或付郵所在地，機關不得\r\n予以限制。\r\n本法第三十三條第一項所稱指定之場所，不得以郵政信箱為唯一場所。"
		},
		{
			"number": 3000,
			"content": "（刪除）"
		},
		{
			"number": 3100,
			"content": "（刪除）"
		},
		{
			"number": 3200,
			"content": "本法第三十三條第三項所稱非契約必要之點，包括下列事項：\r\n一、原招標文件已標示得更改或補充之項目。\r\n二、不列入標價評比之選購項目。\r\n三、參考性質之事項。\r\n四、其他於契約成立無影響之事項。"
		},
		{
			"number": 3300,
			"content": "同一投標廠商就同一採購之投標，以一標為限；其有違反者，依下列方式\r\n處理：\r\n一、開標前發現者，所投之標應不予開標。\r\n二、開標後發現者，所投之標應不予接受。\r\n廠商與其分支機構，或其二以上之分支機構，就同一採購分別投標者，視\r\n同違反前項規定。\r\n第一項規定，於採最低標，且招標文件訂明投標廠商得以同一報價載明二\r\n以上標的供機關選擇者，不適用之。"
		},
		{
			"number": 3400,
			"content": "機關依本法第三十四條第一項規定向廠商公開說明或公開徵求廠商提供招\r\n標文件之參考資料者，應刊登政府採購公報或公開於主管機關之資訊網路\r\n。"
		},
		{
			"number": 3500,
			"content": "底價於決標後有下列情形之一者，得不予公開。但應通知得標廠商：\r\n一、符合本法第一百零四條第一項第二款之採購。\r\n二、以轉售或供製造成品以供轉售之採購，其底價涉及商業機密者。\r\n三、採用複數決標方式，尚有相關之未決標部分。但於相關部分決標後，\r\n    應予公開。\r\n四、其他經上級機關認定者。"
		},
		{
			"number": 3600,
			"content": "投標廠商應符合之資格之一部分，得以分包廠商就其分包部分所具有者代\r\n之。但以招標文件已允許以分包廠商之資格代之者為限。\r\n前項分包廠商及其分包部分，投標廠商於得標後不得變更。但有特殊情形\r\n必須變更者，以具有不低於原分包廠商就其分包部分所具有之資格，並經\r\n機關同意者為限。"
		},
		{
			"number": 3700,
			"content": "依本法第三十六條第三項規定投標文件附經公證或認證之資格文件中文譯\r\n本，其中文譯本之內容有誤者，以原文為準。"
		},
		{
			"number": 3800,
			"content": "機關辦理採購，應於招標文件規定廠商有下列情形之一者，不得參加投標\r\n、作為決標對象或分包廠商或協助投標廠商：\r\n一、提供規劃、設計服務之廠商，於依該規劃、設計結果辦理之採購。\r\n二、代擬招標文件之廠商，於依該招標文件辦理之採購。\r\n三、提供審標服務之廠商，於該服務有關之採購。\r\n四、因履行機關契約而知悉其他廠商無法知悉或應秘密之資訊之廠商，於\r\n    使用該等資訊有利於該廠商得標之採購。\r\n五、提供專案管理服務之廠商，於該服務有關之採購。\r\n前項第一款及第二款之情形，於無利益衝突或無不公平競爭之虞，經機關\r\n同意者，得不適用於後續辦理之採購。"
		},
		{
			"number": 3900,
			"content": "前條第一項規定，於下列情形之一，得不適用之：\r\n一、提供規劃、設計服務之廠商，為依該規劃、設計結果辦理採購之獨家\r\n    製造或供應廠商，且無其他合適之替代標的者。\r\n二、代機關開發完成新產品並據以代擬製造該產品招標文件之廠商，於依\r\n    該招標文件辦理之採購。\r\n三、招標文件係由二家以上廠商各就不同之主要部分分別代擬完成者。\r\n四、其他經主管機關認定者。"
		},
		{
			"number": 4000,
			"content": "（刪除）"
		},
		{
			"number": 4100,
			"content": "（刪除）"
		},
		{
			"number": 4200,
			"content": "機關依本法第四十條規定洽由其他具有專業能力之機關代辦採購，依下列\r\n原則處理：\r\n一、關於監辦該採購之上級機關，為洽辦機關之上級機關。但洽辦機關之\r\n    上級機關得洽請代辦機關之上級機關代行其上級機關之職權。\r\n二、關於監辦該採購之主 (會) 計及有關單位，為洽辦機關之單位。但代\r\n    辦機關有類似單位者，洽辦機關得一併洽請代辦。\r\n三、除招標文件另有規定外，以代辦機關為招標機關。\r\n四、洽辦機關及代辦機關分屬中央及地方機關者，依洽辦機關之屬性認定\r\n    該採購係屬中央或地方機關辦理之採購。\r\n五、洽辦機關得行使之職權或應辦理之事項，得由代辦機關代為行使或辦\r\n    理。\r\n機關依本法第五條規定委託法人或團體代辦採購，準用前項規定。"
		},
		{
			"number": 4300,
			"content": "機關於招標文件規定廠商得請求釋疑之期限，至少應有等標期之四分之一\r\n；其不足一日者以一日計。選擇性招標預先辦理資格審查文件者，自公告\r\n日起至截止收件日止之請求釋疑期限，亦同。\r\n機關釋疑之期限，不得逾截止投標日或資格審查截止收件日前一日。"
		},
		{
			"number": 4400,
			"content": "機關依本法第四十二條第一項辦理分段開標，得規定資格、規格及價格分\r\n段投標分段開標或一次投標分段開標。但僅就資格投標者，以選擇性招標\r\n為限。\r\n前項分段開標之順序，得依資格、規格、價格之順序開標，或將資格與規\r\n格或規格與價格合併開標。\r\n機關辦理分段投標，未通過前一階段審標之投標廠商，不得參加後續階段\r\n之投標；辦理一次投標分段開標，其已投標未開標之部分，原封發還。\r\n分段投標之第一階段投標廠商家數已達本法第四十八條第一項三家以上合\r\n格廠商投標之規定者，後續階段之開標，得不受該廠商家數之限制。\r\n採一次投標分段開標者，廠商應將各段開標用之投標文件分別密封。"
		},
		{
			"number": 4500,
			"content": "機關依本法第四十三條第一款訂定採購評選項目之比率，應符合下列情形\r\n之一：\r\n一、以金額計算比率者，招標文件所定評選項目之標價金額占總標價之比\r\n    率，不得逾三分之一。\r\n二、以評分計算比率者，招標文件所定評選項目之分數占各項目滿分合計\r\n    總分數之比率，不得逾三分之一。"
		},
		{
			"number": 4600,
			"content": "機關依本法第四十三條第二款優先決標予國內廠商者，應依各該廠商標價\r\n排序，自最低標價起，依次洽減一次，以最先減至外國廠商標價以下者決\r\n標。\r\n前項國內廠商標價有二家以上相同者，應同時洽減一次，優先決標予減至\r\n外國廠商標價以下之最低標。"
		},
		{
			"number": 4700,
			"content": "同一採購不得同時適用本法第四十三條第二款及第四十四條之規定。"
		},
		{
			"number": 4800,
			"content": "本法第四十五條所稱開標，指依招標文件標示之時間及地點開啟廠商投標\r\n文件之標封，宣布投標廠商之名稱或代號、家數及其他招標文件規定之事\r\n項。有標價者，並宣布之。\r\n前項開標，應允許投標廠商之負責人或其代理人或授權代表出席。但機關\r\n得限制出席人數。\r\n限制性招標之開標，準用前二項規定。"
		},
		{
			"number": 4900,
			"content": "公開招標及選擇性招標之開標，有下列情形之一者，招標文件得免標示開\r\n標之時間及地點：\r\n一、依本法第二十一條規定辦理選擇性招標之資格審查，供建立合格廠商\r\n    名單。\r\n二、依本法第四十二條規定採分段開標，後續階段開標之時間及地點無法\r\n    預先標示。\r\n三、依本法第五十七條第一款規定，開標程序及內容應予保密。\r\n四、依本法第一百零四條第一項第二款規定辦理之採購。\r\n五、其他經主管機關認定者。\r\n前項第二款之情形，後續階段開標之時間及地點，由機關另行通知前一階\r\n段合格廠商。"
		},
		{
			"number": 4901,
			"content": "公開招標、選擇性招標及限制性招標之比價，其招標文件所標示之開標時\r\n間，為等標期屆滿當日或次一上班日。但採分段開標者，其第二段以後之\r\n開標，不適用之。"
		},
		{
			"number": 5000,
			"content": "辦理開標人員之分工如下：\r\n一、主持開標人員：主持開標程序、負責開標現場處置及有關決定。\r\n二、承辦開標人員：辦理開標作業及製作紀錄等事項。\r\n主持開標人員，由機關首長或其授權人員指派適當人員擔任。\r\n主持開標人員得兼任承辦開標人員。\r\n承辦審標、評審或評選事項之人員，必要時得協助開標。\r\n有監辦開標人員者，其工作事項為監視開標程序。\r\n機關辦理比價、議價或決標，準用前五項規定。"
		},
		{
			"number": 5100,
			"content": "機關辦理開標時應製作紀錄，記載下列事項，由辦理開標人員會同簽認；\r\n有監辦開標人員者，亦應會同簽認：\r\n一、有案號者，其案號。\r\n二、招標標的之名稱及數量摘要。\r\n三、投標廠商名稱。\r\n四、有標價者，各投標廠商之標價。\r\n五、開標日期。\r\n六、其他必要事項。\r\n流標時應製作紀錄，其記載事項，準用前項規定，並應記載流標原因。"
		},
		{
			"number": 5200,
			"content": "機關訂定底價，得基於技術、品質、功能、履約地、商業條款、評分或使\r\n用效益等差異，訂定不同之底價。"
		},
		{
			"number": 5300,
			"content": "機關訂定底價，應由規劃、設計、需求或使用單位提出預估金額及其分析\r\n後，由承辦採購單位簽報機關首長或其授權人員核定。但重複性採購或未\r\n達公告金額之採購，得由承辦採購單位逕行簽報核定。"
		},
		{
			"number": 5400,
			"content": "公開招標採分段開標者，其底價應於第一階段開標前定之。\r\n限制性招標之比價，其底價應於辦理比價之開標前定之。\r\n限制性招標之議價，訂定底價前應先參考廠商之報價或估價單。\r\n依本法第四十九條採公開取得三家以上廠商之書面報價或企劃書者，其底\r\n價應於進行比價或議價前定之。"
		},
		{
			"number": 5401,
			"content": "機關辦理採購，依本法第四十七條第一項第一款及第二款規定不訂底價者\r\n，得於招標文件預先載明契約金額或相關費率作為決標條件。"
		},
		{
			"number": 5500,
			"content": "本法第四十八條第一項所稱三家以上合格廠商投標，指機關辦理公開招標\r\n，有三家以上廠商投標，且符合下列規定者：\r\n一、依本法第三十三條規定將投標文件送達於招標機關或其指定之場所。\r\n二、無本法第五十條第一項規定不予開標之情形。\r\n三、無第三十三條第一項及第二項規定不予開標之情形。\r\n四、無第三十八條第一項規定不得參加投標之情形。"
		},
		{
			"number": 5600,
			"content": "廢標後依原招標文件重行招標者，準用本法第四十八條第二項關於第二次\r\n招標之規定。"
		},
		{
			"number": 5700,
			"content": "機關辦理公開招標，因投標廠商家數未滿三家而流標者，得發還投標文件\r\n。廠商要求發還者，機關不得拒絕。\r\n機關於開標後因故廢標，廠商要求發還投標文件者，機關得保留其中一份\r\n，其餘發還，或僅保留影本。採分段開標者，尚未開標之部分應予發還。"
		},
		{
			"number": 5800,
			"content": "機關依本法第五十條第二項規定撤銷決標或解除契約時，得依下列方式之\r\n一續行辦理：\r\n一、重行辦理招標。\r\n二、原係採最低標為決標原則者，得以原決標價依決標前各投標廠商標價\r\n    之順序，自標價低者起，依序洽其他合於招標文件規定之未得標廠商\r\n    減至該決標價後決標。其無廠商減至該決標價者，得依本法第五十二\r\n    條第一項第一款、第二款及招標文件所定決標原則辦理決標。\r\n三、原係採最有利標為決標原則者，得召開評選委員會會議，依招標文件\r\n    規定重行辦理評選。\r\n四、原係採本法第二十二條第一項第九款至第十一款規定辦理者，其評選\r\n    為優勝廠商或經勘選認定適合需要者有二家以上，得依序遞補辦理議\r\n    價。\r\n前項規定，於廠商得標後放棄得標、拒不簽約或履約、拒繳保證金或拒提\r\n供擔保等情形致撤銷決標、解除契約者，準用之。"
		},
		{
			"number": 5900,
			"content": "機關發現廠商投標文件所標示之分包廠商，於截止投標或截止收件期限前\r\n屬本法第一百零三條第一項規定期間內不得參加投標或作為決標對象或分\r\n包廠商之廠商者，應不決標予該投標廠商。\r\n廠商投標文件所標示之分包廠商，於投標後至決標前方屬本法第一百零三\r\n條第一項規定期間內不得參加投標或作為決標對象或分包廠商之廠商者，\r\n得依原標價以其他合於招標文件規定之分包廠商代之，並通知機關。\r\n機關於決標前發現廠商有前項情形者，應通知廠商限期改正；逾期未改正\r\n者，應不決標予該廠商。"
		},
		{
			"number": 6000,
			"content": "機關審查廠商投標文件，發現其內容有不明確、不一致或明顯打字或書寫\r\n錯誤之情形者，得通知投標廠商提出說明，以確認其正確之內容。\r\n前項文件內明顯打字或書寫錯誤，與標價無關，機關得允許廠商更正。"
		},
		{
			"number": 6100,
			"content": "機關依本法第五十一條第二項規定將審查廠商投標文件之結果通知各該廠\r\n商者，應於審查結果完成後儘速通知，最遲不得逾決標或廢標日十日。\r\n前項通知，經廠商請求者，得以書面為之。"
		},
		{
			"number": 6200,
			"content": "機關採最低標決標者，二家以上廠商標價相同，且均得為決標對象時，其\r\n比減價格次數已達本法第五十三條或第五十四條規定之三次限制者，逕行\r\n抽籤決定之。\r\n前項標價相同，其比減價格次數未達三次限制者，應由該等廠商再行比減\r\n價格一次，以低價者決標。比減後之標價仍相同者，抽籤決定之。"
		},
		{
			"number": 6300,
			"content": "機關採最低標決標，廠商之標價依招標文件規定之計算方式，有依投標標\r\n的之性能、耐用年限、保固期、能源使用效能或維修費用等之差異，就標\r\n價予以加價或減價以定標價之高低序位者，以加價或減價後之標價決定最\r\n低標。"
		},
		{
			"number": 6400,
			"content": "投標廠商之標價幣別，依招標文件規定在二種以上者，由機關擇其中一種\r\n或以新台幣折算總價，以定標序及計算是否超過底價。\r\n前項折算總價，依辦理決標前一辦公日臺灣銀行外匯交易收盤即期賣出匯\r\n率折算之。"
		},
		{
			"number": 6401,
			"content": "機關依本法第五十二條第一項第一款或第二款規定採最低標決標，其因履\r\n約期間數量不確定而於招標文件規定以招標標的之單價決定最低標者，並\r\n應載明履約期間預估需求數量。招標標的在二項以上而未採分項決標者，\r\n並應以各項單價及其預估需求數量之乘積加總計算，決定最低標。"
		},
		{
			"number": 6402,
			"content": "機關依本法第五十二條第一項第一款或第二款辦理異質之工程、財物或勞\r\n務採購，得於招標文件訂定評分項目、各項配分、及格分數等審查基準，\r\n並成立審查委員會及工作小組，採評分方式審查，就資格及規格合於招標\r\n文件規定，且總平均評分在及格分數以上之廠商開價格標，採最低標決標\r\n。\r\n依前項方式辦理者，應依下列規定辦理：\r\n一、分段開標，最後一段為價格標。\r\n二、評分項目不包括價格。\r\n三、審查委員會及工作小組之組成、任務及運作，準用採購評選委員會組\r\n    織準則、採購評選委員會審議規則及最有利標評選辦法之規定。"
		},
		{
			"number": 6500,
			"content": "機關依本法第五十二條第一項第四款採用複數決標方式者，應依下列原則\r\n辦理：\r\n一、招標文件訂明得由廠商分項報價之項目，或依不同數量報價之項目及\r\n    數量之上、下限。\r\n二、訂有底價之採購，其底價依項目或數量分別訂定。\r\n三、押標金、保證金及其他擔保得依項目或數量分別繳納。\r\n四、得分項報價者，分項決標；得依不同數量報價者，依標價及可決標之\r\n    數量依序決標，並得有不同之決標價。\r\n五、分項決標者，得分項簽約及驗收；依不同數量決標者，得分別簽約及\r\n    驗收。"
		},
		{
			"number": 6600,
			"content": "本法第五十二條第二項所稱異質之工程、財物或勞務採購，指不同廠商所\r\n供應之工程、財物或勞務，於技術、品質、功能、效益、特性或商業條款\r\n等，有差異者。"
		},
		{
			"number": 6700,
			"content": "機關辦理決標，合於決標原則之廠商無需減價或已完成減價或綜合評選程\r\n序者，得不通知投標廠商到場。"
		},
		{
			"number": 6800,
			"content": "機關辦理決標時應製作紀錄，記載下列事項，由辦理決標人員會同簽認；\r\n有監辦決標人員或有得標廠商代表參加者，亦應會同簽認：\r\n一、有案號者，其案號。\r\n二、決標標的之名稱及數量摘要。\r\n三、審標結果。\r\n四、得標廠商名稱。\r\n五、決標金額。\r\n六、決標日期。\r\n七、有減價、比減價格、協商或綜合評選者，其過程。\r\n八、超底價決標者，超底價之金額、比率及必須決標之緊急情事。\r\n九、所依據之決標原則。\r\n十、有尚未解決之異議或申訴事件者，其處理情形。\r\n廢標時應製作紀錄，其記載事項，準用前項規定，並應記載廢標原因。"
		},
		{
			"number": 6900,
			"content": "機關辦理減價或比減價格結果在底價以內時，除有本法第五十八條總標價\r\n或部分標價偏低之情形者外，應即宣布決標。"
		},
		{
			"number": 7000,
			"content": "機關於第一次比減價格前，應宣布最低標廠商減價結果；第二次以後比減\r\n價格前，應宣布前一次比減價格之最低標價。\r\n機關限制廠商比減價格或綜合評選之次數為一次或二次者，應於招標文件\r\n中規定或於比減價格或採行協商措施前通知參加比減價格或協商之廠商。\r\n參加比減價格或協商之廠商有下列情形之一者，機關得不通知其參加下一\r\n次之比減價格或協商：\r\n一、未能減至機關所宣布之前一次減價或比減價格之最低標價。\r\n二、依本法第六十條規定視同放棄。"
		},
		{
			"number": 7100,
			"content": "機關辦理查核金額以上之採購，擬決標之最低標價超過底價百分之四未逾\r\n百分之八者，得先保留決標，並應敘明理由連同底價、減價經過及報價比\r\n較表或開標紀錄等相關資料，報請上級機關核准。\r\n前項決標，上級機關派員監辦者，得由監辦人員於授權範圍內當場予以核\r\n准，或由監辦人員簽報核准之。"
		},
		{
			"number": 7200,
			"content": "機關依本法第五十三條第一項及第五十四條規定辦理減價及比減價格，參\r\n與之廠商應書明減價後之標價。\r\n合於招標文件規定之投標廠商僅有一家或採議價方式辦理採購，廠商標價\r\n超過底價或評審委員會建議之金額，經洽減結果，廠商書面表示減至底價\r\n或評審委員會建議之金額，或照底價或評審委員會建議之金額再減若干數\r\n額者，機關應予接受。比減價格時，僅餘一家廠商書面表示減價者，亦同\r\n。"
		},
		{
			"number": 7300,
			"content": "合於招標文件規定之投標廠商僅有一家或採議價方式辦理，須限制減價次\r\n數者，應先通知廠商。\r\n前項減價結果，適用本法第五十三條第二項超過底價而不逾預算數額需決\r\n標，或第五十四條逾評審委員會建議之金額或預算金額應予廢標之規定。"
		},
		{
			"number": 7400,
			"content": "決標依本法第五十二條第一項第二款規定辦理者，除小額採購外，應成立\r\n評審委員會，其成員由機關首長或其授權人員就對於採購標的之價格具有\r\n專門知識之機關職員或公正人士派兼或聘兼之。\r\n前項評審委員會之成立時機，準用本法第四十六條第二項有關底價之訂定\r\n時機。\r\n第一項評審委員會，機關得以本法第九十四條成立之評選委員會代之。"
		},
		{
			"number": 7500,
			"content": "決標依本法第五十二條第一項第二款規定辦理且設有評審委員會者，應先\r\n審查合於招標文件規定之最低標價後，再由評審委員會提出建議之金額。\r\n但標價合理者，評審委員會得不提出建議之金額。\r\n評審委員會提出建議之金額，機關依本法第五十四條規定辦理減價或比減\r\n價格結果在建議之金額以內時，除有本法第五十八條總標價或部分標價偏\r\n低之情形外，應即宣布決標。\r\n第一項建議之金額，於決標前應予保密，決標後除有第三十五條之情形者\r\n外，應予公開。"
		},
		{
			"number": 7600,
			"content": "本法第五十七條第一款所稱審標，包括評選及洽個別廠商協商。\r\n本法第五十七條第一款應保密之內容，決標後應即解密。但有繼續保密之\r\n必要者，不在此限。\r\n本法第五十七條第一款之適用範圍，不包括依本法第五十五條規定採行協\r\n商措施前之採購作業。"
		},
		{
			"number": 7700,
			"content": "機關依本法第五十七條規定採行協商措施時，參與協商之廠商依據協商結\r\n果重行遞送之投標文件，其有與協商無關或不受影響之項目者，該項目應\r\n不予評選，並以重行遞送前之內容為準。"
		},
		{
			"number": 7800,
			"content": "機關採行協商措施，應注意下列事項：\r\n一、列出協商廠商之待協商項目，並指明其優點、缺點、錯誤或疏漏之處\r\n    。\r\n二、擬具協商程序。\r\n三、參與協商人數之限制。\r\n四、慎選協商場所。\r\n五、執行保密措施。\r\n六、與廠商個別進行協商。\r\n七、不得將協商廠商投標文件內容、優缺點及評分，透露於其他廠商。\r\n八、協商應作成紀錄。"
		},
		{
			"number": 7900,
			"content": "本法第五十八條所稱總標價偏低，指下列情形之一：\r\n一、訂有底價之採購，廠商之總標價低於底價百分之八十者。\r\n二、未訂底價之採購，廠商之總標價經評審或評選委員會認為偏低者。\r\n三、未訂底價且未設置評審委員會或評選委員會之採購，廠商之總標價低\r\n    於預算金額或預估需用金額之百分之七十者。預算案尚未經立法程序\r\n    者，以預估需用金額計算之。"
		},
		{
			"number": 8000,
			"content": "本法第五十八條所稱部分標價偏低，指下列情形之一：\r\n一、該部分標價有對應之底價項目可供比較，該部分標價低於相同部分項\r\n    目底價之百分之七十者。\r\n二、廠商之部分標價經評審或評選委員會認為偏低者。\r\n三、廠商之部分標價低於其他機關最近辦理相同採購決標價之百分之七十\r\n    者。\r\n四、廠商之部分標價低於可供參考之一般價格之百分之七十者。"
		},
		{
			"number": 8100,
			"content": "廠商投標文件內記載金額之文字與號碼不符時，以文字為準。"
		},
		{
			"number": 8200,
			"content": "本法第五十九條第二項不適用於因正當商業行為所為之給付。"
		},
		{
			"number": 8300,
			"content": "廠商依本法第六十條規定視同放棄說明、減價、比減價格、協商、更改原\r\n報內容或重新報價，其不影響該廠商成為合於招標文件規定之廠商者，仍\r\n得以該廠商為決標對象。\r\n依本法第六十條規定視同放棄而未決標予該廠商者，仍應發還押標金。"
		},
		{
			"number": 8400,
			"content": "本法第六十一條所稱特殊情形，指符合下列情形之一：\r\n一、為商業性轉售或用於製造產品、提供服務以供轉售目的所為之採購，\r\n    其決標內容涉及商業機密，經機關首長或其授權人員核准者。\r\n二、有本法第一百零四條第一項第二款情形者。\r\n三、前二款以外之機密採購。\r\n四、其他經主管機關認定者。\r\n前項第一款決標內容涉及商業機密者，機關得不將決標內容納入決標結果\r\n之公告及對各投標廠商之書面通知。僅部分內容涉及商業機密者，其餘部\r\n分仍應公告及通知。\r\n本法第六十一條所稱決標後一定期間，為自決標日起三十日。\r\n依本法第六十一條規定未將決標結果之公告刊登於政府採購公報，或僅刊\r\n登一部分者，機關仍應將完整之決標資料傳送至主管機關指定之電腦資料\r\n庫，或依本法第六十二條規定定期彙送主管機關。"
		},
		{
			"number": 8500,
			"content": "機關依本法第六十一條規定將決標結果以書面通知各投標廠商者，其通知\r\n應包括下列事項：\r\n一、有案號者，其案號。\r\n二、決標標的之名稱及數量摘要。\r\n三、得標廠商名稱。\r\n四、決標金額。\r\n五、決標日期。\r\n無法決標者，機關應以書面通知各投標廠商無法決標之理由。"
		},
		{
			"number": 8600,
			"content": "本法第六十二條規定之決標資料，機關應利用電腦蒐集程式傳送至主管機\r\n關指定之電腦資料庫。\r\n決標結果已依本法第六十一條規定於一定期間內將決標金額傳送至主管機\r\n關指定之電腦資料庫者，得免再行傳送。"
		},
		{
			"number": 8700,
			"content": "本法第六十五條第二項所稱主要部分，指下列情形之一：\r\n一、招標文件標示為主要部分者。\r\n二、招標文件標示或依其他法規規定應由得標廠商自行履行之部分。"
		},
		{
			"number": 8800,
			"content": "（刪除）"
		},
		{
			"number": 8900,
			"content": "機關得視需要於招標文件中訂明得標廠商應將專業部分或達一定數量或金\r\n額之分包情形送機關備查。"
		},
		{
			"number": 9000,
			"content": "機關依本法第七十一條第一項規定辦理下列工程、財物採購之驗收，得由\r\n承辦採購單位備具書面憑證採書面驗收，免辦理現場查驗：\r\n一、公用事業依一定費率所供應之財物。\r\n二、即買即用或自供應至使用之期間甚為短暫，現場查驗有困難者。\r\n三、小額採購。\r\n四、分批或部分驗收，其驗收金額不逾公告金額十分之一。\r\n五、經政府機關或公正第三人查驗，並有相關品質或數量之證明文書者。\r\n六、其他經主管機關認定者。\r\n前項第四款情形於各批或全部驗收完成後，應將各批或全部驗收結果彙總\r\n填具結算驗收證明書。"
		},
		{
			"number": 9001,
			"content": "勞務驗收，得以書面或召開審查會方式辦理；其書面驗收文件或審查會紀\r\n錄，得視為驗收紀錄。"
		},
		{
			"number": 9100,
			"content": "機關辦理驗收人員之分工如下：\r\n一、主驗人員：主持驗收程序，抽查驗核廠商履約結果有無與契約、圖說\r\n    或貨樣規定不符，並決定不符時之處置。\r\n二、會驗人員：會同抽查驗核廠商履約結果有無與契約、圖說或貨樣規定\r\n    不符，並會同決定不符時之處置。但採購事項單純者得免之。\r\n三、協驗人員：協助辦理驗收有關作業。但採購事項單純者得免之。\r\n會驗人員，為接管或使用機關 (單位) 人員。\r\n協驗人員，為設計、監造、承辦採購單位人員或機關委託之專業人員或機\r\n構人員。\r\n法令或契約載有驗收時應辦理丈量、檢驗或試驗之方法、程序或標準者，\r\n應依其規定辦理。\r\n有監驗人員者，其工作事項為監視驗收程序。"
		},
		{
			"number": 9200,
			"content": "廠商應於工程預定竣工日前或竣工當日，將竣工日期書面通知監造單位及\r\n機關。除契約另有規定者外，機關應於收到該書面通知之日起七日內會同\r\n監造單位及廠商，依據契約、圖說或貨樣核對竣工之項目及數量，確定是\r\n否竣工；廠商未依機關通知派代表參加者，仍得予確定。\r\n工程竣工後，除契約另有規定者外，監造單位應於竣工後七日內，將竣工\r\n圖表、工程結算明細表及契約規定之其他資料，送請機關審核。有初驗程\r\n序者，機關應於收受全部資料之日起三十日內辦理初驗，並作成初驗紀錄\r\n。\r\n財物或勞務採購有初驗程序者，準用前二項規定。"
		},
		{
			"number": 9300,
			"content": "採購之驗收，有初驗程序者，初驗合格後，除契約另有規定者外，機關應\r\n於二十日內辦理驗收，並作成驗收紀錄。"
		},
		{
			"number": 9400,
			"content": "採購之驗收，無初驗程序者，除契約另有規定者外，機關應於接獲廠商通\r\n知備驗或可得驗收之程序完成後三十日內辦理驗收，並作成驗收紀錄。"
		},
		{
			"number": 9500,
			"content": "前三條所定期限，其有特殊情形必須延期者，應經機關首長或其授權人員\r\n核准。"
		},
		{
			"number": 9600,
			"content": "機關依本法第七十二條第一項規定製作驗收之紀錄，應記載下列事項，由\r\n辦理驗收人員會同簽認。有監驗人員或有廠商代表參加者，亦應會同簽認\r\n：\r\n一、有案號者，其案號。\r\n二、驗收標的之名稱及數量。\r\n三、廠商名稱。\r\n四、履約期限。\r\n五、完成履約日期。\r\n六、驗收日期。\r\n七、驗收結果。\r\n八、驗收結果與契約、圖說、貨樣規定不符者，其情形。\r\n九、其他必要事項。\r\n機關辦理驗收，廠商未依通知派代表參加者，仍得為之。驗收前之檢查、\r\n檢驗、查驗或初驗，亦同。"
		},
		{
			"number": 9700,
			"content": "機關依本法第七十二條第一項通知廠商限期改善、拆除、重作或換貨，廠\r\n商於期限內完成者，機關應再行辦理驗收。\r\n前項限期，契約未規定者，由主驗人定之。"
		},
		{
			"number": 9800,
			"content": "機關依本法第七十二條第一項辦理部分驗收，其所支付之部分價金，以支\r\n付該部分驗收項目者為限，並得視不符部分之情形酌予保留。\r\n機關依本法第七十二條第二項辦理減價收受，其減價計算方式，依契約規\r\n定。契約未規定者，得就不符項目，依契約價金、市價、額外費用、所受\r\n損害或懲罰性違約金等，計算減價金額。"
		},
		{
			"number": 9900,
			"content": "機關辦理採購，有部分先行使用之必要或已履約之部分有減損滅失之虞者\r\n，應先就該部分辦理驗收或分段查驗供驗收之用，並得就該部分支付價金\r\n及起算保固期間。"
		},
		{
			"number": 10000,
			"content": "驗收人對工程或財物隱蔽部分拆驗或化驗者，其拆除、修復或化驗費用之\r\n負擔，依契約規定。契約未規定者，拆驗或化驗結果與契約規定不符，該\r\n費用由廠商負擔；與規定相符者，該費用由機關負擔。"
		},
		{
			"number": 10100,
			"content": "公告金額以上之工程或財物採購，除符合第九十條第一項第一款或其他經\r\n主管機關認定之情形者外，應填具結算驗收證明書或其他類似文件。未達\r\n公告金額之工程或財物採購，得由機關視需要填具之。\r\n前項結算驗收證明書或其他類似文件，機關應於驗收完畢後十五日內填具\r\n，並經主驗及監驗人員分別簽認。但有特殊情形必須延期，經機關首長或\r\n其授權人員核准者，不在此限。"
		},
		{
			"number": 10200,
			"content": "廠商依本法第七十五條第一項規定以書面向招標機關提出異議，應以中文\r\n書面載明下列事項，由廠商簽名或蓋章，提出於招標機關。其附有外文資\r\n料者，應就異議有關之部分備具中文譯本。但招標機關得視需要通知其檢\r\n具其他部分之中文譯本：\r\n一、廠商之名稱、地址、電話及負責人之姓名。\r\n二、有代理人者，其姓名、性別、出生年月日、職業、電話及住所或居所\r\n    。\r\n三、異議之事實及理由。\r\n四、受理異議之機關。\r\n五、年、月、日。\r\n前項廠商在我國無住所、事務所或營業所者，應委任在我國有住所、事務\r\n所或營業所之代理人為之。\r\n異議不合前二項規定者，招標機關得不予受理。但其情形可補正者，應定\r\n期間命其補正；逾期不補正者，不予受理。"
		},
		{
			"number": 10300,
			"content": "機關處理異議，得通知提出異議之廠商到指定場所陳述意見。"
		},
		{
			"number": 10400,
			"content": "本法第七十五條第一項第二款及第三款所定期限之計算，其經機關通知及\r\n公告者，廠商接獲通知之日與機關公告之日不同時，以日期在後者起算。"
		},
		{
			"number": 10401,
			"content": "異議及申訴之提起，分別以受理異議之招標機關及受理申訴之採購申訴審\r\n議委員會收受書狀之日期為準。\r\n廠商誤向非管轄之機關提出異議或申訴者，以該機關收受之日，視為提起\r\n之日。"
		},
		{
			"number": 10500,
			"content": "異議逾越法定期間者，應不予受理，並以書面通知提出異議之廠商。"
		},
		{
			"number": 10501,
			"content": "招標機關處理異議為不受理之決定時，仍得評估其事由，於認其異議有理\r\n由時，自行撤銷或變更原處理結果或暫停採購程序之進行。"
		},
		{
			"number": 10600,
			"content": "（刪除）"
		},
		{
			"number": 10700,
			"content": "本法第九十八條所稱國內員工總人數，依身心障礙者權益保障法第三十八\r\n條第三項規定辦理，並以投保單位為計算基準；所稱履約期間，自訂約日\r\n起至廠商完成履約事項之日止。但下列情形，應另計之：\r\n一、訂有開始履約日或開工日者，自該日起算。兼有該二日者，以日期在\r\n    後者起算。\r\n二、因機關通知全面暫停履約之期間，不予計入。\r\n三、一定期間內履約而日期未預先確定，依機關通知再行履約者，依實際\r\n    履約日數計算。\r\n依本法第九十八條計算得標廠商於履約期間應僱用之身心障礙者及原住民\r\n之人數時，各應達國內員工總人數百分之一，並均以整數為計算標準，未\r\n達整數部分不予計入。"
		},
		{
			"number": 10800,
			"content": "得標廠商僱用身心障礙者及原住民之人數不足前條第二項規定者，應於每\r\n月十日前依僱用人數不足之情形，分別向所在地之直轄市或縣 (市) 勞工\r\n主管機關設立之身心障礙者就業基金專戶及原住民中央主管機關設立之原\r\n住民族就業基金專戶，繳納上月之代金。\r\n前項代金之金額，依差額人數乘以每月基本工資計算；不足一月者，每日\r\n以每月基本工資除以三十計。"
		},
		{
			"number": 10900,
			"content": "機關依本法第九十九條規定甄選投資興建、營運之廠商，其係以廠商承諾\r\n給付機關價金為決標原則者，得於招標文件規定以合於招標文件規定之下\r\n列廠商為得標廠商：\r\n一、訂有底價者，在底價以上之最高標廠商。\r\n二、未訂底價者，標價合理之最高標廠商。\r\n三、以最有利標決標者，經機關首長或評選委員會過半數之決定所評定之\r\n    最有利標廠商。\r\n四、採用複數決標者，合於最高標或最有利標之競標精神者。\r\n機關辦理採購，招標文件規定廠商報價金額包括機關支出及收入金額，或\r\n以使用機關財物或權利為對價而無其他支出金額，其以廠商承諾給付機關\r\n價金為決標原則者，準用前項規定。"
		},
		{
			"number": 10901,
			"content": "機關依本法第一百零一條規定將其事實及理由通知廠商時，應附記廠商如\r\n認為機關所為之通知違反本法或不實者，得於接獲通知之次日起二十日內\r\n，以書面向招標機關提出異議；未提出異議者，將刊登政府採購公報。\r\n機關依本法第一百零二條規定將異議處理結果以書面通知提出異議之廠商\r\n時，應附記廠商如對該處理結果不服，得於收受異議處理結果之次日起十\r\n五日內，以書面向採購申訴審議委員會提出申訴。"
		},
		{
			"number": 11000,
			"content": "廠商有本法第一百零一條第一項第六款之情形，經判決無罪確定者，自判\r\n決確定之日起，得參加投標及作為決標對象或分包廠商。"
		},
		{
			"number": 11100,
			"content": "本法第一百零一條第一項第十款所稱延誤履約期限情節重大者，機關得於\r\n招標文件載明其情形。其未載明者，於巨額工程採購，指履約進度落後百\r\n分之十以上；於其他採購，指履約進度落後百分之二十以上，且日數達十\r\n日以上。\r\n前項百分比之計算，應符合下列規定：\r\n一、屬尚未完成履約而進度落後已達前項百分比，機關應先通知廠商限期\r\n    改善。屆期未改善者，如機關訂有履約進度計算方式，其通知限期改\r\n    善當日及期限末日之履約進度落後百分比，分別以各該日實際進度與\r\n    機關核定之預定進度百分比之差值計算；如機關未訂有履約進度計算\r\n    方式，依逾期日數計算之。\r\n二、屬已完成履約而逾履約期限，或逾最後履約期限尚未完成履約者，依\r\n    逾期日數計算之。"
		},
		{
			"number": 11200,
			"content": "本法第一百零一條第一項第十四款所稱弱勢團體人士，指身心障礙者或其\r\n他經主管機關認定者。"
		},
		{
			"number": 11201,
			"content": "本法第一百零三條第二項所稱特殊需要，指符合下列情形之一，且基於公\r\n共利益考量確有必要者：\r\n一、有本法第二十二條第一項第一款、第二款、第四款或第六款情形之一\r\n    者。\r\n二、依本法第五十三條或第五十四條規定辦理減價結果，廢標二次以上，\r\n    且未調高底價或建議減價金額者。\r\n三、依本法第一百零五條第一項第一款或第二款辦理者。\r\n四、其他經主管機關認定者。"
		},
		{
			"number": 11202,
			"content": "本法第一百零七條所稱採購之文件，指採購案件自機關開始計劃至廠商完\r\n成契約責任期間所產生之各類文字或非文字紀錄資料及其附件。"
		},
		{
			"number": 11300,
			"content": "本細則自中華民國八十八年五月二十七日施行。\r\n本細則修正條文自發布日施行。"
		}
	]
}