{
	"pcode": "A0030145",
	"type": "命令",
	"title": "立法院會議旁聽規則",
	"url": "https://law.moj.gov.tw/LawClass/LawAll.aspx?pcode=A0030145",
	"category": [
		"立法"
	],
	"lastUpdate": "20160913",
	"isTranslated": false,
	"history": [
		"",
		"中華民國五十五年八月二十六日立法院第一屆第三十七會期第四十二次會議報告修正施行",
		"中華民國八十九年十二月十五日立法院第四屆第四會期第二十三次會議修正通過全文 11 條",
		"中華民國一百零五年九月十三日立法院第 9 屆第 2 會期第 1 次會議報告事項第 86 案，准予備查修正第 7 條條文"
	],
	"divisions": [],
	"articles": [
		{
			"number": 100,
			"content": "本規則依立法院議事規則第六十二條規定訂定之。"
		},
		{
			"number": 200,
			"content": "持有旁聽證者，方得進入議場旁聽。"
		},
		{
			"number": 300,
			"content": "旁聽者進入議場時，須將旁聽證佩掛胸前明顯處，以供辨識；必要時，得\r\n查驗身分證或其他證明。"
		},
		{
			"number": 400,
			"content": "旁聽證限持有人當日 (上午、下午) 使用，截角後入場旁聽，離場即行作\r\n廢，並不得轉借。"
		},
		{
			"number": 500,
			"content": "服裝不整、酒醉或精神異狀者，不得入場旁聽。"
		},
		{
			"number": 600,
			"content": "不得攜帶七歲以下兒童進入議場旁聽。"
		},
		{
			"number": 700,
			"content": "旁聽者不得攜帶武器、危險物品或各種標幟、標語、海報及其他物品等進\r\n入議場，並不得拒絕檢查。違反者，不得入場旁聽；已入場者，得強制其\r\n離場。"
		},
		{
			"number": 800,
			"content": "會議進行中或中途休息時，均應保持肅靜，不得鼓掌、喧鬧或其他妨礙議\r\n場秩序或議事進行之行為。違反者，得強制其離場。"
		},
		{
			"number": 900,
			"content": "如遇貴賓演講時，不得中途離席。"
		},
		{
			"number": 1000,
			"content": "旁聽證於秘密會議不適用之。"
		},
		{
			"number": 1100,
			"content": "本規則經提報院會後施行。"
		}
	]
}