{
	"pcode": "A0030114",
	"type": "命令",
	"title": "九二一震災臨時住宅拆遷辦法",
	"url": "https://law.moj.gov.tw/LawClass/LawAll.aspx?pcode=A0030114",
	"category": [
		"廢止法規",
		"行政院九二一震災災後重建推動委員會"
	],
	"lastUpdate": "20060203",
	"isDiscarded": true,
	"isTranslated": false,
	"history": [
		"中華民國九十二年六月二十六日行政院九二一震災災後重建推動委員會重建住字第 0920012913 號令訂定發布全文 9 條；並自發布日施行",
		"中華民國九十四年八月十二日行政院九二一震災災後重建推動委員會重建綜字第 0940005554A 號令修正發布第 2、7 條條文",
		"中華民國九十五年二月三日行政院九二一震災災後重建推動委員會重建綜字第 0950000589B 號令發布廢止"
	],
	"divisions": [],
	"articles": [
		{
			"number": 100,
			"content": "為配合震災重建作業之進行，依據九二一震災重建暫行條例第二十三條第\r\n八項規定訂定本辦法。"
		},
		{
			"number": 200,
			"content": "臨時住宅有下列情形之一者，由各鄉 (鎮、市) 公所提報拆遷計畫至該管\r\n縣 (市) 政府，縣 (市) 政府審查同意後應將該計畫提報內政部備查。\r\n一、未經整併之空戶數逾原興建戶數百分之五十以上者。\r\n二、經整併後之空戶數逾現住戶數百分之五十以上者。\r\n三、使用期限屆滿前二個月。\r\n四、有公共安全或公共衛生之虞者。\r\n前項拆遷計畫由縣 (市) 政府提報者，應將該計畫逕報內政部備查。\r\n第一項拆遷計畫應包括下列事項：\r\n一、拆遷方式。\r\n二、資源回收。\r\n三、廢物棄置。"
		},
		{
			"number": 300,
			"content": "臨時住宅之拆遷方式應具備或載明下列事項：\r\n一、整併前及整併後之配置圖。\r\n二、拆除期程。\r\n三、拆除數量及經費來源。\r\n四、法定居住期限。\r\n五、住戶安置措施。"
		},
		{
			"number": 400,
			"content": "臨時住宅拆除前，各縣 (市) 政府或鄉 (鎮、市) 公所應徵詢原興建、捐\r\n贈之機關 (構) 或團體回收或拆除意願，其無回收意願者，即由各縣 (市\r\n) 政府或鄉 (鎮、市) 公所發包拆除。\r\n前項臨時住宅之拆除，各縣 (市) 政府或鄉 (鎮、市) 公所應於拆除前一\r\n個月公告週知並通知現住戶。但該臨時住宅之住戶，已全部搬遷完竣者，\r\n得於拆除前十日公告之。"
		},
		{
			"number": 500,
			"content": "臨時住宅發包拆除前，各縣 (市) 政府或鄉 (鎮、市) 公所應評估其回收\r\n利用，其可再回收利用者，得作為慈善基金團體作國內及國際捐助之用。\r\n各縣 (市) 政府或鄉 (鎮、市) 公所應負責督導承包拆除廠商做好資源回\r\n收工作及負責保管。\r\n各縣 (市) 政府或鄉 (鎮、市) 公所評估臨時住宅拆除後無法再回收利用\r\n，其可使用資源，得折抵拆除所需費用。"
		},
		{
			"number": 600,
			"content": "臨時住宅拆除後，其剩餘之廢棄物，由各縣 (市) 政府或鄉 (鎮、市) 公\r\n所督導承包拆除廠商依廢棄物清理法及相關規定處理。"
		},
		{
			"number": 700,
			"content": "坐落同一處之臨時住宅，於全部拆除完竣後，各縣 (市) 政府或鄉 (鎮、\r\n市) 公所應於一個月內，將土地交還其所有權人或管理機關，並檢附相關\r\n證明文件及拆除照片轉報內政部備查後解除列管。\r\n前項土地所有權人或管理機關對收回之土地產生爭議時，由各縣 (市) 政\r\n府或鄉 (鎮、市) 公所與土地所有權人或管理機關協調解決。"
		},
		{
			"number": 800,
			"content": "臨時住宅解除列管後，土地如有違法使用情事，應由各縣 (市) 政府依法\r\n確實查處。"
		},
		{
			"number": 900,
			"content": "本辦法自發布日施行。"
		}
	]
}