{
	"pcode": "A0030081",
	"type": "命令",
	"title": "共同供應契約實施辦法",
	"url": "https://law.moj.gov.tw/LawClass/LawAll.aspx?pcode=A0030081",
	"category": [
		"行政",
		"行政院公共工程委員會",
		"通用目"
	],
	"lastUpdate": "20120301",
	"isTranslated": true,
	"english": "Regulations for The Implementation of Inter-entity Supply Contracts",
	"history": [
		"中華民國八十八年五月十七日行政院公共工程委員會（88）工程企字第 8806853 號令訂定發布全文 16 條；並自八十八年五月二十七日起施行",
		"中華民國一百零一年三月一日行政院公共工程委員會工程企字第 10100063910 號令修正發布第 16 條條文；刪除第 13 條條文；並自發布日施行"
	],
	"divisions": [],
	"articles": [
		{
			"number": 100,
			"content": "為辦理政府採購法 (以下簡稱本法) 第九十三條規定之共同供應契約，特\r\n訂定本辦法。"
		},
		{
			"number": 200,
			"content": "本法第九十三條所稱具有共通需求特性之財物或勞務，指該財物或勞務於\r\n二以上機關均有需求者。\r\n本法第九十三條所稱共同供應契約 (以下簡稱本契約) ，指一機關為二以\r\n上機關具有共通需求特性之財物或勞務與廠商簽訂契約，使該機關及其他\r\n適用本契約之機關均得利用本契約辦理採購者。"
		},
		{
			"number": 300,
			"content": "本辦法所稱訂約機關，指與廠商簽訂本契約之機關。\r\n本辦法所稱適用機關，指應依本契約辦理採購之機關。"
		},
		{
			"number": 400,
			"content": "機關辦理本契約之招標文件，除法令另有規定者外，應視需要載明下列事\r\n項：\r\n一、招標標的之名稱、技術規格、供應區域、預估採購總數量、每次最低\r\n    採購量、每次最高採購量、報價條件、通知得標廠商供應之程序、廠\r\n    商每次供應之履約期限、包裝、驗收、保固、爭議處理或其他商業條\r\n    款。\r\n二、價格及履約期限得因地區而異者，其所適用之各個地區。\r\n三、本契約之有效期及有效期屆滿或終止前發出之訂購通知均屬有效。\r\n四、廠商於本契約之有效期內對一般大眾之促銷或減讓活動，其價格或條\r\n    件優於本契約時，應一併適用於適用機關。\r\n五、適用機關。\r\n六、前款以外之機關，於徵得廠商同意後，得利用本契約辦理採購。\r\n七、本契約變更之程序及條件。\r\n八、終止或解除本契約之條件。\r\n九、訂約機關及廠商之名稱、地址、電話、電傳號碼及聯絡人 (或單位)\r\n    等資料。\r\n十、標明本契約係共同供應契約。\r\n十一、其他必要事項。"
		},
		{
			"number": 500,
			"content": "前條第五款所稱適用機關，得為下列情形之一：\r\n一、二以上機關共同協議由其中一機關訂約者，為參與協議之各機關。\r\n二、由中央各部、會、行、處、局、署等機關或各直轄市、縣 (市) 政府\r\n    指定機關訂約者，為指定機關及其所屬機關。\r\n三、由主管機關指定機關訂約者，為中央機關。"
		},
		{
			"number": 600,
			"content": "適用機關應利用本契約辦理採購，並於辦理採購時通知訂約機關。但本契\r\n約另有規定者，從其規定。\r\n前項適用機關有正當理由者，得不利用本契約，並應將其情形通知訂約機\r\n關。"
		},
		{
			"number": 700,
			"content": "本契約應公開於主管機關指定之資訊網站，供各機關利用。"
		},
		{
			"number": 800,
			"content": "適用機關利用本契約辦理採購之程序，應由訂約機關於本契約內訂明；其\r\n方式得為下列情形之一：\r\n一、經由訂約機關為之。\r\n二、逕與廠商為之，並副知訂約機關。\r\n三、本契約規定之其他程序。\r\n適用機關辦理驗收及付款事宜，以逕與廠商為之為原則。"
		},
		{
			"number": 900,
			"content": "本契約應明定訂約廠商於本契約有效期內，以更優惠之價格或條件供應本\r\n契約之標的於適用機關或他人者，訂約機關得與廠商協議變更本契約。廠\r\n商無合理事由而不減價者，訂約機關得終止契約。"
		},
		{
			"number": 1000,
			"content": "本契約應明定廠商對適用本契約之機關，為無正當理由之差別待遇，或有\r\n可歸責於廠商之事由而未能供應時，訂約機關得終止契約，並得請求損害\r\n賠償。"
		},
		{
			"number": 1100,
			"content": "適用機關利用本契約採購之期間，最長以二年為限。"
		},
		{
			"number": 1200,
			"content": "本契約關於統計資料之蒐集與彙報及依本法第一百零一條所為之通知等事\r\n項，由訂約機關統一處理為原則。"
		},
		{
			"number": 1300,
			"content": "（刪除）"
		},
		{
			"number": 1400,
			"content": "適用機關之駐國外機構辦理採購，得不適用本辦法之規定。"
		},
		{
			"number": 1500,
			"content": "訂約機關為辦理本契約，得向適用機關收取必要之費用。"
		},
		{
			"number": 1600,
			"content": "本辦法自中華民國八十八年五月二十七日施行。\r\n本辦法修正條文自發布日施行。"
		}
	]
}