{
	"pcode": "A0030136",
	"type": "命令",
	"title": "立法院會議議事文書印製辦法",
	"url": "https://law.moj.gov.tw/LawClass/LawAll.aspx?pcode=A0030136",
	"category": [
		"立法"
	],
	"lastUpdate": "20040917",
	"isTranslated": false,
	"history": [
		"中華民國四十七年十月二十四日立法院第一屆第二十二會期第一次秘密會議通過",
		"中華民國八十二年六月二十五日立法院第八十四屆經費稽核委員會第四次會議會議通過發布刪除第 2 條",
		"中華民國九十年二月二十七日立法院第四屆第五會期第二次會議修正通過全文 9 條",
		"中華民國九十三年九月十七日立法院第五屆第六會期第二次會議通過修正發布第 4 條條文"
	],
	"divisions": [],
	"articles": [
		{
			"number": 100,
			"content": "立法院 (以下簡稱本院) 會議議事文書之印製，依本辦法之規定。"
		},
		{
			"number": 200,
			"content": "下列議事文書，由承辦單位簽請核可後付印：\r\n一、議事日程。\r\n二、議事錄。\r\n三、立法院公報。\r\n四、其他有關議事文書。"
		},
		{
			"number": 300,
			"content": "凡刊印與院會議案有關之參考資料，由審查委員會、提案委員或委員提出\r\n者，經秘書長核可後付印。\r\n前項參考資料如係引用他人著作者，以一萬字為上限。"
		},
		{
			"number": 400,
			"content": "本院議事文書印製之格式，議事日程、議事錄、立法院公報及委員會審查\r\n報告 (含條文對照表) 以 A4 紙張為原則，其他有關議事文書依實際需要\r\n印製。"
		},
		{
			"number": 500,
			"content": "議事文書之印發，除總標題及分標題外，以五號字印製為原則。"
		},
		{
			"number": 600,
			"content": "委員每次提出之書面質詢，如包含數個問題時，應將各問題緊接排印，以\r\n期節約。書面或口頭質詢附加他人著作者，該附件不予刊登公報。"
		},
		{
			"number": 700,
			"content": "委員口頭質詢或發言之速記錄，經刊印公報初稿後分送發言人，發言人如\r\n有文字修正，應於三日內通知更正，屆期未通知者即照初稿編印立法院公\r\n報，按期發行。\r\n前項速記錄如有爭議，以錄影或錄音為準。"
		},
		{
			"number": 800,
			"content": "本院委員要求就其本人之質詢文件或公報初稿所載其本人之發言抽印者，\r\n以二千份為限，並酌收工本費。"
		},
		{
			"number": 900,
			"content": "本辦法經提報院會後施行。"
		}
	]
}