{
	"pcode": "A0030028",
	"type": "法律",
	"title": "國家安全法",
	"url": "https://law.moj.gov.tw/LawClass/LawAll.aspx?pcode=A0030028",
	"category": [
		"行政",
		"院本部",
		"通用目"
	],
	"lastUpdate": "20130821",
	"isTranslated": true,
	"english": "National Security Act",
	"history": [
		"中華民國七十六年七月一日總統（76）華總（一）義字第 2360 號令制定公布全文 10 條中華民國七十六年七月十四日行政院（76）台內字第 15651 號令定於七十六年七月十五日施行",
		"中華民國八十一年七月二十九日總統（81）華總（一）義字第 3667 號令修正公布名稱及條文（原名稱：動員戡亂時期國家安全法；新名稱：國家安全法）中華民國八十一年七月三十日行政院（81）台內字第 26600 號令定於八十一年八月一日施行",
		"中華民國八十五年二月五日總統（85）華總字第 8500027120 號令增訂公布第 2-1、5-1 條條文中華民國八十五年二月二十九日行政院（85）台內字第 05732 號令定於中華民國八十五年三月一日施行",
		"中華民國一百年十一月二十三日總統華總一義字第 10000259741 號令修正公布第 6 條條文；刪除第 2、3 條條文；施行日期，由行政院定之中華民國一百年十二月八日行政院院臺治字第 1000066555 號令發布定自一百年十二月九日施行",
		"中華民國一百零二年八月二十一日總統華總一義字第 10200156111 號令修正公布第 8 條條文；施行日期，由行政院定之中華民國一百零二年九月二十五日行政院院臺防字第 1020058553 號令發布定自一百零二年八月二十一日施行中華民國一百零七年四月二十七日行政院院臺規字第 1070172574 號公告第 4 條第 1 項所列屬「海岸巡防機關」之權責事項原由「行政院海岸巡防署及所屬機關」管轄，自一百零七年四月二十八日起改由「海洋委員會海巡署及所屬機關（構）」管轄"
	],
	"divisions": [],
	"articles": [
		{
			"number": 100,
			"content": "為確保國家安全，維護社會安定，特制定本法。\r\n本法未規定者，適用其他有關法律之規定。"
		},
		{
			"number": 200,
			"content": "（刪除）"
		},
		{
			"number": 201,
			"content": "人民不得為外國或大陸地區行政、軍事、黨務或其他公務機構或其設立、\r\n指定機構或委託之民間團體刺探、蒐集、交付或傳遞關於公務上應秘密之\r\n文書、圖畫、消息或物品，或發展組織。"
		},
		{
			"number": 300,
			"content": "（刪除）"
		},
		{
			"number": 400,
			"content": "警察或海岸巡防機關於必要時，對左列人員、物品及運輸工具，得依其職\r\n權實施檢查：\r\n一、入出境之旅客及其所攜帶之物件。\r\n二、入出境之船舶、航空器或其他運輸工具。\r\n三、航行境內之船筏、航空器及其客貨。\r\n四、前二款運輸工具之船員、機員、漁民或其他從業人員及其所攜帶之物\r\n    件。\r\n對前項之檢查，執行機關於必要時，得報請行政院指定國防部命令所屬單\r\n位協助執行之。"
		},
		{
			"number": 500,
			"content": "為確保海防及軍事設施安全，並維護山地治安，得由國防部會同內政部指\r\n定海岸、山地或重要軍事設施地區，劃為管制區，並公告之。\r\n人民入出前項管制區，應向該管機關申請許可。\r\n第一項之管制區，為軍事所必需者，得實施限建、禁建；其範圍，由國防\r\n部會同內政部及有關機關定之。\r\n前項限建或禁建土地之稅捐，應予減免。"
		},
		{
			"number": 501,
			"content": "意圖危害國家安全或社會安定，違反第二條之一規定者，處五年以下有期\r\n徒刑或拘役，得併科新台幣一百萬元以下罰金。\r\n前項之未遂犯罰之。\r\n犯前二項之罪，其他法律有較重處罰之規定者，從其規定。\r\n犯第一項、第二項之罪而自首者，得免除其刑；於偵查或審判中自白者，\r\n得減輕其刑。"
		},
		{
			"number": 600,
			"content": "無正當理由拒絕或逃避依第四條規定所實施之檢查者，處六月以下有期徒\r\n刑、拘役或科或併科新臺幣一萬五千元以下罰金。"
		},
		{
			"number": 700,
			"content": "違反第五條第二項未經申請許可無故入出管制區經通知離去而不從者，處\r\n六月以下有期徒刑、拘役或科或併科新臺幣一萬五千元以下罰金。\r\n違反第五條第三項禁建、限建之規定，經制止而不從者，處六月以下有期\r\n徒刑、拘役或科或併科新臺幣一萬五千元以下罰金。"
		},
		{
			"number": 800,
			"content": "非現役軍人，不受軍事審判。"
		},
		{
			"number": 900,
			"content": "戒嚴時期戒嚴地域內，經軍事審判機關審判之非現役軍人刑事案件，於解\r\n嚴後依左列規定處理：\r\n一、軍事審判程序尚未終結者，偵查中案件移送該管檢察官偵查，審判中\r\n    案件移送該管法院審判。\r\n二、刑事裁判已確定者，不得向該管法院上訴或抗告。但有再審或非常上\r\n    訴之原因者，得依法聲請再審或非常上訴。\r\n三、刑事裁判尚未執行或在執行中者，移送該管檢察官指揮執行。"
		},
		{
			"number": 1000,
			"content": "本法施行細則及施行日期，由行政院定之。"
		}
	]
}