{
	"pcode": "A0030138",
	"type": "命令",
	"title": "立法院法律案專輯發行辦法",
	"url": "https://law.moj.gov.tw/LawClass/LawAll.aspx?pcode=A0030138",
	"category": [
		"立法"
	],
	"lastUpdate": "20010531",
	"isTranslated": false,
	"history": [
		"中華民國九十年五月三十一日立法院院長核定訂定發布全文 4 條"
	],
	"divisions": [],
	"articles": [
		{
			"number": 100,
			"content": "本辦法依立法院議案審議資料處理及參閱辦法第四條第二項規定訂定之。"
		},
		{
			"number": 200,
			"content": "立法院 (以下簡稱本院) 法律案專輯依下列規定致送：\r\n一、本院委員每人一部。\r\n二、本院院長、副院長、秘書長、副秘書長辦公室各一部。\r\n三、本院各單位及各黨團辦公室各一部。但本法律案主審委員會五部，國\r\n    會圖書館三部。\r\n四、行政院研究發展考核委員會及國家圖書館各一部。\r\n五、其他經秘書長核准者。"
		},
		{
			"number": 300,
			"content": "法律案專輯得按定價對外發售。\r\n前項定價，應按原、物料成本酌定；調整時亦同。"
		},
		{
			"number": 400,
			"content": "本辦法經院長核定後施行。"
		}
	]
}