{
	"pcode": "A0030074",
	"type": "命令",
	"title": "機關指定地區採購房地產作業辦法",
	"url": "https://law.moj.gov.tw/LawClass/LawAll.aspx?pcode=A0030074",
	"category": [
		"行政",
		"行政院公共工程委員會",
		"通用目"
	],
	"lastUpdate": "20180314",
	"isTranslated": true,
	"english": "Regulations for Procurement of Real Property in Designated Areas by Entities",
	"history": [
		"中華民國八十八年五月六日行政院公共工程委員會（88）工程企字第 886100 號令訂定發布全文 15 條；並自同年五月二十七日起施行",
		"中華民國九十一年五月二十四日行政院公共工程委員會工程企字第 91020750 號令修正發布名稱及全文 14 條；並自發布日施行（原名稱：公營事業機構指定地區採購房地產作業辦法；新名稱：機關指定地區採購房地產作業辦法）",
		"中華民國一百零七年三月十四日行政院公共工程委員會工程企字第 10700070170 號令修正發布第 8 條條文"
	],
	"divisions": [],
	"articles": [
		{
			"number": 100,
			"content": "本辦法依政府採購法 (以下簡稱本法) 第二十二條第二項規定訂定之。"
		},
		{
			"number": 200,
			"content": "機關指定地區公開徵求房地產，採購金額在公告金額以上者，其作業依本\r\n辦法之規定。"
		},
		{
			"number": 300,
			"content": "機關指定地區採購房地產，應先編擬計畫依規定層報核定。\r\n前項計畫應包括採購房地產及指定地區採購之理由及其必要性，並參照政\r\n府公定或評定價格及附近買賣實例或其他徵信資料，詳估採購金額及其效\r\n益。"
		},
		{
			"number": 400,
			"content": "機關辦理下列公告金額以上房地產之採購，得免公開徵求：\r\n一、毗鄰房地產或畸零地之採購，係與現有房地產合併，以應業務需要者\r\n    。\r\n二、符合本法第二十二條第一項第二款、第三款、第七款或第八款之情形\r\n    者。\r\n三、其他經主管機關認定者。"
		},
		{
			"number": 500,
			"content": "機關公開徵求房地產，應將公告刊登於政府採購公報並公開於資訊網路。"
		},
		{
			"number": 600,
			"content": "機關公開徵求房地產之徵選文件，除法令另有規定者外，得視個案特性及\r\n實際需要載明下列事項：\r\n一、房地產之需求條件，包括面積、面臨道路寬度、交通情形、土地使用\r\n    分區及其他相關條件等。需求面積得酌定彈性範圍。\r\n二、指定之地區與其理由及必要性。\r\n三、廠商應提出之文件，如房地產所有權狀影本、位置略圖、地籍圖謄本\r\n    、土地登記簿謄本、建築改良物登記簿謄本、都市計畫套繪圖、建物\r\n    測量成果圖、土地使用分區證明、使用執照影本、目前使用狀況說明\r\n    、讓售或出租同意書或其他相關資料。\r\n四、廠商應於應徵文件內標示其房地產之土地標示、地目、面積、房屋座\r\n    落、門牌號碼、各樓層合法使用面積及總面積。\r\n五、廠商應於應徵文件內標示其房地產之讓售或出租單價及總價，房屋及\r\n    土地總價應分開填列。如另有補償費用，並應逐項標示其項目及金額\r\n    。\r\n六、實地勘查時，應由廠商提出之文件。\r\n七、勘選評估及決選原則。\r\n八、移轉登記及付款條件。賣方將房地產產權移轉過戶予買方，並由買方\r\n    取得房地產所有權狀後，依契約規定給付部分價金，驗收無誤後，再\r\n    依產權移轉後房地產所有權狀所載面積及契約規定給付其餘價金。但\r\n    徵選文件另有規定者，不在此限。\r\n九、交地、交屋期限或標的物點交期限。\r\n十、稅費負擔。土地增值稅及產權移轉前各期地價稅、房屋稅、工程受\r\n      益費等一切稅費，以及買賣土地之複丈分割費用，均由賣方負擔。\r\n      契稅由買方負擔。產權移轉登記費用依照法令規定，由買賣雙方各\r\n      自負擔。但徵選文件另有規定者，不在此限。\r\n十一、土地登記專業代理人之委託及費用負擔方式。\r\n十二、如有出租、產權糾紛、被他人佔用或已設定他項權利，應由賣方限\r\n      期負責解決，所需費用並由賣方負擔。\r\n十三、地上物，包括建築改良物、農作改良物、墳墓及一切附著地上物，\r\n      除徵選文件另有規定外，由賣方負責清除或放棄，如另有補償費用\r\n      ，應徵廠商應逐項標示其項目及金額。\r\n十四、變更使用用途之申請。擬購之土地如需辦理變更編定，機關得視個\r\n      案需要於徵選文件中載明按下列情形之一辦理：\r\n   (一) 先行簽訂買賣契約，俟省 (市) 或縣 (市) 政府同意分割、移轉\r\n        及變更使用後，再依契約辦理產權移轉登記。但契約應載明省 (\r\n        市) 或縣 (市) 政府不同意時，解除契約。\r\n   (二) 俟省 (市) 或縣 (市) 政府同意分割、移轉及變更使用後，再簽\r\n        訂買賣契約。\r\n十五、其他必要事項。"
		},
		{
			"number": 700,
			"content": "機關採購房地產訂有底價者，訂定底價時應考量當地近期買賣實例、政府\r\n公定價格、評定價格或標售之價格、房地漲跌趨勢及當地工商業榮枯等情\r\n形。\r\n前項底價，得依第十條於認定符合需要之廠商後訂定。"
		},
		{
			"number": 800,
			"content": "參加房地產應徵之廠商，應為房地產之所有權人或其委託代理人。屬代理\r\n人者，應於決標前提出由所有權人出具且經公證或認證之委託書。但屬租\r\n用且租用之標的為共有者，得依相關法令規定辦理。"
		},
		{
			"number": 900,
			"content": "廠商文件經審查符合者，機關應辦理實地勘查。\r\n前項實地勘查，得視個案特性及實際需要，擇下列事項蒐集或查證相關資\r\n料，作成勘查紀錄，必要時並拍照存證。\r\n一、土地部分：\r\n (一) 依應徵土地地號、地籍圖謄本及土地登記簿謄本，查核土地之地段\r\n      、地號、地目、等則及土地使用分區 (都市計畫地區) 或區域計畫\r\n      使用分區 (非都市計畫地區) 、容積率、建蔽率限制等資料。\r\n (二) 依地籍圖謄本，向當地縣市政府建管單位查對都市計畫情形，對所\r\n      覓土地內有無道路、學校、公園或其他公共設施等之預定用地計畫\r\n      。如在都市計畫地區外，應查明有無禁建、禁用或限建等限制使用\r\n      規定。\r\n (三) 應徵土地周圍環境情形是否有影響使用品質之設施及其距離，與鐵\r\n      路或主要公路之距離，及其對外交通、噪音或污染等情形是否影響\r\n      需求等資料。\r\n (四) 應徵土地之地形、地勢、位置及面積是否符合計畫用途。面臨道路\r\n      現有寬度、計畫拓寬寬度與其對人員及必須進出之車輛、物料及引\r\n      進之地下管線等之出入有無不便或阻礙等情形。\r\n (五) 應徵土地內地上物 (如房屋、違建、果樹、水稻等農作物、高壓線\r\n      或橫越桿線等) 及地下物 (如電力、電信設施、油管、自來水管、\r\n      地下管道或地下運輸系統等管線等) 之種類，對土地之使用有無影\r\n      響。\r\n (六) 應徵土地內應查明有無未登記土地、畸零地、水利地、排水溝或既\r\n      成道路等，及其嗣後變更處理有無困難。\r\n (七) 應徵土地之水電供應、電信設施、排水及廢棄物處理情形是否良好\r\n      。\r\n二、房屋部分：\r\n (一) 建築面積、構造型式及門牌號碼。\r\n (二) 建築年月及房屋現狀與使用情形。\r\n (三) 附屬建物情形。\r\n (四) 建築設計圖說 (含水、電及其附屬工程圖) 或平面圖。\r\n三、產權部分：\r\n (一) 房地所有權無論係單獨所有、分別共有或公同共有者，均應取得權\r\n      利人之同意書。但依公寓大廈管理條例規定辦理者，不在此限。\r\n (二) 如有租賃情形或設定有典權、抵押權、地上權、地役權等擔保、用\r\n      益物權或依法有優先承購權人時，應取得承租人、其他物權人或優\r\n      先承購權人放棄權利並取得書面證明。\r\n (三) 產權如有糾紛或被他人佔用，除機關同意廠商限期解決者外，不予\r\n      接受。\r\n (四) 如屬耕者有其田之放領地，被放領人應繳清地價；如屬三七五減租\r\n      地，出租人應提出核准撤銷租約之證明或承諾於簽訂買賣契約前提\r\n      出。\r\n (五) 查閱建築改良物登記簿謄本及房屋使用執照，是否為合法建築及是\r\n      否有特殊用途限制。\r\n四、價格部分：\r\n (一) 向地政機關查明土地公告地價，最近一期公告現值。\r\n (二) 調查市場行情：向地政事務所、鄉、鎮、市、區公所、稅捐機關、\r\n      不動產經紀人、土地登記專業代理人或經管公產機關查詢鄰近房地\r\n      產交易案例或一般市場行情。\r\n (三) 依據建物結構，分析房屋本身之造價，並儘量蒐集同地段同結構之\r\n      房屋買賣價格資料。\r\n五、繪圖部分：\r\n (一) 向有關單位申請相關部分都市計畫圖。\r\n (二) 繪具擬購土地地形平面圖，註明長寬尺寸。如同一地號係分割地，\r\n      應註明位置；如有房屋等地上物，應標明配置情形；如為都市計畫\r\n      區，應附附近都市計畫圖；如非都市計畫地區，應註明鄰接道路情\r\n      形。\r\n (三) 視需要繪製房屋配置圖，標示應徵房屋之全部基地及房屋位置，以\r\n      及周圍道路位置及其寬度。\r\n (四) 視需要繪製房屋各樓層平面圖，依照比例尺繪出房間之尺寸位置 (\r\n      含樓梯及浴廁等) ，以及設施分布情形。"
		},
		{
			"number": 1000,
			"content": "機關辦理實地勘查後，應依廠商應徵文件及勘查紀錄，就房地情況、交通\r\n情形、環境衛生、價格、發展潛力、有無現存或潛在糾紛或效益分析等，\r\n認定適合需要者。\r\n前項適合需要者之認定，準用本法有關最有利標之評選規定。"
		},
		{
			"number": 1100,
			"content": "機關與認定適合需要者之議價及決標，應依下列方式之一辦理，並載明於\r\n徵選文件：\r\n一、適合需要者為一家者，以議價方式辦理。\r\n二、適合需要者在二家以上者，依適合需要序位，自最適合需要者起，依\r\n    序以議價方式辦理。但有二家以上廠商為同一適合需要序位者，以標\r\n    價低者優先議價。"
		},
		{
			"number": 1200,
			"content": "應徵之房地產如係法令規定禁止或無法變更使用以符合需要者，應不予接\r\n受。"
		},
		{
			"number": 1300,
			"content": "機關依本辦法洽廠商議價或協商時，應規定廠商代表攜帶身分證、印鑑、\r\n產權憑證正本及其他相關資料親自出席或委託代理人出席。"
		},
		{
			"number": 1400,
			"content": "本辦法自發布日施行。"
		}
	]
}