{
	"pcode": "A0030184",
	"type": "命令",
	"title": "民間公證人交接規則",
	"url": "https://law.moj.gov.tw/LawClass/LawAll.aspx?pcode=A0030184",
	"category": [
		"司法",
		"院本部",
		"民事目"
	],
	"lastUpdate": "20010316",
	"isTranslated": false,
	"history": [
		"中華民國九十年三月十六日司法院（90）院台廳民三字第 06457 號令訂定發布全文 7 條；並自九十年四月二十三日起施行"
	],
	"divisions": [],
	"articles": [
		{
			"number": 100,
			"content": "本規則依公證法 (以下簡稱本法) 第四十六條第四項規定訂定之。"
		},
		{
			"number": 200,
			"content": "本規則所稱公證人，係指本法施行細則第三條第二項所定民間公證人。\r\n公證人因死亡、免職、撤職或其他事由離職，經所屬之地方法院或其分院\r\n (以下簡稱所屬法院) 指定繼任人或兼任人者，有關文書物件之交接，依\r\n本規則之規定。\r\n前項規定，於公證人依法被停職或停止職務，經所屬法院指定兼任人時準\r\n用之。"
		},
		{
			"number": 300,
			"content": "公證人應於其繼任人或兼任人就任之日起十日內，親自與其繼任人或兼任\r\n人辦畢有關文書、物件之移交，並編製移交清冊一式三份，一份陳報所屬\r\n法院備查。\r\n前項文書、物件如下：\r\n一、已結事件卷宗。\r\n二、未結事件卷宗。\r\n三、收件簿、公、認證書登記簿。以電磁紀錄製作者，各該簿之磁片、光\r\n    碟或其他電子儲存媒體。\r\n四、所屬法院指定之其他文書、簿冊及物件。"
		},
		{
			"number": 400,
			"content": "公證人死亡或因其他事由不能親自辦理移交者，其繼任人或兼任人應會同\r\n所屬法院指派人員及公證人之繼承人、助理人或其他使用人辦理之。但無\r\n繼承人、助理人或其他使用人者，不在此限。\r\n前項規定，於依本法第四十三條規定封存之文書、物件之交接準用之。"
		},
		{
			"number": 500,
			"content": "公證人及其繼任人或兼任人因故無法於十日內移交完畢者，應向所屬法院\r\n陳報其事由及預估所需時間，所屬法院應指定辦畢移交日期並得派員監督\r\n；逾期移交不清者，得依法予以懲處或移付懲戒。"
		},
		{
			"number": 600,
			"content": "所屬法院、繼任人或兼任人發現移交之清冊、文書及物件有錯誤或可疑之\r\n點時，得向移交之公證人查詢，公證人應於接獲查詢通知二日內補正或函\r\n復；逾期未照辦者，繼任人或兼任人得報請公證人所屬法院院長核辦。"
		},
		{
			"number": 700,
			"content": "本規則自中華民國九十年四月二十三日施行。"
		}
	]
}