{
	"pcode": "A0030061",
	"type": "命令",
	"title": "受嚴重急性呼吸道症候群影響發生營運困難產業及醫療（事）機構紓困辦法",
	"url": "https://law.moj.gov.tw/LawClass/LawAll.aspx?pcode=A0030061",
	"category": [
		"廢止法規",
		"行政院經濟建設委員會"
	],
	"lastUpdate": "20050422",
	"isDiscarded": true,
	"isTranslated": false,
	"history": [
		"中華民國九十二年五月十五日行政院院臺經字第 0920026367 號令訂定發布全文 20 條；並自九十二年三月一日施行",
		"中華民國九十四年四月二十二日行政院院臺經字第 0940084079 號令發布廢止"
	],
	"divisions": [],
	"articles": [
		{
			"number": 100,
			"content": "本辦法依嚴重急性呼吸道症候群防治及紓困暫行條例 (以下簡稱本條例) \r\n第十四條第三項規定訂定之。"
		},
		{
			"number": 200,
			"content": "本條例第十四條第一項所稱發生營運困難之產業、醫療 (事) 機構，指有\r\n下列情形之一者：                                                \r\n一、旅行業、旅館業、觀光旅館業、民用航空運輸業、普通航空業、空廚\r\n    業、航空站地勤業及坐落於觀光旅館或機場內之商店。            \r\n二、受嚴重急性呼吸道症候群影響致營業場所受封鎖處置而營業中斷，經\r\n    中央或地方目的事業主管機關認定者。                          \r\n三、依本條例第八條第二項規定，對受強制隔離之勞工給予公假及工資，\r\n    經中央勞工主管機關認定者。                                  \r\n四、其他受嚴重急性呼吸道症候群影響，九十二年三月一日以後連續二個\r\n    月平均營業額較同年二月以前六個月平均或九十一年同期營業額減少\r\n    百分之三十以上，經中央目的事業主管機關或其委任、委託之機關 (\r\n    構) 認定者。"
		},
		{
			"number": 300,
			"content": "本條例第十四條第一項所稱紓困，指下列措施：                      \r\n一、依第六條規定提供信用保證，協助取得貸款支付員工薪資 (以下簡稱\r\n    員工薪資貸款) 。                                            \r\n二、貸款利息補貼。                                              \r\n三、設立單一窗口協助取得維持正常營運資金之融通。                \r\n四、前條第三款雇主於勞工受強制隔離給予公假期間，依相關法令規定所\r\n    給付工資之補貼。"
		},
		{
			"number": 400,
			"content": "員工薪資貸款之適用對象如下：                                    \r\n一、旅行業、旅館業、觀光旅館業及坐落於觀光旅館或機場內之商店。  \r\n二、受嚴重急性呼吸道症候群影響致營業場所受封鎖處置而營業中斷，經\r\n    中央或地方目的事業主管機關認定者。                          \r\n三、其他受嚴重急性呼吸道症候群影響，九十二年三月一日以後連續二個\r\n    月平均營業額較同年二月以前六個月平均或九十一年同期營業額減少\r\n    百分之三十以上，經中央目的事業主管機關或其委任、委託之機關 (\r\n    構) 認定者。"
		},
		{
			"number": 500,
			"content": "有下列情事之一者，不得申請員工薪資貸款：                        \r\n一、產業、醫療 (事) 機構或其負責人使用票據經拒絕往來尚未恢復或恢\r\n    復使用後仍有存款不足遭退票者。                              \r\n二、產業、醫療 (事) 機構或其負責人向金融機構借款逾期未償還。    \r\n三、產業或醫療 (事) 機構負債大於資產致淨值為負數。"
		},
		{
			"number": 600,
			"content": "員工薪資貸款，由政府提供專款，委託財團法人中小企業信用保證基金 (\r\n以下簡稱信保基金) 提供十足保證，並由申請產業或醫療 (事) 機構之負\r\n責人、實際經營者及全體董事或持有股份排名前五名之董事提供個人連帶\r\n保證。                                                          \r\n前項持有股份排名前五名之董事，其中二名董事得由排名前二名之監察人\r\n代之。                                                          \r\n第一項信保基金提供保證之手續費，由政府全額負擔。"
		},
		{
			"number": 700,
			"content": "員工薪資貸款，以支付員工薪資為限；經核准之貸款，由承辦金融機構按\r\n月逕撥入員工帳戶。"
		},
		{
			"number": 800,
			"content": "員工薪資貸款之利率，按一年期郵政儲金定期存款機動利率加最高一個百\r\n分點計息。"
		},
		{
			"number": 900,
			"content": "員工薪資貸款額度，按九十二年四月投保勞工保險之人員及其投保薪資總\r\n額核給之；最高以核給三個月薪資總數為限，且每一產業或醫療 (事) 機\r\n構貸款，除經行政院嚴重急性呼吸道症候群防治及紓困委員會同意者外，\r\n累計不得超過新臺幣二千萬元。"
		},
		{
			"number": 1000,
			"content": "產業及醫療 (事) 機構申請員工薪資貸款之期限至九十二年七月三十一日\r\n止。"
		},
		{
			"number": 1100,
			"content": "員工薪資貸款，自首次動撥日至九十二年十二月三十一日前可寬限付息不\r\n還本，並自九十三年一月起按月或按季分二年平均攤還本息。"
		},
		{
			"number": 1200,
			"content": "申請員工薪資貸款者，應檢附相關憑證及證明文件，向各承辦金融機構辦\r\n理。"
		},
		{
			"number": 1300,
			"content": "交通部得就旅行業之下列貸款，提供利息補貼：                       \r\n一、短期週轉金貸款。                                             \r\n二、九十一年度營利事業所得稅應納稅額貸款。                       \r\n三、第三條第一款之員工薪資貸款。                                 \r\n前項第一款之貸款額度，最高以新臺幣一百萬元為限。                 \r\n第一項貸款，旅行業應於九十二年七月三十一日前向金融機構提出申請。"
		},
		{
			"number": 1400,
			"content": "旅行業申請前條第一項第一款及第二款之貸款者，按實際貸款餘額，補貼\r\n年利率，最高以四個百分點為限；申請第三款之貸款者，其利息全額補貼\r\n。                                                              \r\n前項補貼期間，最長為一年。"
		},
		{
			"number": 1500,
			"content": "旅行業申請第十三條第一項第一款或第二款之貸款，其屬未能提供抵押品\r\n或擔保品不足之中小企業者，由承辦金融機構依保證規定移送信保基金辦\r\n理信用保證。"
		},
		{
			"number": 1600,
			"content": "第三條第三款之資金融通案件，其屬中小企業及傳統產業者，由經濟部中\r\n小企業處馬上解決問題中心辦理；民用航空運輸業及重大資金融通案件，\r\n由行政院經濟建設委員會設置單一窗口受理。                        \r\n前項資金融通，並得指撥專款提供信用保證。"
		},
		{
			"number": 1700,
			"content": "雇主申請第三條第四款之補貼，應填具申請書，並檢附下列書件，向勞工\r\n保險局為之：                                                    \r\n一、居家隔離或集中隔離者：居家隔離通知單、集中隔離證明或其他證明\r\n    文件。                                                      \r\n二、隔離治療者：載有住院起迄日期之診斷書。                      \r\n三、接受強制隔離勞工領取薪資之證明文件。                        \r\n前項補貼，按該受僱用勞工參加勞工保險或就業保險投保薪資總額之日投\r\n保薪資計算，扣除勞工領取勞工保險傷病給付之金額。未參加勞工保險或\r\n就業保險者，按勞工保險投保薪資分級表第一級規定之日投保薪資計算之\r\n。"
		},
		{
			"number": 1800,
			"content": "金融機構及信保基金辦理本辦法相關貸款及信用保證，應確實依授信及信\r\n用保證相關規定辦理；如非因故意、重大過失或舞弊情事所造成之呆帳損\r\n失，民營金融機構及信保基金之各級承辦人員得免除相關行政及財務責任\r\n，公營金融機構之各級承辦人員得依審計法第七十七條第一款規定免除一\r\n部或全部之損害賠償責任，或免除予以糾正之處置。"
		},
		{
			"number": 1900,
			"content": "為紓解產業因受嚴重急性呼吸道症候群影響致無法進行正常營運之困境，\r\n中央目的事業主管機關應協助產業加強出口拓銷、輸出保險及國內市場行\r\n銷活動。"
		},
		{
			"number": 2000,
			"content": "本辦法自中華民國九十二年三月一日施行。"
		}
	]
}