{
	"pcode": "A0030071",
	"type": "命令",
	"title": "採購申訴審議收費辦法",
	"url": "https://law.moj.gov.tw/LawClass/LawAll.aspx?pcode=A0030071",
	"category": [
		"行政",
		"行政院公共工程委員會",
		"通用目"
	],
	"lastUpdate": "20070313",
	"isTranslated": false,
	"history": [
		"中華民國八十八年四月三十日行政院公共工程委員會（88）工程議字第 8805804 號令訂定發布全文 9 條；並自八十八年五月二十七日起施行",
		"中華民國九十一年九月四日行政院公共工程委員會工程訴字第 09100370450 號令修正發布全文 9 條；並自發布日施行",
		"中華民國九十六年三月十三日行政院公共工程委員會工程訴字第 09600094210 號令修正發布第 6 條條文"
	],
	"divisions": [],
	"articles": [
		{
			"number": 100,
			"content": "本辦法依政府採購法 (以下簡稱本法) 第八十條第四項規定訂定之。"
		},
		{
			"number": 200,
			"content": "採購申訴審議委員會 (以下簡稱申訴會) 依本法第六章及第一百零二條規\r\n定處理廠商之採購申訴 (以下簡稱申訴) 事件，依本辦法之規定收費。"
		},
		{
			"number": 300,
			"content": "廠商提出申訴時，應繳納審議費。其未繳納者，由申訴會通知限期補繳；\r\n逾期未補繳者，不受理其申請。"
		},
		{
			"number": 400,
			"content": "前條審議費，每一申訴事件為新臺幣三萬元，由申訴廠商以現金、公庫支\r\n票、郵政匯票、金融機構簽發之即期本票、支票或保付支票繳納。"
		},
		{
			"number": 500,
			"content": "採購履約爭議事件誤提起申訴，經廠商申請改行調解程序者，廠商已繳納\r\n之審議費轉為調解費用，並依採購履約爭議調解收費辦法規定計算，與原\r\n繳納金額相抵後，多退少補。"
		},
		{
			"number": 600,
			"content": "申訴事件經申訴會為不受理之決議者，免予收費。已繳費者，申訴會無息\r\n退還所繳審議費之全額。但已通知預審會議期日者，收取審議費新臺幣五\r\n千元。"
		},
		{
			"number": 700,
			"content": "鑑定費及其他必要之費用，由申訴會通知當事人繳納。"
		},
		{
			"number": 800,
			"content": "廠商撤回申訴者，已繳審議費用不予退還。但於第一次預審會議期日前撤\r\n回者，無息退還二分之一。\r\n前條廠商已繳納而尚未發生之鑑定費及其他必要費用，應予退還。"
		},
		{
			"number": 900,
			"content": "本辦法自發布日施行。"
		}
	]
}