{
	"pcode": "A0030072",
	"type": "命令",
	"title": "外國廠商參與非條約協定採購處理辦法",
	"url": "https://law.moj.gov.tw/LawClass/LawAll.aspx?pcode=A0030072",
	"category": [
		"行政",
		"行政院公共工程委員會",
		"通用目"
	],
	"lastUpdate": "20120814",
	"isTranslated": true,
	"english": "Regulations Governing the Participation of Foreign Suppliers in the Procurement Not Subject To Any Treaties Or Agreements",
	"history": [
		"中華民國八十八年五月六日行政院公共工程委員會（88）工程企字第 8806100 號令訂定發布全文 8 條；並自八十八年五月廿七日起施行",
		"中華民國九十九年八月四日行政院公共工程委員會工程企字第 09900309900 號令修正發布第 3、4、8 條條文；並自發布日施行",
		"中華民國一百零一年八月十四日行政院公共工程委員會工程企字第 10100300160 號令增訂發布第 7-1 條條文"
	],
	"divisions": [],
	"articles": [
		{
			"number": 100,
			"content": "本辦法依政府採購法 (以下簡稱本法) 第十七條第二項規定訂定之。"
		},
		{
			"number": 200,
			"content": "本辦法所稱非條約協定採購，指得不適用我國所締結之條約或協定之採購\r\n。\r\n適用我國所締結之條約或協定之採購，機關於招標文件中允許非條約協定\r\n國廠商參與者，應明定非條約協定國廠商參與之部分，視同非條約協定採\r\n購。"
		},
		{
			"number": 300,
			"content": "本辦法所稱外國廠商，指未取得我國國籍之自然人或非依我國法律設立登\r\n記之法人、機構或團體。"
		},
		{
			"number": 400,
			"content": "廠商所供應之財物或勞務，其原產地之認定，依下列原則：\r\n一、財物之原產地，依進口貨物原產地認定標準。\r\n二、勞務之原產地，除法令另有規定者外，依實際提供勞務者之國籍或登\r\n    記地認定之。屬自然人者，依國籍認定之；非屬自然人者，依登記地\r\n    認定之。\r\n三、兼有我國及外國財物或勞務，無法依前二款認定其歸屬者，以所占金\r\n    額比率最高者歸屬之。\r\n我國廠商所供應財物或勞務之原產地非屬我國者，視同外國廠商。\r\n條約協定國廠商所供應財物或勞務之原產地為非條約協定國者，視同非條\r\n約協定國廠商。\r\n工程採購中涉及財物或勞務之提供者，其原產地之認定，準用前三項之規\r\n定。"
		},
		{
			"number": 500,
			"content": "機關辦理非條約協定採購，得視實際需要於招標文件中規定允許外國廠商\r\n參與。"
		},
		{
			"number": 600,
			"content": "機關允許外國廠商參與非條約協定採購者，得於招標文件中規定外國廠商\r\n不適用本法下列規定：\r\n一、第二十一條第四項平等受邀之機會。\r\n二、第三十七條第一項投標廠商資格。\r\n三、第五十七條第二款平等對待之規定。"
		},
		{
			"number": 700,
			"content": "主管機關依本法第十七條第三項規定公告限制或禁止特定國家或地區之廠\r\n商或產品、服務參與採購者，該等廠商或產品、服務不得參加投標或作為\r\n決標對象。"
		},
		{
			"number": 701,
			"content": "大陸地區廠商參與各機關採購，準用外國廠商之規定。"
		},
		{
			"number": 800,
			"content": "本辦法自中華民國八十八年五月二十七施行。\r\n本辦法修正條文自發布日施行。"
		}
	]
}