{
	"pcode": "A0030067",
	"type": "命令",
	"title": "中央機關未達公告金額採購招標辦法",
	"url": "https://law.moj.gov.tw/LawClass/LawAll.aspx?pcode=A0030067",
	"category": [
		"行政",
		"行政院公共工程委員會",
		"通用目"
	],
	"lastUpdate": "20180308",
	"isTranslated": true,
	"english": "Tendering Regulations of Central Government Entities for Procurement of a Value Not Reaching the Threshold for Publication",
	"history": [
		"中華民國八十八年四月二十六日行政院公共工程委員會（88）工程企字第 8805500 號令訂定發布全文 5 條；並自八十八年五月二十七日起施行",
		"中華民國八十八年八月二十四日行政院公共工程委員會（88）工程企字第 8812601 號令修正發布全文 7 條；本次修正條文自發布日起施行",
		"中華民國九十年七月十三日行政院公共工程委員會（90）工程企字第 90026204 號令修正發布第 2、4 條條文",
		"中華民國九十一年五月三日行政院公共工委員會（91）工程企字第 91017393 號令修正發布第 2 條條文",
		"中華民國九十一年九月二十五日行政院公共工程委員會工程企字第 09100401950 號令修正發布第 2、3 條條文",
		"中華民國九十二年四月九日行政院公共工程委員會工程企字第 09200142342 號令修正發布第 2、3 條條文；並增訂第 5-1 條條文",
		"中華民國一百零七年三月八日行政院公共工程委員會工程企字第 10700063160 號令修正發布第 2 條條文"
	],
	"divisions": [],
	"articles": [
		{
			"number": 100,
			"content": "本辦法依政府採購法 (以下簡稱本法) 第二十三條規定訂定之。"
		},
		{
			"number": 200,
			"content": "未達公告金額採購之招標，其金額逾公告金額十分之一者，得以下列方式\r\n之一辦理：\r\n一、符合本法第二十二條第一項第一款至第十五款所定情形之一者，得採\r\n    限制性招標。\r\n二、符合本法第二十二條第一項第十六款所定情形，經需求、使用或承辦\r\n    採購單位就個案敘明邀請指定廠商比價或議價之適當理由，簽報機關\r\n    首長或其授權人員核准者，得採限制性招標，免報經主管機關認定。\r\n三、依本法第四十九條之規定，將公開徵求廠商提供書面報價或企劃書之\r\n    公告，公開於主管機關之資訊網路或刊登於政府採購公報，以取得三\r\n    家以上廠商之書面報價或企劃書，擇符合需要者辦理比價或議價。\r\n上級機關對於機關依前項第二款規定辦理者，得視需要訂定較嚴格之適用\r\n規定或授權條件。\r\n第一項第三款規定情形，機關得於公告或招標文件中訂明開標時間地點，\r\n並於開標後當場審查，逕行辦理決標。"
		},
		{
			"number": 300,
			"content": "機關依前條第一項第三款規定辦理第一次公告結果，未能取得三家以上廠\r\n商之書面報價或企劃書者，得經機關首長或其授權人員核准，改採限制性\r\n招標。其辦理第二次公告者，得不受三家廠商之限制。"
		},
		{
			"number": 400,
			"content": "機關邀請廠商提出書面報價或企劃書，其於主管機關資訊網路之公告已包\r\n括廠商提出書面報價或企劃書所需之一切資料者，得免另備招標文件；其\r\n於擇定符合需要者進行比價或議價前之程序，除公告或招標文件已訂明開\r\n標時間地點者外，不適用本法開標及監辦程序。\r\n機關邀請廠商提出書面報價或企劃書，得允許廠商以傳真或電子資料傳輸\r\n方式遞送，並視需要於審查後通知擇定之廠商遞送正式文件。\r\n前項通知結果，遞送正式文件之廠商未達三家者，得經機關首長或其授權\r\n人員核准，改採限制性招標。"
		},
		{
			"number": 500,
			"content": "公告金額十分之一以下採購之招標，得不經公告程序，逕洽廠商採購，免\r\n提供報價或企劃書。"
		},
		{
			"number": 501,
			"content": "機關辦理位於原住民地區未達公告金額之採購，應符合原住民族工作權保\r\n障法第十一條之規定。"
		},
		{
			"number": 600,
			"content": "機關不得意圖規避本辦法之適用，分批辦理未達公告金額但逾公告金額十\r\n分之一之採購。"
		},
		{
			"number": 700,
			"content": "本辦法自中華民國八十八年五月二十七日施行。\r\n本辦法修正條文自發布日施行。"
		}
	]
}