{
	"pcode": "A0030030",
	"type": "命令",
	"title": "行政院暨所屬各級行政機關微縮作業準則",
	"url": "https://law.moj.gov.tw/LawClass/LawAll.aspx?pcode=A0030030",
	"category": [
		"廢止法規",
		"行政院"
	],
	"lastUpdate": "20020109",
	"isDiscarded": true,
	"isTranslated": false,
	"history": [
		"中華民國八十一年五月八日行政院（81）台秘字第 15751 號令訂定發布全文 21 條",
		"中華民國九十一年一月九日行政院（91）院台秘字第 0910079514 號令發布廢止"
	],
	"divisions": [],
	"articles": [
		{
			"number": 100,
			"content": "行政院為統一各機關檔案微縮作業，增強微縮片之公信力，以提高行政效\r\n率，特訂定本準則。"
		},
		{
			"number": 200,
			"content": "各機關檔案微縮作業，依本準則之規定。本準則未規定者，適用其他法令\r\n之規定。\r\n本準則之規定，於公營事業及公立學校亦適用之。"
		},
		{
			"number": 300,
			"content": "本準則所用名詞，定義如左：\r\n一、各機關：行政院與所屬各部、會、行、處、局、署、院及省 (直轄市\r\n    ) 、縣 (市) 政府。\r\n二、檔案：各機關依照管理程序歸檔管理之文書及其附件。\r\n三、微縮：使用攝影方法，將檔案縮攝於鹵化銀底片或其他適於長久保存\r\n    之底片上之過程。\r\n四、原始文件：供微縮作業所拍攝之文件。\r\n五、微縮母片：由原始文件直接拍攝之微縮片。\r\n六、微縮副片：由微縮母片所複製或由其再複製而成之微縮片。\r\n七、影幅：微縮片在攝影機內經一次曝光所得之影像。"
		},
		{
			"number": 400,
			"content": "檔案之微縮作業，應由檔案管理單位辦理，必要時得委託其他機關或民間\r\n微縮機構辦理之。\r\n微縮作業人員對於所拍攝之原始文件及製作之微縮片，應保守秘密。"
		},
		{
			"number": 500,
			"content": "微縮片以捲狀微縮片及片狀微縮片為限，其材質並應符合國家標準。"
		},
		{
			"number": 600,
			"content": "機密文件與普通文件應分別拍攝。\r\n拍攝機密文件時，應於所拍攝文件之說明書開始拍攝前及所拍攝文件拍攝\r\n完成後，攝入機密標記及適切之警語。"
		},
		{
			"number": 700,
			"content": "檔案微縮作業應由檔案管理單位及微縮作業單位分別提出說明書 (格式如\r\n附表一及附表二) ，於微縮片之開端及尾端攝入之。\r\n前項說明書應分別由檔案管理單位之負責人員及微縮作業之拍攝人員簽名\r\n。\r\n\r\n (備      註：附表一、二請參閱中華民國現行法規彙編 (一) (83年5月\r\n  版) 第 426～427 頁)"
		},
		{
			"number": 800,
			"content": "微縮片之每一影幅，得註明其序號或座標值。"
		},
		{
			"number": 900,
			"content": "拍攝完成之微縮片應與原始文件之內容一致，次序相同。"
		},
		{
			"number": 1000,
			"content": "沖驗完成之微縮片應影像清晰，其背影密度、解像率及定影液留置量等應\r\n符合國家標準。"
		},
		{
			"number": 1100,
			"content": "微縮片於製作過程中，發現檔案已拍攝部分有誤或有漏拍情事者，應即補\r\n正。"
		},
		{
			"number": 1200,
			"content": "微縮片製作完成後，應就第五條至第十一條規定事項，檢查鑑定之。\r\n經前項檢查、鑑定合格之微縮片，應由檢查、鑑定人員親自於微縮片前後\r\n端未曝光部位書寫或刻劃姓名，以示簽證。\r\n微縮片經檢查、鑑定與第五條至第十條規定事項不符或無法補正者，應整\r\n片作廢，並另取新片重新拍攝。"
		},
		{
			"number": 1300,
			"content": "微縮片得複製微縮副片備用。"
		},
		{
			"number": 1400,
			"content": "微縮片之包裝容器上應註明機密等級、微縮編號、原始文件名稱、微縮作\r\n業單位名稱、微縮作業日期、保存期限等資料。"
		},
		{
			"number": 1500,
			"content": "微縮片應設置微縮作業紀錄及索引等簿冊。\r\n微縮作業紀錄簿應記載第七條至第十四條規定之事項。\r\n第一項之簿冊應併同微縮片指定專人負責保管，其保存期限與製作完成之\r\n微縮片同。必要時，並得製成微縮片保存。"
		},
		{
			"number": 1600,
			"content": "依本準則規定製作檔案微縮片及由該微縮片放大複印，並蓋用檔案保管機\r\n關之印信者，推定與原始文件有同一之效力。"
		},
		{
			"number": 1700,
			"content": "檔案微縮片製作完成後，應保存於能避免物理上、化學上及生物上侵害之\r\n場所，並應有適當環境控制及安全管制措施。"
		},
		{
			"number": 1800,
			"content": "微縮母片有損壞或不堪使用情事，須重行製作時，應依第三條至第十五條\r\n規定辦理。"
		},
		{
			"number": 1900,
			"content": "本準則施行前，各機關已頒行之檔案微縮作業要點、注意事項、程序或手\r\n冊等，與本準則規定不符者，依本準則改正之。"
		},
		{
			"number": 2000,
			"content": "各機關未依管理程序歸檔管理之文書及其附件，其微縮作業準用本準則之\r\n規定。"
		},
		{
			"number": 2100,
			"content": "本準則自發布日施行。"
		}
	]
}