{
	"pcode": "A0030167",
	"type": "命令",
	"title": "司法院大法官服制規則",
	"url": "https://law.moj.gov.tw/LawClass/LawAll.aspx?pcode=A0030167",
	"category": [
		"司法",
		"院本部",
		"釋憲目"
	],
	"lastUpdate": "19990325",
	"isTranslated": false,
	"attachments": [
		"https://law.moj.gov.tw/LawClass/LawGetFile.ashx?FileId=0000210833",
		"https://law.moj.gov.tw/LawClass/LawGetFile.ashx?FileId=0000210834",
		"https://law.moj.gov.tw/LawClass/LawGetFile.ashx?FileId=0000210835",
		"https://law.moj.gov.tw/LawClass/LawGetFile.ashx?FileId=0000210836"
	],
	"history": [
		"中華民國八十二年十月十六日司法院（82）院台大一字第 19386 號令訂定發布全文 7 條",
		"中華民國八十八年三月二十五日司法院（88）院台大一字第 07057 號令修正發布第 2 條條文"
	],
	"divisions": [],
	"articles": [
		{
			"number": 100,
			"content": "本規則依司法院大法官審理案件法第三十三條第二項規定訂定之。"
		},
		{
			"number": 200,
			"content": "大法官於法庭執行職務或於監誓時，應依本規則規定穿著制服。大法官會\r\n議主席於監誓時，亦同。"
		},
		{
			"number": 300,
			"content": "大法官制服為心形領、寬袖長袍，正面及背面形式分別如附圖 (一)  (二\r\n) 。外罩紫紅色絨質披肩，形式如附圖 (三) 。"
		},
		{
			"number": 400,
			"content": "前條制服，應採用黑色毛料製作，並得附同色質之方帽，形式如附圖 (四\r\n) 。"
		},
		{
			"number": 500,
			"content": "大法官穿著制服時，男性應於制服內穿著白色有領襯衫，並結領帶或領結\r\n；女性應穿素色有頸扣有領上衣。"
		},
		{
			"number": 600,
			"content": "律師及書記官在法庭執行職務時，其服式依法官、檢察官、公設辯護人、\r\n律師及書記官服制規則之規定，並依前條規定穿著。"
		},
		{
			"number": 700,
			"content": "本規則自發布日施行。"
		}
	]
}