{
	"pcode": "A0030042",
	"type": "命令",
	"title": "行政院所屬各機關行政資訊計畫編審辦法",
	"url": "https://law.moj.gov.tw/LawClass/LawAll.aspx?pcode=A0030042",
	"category": [
		"廢止法規",
		"行政院研究發展考核委員會"
	],
	"lastUpdate": "20010716",
	"isDiscarded": true,
	"isTranslated": false,
	"history": [
		"中華民國八十一年三月二十三日行政院（81）台研訊字第 01345 號令訂定發布全文 15 條",
		"中華民國九十年七月十六日行政院（90）台研訊字第 0016803-1 號令發布廢止"
	],
	"divisions": [
		{
			"type": "章",
			"number": 100,
			"title": "總則",
			"start": 100,
			"end": 300
		},
		{
			"type": "章",
			"number": 200,
			"title": "行政資訊計畫之擬訂",
			"start": 400,
			"end": 700
		},
		{
			"type": "章",
			"number": 300,
			"title": "行政資訊計畫之審議",
			"start": 800,
			"end": 1200
		},
		{
			"type": "章",
			"number": 400,
			"title": "附則",
			"start": 1300,
			"end": 1500
		}
	],
	"articles": [
		{
			"number": 100,
			"content": "行政院為加強各部、會、行、處、局、署、國立故宮博物院及省 (市) 政\r\n府暨所屬機關 (以下簡稱各機關) 之行政資訊計畫作業，落實建立行政資\r\n訊系統，提升資訊作業效益，特訂定本辦法。"
		},
		{
			"number": 200,
			"content": "本辦法所稱行政資訊計畫係指各機關為實施業務電腦化或辦公室自動化等\r\n事項，擬訂之各期程資訊作業發展計畫。但不包括含科技或經建性質之學\r\n術、研究發展及投資計畫。"
		},
		{
			"number": 300,
			"content": "各機關行政資訊計畫之擬訂、審議，依本辦法之規定；本辦法未規定者，\r\n依其他有關法令之規定。"
		},
		{
			"number": 400,
			"content": "各機關應擬訂計畫推動之資訊作業事項如左：\r\n一、依據基本國策及國家中長程施政目標應規劃推動者。\r\n二、依據行政院核定或行政院會議之決議事項應規劃推動者。\r\n三、依有關法令應規劃推動者。\r\n四、涉及中央與地方政府權責或跨機關者。\r\n五、配合上級機關擬訂之資訊系統整體規劃應規劃推動者。\r\n六、其他依本機關任務應規劃推動之重要事項。"
		},
		{
			"number": 500,
			"content": "行政資訊計畫書內容應載明左列事項：\r\n一、計畫緣起。\r\n二、計畫目標。\r\n三、現行業務狀況及實施資訊作業之原因。\r\n四、實施策略、方法及時程。\r\n五、資源需求。\r\n六、預期效果及影響。\r\n七、附則。\r\n前項計畫書細項及作業注意事項，由行政院研究發展考核委員會 (以下簡\r\n稱行政院研考會) 訂定。"
		},
		{
			"number": 600,
			"content": "行政資訊系統之業務性質具有全國一致性者，由各該業務中央主管機關規\r\n劃並建置；或規劃訂定標準作業規範，由各機關配合建置。"
		},
		{
			"number": 700,
			"content": "前條主管機關規劃之行政資訊系統需地方機關配合推動或建置時，應先協\r\n調中央及地方有關機關，協商共用資源之可行性，並衡酌地方政府之資訊\r\n整合需求，必要時應邀請地方機關參與規劃作業。"
		},
		{
			"number": 800,
			"content": "各機關之重要行政資訊計畫應依有關法令辦理先期作業。"
		},
		{
			"number": 900,
			"content": "各機關行政資訊計畫之審定，應於年度施政計畫先期作業審查前完成。其\r\n中重要之中長程行政資訊計畫應於年度施政計畫作業審查前陳報上級機關\r\n核定並納入先期作業。"
		},
		{
			"number": 1000,
			"content": "中央各機關擬訂之行政資訊計畫，若屬政策性、全面性或跨機關性質者，\r\n應陳報行政院核定並副知行政院研考會。"
		},
		{
			"number": 1100,
			"content": "行政資訊計畫之評審項目應包括左列各項：\r\n一、計畫需求。\r\n二、計畫可行性。\r\n三、計畫協調。\r\n四、計畫效果。\r\n五、計畫影響。\r\n前項評審項目之細項及作業注意事項，由行政院研考會訂定。"
		},
		{
			"number": 1200,
			"content": "中央各機關擬訂之行政資訊計畫，如須地方政府配合執行者，於審議計畫\r\n時應特別考量左列事項：\r\n一、地方執行機關之配合條件。\r\n二、地方執行機關之資訊發展環境。\r\n三、地方執行機關之資源籌措情形。\r\n四、解決地方執行機關資訊作業問題相關措施之可行性。"
		},
		{
			"number": 1300,
			"content": "各業務主管機關得依本辦法另訂有關作業規定。"
		},
		{
			"number": 1400,
			"content": "省 (市) 政府及所屬機關之行政資訊計畫編審作業規定，由省 (市) 政府\r\n參照本辦法訂定。"
		},
		{
			"number": 1500,
			"content": "本辦法自發布日施行。"
		}
	]
}