{
	"pcode": "A0030141",
	"type": "命令",
	"title": "立法院卸任院長副院長禮遇辦法",
	"url": "https://law.moj.gov.tw/LawClass/LawAll.aspx?pcode=A0030141",
	"category": [
		"立法"
	],
	"lastUpdate": "20020927",
	"isTranslated": false,
	"history": [
		"中華民國八十八年二月二十六日立法院第四屆第一會期第一會議報告訂定發布全文 4 條",
		"中華民國九十一年九月二十七日立法院第五屆第二會期第二次會議修正通過名稱及全文 4 條（原名稱：立法院卸任院長禮遇辦法；新名稱：立法院卸任院長副院長禮遇辦法）"
	],
	"divisions": [],
	"articles": [
		{
			"number": 100,
			"content": "立法院為禮遇卸任院長、副院長，特訂定本辦法。\r\n本辦法所稱之卸任院長、副院長，指曾任院長、副院長之現任立法委員。"
		},
		{
			"number": 200,
			"content": "卸任院長由立法院提供下列禮遇︰\r\n一、立法院辦公室及其設備，但辦公室必要時得以大型委員研究室或承租\r\n    方式代之。\r\n二、交通工具及司機。\r\n三、隨扈一名。\r\n前項所需司機，由立法院現職人員調充之，隨扈函請內政部警政署調派。\r\n卸任副院長之禮遇，得依第一項第一款、第二款之規定辦理。"
		},
		{
			"number": 300,
			"content": "卸任院長、副院長於再任其他公職，且享有前條同等或類似待遇時，或因\r\n案判刑確定者，不得享有前條禮遇。"
		},
		{
			"number": 400,
			"content": "本辦法經院長核定，提報院會後實施。"
		}
	]
}