{
	"pcode": "A0030119",
	"type": "命令",
	"title": "訴願扣除在途期間辦法",
	"url": "https://law.moj.gov.tw/LawClass/LawAll.aspx?pcode=A0030119",
	"category": [
		"行政",
		"院本部",
		"通用目"
	],
	"lastUpdate": "20150209",
	"isTranslated": false,
	"history": [
		"中華民國八十九年六月二十一日行政院（89）台訴字第 17951 號令訂定發布全文 6 條；並自訴願法施行之日起施行",
		"中華民國九十九年十二月六日行政院院臺規字第 0990107041 號令修正發布第 2、6 條條文；並自九十九年十二月二十五日施行",
		"中華民國一百零四年二月九日行政院院臺規字第 1040123515 號令修正發布第 2、6 條條文；並自一百零三年十二月二十五日施行"
	],
	"divisions": [],
	"articles": [
		{
			"number": 100,
			"content": "本辦法依訴願法 (以下簡稱本法) 第十六條第二項規定訂定之。"
		},
		{
			"number": 200,
			"content": "訴願人住居於臺灣地區者，其在途期間如下表：\r\n┌──────┬─┬─┬─┬─┬─┬─┬─┬─┬─┬─┬─┬─┐    \r\n│        訴住│臺│新│基│桃│新│新│苗│臺│臺│彰│南│雲│\r\n│        願居│北│北│隆│園│竹│竹│栗│中│中│化│投│林│\r\n│        人地│市│市│市│市│縣│市│縣│市│市│縣│縣│縣│\r\n│    在期    │  │  │  │  │  │  │  │︵│︵│  │  │  │\r\n│    途間    │  │  │  │  │  │  │  │一│二│  │  │  │\r\n│訴所        │  │  │  │  │  │  │  │︶│︶│  │  │  │\r\n│願在        │  │  │  │  │  │  │  │  │  │  │  │  │\r\n│機地        │  │  │  │  │  │  │  │  │  │  │  │  │\r\n│關          │  │  │  │  │  │  │  │  │  │  │  │  │\r\n├──────┼─┼─┼─┼─┼─┼─┼─┼─┼─┼─┼─┼─┤    \r\n│臺北市      │○│二│二│三│四│四│四│四│四│五│四│五│\r\n│            │日│日│日│日│日│日│日│日│日│日│日│日│\r\n│            │  │  │  │  │  │  │  │  │  │  │  │  │\r\n├──────┼─┼─┼─┼─┼─┼─┼─┼─┼─┼─┼─┼─┤\r\n│新北市      │二│○│二│三│四│四│四│五│五│四│五│四│\r\n│            │日│日│日│日│日│日│日│日│日│日│日│日│\r\n│            │  │  │  │  │  │  │  │  │  │  │  │  │\r\n├──────┼─┼─┼─┼─┼─┼─┼─┼─┼─┼─┼─┼─┤\r\n│基隆市      │二│二│○│三│四│四│四│五│五│四│五│四│\r\n│            │日│日│日│日│日│日│日│日│日│日│日│日│\r\n│            │  │  │  │  │  │  │  │  │  │  │  │  │\r\n├──────┼─┼─┼─┼─┼─┼─┼─┼─┼─┼─┼─┼─┤\r\n│桃園市      │三│三│三│○│三│三│三│四│四│三│四│三│\r\n│            │日│日│日│日│日│日│日│日│日│日│日│日│\r\n│            │  │  │  │  │  │  │  │  │  │  │  │  │\r\n├──────┼─┼─┼─┼─┼─┼─┼─┼─┼─┼─┼─┼─┤\r\n│新竹縣      │四│四│四│三│○│二│四│五│五│四│五│四│\r\n│            │日│日│日│日│日│日│日│日│日│日│日│日│\r\n│            │  │  │  │  │  │  │  │  │  │  │  │  │\r\n├──────┼─┼─┼─┼─┼─┼─┼─┼─┼─┼─┼─┼─┤\r\n│新竹市      │四│四│四│三│二│○│四│五│五│四│五│四│\r\n│            │日│日│日│日│日│日│日│日│日│日│日│日│\r\n│            │  │  │  │  │  │  │  │  │  │  │  │  │\r\n├──────┼─┼─┼─┼─┼─┼─┼─┼─┼─┼─┼─┼─┤\r\n│苗栗縣      │四│四│四│三│四│四│○│五│五│四│五│四│\r\n│            │日│日│日│日│日│日│日│日│日│日│日│日│\r\n│            │  │  │  │  │  │  │  │  │  │  │  │  │\r\n├──────┼─┼─┼─┼─┼─┼─┼─┼─┼─┼─┼─┼─┤\r\n│臺中市（一）│四│五│五│四│五│五│五│○│三│五│六│五│\r\n│            │日│日│日│日│日│日│日│日│日│日│日│日│\r\n│            │  │  │  │  │  │  │  │  │  │  │  │  │\r\n├──────┼─┼─┼─┼─┼─┼─┼─┼─┼─┼─┼─┼─┤\r\n│臺中市（二）│四│五│五│四│五│五│五│三│○│五│六│五│\r\n│            │日│日│日│日│日│日│日│日│日│日│日│日│\r\n│            │  │  │  │  │  │  │  │  │  │  │  │  │\r\n├──────┼─┼─┼─┼─┼─┼─┼─┼─┼─┼─┼─┼─┤\r\n│彰化縣      │五│四│四│三│四│四│四│五│五│○│五│四│\r\n│            │日│日│日│日│日│日│日│日│日│日│日│日│\r\n│            │  │  │  │  │  │  │  │  │  │  │  │  │\r\n├──────┼─┼─┼─┼─┼─┼─┼─┼─┼─┼─┼─┼─┤\r\n│南投縣      │四│五│五│四│五│五│五│六│六│五│○│五│\r\n│            │日│日│日│日│日│日│日│日│日│日│日│日│\r\n│            │  │  │  │  │  │  │  │  │  │  │  │  │\r\n├──────┼─┼─┼─┼─┼─┼─┼─┼─┼─┼─┼─┼─┤\r\n│雲林縣      │五│四│四│三│四│四│四│五│五│四│五│○│\r\n│            │日│日│日│日│日│日│日│日│日│日│日│日│\r\n│            │  │  │  │  │  │  │  │  │  │  │  │  │\r\n├──────┼─┼─┼─┼─┼─┼─┼─┼─┼─┼─┼─┼─┤\r\n│嘉義縣      │五│四│四│三│四│四│四│五│五│四│五│四│\r\n│            │日│日│日│日│日│日│日│日│日│日│日│日│\r\n│            │  │  │  │  │  │  │  │  │  │  │  │  │\r\n├──────┼─┼─┼─┼─┼─┼─┼─┼─┼─┼─┼─┼─┤\r\n│嘉義市      │五│四│四│三│四│四│四│五│五│四│五│四│\r\n│            │日│日│日│日│日│日│日│日│日│日│日│日│\r\n│            │  │  │  │  │  │  │  │  │  │  │  │  │\r\n├──────┼─┼─┼─┼─┼─┼─┼─┼─┼─┼─┼─┼─┤\r\n│臺南市（一）│五│四│四│三│四│四│四│五│五│四│五│四│\r\n│            │日│日│日│日│日│日│日│日│日│日│日│日│\r\n│            │  │  │  │  │  │  │  │  │  │  │  │  │\r\n├──────┼─┼─┼─┼─┼─┼─┼─┼─┼─┼─┼─┼─┤\r\n│臺南市（二）│五│四│四│三│四│四│四│五│五│四│五│四│\r\n│            │日│日│日│日│日│日│日│日│日│日│日│日│\r\n│            │  │  │  │  │  │  │  │  │  │  │  │  │\r\n├──────┼─┼─┼─┼─┼─┼─┼─┼─┼─┼─┼─┼─┤\r\n│高雄市（一）│五│六│六│六│五│五│五│五│四│四│四│四│\r\n│            │日│日│日│日│日│日│日│日│日│日│日│日│\r\n│            │  │  │  │  │  │  │  │  │  │  │  │  │\r\n├──────┼─┼─┼─┼─┼─┼─┼─┼─┼─┼─┼─┼─┤\r\n│高雄市（二）│六│六│六│五│六│六│六│七│七│六│七│六│\r\n│            │日│日│日│日│日│日│日│日│日│日│日│日│\r\n│            │  │  │  │  │  │  │  │  │  │  │  │  │\r\n├──────┼─┼─┼─┼─┼─┼─┼─┼─┼─┼─┼─┼─┤\r\n│屏東縣      │六│六│六│五│六│六│六│七│七│六│七│六│\r\n│            │日│日│日│日│日│日│日│日│日│日│日│日│\r\n│            │  │  │  │  │  │  │  │  │  │  │  │  │\r\n├──────┼─┼─┼─┼─┼─┼─┼─┼─┼─┼─┼─┼─┤\r\n│宜蘭縣      │四│四│四│三│四│四│四│五│五│四│五│四│\r\n│            │日│日│日│日│日│日│日│日│日│日│日│日│\r\n│            │  │  │  │  │  │  │  │  │  │  │  │  │\r\n├──────┼─┼─┼─┼─┼─┼─┼─┼─┼─┼─┼─┼─┤\r\n│花蓮縣      │六│五│五│四│五│五│五│六│六│五│六│五│\r\n│            │日│日│日│日│日│日│日│日│日│日│日│日│\r\n│            │  │  │  │  │  │  │  │  │  │  │  │  │\r\n├──────┼─┼─┼─┼─┼─┼─┼─┼─┼─┼─┼─┼─┤\r\n│臺東縣      │七│六│六│五│六│六│六│七│七│六│七│六│\r\n│            │日│日│日│日│日│日│日│日│日│日│日│日│\r\n│            │  │  │  │  │  │  │  │  │  │  │  │  │\r\n├──────┼─┼─┼─┼─┼─┼─┼─┼─┼─┼─┼─┼─┤\r\n│澎湖縣      │二│二│二│二│二│二│二│二│二│二│二│二│\r\n│            │十│十│十│十│十│十│十│十│十│十│十│十│\r\n│            │日│日│日│日│日│日│日│日│日│日│日│日│\r\n├──────┼─┼─┼─┼─┼─┼─┼─┼─┼─┼─┼─┼─┤\r\n│金門縣      │三│三│三│三│三│三│三│三│三│三│三│三│\r\n│            │十│十│十│十│十│十│十│十│十│十│十│十│\r\n│            │日│日│日│日│日│日│日│日│日│日│日│日│\r\n├──────┼─┼─┼─┼─┼─┼─┼─┼─┼─┼─┼─┼─┤\r\n│連江縣      │三│三│三│三│三│三│三│三│三│三│三│三│\r\n│            │十│十│十│十│十│十│十│十│十│十│十│十│\r\n│            │日│日│日│日│日│日│日│日│日│日│日│日│\r\n└──────┴─┴─┴─┴─┴─┴─┴─┴─┴─┴─┴─┴─┘\r\n┌──────┬─┬─┬─┬─┬─┬─┬─┬─┬─┬─┬─┬─┐\r\n│        訴住│嘉│嘉│臺│臺│高│高│屏│宜│花│臺│澎│金│\r\n│        願居│義│義│南│南│雄│雄│東│蘭│蓮│東│湖│門│\r\n│        人地│縣│市│市│市│市│市│縣│縣│縣│縣│縣│縣│\r\n│    在期    │  │  │︵│︵│︵│︵│  │  │  │  │  │  │\r\n│    途間    │  │  │一│二│一│二│  │  │  │  │  │  │\r\n│訴所        │  │  │︶│︶│︶│︶│  │  │  │  │  │  │\r\n│願在        │  │  │  │  │  │  │  │  │  │  │  │  │\r\n│機地        │  │  │  │  │  │  │  │  │  │  │  │  │\r\n│關          │  │  │  │  │  │  │  │  │  │  │  │  │\r\n├──────┼─┼─┼─┼─┼─┼─┼─┼─┼─┼─┼─┼─┤\r\n│臺北市      │五│五│五│五│五│六│六│四│六│七│二│三│\r\n│            │日│日│日│日│日│日│日│日│日│日│十│十│\r\n│            │  │  │  │  │  │  │  │  │  │  │日│日│\r\n├──────┼─┼─┼─┼─┼─┼─┼─┼─┼─┼─┼─┼─┤\r\n│新北市      │四│四│四│四│六│六│六│四│五│六│二│三│\r\n│            │日│日│日│日│日│日│日│日│日│日│十│十│\r\n│            │  │  │  │  │  │  │  │  │  │  │日│日│\r\n├──────┼─┼─┼─┼─┼─┼─┼─┼─┼─┼─┼─┼─┤\r\n│基隆市      │四│四│四│四│六│六│六│四│五│六│二│三│\r\n│            │日│日│日│日│日│日│日│日│日│日│十│十│\r\n│            │  │  │  │  │  │  │  │  │  │  │日│日│\r\n├──────┼─┼─┼─┼─┼─┼─┼─┼─┼─┼─┼─┼─┤\r\n│桃園市      │三│三│三│三│六│五│五│三│四│五│二│三│\r\n│            │日│日│日│日│日│日│日│日│日│日│十│十│\r\n│            │  │  │  │  │  │  │  │  │  │  │日│日│\r\n├──────┼─┼─┼─┼─┼─┼─┼─┼─┼─┼─┼─┼─┤\r\n│新竹縣      │四│四│四│四│五│六│六│四│五│六│二│三│\r\n│            │日│日│日│日│日│日│日│日│日│日│十│十│\r\n│            │  │  │  │  │  │  │  │  │  │  │日│日│\r\n├──────┼─┼─┼─┼─┼─┼─┼─┼─┼─┼─┼─┼─┤\r\n│新竹市      │四│四│四│四│五│六│六│四│五│六│二│三│\r\n│            │日│日│日│日│日│日│日│日│日│日│十│十│\r\n│            │  │  │  │  │  │  │  │  │  │  │日│日│\r\n├──────┼─┼─┼─┼─┼─┼─┼─┼─┼─┼─┼─┼─┤\r\n│苗栗縣      │四│四│四│四│五│六│六│四│五│六│二│三│\r\n│            │日│日│日│日│日│日│日│日│日│日│十│十│\r\n│            │  │  │  │  │  │  │  │  │  │  │日│日│\r\n├──────┼─┼─┼─┼─┼─┼─┼─┼─┼─┼─┼─┼─┤\r\n│臺中市（一）│五│五│五│五│五│七│七│五│六│七│二│三│\r\n│            │日│日│日│日│日│日│日│日│日│日│十│十│\r\n│            │  │  │  │  │  │  │  │  │  │  │日│日│\r\n├──────┼─┼─┼─┼─┼─┼─┼─┼─┼─┼─┼─┼─┤\r\n│臺中市（二）│五│五│五│五│四│七│七│五│六│七│二│三│\r\n│            │日│日│日│日│日│日│日│日│日│日│十│十│\r\n│            │  │  │  │  │  │  │  │  │  │  │日│日│\r\n├──────┼─┼─┼─┼─┼─┼─┼─┼─┼─┼─┼─┼─┤\r\n│彰化縣      │四│四│四│四│四│六│六│四│五│六│二│三│\r\n│            │日│日│日│日│日│日│日│日│日│日│十│十│\r\n│            │  │  │  │  │  │  │  │  │  │  │日│日│\r\n├──────┼─┼─┼─┼─┼─┼─┼─┼─┼─┼─┼─┼─┤\r\n│南投縣      │五│五│五│五│四│七│七│五│六│七│二│三│\r\n│            │日│日│日│日│日│日│日│日│日│日│十│十│\r\n│            │  │  │  │  │  │  │  │  │  │  │日│日│\r\n├──────┼─┼─┼─┼─┼─┼─┼─┼─┼─┼─┼─┼─┤\r\n│雲林縣      │四│四│四│四│四│六│六│四│五│六│二│三│\r\n│            │日│日│日│日│日│日│日│日│日│日│十│十│\r\n│            │  │  │  │  │  │  │  │  │  │  │日│日│\r\n├──────┼─┼─┼─┼─┼─┼─┼─┼─┼─┼─┼─┼─┤\r\n│嘉義縣      │○│二│四│四│四│六│六│四│五│六│二│三│\r\n│            │日│日│日│日│日│日│日│日│日│日│十│十│\r\n│            │  │  │  │  │  │  │  │  │  │  │日│日│\r\n├──────┼─┼─┼─┼─┼─┼─┼─┼─┼─┼─┼─┼─┤\r\n│嘉義市      │二│○│四│四│四│六│六│四│五│六│二│三│\r\n│            │日│日│日│日│日│日│日│日│日│日│十│十│\r\n│            │  │  │  │  │  │  │  │  │  │  │日│日│\r\n├──────┼─┼─┼─┼─┼─┼─┼─┼─┼─┼─┼─┼─┤\r\n│臺南市（一）│四│四│○│二│三│六│六│四│五│六│二│三│\r\n│            │日│日│日│日│日│日│日│日│日│日│十│十│\r\n│            │  │  │  │  │  │  │  │  │  │  │日│日│\r\n├──────┼─┼─┼─┼─┼─┼─┼─┼─┼─┼─┼─┼─┤\r\n│臺南市（二）│四│四│二│○│二│六│六│四│五│六│二│三│\r\n│            │日│日│日│日│日│日│日│日│日│日│十│十│\r\n│            │  │  │  │  │  │  │  │  │  │  │日│日│\r\n├──────┼─┼─┼─┼─┼─┼─┼─┼─┼─┼─┼─┼─┤\r\n│高雄市（一）│四│四│四│二│○│二│三│七│六│五│二│三│\r\n│            │日│日│日│日│日│日│日│日│日│日│十│十│\r\n│            │  │  │  │  │  │  │  │  │  │  │日│日│\r\n├──────┼─┼─┼─┼─┼─┼─┼─┼─┼─┼─┼─┼─┤\r\n│高雄市（二）│六│六│六│六│二│○│四│七│六│五│二│三│\r\n│            │日│日│日│日│日│日│日│日│日│日│十│十│\r\n│            │  │  │  │  │  │  │  │  │  │  │日│日│\r\n├──────┼─┼─┼─┼─┼─┼─┼─┼─┼─┼─┼─┼─┤\r\n│屏東縣      │六│六│六│六│三│四│○│七│六│五│二│三│\r\n│            │日│日│日│日│日│日│日│日│日│日│十│十│\r\n│            │  │  │  │  │  │  │  │  │  │  │日│日│\r\n├──────┼─┼─┼─┼─┼─┼─┼─┼─┼─┼─┼─┼─┤\r\n│宜蘭縣      │四│四│四│四│七│七│七│○│五│六│二│三│\r\n│            │日│日│日│日│日│日│日│日│日│日│十│十│\r\n│            │  │  │  │  │  │  │  │  │  │  │日│日│\r\n├──────┼─┼─┼─┼─┼─┼─┼─┼─┼─┼─┼─┼─┤\r\n│花蓮縣      │五│五│五│五│六│六│六│五│○│五│二│三│\r\n│            │日│日│日│日│日│日│日│日│日│日│十│十│\r\n│            │  │  │  │  │  │  │  │  │  │  │日│日│\r\n├──────┼─┼─┼─┼─┼─┼─┼─┼─┼─┼─┼─┼─┤\r\n│臺東縣      │六│六│六│六│五│五│五│六│五│○│二│三│\r\n│            │日│日│日│日│日│日│日│日│日│日│十│十│\r\n│            │  │  │  │  │  │  │  │  │  │  │日│日│\r\n├──────┼─┼─┼─┼─┼─┼─┼─┼─┼─┼─┼─┼─┤\r\n│澎湖縣      │二│二│二│二│二│二│二│二│二│二│○│三│\r\n│            │十│十│十│十│十│十│十│十│十│十│日│十│\r\n│            │日│日│日│日│日│日│日│日│日│日│  │日│\r\n├──────┼─┼─┼─┼─┼─┼─┼─┼─┼─┼─┼─┼─┤\r\n│金門縣      │三│三│三│三│三│三│三│三│三│三│三│○│\r\n│            │十│十│十│十│十│十│十│十│十│十│十│日│\r\n│            │日│日│日│日│日│日│日│日│日│日│日│  │\r\n├──────┼─┼─┼─┼─┼─┼─┼─┼─┼─┼─┼─┼─┤\r\n│連江縣      │三│三│三│三│三│三│三│三│三│三│三│三│\r\n│            │十│十│十│十│十│十│十│十│十│十│十│十│\r\n│            │日│日│日│日│日│日│日│日│日│日│日│日│\r\n└──────┴─┴─┴─┴─┴─┴─┴─┴─┴─┴─┴─┴─┘\r\n┌──────┬─┬──┬─┐\r\n│        訴住│連│高東│金│\r\n│        願居│江│雄沙│門│\r\n│        人地│縣│市島│縣│\r\n│    在期    │  │政、│管│\r\n│    途間    │  │府太│轄│\r\n│訴所        │  │代平│烏│\r\n│願在        │  │管島│坵│\r\n│機地        │  │    │鄉│\r\n│關          │  │    │  │\r\n├──────┼─┼──┼─┤\r\n│臺北市      │三│三  │三│\r\n│            │十│十  │十│\r\n│            │日│日  │日│\r\n├──────┼─┼──┼─┤\r\n│新北市      │三│三  │三│\r\n│            │十│十  │十│\r\n│            │日│日  │日│\r\n├──────┼─┼──┼─┤\r\n│基隆市      │三│三  │三│\r\n│            │十│十  │十│\r\n│            │日│日  │日│\r\n├──────┼─┼──┼─┤\r\n│桃園市     │三│三  │三│\r\n│            │十│十  │十│\r\n│            │日│日  │日│\r\n├──────┼─┼──┼─┤\r\n│新竹縣      │三│三  │三│\r\n│            │十│十  │十│\r\n│            │日│日  │日│\r\n├──────┼─┼──┼─┤\r\n│新竹市      │三│三  │三│\r\n│            │十│十  │十│\r\n│            │日│日  │日│\r\n├──────┼─┼──┼─┤\r\n│苗栗縣      │三│三  │三│\r\n│            │十│十  │十│\r\n│            │日│日  │日│\r\n├──────┼─┼──┼─┤\r\n│臺中市（一）│三│三  │三│\r\n│            │十│十  │十│\r\n│            │日│日  │日│\r\n├──────┼─┼──┼─┤\r\n│臺中市（二）│三│三  │三│\r\n│            │十│十  │十│\r\n│            │日│日  │日│\r\n├──────┼─┼──┼─┤\r\n│彰化縣      │三│三  │三│\r\n│            │十│十  │十│\r\n│            │日│日  │日│\r\n├──────┼─┼──┼─┤\r\n│南投縣      │三│三  │三│\r\n│            │十│十  │十│\r\n│            │日│日  │日│\r\n├──────┼─┼──┼─┤\r\n│雲林縣      │三│三  │三│\r\n│            │十│十  │十│\r\n│            │日│日  │日│\r\n├──────┼─┼──┼─┤\r\n│嘉義縣      │三│三  │三│\r\n│            │十│十  │十│\r\n│            │日│日  │日│\r\n├──────┼─┼──┼─┤\r\n│嘉義市      │三│三  │三│\r\n│            │十│十  │十│\r\n│            │日│日  │日│\r\n├──────┼─┼──┼─┤\r\n│臺南市（一）│三│三  │三│\r\n│            │十│十  │十│\r\n│            │日│日  │日│\r\n├──────┼─┼──┼─┤\r\n│臺南市（二）│三│三  │三│\r\n│            │十│十  │十│\r\n│            │日│日  │日│\r\n├──────┼─┼──┼─┤\r\n│高雄市（一）│三│三  │三│\r\n│            │十│十  │十│\r\n│            │日│日  │日│\r\n├──────┼─┼──┼─┤\r\n│高雄市（二）│三│三  │三│\r\n│            │十│十  │十│\r\n│            │日│日  │日│\r\n├──────┼─┼──┼─┤\r\n│屏東縣      │三│三  │三│\r\n│            │十│十  │十│\r\n│            │日│日  │日│\r\n├──────┼─┼──┼─┤\r\n│宜蘭縣      │三│三  │三│\r\n│            │十│十  │十│\r\n│            │日│日  │日│\r\n├──────┼─┼──┼─┤\r\n│花蓮縣      │三│三  │三│\r\n│            │十│十  │十│\r\n│            │日│日  │日│\r\n├──────┼─┼──┼─┤\r\n│臺東縣      │三│三  │三│\r\n│            │十│十  │十│\r\n│            │日│日  │日│\r\n├──────┼─┼──┼─┤\r\n│澎湖縣      │三│三  │三│\r\n│            │十│十  │十│\r\n│            │日│日  │日│\r\n├──────┼─┼──┼─┤\r\n│金門縣      │三│三  │三│\r\n│            │十│十  │十│\r\n│            │日│日  │日│\r\n├──────┼─┼──┼─┤\r\n│連江縣      │○│三  │三│\r\n│            │日│十  │十│\r\n│            │  │日  │日│\r\n└──────┴─┴──┴─┘\r\n┌─┬────────────────────────────┐\r\n│備│1.臺中市（一）指行政區域：豐原區、大里區、太平區、東勢區│\r\n│註│  、大甲區、清水區、沙鹿區、梧棲區、后里區、神岡區、潭子│\r\n│  │  區、大雅區、新社區、石岡區、外埔區、大安區、烏日區、大│\r\n│  │  肚區、龍井區、霧峰區、和平區。                        │\r\n│  │2.臺中市（二）指行政區域：中區、東區、西區、南區、北區、│\r\n│  │  西屯區、南屯區，北屯區。                              │\r\n│  │3.臺南市（一）指行政區域：新營區、永康區、鹽水區、白河區│\r\n│  │  、麻豆區、佳里區、新化區、善化區、學甲區、柳營區、後壁│\r\n│  │  區、東山區、下營區、六甲區、官田區、大內區、西港區、七│\r\n│  │  股區、將軍區、北門區、新市區、安定區、山上區、玉井區、│\r\n│  │  楠西區、南化區、左鎮區、仁德區、歸仁區、關廟區、龍崎區│\r\n│  │  。                                                    │\r\n│  │4.臺南市（二）指行政區域：東區、南區、北區、中西區、安南│\r\n│  │  區、安平區。                                          │\r\n│  │5.高雄市（一）指行政區域：鹽埕區、鼓山區、左營區、楠梓區│\r\n│  │  、三民區、新興區、前金區、苓雅區、前鎮區、旗津區、小港│\r\n│  │  區。                                                  │\r\n│  │6.高雄市（二）指行政區域：鳳山區、林園區、大寮區、大樹區│\r\n│  │  、仁武區、大社區、鳥松區、岡山區、橋頭區、燕巢區、田寮│\r\n│  │  區、阿蓮區、路竹區、湖內區、茄萣區、彌陀區、永安區、梓│\r\n│  │  官區、旗山區、美濃區、六龜區、甲仙區、杉林區、內門區、│\r\n│  │  茂林區、桃源區、那瑪夏區。                            │\r\n└─┴────────────────────────────┘"
		},
		{
			"number": 300,
			"content": "訴願人住居於大陸地區者，其在途期間三十七日。"
		},
		{
			"number": 400,
			"content": "訴願人住居於香港或澳門者，其在途期間三十七日。"
		},
		{
			"number": 500,
			"content": "訴願人住居於國外者，其在途期間如下表：\r\n┌───────┬────┐\r\n│訴願人住居地區│在途期間│\r\n├───────┼────┤\r\n│亞洲          │三十七日│\r\n├───────┼────┤\r\n│澳洲          │四十四日│\r\n├───────┼────┤\r\n│美洲          │四十四日│\r\n├───────┼────┤\r\n│歐洲          │四十四日│\r\n├───────┼────┤\r\n│非洲          │七十二日│\r\n└───────┴────┘"
		},
		{
			"number": 600,
			"content": "本辦法自本法施行之日施行。\r\n本辦法中華民國九十九年十二月六日修正發布條文，自九十九年十二月二\r\n十五日施行；一百零四年二月九日修正發布條文，自一百零三年十二月二\r\n十五日施行。"
		}
	]
}