{
	"pcode": "A0030101",
	"type": "命令",
	"title": "採購稽核小組作業規則",
	"url": "https://law.moj.gov.tw/LawClass/LawAll.aspx?pcode=A0030101",
	"category": [
		"行政",
		"行政院公共工程委員會",
		"通用目"
	],
	"lastUpdate": "20001016",
	"isTranslated": false,
	"history": [
		"中華民國八十八年五月十七日行政院公共工程委員會（88）工程企字第 8806853 號令訂定發布全文 12 條；並自八十八年五月二十七日起施行",
		"中華民國八十九年十月十六日行政院公共工程委員會（89）工程稽字第 89027197 號令修正發布第 2、8、12 條條文；並自發布日起施行"
	],
	"divisions": [],
	"articles": [
		{
			"number": 100,
			"content": "本規則依政府採購法 (以下簡稱本法) 第一百零八條第二項規定訂定之。"
		},
		{
			"number": 200,
			"content": "採購稽核小組 (以下簡稱稽核小組) 得就機關辦理採購之書面、資訊網路\r\n或其他有關之資訊、資料，辦理稽核監督。\r\n稽核小組為辦理前項事宜，得向相關機關調閱有關資料；被請求機關不得\r\n拒絕。但法律另有規定者，不在此限。"
		},
		{
			"number": 300,
			"content": "稽核小組發現機關辦理採購有重大異常情形者，得經召集人指定稽核委員\r\n組成專案小組，對機關進行稽核監督。\r\n主管機關或設立機關發現機關辦理採購有重大異常情形者，亦得經召集人\r\n為前項之指定。\r\n稽核小組進行稽核監督時，得不預先通知機關。"
		},
		{
			"number": 400,
			"content": "稽核委員辦理稽核監督，應公正行使職權，不得有下列情形：\r\n一、假稽核監督之名，妨礙機關依法辦理採購。\r\n二、接受不當饋贈或招待。\r\n三、代採購機關訂定底價、審查投標文件、評選廠商或其他類似情形。\r\n四、藉稽核監督之便，蒐集與稽核監督無關之資訊或資料，或為其他不當\r\n    之要求。\r\n五、洩漏應保密之稽核監督所獲資訊或資料。\r\n六、洩漏應保密之稽核監督時間、地點及對象。\r\n七、未經稽核小組指派，自行辦理稽核監督。\r\n八、從事足以影響稽核委員尊嚴或使一般人認其有不能公正執行職務之事\r\n    務或活動。"
		},
		{
			"number": 500,
			"content": "稽核小組辦理稽核監督，採購機關應予協助或配合。\r\n稽核委員至採購機關辦理稽核監督時，應主動出示稽核小組之書面通知及\r\n身分證明。"
		},
		{
			"number": 600,
			"content": "稽核小組稽核監督採購，必要時得以書面通知機關對採購標的進行檢驗、\r\n拆驗、化驗或鑑定。\r\n前項檢驗、拆驗、化驗或鑑定所生費用，於檢驗、拆驗、化驗或鑑定結果\r\n與契約規定相符者，由稽核小組之設立機關負擔；與契約規定不符者，由\r\n採購機關依招標文件或契約規定辦理。"
		},
		{
			"number": 700,
			"content": "專案小組辦理稽核監督，應於完成後十五日內向稽核小組提出稽核監督報\r\n告，經核定後函送採購機關。"
		},
		{
			"number": 800,
			"content": "稽核小組認採購機關有違反本法之情形者，除應依本法規定處理外，應函\r\n知機關採行改正措施，並副知其上級機關及審計機關。\r\n前項違反本法之情形，其情節重大者，得另通知機關追究相關人員責任，\r\n有犯罪嫌疑者，應移送該管司法機關處理。\r\n稽核小組對於前二項執行情形，應予追蹤管制。"
		},
		{
			"number": 900,
			"content": "稽核委員辦理稽核監督，除涉及本人目前或過去三年內任職機關之採購事\r\n項應行迴避外，其迴避準用本法第十五條之規定。\r\n有前項應行迴避之情事而未依規定迴避者，稽核小組召集人應令其迴避，\r\n並另行指定稽核委員。"
		},
		{
			"number": 1000,
			"content": "稽核小組及專案小組得視業務需要，邀請有關機關人員或學者、專家提供\r\n諮詢意見；必要時，並得委託專業人士協助稽核。"
		},
		{
			"number": 1100,
			"content": "稽核小組發文，以設立機關名義行之。"
		},
		{
			"number": 1200,
			"content": "本規則自中華民國八十八年五月二十七日施行。\r\n本規則修正條文自發布日施行。"
		}
	]
}