{
	"pcode": "A0030008",
	"type": "命令",
	"title": "小型勳章頒授暫行辦法",
	"url": "https://law.moj.gov.tw/LawClass/LawAll.aspx?pcode=A0030008",
	"category": [
		"廢止法規",
		"內政部"
	],
	"lastUpdate": "20050413",
	"isDiscarded": true,
	"isTranslated": false,
	"history": [
		"中華民國五十一年九月十日內政部權先發布施行",
		"中華民國九十四年四月十三日內政部台內民字第 0940060849 號令發布廢止"
	],
	"divisions": [],
	"articles": [
		{
			"number": 100,
			"content": "在勳章條例未修正前，為增加勳獎效用，特訂定本辦法。"
		},
		{
			"number": 200,
			"content": "文職小型勳章之頒授，除法律別有規定者外，依本辦法之規定。"
		},
		{
			"number": 300,
			"content": "文職小型勳章為勳章之縮形，於頒授勳章時附頒之。"
		},
		{
			"number": 400,
			"content": "受有文職小型勳章人員，參加典禮或晚宴穿著禮服或制服時得佩帶小型勳\r\n章。"
		},
		{
			"number": 500,
			"content": "佩帶文職小型勳章，依受勳人員所穿著之服裝，分別規定如左：\r\n一、男子禮服：\r\n (一) 受勳人員穿著藍袍黑褂時，小型勳章佩帶於褂左上端，領下五公分\r\n      處與第二鈕扣齊平。\r\n (二) 受勳人員穿著大禮服 (燕尾服) ，小型勳章佩帶於上衣左上袋蓋上\r\n      端五公分處。\r\n二、女子禮服：\r\n (一) 受勳人員穿著女中式長旗袍時，小型勳章佩帶於左襟上端，距領下\r\n      十公分。\r\n (二) 受勳人員穿著女西式晚禮服時，小型勳章佩帶於左胸。\r\n三、受勳人員穿著制服時，小型勳章佩帶於上衣左上袋蓋上端五公分處。\r\n四、受勳人員於佩帶小型勳章時，應同時佩帶所受有之中國最高等級大型\r\n    勳章一座。\r\n五、同時佩帶兩種以上小型勳章，得按其勳章等次高低橫列，如勳章較多\r\n    地位不敷用時，得採上下兩列式或疊列式。\r\n六、領受本國及外國小型勳章者，同時佩帶時，應將外國勳章按其綬制，\r\n    佩於本國同綬制勳章之次，並不得僅佩帶外國勳章。"
		},
		{
			"number": 600,
			"content": "文職小型勳章，如有遺失，得呈請補發，原章查獲時，應即繳還註銷，其\r\n補領手續另定之。"
		},
		{
			"number": 700,
			"content": "領受小型勳章人員，因犯罪褫奪公權時，應繳還原領勳章。"
		},
		{
			"number": 800,
			"content": "凡經繳銷或停止佩帶勳章時，其小型勳章應一併繳銷或停止佩帶。"
		},
		{
			"number": 900,
			"content": "文職小型勳章，不得轉讓他人或抵借財務，違者除將原頒勳章一並追繳註\r\n銷外併予議處，佩帶他人小型勳章者亦同。"
		},
		{
			"number": 1000,
			"content": "私造文職小型勳章者，依法議處。"
		},
		{
			"number": 1100,
			"content": "本辦法自公布之日施行。"
		}
	]
}