{
	"pcode": "A0030181",
	"type": "命令",
	"title": "民間公證人遴選、研習及任免辦法",
	"url": "https://law.moj.gov.tw/LawClass/LawAll.aspx?pcode=A0030181",
	"category": [
		"司法",
		"院本部",
		"民事目"
	],
	"lastUpdate": "20120105",
	"isTranslated": false,
	"history": [
		"中華民國九十年三月十六日司法院（90）院台廳民三字第 06457 號令訂定發布全文 34 條；並自九十年四月二十三日起施行",
		"中華民國九十年六月十二日司法院（90）院台廳民三字第 14678 號令修正發布第 4、6 條條文；並增訂第 6-1、13-1 條條文",
		"中華民國九十一年十二月二十六日司法院（九一）院台廳民三字第 33262 號令修正發布第 6、7、9、12、13、13-1、14、16、20、34 條條文；增訂第 14-1 條條文；並刪除第 3、6-1 條條文",
		"中華民國九十四年十二月十五日司法院院台廳民三字第 0940027628 號令修正發布第 9、28 條條文",
		"中華民國九十五年五月九日司法院院台廳民三字第 0950010906 號令修正發布第 5、23、27 條條條文",
		"中華民國九十七年十一月十八日司法院院台廳民三字第 0970024454 號令修正發布第 6、8、13 條條文",
		"中華民國九十九年八月四日司法院院台廳民三字第 0990018546 號令修正發布第 9、10、13、14、16、27、29 條條文；增訂第 9-1 條條文",
		"中華民國一百零一年一月五日司法院院台廳民三字第 1010000699 號令修正發布第 6、9、13-1 條條文"
	],
	"divisions": [],
	"articles": [
		{
			"number": 100,
			"content": "本辦法依公證法 (以下簡稱本法) 第三十條規定訂定之。"
		},
		{
			"number": 200,
			"content": "本辦法所稱公證人，係指本法施行細則第三條第二項所定民間公證人。"
		},
		{
			"number": 300,
			"content": "（刪除）"
		},
		{
			"number": 400,
			"content": "已成年之中華民國國民具本法第二十五條或第二十七條所定資格之一，而\r\n無同法第二十六條各款情事之一者，得向司法院聲請遴任為公證人；同時\r\n具律師資格者，得依本法第三十七條第一項但書規定，聲請遴任為僅辦理\r\n文書認證事務並得執行律師業務之民間公證人。\r\n聲請遴任為僅辦理文書認證事務並得執行律師業務者，應經登錄地區之律\r\n師公會報由中華民國律師公會全國聯合會 (以下簡稱律師全聯會) 推薦，\r\n再由該聯合會造冊報請司法院遴任。"
		},
		{
			"number": 500,
			"content": "司法院設民間公證人任免委員會 (以下簡稱任免委員會) ，置委員十六人\r\n，除由司法院指派副院長、秘書長、副秘書長、民事廳廳長、人事處處長\r\n兼任外，餘由司法院遴聘考試院代表一人、臺灣高等法院法官、全國公證\r\n人公會聯合會、律師全聯會推派代表、學者專家、社會公正人士各二人兼\r\n任之，以辦理遴選、審查及任免事項；其中一人為主任委員，由司法院副\r\n院長兼任，副院長出缺時，由司法院指定委員一人擔任之。\r\n任免委員會會議，由主任委員召集並為主席，主任委員不能主持時，由司\r\n法院秘書長為主席。主任委員、秘書長均不能主持時，由委員互選一人為\r\n主席。\r\n任免委員會應有全體委員過半數之出席，始得開議，委員須親自出席，不\r\n得委託他人代理。\r\n決議以出席委員過半數決之，主席有投票權，可否同數時取決於主席。委\r\n員對於決議事項有自身利害關係者，不得參與投票。\r\n指派委員以外之委員，一年一聘，任期一年；出席會議時依相關規定支給\r\n出席費。\r\n全國公證人公會聯合會成立前，第一項公證人代表由已成立之地區地區公\r\n證人公會共同推派之，地區公證人公會成立前，由中華民國公證學會推派\r\n之。"
		},
		{
			"number": 600,
			"content": "依本法第二十四條第一項規定聲請遴任為民間公證人或依本法第三十七條\r\n第一項規定聲請遴任僅辦理文書認證事務之民間公證人者，應具聲請書、\r\n簡歷表、身分證明文件及其影本、最近二吋半身脫帽照片二張、公立醫院\r\n檢查合格之體格檢查表（以下簡稱體檢表）及下列文件（正本均核驗後發\r\n還）：\r\n一、具本法第二十五條第一款資格者：考試及格證書及其影本。\r\n二、具本法第二十五條第二款至第四款資格者：曾任法官、檢察官、公設\r\n    辯護人、法院公證人經銓敘合格之銓敘部函及其影本，或曾任民間公\r\n    證人之證明文件及其影本。\r\n三、具本法第二十五條第五款資格者：律師高等考試及格證書、執行律師\r\n    職務三年以上之證明文件及其影本。\r\n前項第三款三年以上期間之計算，以聲請時已滿三年為準。"
		},
		{
			"number": 601,
			"content": "（刪除）"
		},
		{
			"number": 700,
			"content": "依本法第二十七條第一項規定聲請遴任為候補公證人者，應具聲請書、簡\r\n歷表、身分證明文件及其影本、最近二吋半身脫帽照片二張及下列文件：\r\n一、公立或立案或經教育部承認之國內外大學、學院法律系所畢業證書及\r\n    其影本 (正本核驗後發還) 。\r\n二、體檢表。\r\n三、曾任薦任司法行政人員、薦任書記官辦理民刑事紀綠或曾任委任第五\r\n    職等公證佐理員四年以上證明文件及最近四年考績通知書 (三年列甲\r\n    等、一年列乙等以上) 影本。\r\n四、服務機關出具之未曾受刑事、懲戒或平時考核記過以上處分之證明。\r\n前項第一款證書係中華民國境外發給者，應經中華民國駐外使領館、代表\r\n處、辦事處、外交部授權之駐外機構或其他有權機關授權之團體證明。"
		},
		{
			"number": 800,
			"content": "司法院接受聲請或推薦後，應先為品德調查，並得函請聲請人曾任職機關\r\n、學校、公司行號、曾屬之地區公證人公會、登錄地區之律師公會或律師\r\n全聯會表示意見或提供相關資料，聲請人如有下列情事之一者，應不予遴\r\n任：\r\n一、有本法不得遴任之事由。\r\n二、最近十年內曾依律師法受停止執行職務之懲戒處分。\r\n三、最近十年內曾受公務員懲戒法之撤職處分。\r\n四、最近十年內曾因故意犯罪行為受未滿一年有期徒刑之裁判確定。\r\n五、最近五年內曾因故意犯罪行為受拘役或罰金之裁判確定。\r\n六、最近五年內曾受記過以上之行政懲處，或依公務員懲戒法受撤職處分\r\n    以外之懲戒處分。\r\n七、最近二年內曾受申誡或警告之行政懲處。\r\n八、最近二年內曾依律師法受申誡或警告處分。\r\n九、其他品德欠佳情節重大。\r\n前項遴任審查幕僚作業，由司法院民事廳辦理，並得應業務需要另訂相關\r\n作業規定。"
		},
		{
			"number": 900,
			"content": "經任免委員會審查合格者，除免經職前研習者外，司法院應通知按期參加\r\n職前研習。\r\n免經職前研習或研習期滿成績合格者，司法院應於通知繳納證書費後，發\r\n給載明下列事項之民間公證人或候補公證人遴任證書（以下簡稱公證人遴\r\n任證書）：\r\n一、姓名及身分證統一編號。\r\n二、出生年月日。\r\n三、所屬法院。\r\n四、得執行職務之範圍（公證及認證、僅得辦理文書認證）。\r\n五、應自發給證書之日起六個月內向所屬法院聲請登錄及逾期登錄之效果\r\n    。\r\n六、發給證書年月日。\r\n逾前項第五款期間未聲請登錄者，於重新聲請遴任並取得遴任證書前，不\r\n得登錄。核發之公證人遴任證書應予追繳；執行追繳無效果者，司法院應\r\n予註銷並按月列表送登司法院公報公告作廢。\r\n因服兵役、在學、懷胎、分娩、重病、撫育三歲以下子女或其他重大事由\r\n未能於第二項第五款期間內登錄者，得於期限屆滿前檢具證明文件報請司\r\n法院核准延期登錄，其期間最長為二年。\r\n於第二項司法院通知繳納證書費後，未於三個月內繳納者，視同放棄，應\r\n註銷其遴任資格。\r\n本辦法修正施行前已通知繳納證書費而尚未繳納，其殘餘期限較前項所定\r\n期限為長者，應自修正施行日起算並適用前項規定。"
		},
		{
			"number": 901,
			"content": "司法院許可公證人遷移事務所至所屬法院轄區以外，而須換發公證人遴任\r\n證書者，準用前條第二項規定；原遴任證書於至管轄法院登錄時，應即繳\r\n銷。\r\n公證人未於司法院通知繳納證書費後三個月內繳納或逾前條第一項第五款\r\n期間未聲請登錄者，視同放棄遷移事務所；核發之公證人遴任證書，應即\r\n繳銷。\r\n第一項及第二項應繳銷之公證人遴任證書未繳銷者，所屬法院應予追繳；\r\n執行追繳無效果者，司法院應予註銷並按月列表送登司法院公報公告作廢\r\n。"
		},
		{
			"number": 1000,
			"content": "公證人遴任證書滅失、遺失或毀損致不堪使用者，得報請司法院補發或換\r\n發證書；補發後發現已報失之證書時，應即繳銷。\r\n司法院核准補發或換發新證書後，應將已滅失、遺失之證書或毀損之證書\r\n註銷，並按月列表送登司法院公報公告作廢。"
		},
		{
			"number": 1100,
			"content": "職前研習分基礎訓練及實務訓練，基礎訓練由司法院司法人員研習所 (以\r\n下簡稱司法人員研習所) 自行或委託辦理；實務訓練由司法人員研習所委\r\n託地方法院、地區公證人公會或民間公證人辦理。"
		},
		{
			"number": 1200,
			"content": "經任免委員會審查合格而參加職前研習者，於職前研習期間為學習公證人\r\n。\r\n免經職前研習者，得聲請參加職前研習。"
		},
		{
			"number": 1300,
			"content": "職前研習期間，除另有規定外，基礎訓練為四十小時，實務訓練期間如下\r\n：\r\n一、具本法第二十五條第一款資格或候補公證人者，四個月。\r\n二、具本法第二十五條第三款、第五款資格者，二個月。\r\n三、免經職前研習聲請參加者，一個月。曾兼任法院公證人者，得縮減為\r\n    一星期。\r\n依本法第三十七條第一項但書規定遴任為僅辦理文書認證事務者，其基礎\r\n訓練期間為二十四小時，實務訓練期間為十六小時。\r\n實務訓練期間，學習公證人不得以公證人名義於公證文書上簽名。"
		},
		{
			"number": 1301,
			"content": "經通知參加職前研習者因服兵役、在學、懷胎、分娩、重病、撫育三歲以\r\n下子女或其他重大事由無法即時參加職前研習者，得檢具證明文件報請司\r\n法院核准延期研習，其期間最長為二年。\r\n聲請延期者應自行於原因消滅或期限屆滿前一個月內向司法院聲請補訓；\r\n逾期未聲請者，視同放棄，並註銷其遴任資格。"
		},
		{
			"number": 1400,
			"content": "學習公證人有下列情形之一者，視為研習成績不及格：\r\n一、無故未按通知期別參加研習。\r\n二、基礎訓練期間請假時數逾基礎訓練期間四分之一或無正當理由曠課。\r\n    三、未依規定繳交實務訓練書類習作。\r\n四、研習期滿前離訓或退訓。\r\n五、基礎訓練考試成績不及格。\r\n學習公證人因前項第五款事由而視為研習成績不及格者，得於基礎訓練成\r\n績通知送達後六個月內向司法院聲請重行參加職前研習，逾期未聲請者，\r\n視同放棄。\r\n聲請重行參加職前研習以一次為限，並應自費負擔基礎訓練所需費用。\r\n第一項第一款至第四款情形應註銷其遴任資格；有第五款情形而逾期未聲\r\n請重行參加職前研習，或重行參加職前研習之基礎訓練成績不及格者，亦\r\n同。"
		},
		{
			"number": 1401,
			"content": "學習公證人有下列情形之一者，訓練機構應即陳報司法人員研習所辦理，\r\n司法人員研習所認必要時，得經訓練委員會決議，施以退訓之處分：\r\n一、實務訓練期間請假時數逾實務訓練期間四分之一或無正當理由曠課。\r\n二、不服從指導公證人之指導，情節重大。\r\n三、品德、操守有嚴重損及司法信譽或有不足勝任公證人之具體事實。\r\n四、其他重大事由。"
		},
		{
			"number": 1500,
			"content": "司法人員研習所應擬訂每期職前研習計畫，並得視聲請參加研習者之實際\r\n需要，徵求地區公證人公會、全國公證人公會聯合會、律師全聯會或各地\r\n方律師公會意見，訂定課程內容及時數，陳報司法院核定後實施。"
		},
		{
			"number": 1600,
			"content": "司法人員研習所應於職前研習開始後，將學習公證人名冊陳報司法院；其\r\n離訓、退訓及委託其他單位辦理時，亦同。\r\n學習公證人於經發給公證人遴任證書後，未於第九條第二項第五款所定期\r\n間內聲請登錄、或依第九條第四項、第十四條規定註銷遴任資格者，追繳\r\n其參加職前研習期間之費用。但職前研習期間發生重大事故而離訓者，不\r\n在此限。"
		},
		{
			"number": 1700,
			"content": "學習公證人於研習期間，應遵守訓練規則，專心學習，虛心接受指導公證\r\n人之指導；如有違反，依該規則處理。\r\n前項訓練規則，由司法人員研習所訂定之。"
		},
		{
			"number": 1800,
			"content": "實務訓練指導公證人之資格如下：\r\n一、連續執行公證職務二年以上而未曾退職或受停職、免職、撤職或除名\r\n    處分。\r\n二、其通曉外文能力，經核定為英文第二級以上。\r\n三、得辦理公證及認證事務。\r\n每位指導公證人同一時期指導訓練之學習公證人不得逾五人。\r\n法院公證人任指導公證人期間，得報支加班費。但每天不得超過四小時。"
		},
		{
			"number": 1900,
			"content": "司法人員研習所得派員考察實務訓練實施情形。\r\n前項考察，得邀請全國公證人公會聯合會、地區公證人公會有關人員會同\r\n為之。"
		},
		{
			"number": 2000,
			"content": "學習公證人完成實務訓練時，應繳交公證書及認證書習作各二十件，但依\r\n本法第三十七條第一項但書規定遴任為僅辦理文書認證事務者，應繳交認\r\n證書習作十件；指導公證人應依實習期間表現及習作，評定其實務訓練成\r\n績陳報司法人員研習所。"
		},
		{
			"number": 2100,
			"content": "學習公證人基礎訓練及實務訓練成績均以一百分為滿分，七十分為及格；\r\n兩項訓練均及格者，由司法人員研習所發給合格證書並陳報司法院。"
		},
		{
			"number": 2200,
			"content": "地區公證人公會每年或間年應舉辦公證人在職研習，每次研習時間至少三\r\n小時，至多不超過一週；研習計畫及成果應陳報司法院。\r\n前項研習所需經費，由地區公證人公會自行籌借支應，並得向參加之公證\r\n人酌收所需費用。\r\n前二項規定，於全國公證人公會聯合會及律師公會舉辦公證人在職研習時\r\n，準用之。\r\n第一項研習，法院公證人經所屬法院許可，得公費或自費公假參加；司法\r\n院或所屬法院得視業務需要，命公證人自費、法院公證人公費或自費公假\r\n參加。"
		},
		{
			"number": 2300,
			"content": "前條研習，公證人每三年應參加至少二次。\r\n前項研習次數之計算，不以公證人所屬公會主辦者為限；參加律師公會、\r\n學術機構、國際組織或境外公證人組織、機構所舉辦至少三小時與公證業\r\n務相關之法律研討會或講習者，得計入前項研習次數。"
		},
		{
			"number": 2400,
			"content": "公證人無正當理由於三年內參加在職研習次數未達二次以上者，屬違反職\r\n務上義務，其所屬法院或地區公證人公會得依本法第五十四條第三項第二\r\n款及第五十八條規定送請懲戒。"
		},
		{
			"number": 2500,
			"content": "公證人停職期滿或依本法第六十四條規定停止職務之原因消滅時，得向所\r\n屬法院聲請復職。"
		},
		{
			"number": 2600,
			"content": "公證人所屬法院或地區公證人公會發現其有本法第二十六條、第三十三條\r\n及第三十四條所定情形之一者，應報請司法院予以免職。\r\n司法院應將免職案送請任免委員會審議，任免委員會為免職處分前，應為\r\n相當之調查，並予被免職者補正及充分申辯之機會，亦得通知相關單位或\r\n公會為必要之說明。"
		},
		{
			"number": 2700,
			"content": "任免委員會決定予以免職之處分確定後，司法院應令行高等法院或其分院\r\n轉令免職人、其所屬法院及地區公證人公會，並按月造冊送登司法院公報\r\n；所屬法院應追繳受免職人之公證人遴任證書並註銷其登錄。\r\n所屬法院應將執行結果層報司法院備查，並副知受免職人所屬地區公證人\r\n公會；執行追繳公證人遴任證書無效果者，應層報司法院註銷並刊登公報\r\n。"
		},
		{
			"number": 2800,
			"content": "公證人得隨時聲請辭職；年滿七十歲者，應聲請退職。\r\n聲請辭職或退職時，應於預定離職日前二個月，填具離職事由檢同有關證\r\n明文件。報請所屬法院層報司法院核定。但因情況特殊，無法於二個月前\r\n聲請者，不在此限。\r\n司法院准予退職或辭職時，應通知該公證人及其所屬法院，並送登司法院\r\n公報。\r\n前條免職及前項准予退職或辭職者，所屬法院應於公證人名簿註記日期，\r\n並通知外交部、聯合會及所屬地區公證人公會。"
		},
		{
			"number": 2900,
			"content": "公證人因免職、停職、撤職、停止職務、退職或辭職而解除其職務者，除\r\n命令有指定停止執行職務日期外，應自命令送達翌日起，停止執行職務；\r\n已受理尚未終結之事件，應按事件進行程度，退還已收取之費用，經請求\r\n人同意者，得將事件轉介予同轄區內其他公證人辦理。"
		},
		{
			"number": 3000,
			"content": "公證人應自前條命令送達之翌日起十日內，編造保管之文書、章戳及其他\r\n物清冊，報請所屬法院備查，除停職或停止職務者外，職章鋼印應一併截\r\n角繳銷。\r\n公證人死亡或因故無法編造前項清冊及陳報者，由其繼承人、助理人或其\r\n他使用人為之。"
		},
		{
			"number": 3100,
			"content": "所屬法院發現公證人或其繼承人、助理人、其他使用人編造之清冊或繳銷\r\n之章印有錯誤或可疑之點時，得向陳報之人查詢，被查詢人應於接獲查詢\r\n通知二日內補正或函復；逾期未照辦者，由所屬法院院長核辦。"
		},
		{
			"number": 3200,
			"content": "本辦法所定聲請格式由司法院定之。"
		},
		{
			"number": 3300,
			"content": "依本法發給之證書及其補、換發，得收取規費，其費額由司法院定之。\r\n前項費用之徵收，應依預算程序辦理。"
		},
		{
			"number": 3400,
			"content": "本辦法自中華民國九十年四月二十三日施行。\r\n本辦法修正條文自發布日施行。"
		}
	]
}