{
	"pcode": "A0030137",
	"type": "命令",
	"title": "立法院公報發行辦法",
	"url": "https://law.moj.gov.tw/LawClass/LawAll.aspx?pcode=A0030137",
	"category": [
		"立法"
	],
	"lastUpdate": "20010323",
	"isTranslated": false,
	"history": [
		"",
		"中華民國九十年三月二十三日立法院院長核定修正發布全文 6 條"
	],
	"divisions": [],
	"articles": [
		{
			"number": 100,
			"content": "立法院 (以下簡稱本院) 公報發行事宜，依本辦法之規定。"
		},
		{
			"number": 200,
			"content": "本院公報按期贈送各委員及下列單位各一份：\r\n一、本院院長、副院長、秘書長、副秘書長辦公室。\r\n二、本院各單位及各黨團辦公室。\r\n三、國家圖書館。\r\n四、中央部、會、處、局、署以上機關。\r\n五、大學院校圖書館及縣 (市) 立文化中心。\r\n六、其他經秘書長核准者。"
		},
		{
			"number": 300,
			"content": "前條以外之機關 (構) 或學校，自願負擔郵資者，得按期贈送本院公報一\r\n份。"
		},
		{
			"number": 400,
			"content": "本院公報得依下列規定對外發售：\r\n一、零購者，按冊以定價計費。但學生或身心障礙者，以五折計費。\r\n二、訂閱一年 (八十期) 者，按期以定價八折計算。"
		},
		{
			"number": 500,
			"content": "本院公報之售價，應按原、物料成本酌定；調整時亦同。"
		},
		{
			"number": 600,
			"content": "本辦法經院長核定後施行。"
		}
	]
}