{
	"pcode": "A0030177",
	"type": "命令",
	"title": "改任各級行政法院法官遴選辦法",
	"url": "https://law.moj.gov.tw/LawClass/LawAll.aspx?pcode=A0030177",
	"category": [
		"廢止法規",
		"司法院"
	],
	"lastUpdate": "20121003",
	"isDiscarded": true,
	"isTranslated": false,
	"history": [
		"中華民國八十九年六月二日司法院（89）院台人二字第 13326 號函訂定發布全文 9 條；並自八十九年七月一日起施行",
		"中華民國九十三年五月二十八日司法院院台人二字第 0930014011 號令修正發布第 3 條條文",
		"中華民國九十三年十二月二十一日司法院院台人二字第 0930030949 號令修正發布第 5 條條文",
		"中華民國九十五年八月四日司法院院台人二字第 0950017657 號令修正發布第 5 條條文",
		"中華民國九十八年三月二十五日司法院院台人二字第 0980007173 號令修正發布名稱及全文 10 條；並自發布日施行（原名稱：普通法院法官 、 檢察署檢察官改任各級行政法院法官遴選辦法；新名稱：改任各級行政法院法官遴選辦法）",
		"中華民國一百零一年十月三日司法院院台人法字第 1010027999 號令發布廢止"
	],
	"divisions": [],
	"articles": [
		{
			"number": 100,
			"content": "本辦法依行政法院組織法第十七條第二項及第十八條第二項規定訂定之。"
		},
		{
			"number": 200,
			"content": "普通法院、智慧財產法院法官、檢察署檢察官改任各級行政法院法官之遴\r\n選，除法律另有規定外，依本辦法辦理。"
		},
		{
			"number": 300,
			"content": "改任高等行政法院法官，應具備下列一般要件，且具有特別要件之一者，\r\n得優先遴任之：\r\n一、一般要件：\r\n（一）曾任地方法院及其分院法官八年以上（含候補年資），並經合格實\r\n      授二年以上，或曾任高等法院及其分院、智慧財產法院法官者。\r\n（二）最近五年考績三年以上列甲等，並無列丙等者。\r\n（三）最近三年未受記過以上處分，或最近二年內未因辦理案件遲延經依\r\n      相關規定受行政懲處者。\r\n二、特別要件：\r\n（一）調司法院行政訴訟及懲戒廳辦理行政訴訟行政業務一年以上者。\r\n（二）有民事審判經驗一年以上者。\r\n（三）有憲法、行政法學之專門著作、論文者。\r\n（四）取得公法學碩士以上學位者。\r\n（五）曾經參加司法院所舉辦之行政訴訟業務研討會者。\r\n參加遴選法官應檢附前項第二款各要件之相關證明文件或資料，由司法院\r\n認定之。"
		},
		{
			"number": 400,
			"content": "改任最高行政法院法官，應具備下列一般要件，且具有特別要件之一者，\r\n得優先遴任之：\r\n一、一般要件：\r\n（一）曾任最高法院法官、最高法院檢察署檢察官、高等法院或其分院法\r\n      官、高等法院或其分院檢察署檢察官四年以上，具簡任職任用資格\r\n      者。或曾任高等法院或其分院法官、高等法院或其分院檢察署檢察\r\n      官，並任地方法院或其分院兼任院長之法官、地方法院或其分院檢\r\n      察署檢察長合計四年以上，具簡任職任用資格者。\r\n（二）最近五年考績三年以上列甲等，並無列丙等者。\r\n（三）最近三年未受記過以上處分，或最近二年內未因辦理案件遲延經依\r\n      相關規定受行政懲處者。\r\n二、特別要件：\r\n（一）調司法院行政訴訟及懲戒廳辦理行政訴訟行政業務一年以上者。\r\n（二）有民事審判經驗一年以上者。\r\n（三）有憲法、行政法學之專門著作、論文者。\r\n（四）取得公法學碩士以上學位者。\r\n（五）曾經參加司法院所舉辦之行政訴訟業務研討會者。\r\n參加遴選法官應檢附前項第二款各要件之相關證明文件或資料，由司法院\r\n認定之。"
		},
		{
			"number": 500,
			"content": "司法院設改任各級行政法院法官遴選委員會，置主任委員一人，由副院長\r\n兼任；委員十七人，由秘書長、副秘書長、各廳廳長、人事處處長、臺灣\r\n高等法院院長、各級行政法院院長及法官代表四人兼任，辦理第三條及第\r\n四條人員之遴選。\r\n前項規定之法官代表四人，於遴選委員會辦理改任高等行政法院法官之遴\r\n選時，由各級行政法院法官一人任之；於辦理改任最高行政法院法官之遴\r\n選時，由最高行政法院法官任之。法官代表，任期為一年，任期屆滿得連\r\n任。\r\n主任委員因故不能出席時，由司法院院長指定其他委員一人代行其職務。"
		},
		{
			"number": 600,
			"content": "改任各級行政法院法官遴選委員會辦理下列事項：\r\n一、審查申請者之資格條件。\r\n二、審查申請者是否得免參加行政法院理論課程之訓練。"
		},
		{
			"number": 700,
			"content": "各級行政法院法官之任用，應經本辦法遴選合格，並經司法院人事審議委\r\n員會審議通過，於派任前並應依「各級行政法院法官在職訓練及職前訓練\r\n辦法」規定施予在職訓練。\r\n曾任行政法院評事、法官者，不受前項應經本辦法遴選合格及施予在職訓\r\n練規定之限制。"
		},
		{
			"number": 800,
			"content": "本辦法有關高等、地方法院法官之規定，於高等、地方法院檢察署檢察官\r\n準用之。"
		},
		{
			"number": 900,
			"content": "經遴選委員會遴選合格者，依申請改任類別，分別取得改任最高行政法院\r\n或高等行政法院法官之資格，其有效期間為四年。\r\n本辦法修正施行前，經遴選委員會遴選合格者，依申請改任類別，分別取\r\n得改任最高行政法院或高等行政法院法官之資格，其有效期間以本辦法修\r\n正施行後四年內為限。\r\n本辦法施行前依「普通法院法官、檢察署檢察官改任各級行政法院法官遴\r\n選要點」遴選合格者，視為已依本辦法之規定遴選合格。"
		},
		{
			"number": 1000,
			"content": "本辦法自中華民國八十九年七月一日施行。\r\n本辦法修正條文自發布日施行。"
		}
	]
}