{
	"pcode": "A0030019",
	"type": "法律",
	"title": "請願法",
	"url": "https://law.moj.gov.tw/LawClass/LawAll.aspx?pcode=A0030019",
	"category": [
		"行政",
		"院本部",
		"通用目"
	],
	"lastUpdate": "19691218",
	"isTranslated": false,
	"history": [
		"中華民國四十三年十二月十八日總統制定公布全文 11 條",
		"中華民國五十八年十二月十八日總統令修正公布全文 12 條"
	],
	"divisions": [],
	"articles": [
		{
			"number": 100,
			"content": "人民請願，依本法之規定。"
		},
		{
			"number": 200,
			"content": "人民對國家政策、公共利害或其權益之維護，得向職權所屬之民意機關或\r\n主管行政機關請願。"
		},
		{
			"number": 300,
			"content": "人民請願事項，不得牴觸憲法或干預審判。"
		},
		{
			"number": 400,
			"content": "人民對於依法應提起訴訟或訴願之事項，不得請願。"
		},
		{
			"number": 500,
			"content": "人民請願應備具請願書，載明左列事項，由請願人或請願團體及其負責人\r\n簽章：\r\n一  請願人之姓名、性別、年齡、籍貫、職業、住址；請願人為團體時，\r\n    其團體之名稱、地址及其負責人。\r\n二  請願所基之事實、理由及其願望。\r\n三  受理請願之機關。\r\n四  中華民國年、月、日。"
		},
		{
			"number": 600,
			"content": "人民集體向各機關請願，面遞請願書，有所陳述時，應推代表為之；其代\r\n表人數，不得逾十人。"
		},
		{
			"number": 700,
			"content": "各機關處理請願案件時，得通知請願人或請願人所推代表前來，以備答詢\r\n；其代表人數，不得逾十人。"
		},
		{
			"number": 800,
			"content": "各機關處理請願案件，應將其結果通知請願人；如請願事項非其職掌，應\r\n將所當投遞之機關通知請願人。"
		},
		{
			"number": 900,
			"content": "受理請願機關或請願人所屬機關之首長，對於請願人不得有脅迫行為或因\r\n其請願而有所歧視。"
		},
		{
			"number": 1000,
			"content": "地方民意機關代表人民向有關民意機關請願時，準用本法之規定。"
		},
		{
			"number": 1100,
			"content": "人民請願時，不得有聚眾脅迫、妨害秩序、妨害公務或其他不法情事；違\r\n者，除依法制止或處罰外，受理請願機關得不受理其請願。"
		},
		{
			"number": 1200,
			"content": "本法自公布日施行。"
		}
	]
}