{
	"pcode": "A0030077",
	"type": "命令",
	"title": "機關委託技術服務廠商評選及計費辦法",
	"url": "https://law.moj.gov.tw/LawClass/LawAll.aspx?pcode=A0030077",
	"category": [
		"行政",
		"行政院公共工程委員會",
		"通用目"
	],
	"lastUpdate": "20170331",
	"isTranslated": true,
	"english": "Regulations for Selection and Fee Calculation of Technical Services Providers Entrusted by Entities",
	"attachments": [
		"https://law.moj.gov.tw/LawClass/LawGetFile.ashx?FileId=0000122721",
		"https://law.moj.gov.tw/LawClass/LawGetFile.ashx?FileId=0000122722",
		"https://law.moj.gov.tw/LawClass/LawGetFile.ashx?FileId=0000194526",
		"https://law.moj.gov.tw/LawClass/LawGetFile.ashx?FileId=0000194527",
		"https://law.moj.gov.tw/LawClass/LawGetFile.ashx?FileId=0000235436",
		"https://law.moj.gov.tw/LawClass/LawGetFile.ashx?FileId=0000235437"
	],
	"history": [
		"中華民國八十八年五月十七日行政院公共工程委員會（88）工程企字第 8806741 號令訂定發布全文 32 條；並自八十八年五月二十七日起施行",
		"中華民國九十一年五月三日行政院公共工程委員會（91）工程企字第 91017585 號令修正發布第 5、6、16、17、30、32 條條文；並增訂第 4-1、4-2 條條文；並自發布日施行",
		"中華民國九十一年十二月十一日行政院公共工程委員會工程企字第 09100529370 號令修正發布第 16 條條文",
		"中華民國九十九年一月十五日行政院公共工程委員會工程企字第 09900015300 號令修正發布全文 40 條；並自發布後三個月施行",
		"中華民國一百零一年十二月二十七日行政院公共工程委員會工程企字第 10100479360 號令修正發布第 9、29、40 條條文；並自發布日施行",
		"中華民國一百零二年十一月一日行政院公共工程委員會工程企字第 10200388340 號令修正發布第 29 條條文",
		"中華民國一百零三年十月三十日行政院公共工程委員會工程企字第 10300376110 號令修正發布第 26 條條文",
		"中華民國一百零四年七月十四日行政院公共工程委員會工程企字第 10400220520 號令修正發布第 6、13、17 條條文",
		"中華民國一百零六年三月三十一日行政院公共工程委員會工程企字第 10600092930 號令修正發布第 24、29 條條文"
	],
	"divisions": [
		{
			"type": "章",
			"number": 100,
			"title": "總則",
			"start": 100,
			"end": 1000
		},
		{
			"type": "章",
			"number": 200,
			"title": "評選及議價",
			"start": 1100,
			"end": 2400
		},
		{
			"type": "章",
			"number": 300,
			"title": "計費方法",
			"start": 2500,
			"end": 3700
		},
		{
			"type": "章",
			"number": 400,
			"title": "附則",
			"start": 3800,
			"end": 4000
		}
	],
	"articles": [
		{
			"number": 100,
			"content": "本辦法依政府採購法（以下簡稱本法）第二十二條第二項規定訂定之。"
		},
		{
			"number": 200,
			"content": "機關依本法第二十二條第一項第九款以公開客觀評選方式委託廠商提供技\r\n術服務，其廠商評選與服務費用之計算方式，依本辦法之規定。"
		},
		{
			"number": 300,
			"content": "本辦法所稱技術服務，指工程技術顧問公司、技師事務所、建築師事務所\r\n及其他依法令規定得提供技術性服務之自然人或法人所提供與技術有關之\r\n可行性研究、規劃、設計、監造、專案管理或其他服務。\r\n前項技術服務，依法令應由專門職業及技術人員或法定機構提供者，不得\r\n由其他人員或機構提供。"
		},
		{
			"number": 400,
			"content": "機關委託廠商辦理可行性研究，得依採購案件之特性及實際需要，就下列\r\n服務項目擇定之：\r\n一、計畫概要之研擬。\r\n二、初步踏勘及現況調查。\r\n三、研究工址相關範圍既有地形圖、測量、地質、土壤、水文氣象、材料\r\n    等資料蒐集及其他調查、試驗或勘測。\r\n四、都市計畫、區域計畫等之調查及研究。\r\n五、計畫需求調查及分析。\r\n六、計畫相關資料之分析、整理及評估。\r\n七、方案研擬及比較評估。\r\n八、計畫成本之初估及經濟效益評估。\r\n九、財務之分析及建議。\r\n十、風險及不定性分析。\r\n十一、經營管理方式之研究。\r\n十二、初步運輸及交通衝擊評估。\r\n十三、可行性報告及建議。\r\n十四、其他與可行性研究有關且載明於招標文件或契約之技術服務。"
		},
		{
			"number": 500,
			"content": "機關委託廠商辦理規劃，得依採購案件之特性及實際需要，就下列服務項\r\n目擇定之：\r\n一、勘察工程基地。\r\n二、繪製工程基地位置圖。\r\n三、可行性研究結果之檢討及建議。\r\n四、測量、地質調查、鑽探及試驗、土壤調查及試驗、水文氣象觀測及調\r\n    查、材料調查及試驗、模型試驗及其他調查、試驗或勘測。\r\n五、計畫相關資料之補充、分析及評估。\r\n六、運輸規劃。\r\n七、製作規劃圖說。如配置圖、平面圖、立面圖及具代表性之剖面圖等草\r\n    案構想。\r\n八、製作工程計畫書。如設計準則、規範等級說明、構造物型式及施工法\r\n    （含特殊構造物方案及比較）、材料種類、結構及設備系統概要說明\r\n    、構造物耐震及防蝕對策、營建土石方處理、工程計畫期程、工程經\r\n    費概算等初步建議。\r\n九、都市計畫、區域計畫等之規劃。\r\n十、施工計畫、交通維持計畫、監測及緊急應變等初步規劃。\r\n十一、使用期限規劃及維護管理策略。\r\n十二、規劃報告。\r\n十三、其他與規劃有關且載明於招標文件或契約之技術服務。"
		},
		{
			"number": 600,
			"content": "機關委託廠商辦理設計，得依採購案件之特性及實際需要，就下列服務項\r\n目擇定之：\r\n一、基本設計：\r\n（一）規劃報告及設計標的相關資料之檢討及建議。\r\n（二）非與已辦項目重複之詳細測量、詳細地質調查、鑽探及試驗及招標\r\n      文件所載其他詳細調查、試驗或勘測。\r\n（三）基本設計圖文資料：\r\n      1.構造物及其環境配置規劃設計圖。\r\n      2.基本設計圖。如平面圖、立面圖、剖面圖及招標文件所載其他基\r\n        本設計圖。\r\n      3.結構及設備系統研擬。\r\n      4.工程材料方案評估比較。\r\n      5.構造物型式及工法方案評估比較。\r\n      6.特殊構造物方案評估比較。\r\n      7.構造物耐震對策評估報告。\r\n      8.構造物防蝕對策評估報告。\r\n      9.綱要規範。\r\n（四）量體計算分析及法規之檢討。\r\n（五）細部設計準則之研擬。\r\n（六）營建剩餘土石方之處理方案。\r\n（七）施工規劃及施工初步時程之擬訂。\r\n（八）成本概估。\r\n（九）採購策略及分標原則之研訂。\r\n（十）基本設計報告。\r\n二、細部設計：\r\n（一）非與已辦項目重複之補充測量、補充地質調查、補充鑽探及試驗及\r\n      其他必要之補充調查、試驗。\r\n（二）細部設計圖文資料：\r\n      1.工程圖文資料。如配置圖、平面圖、立面圖、剖面圖、排水配置\r\n        圖、地質柱狀圖等。\r\n      2.結構圖文資料。如結構詳圖、結構計算書等。\r\n      3.設備圖文資料。如水、電、空調、消防、電信、機械、儀控等設\r\n        備詳圖、計算書、規範等。\r\n（三）施工或材料規範之編擬。\r\n（四）工程或材料數量之估算及編製。\r\n（五）成本分析及估算。\r\n（六）施工計畫及交通維持計畫之擬訂。\r\n（七）分標計畫及施工進度之擬訂及整合。\r\n（八）發包預算及招標文件之編擬。\r\n三、代辦申請建築執照與水、電、空調、消防或電信之工程設計圖說資料\r\n    送審。\r\n四、協辦下列招標及決標有關事項：\r\n（一）各項招標作業，包括參與標前會議、設計、施工說明會。\r\n（二）招標文件之釋疑、變更或補充。\r\n（三）投標廠商、分包廠商、設備製造廠商資格之審查及諮詢。\r\n（四）開標、審標及提供決標建議。\r\n（五）契約之簽訂。\r\n（六）招標、開標、審標或決標爭議之處理。\r\n五、其他與設計有關且載明於招標文件或契約之技術服務。\r\n前項設計，應符合節省能源、減少溫室氣體排放、保護環境、節約資源、\r\n經濟耐用等目的，並考量景觀、自然生態、生活美學及性別、身心障礙、\r\n高齡、兒童等使用者友善環境。"
		},
		{
			"number": 700,
			"content": "機關委託廠商辦理監造，得依採購案件之特性及實際需要，就下列服務項\r\n目擇定之：\r\n一、擬訂監造計畫並依核定之計畫內容據以執行。\r\n二、派遣人員留駐工地，持續性監督施工廠商按契約及設計圖說施工及查\r\n    證施工廠商履約。\r\n三、施工廠商之施工計畫、品質計畫、預定進度、施工圖、器材樣品、趕\r\n    工計畫、工期展延與其他送審案件之審查及管制。\r\n四、重要分包廠商及設備製造商資格之審查。\r\n五、施工廠商放樣、施工基準測量及各項測量之校驗。\r\n六、監督及查驗施工廠商辦理材料及設備之品質管理工作。\r\n七、監督施工廠商執行工地安全衛生、交通維持及環境保護等工作。\r\n八、履約進度查證與管理及履約估驗計價之審查。\r\n九、有關履約界面之協調及整合。\r\n十、契約變更之建議及協辦。\r\n十一、機電設備測試及試運轉之監督。\r\n十二、審查竣工圖表、工程結算明細表及契約所載其他結算資料。\r\n十三、驗收之協辦。\r\n十四、協辦履約爭議之處理。\r\n十五、其他與監造有關且載明於招標文件或契約之技術服務。\r\n前項第二款派遣人員之資格、人數、是否專任、留駐工地期間及權責分工\r\n，應於委託契約載明。\r\n監造建築師、技師或其他專門職業及技術人員執行監造業務或監造簽證事\r\n項，其屬法令規定或契約約定應親自赴現場查驗、勘驗、初驗、驗收、會\r\n勘或出席會議者，應配合到場辦理、說明、會辦。"
		},
		{
			"number": 800,
			"content": "機關委託廠商辦理第四條至第七條之服務，得依個案特性及實際需要，擇\r\n定下列服務項目，併案招標，或另案辦理招標：\r\n一、有關專業技術之資料與報告之研究、評審及補充。\r\n二、替代方案、工程設計及施工可行性之審查及建議。\r\n三、各階段環境影響評估及相關說明書、報告書之編製及送審。\r\n四、水土保持計畫之辦理及送審。\r\n五、申請公有建築物候選綠建築證書或綠建築標章。\r\n六、特殊設備之設計、審查、監造、檢驗及安裝之監督。\r\n七、操作及維護人員之訓練。\r\n八、協辦有關器材、設備及零件之採購。\r\n九、關於生產及營運技術之改善。\r\n十、設施安全之評估。\r\n十一、協辦設備之操作及營運管理。\r\n十二、操作及維護手冊之編擬。\r\n十三、價值工程分析。\r\n十四、協助處理民眾抗爭、災害搶救或管線遷移等事項。\r\n十五、其他與技術服務有關且載明於招標文件或契約之事項。"
		},
		{
			"number": 900,
			"content": "機關委託廠商辦理專案管理，得依採購案件之特性及實際需要，就下列服\r\n務項目擇定之：\r\n一、可行性研究之諮詢及審查：\r\n（一）計畫需求之評估。\r\n（二）可行性報告、環境影響說明書及環境影響評估報告書之審查。\r\n（三）方案之比較研究或評估。\r\n（四）財務分析及財源取得方式之建議。\r\n（五）初步預算之擬訂。\r\n（六）計畫綱要進度表之編擬。\r\n（七）設計需求之評估及建議。\r\n（八）專業服務及技術服務廠商之甄選建議及相關文件之擬訂。\r\n（九）用地取得及拆遷補償分析。\r\n（十）資源需求來源之評估。\r\n（十一）其他與可行性研究有關且載明於招標文件或契約之專案管理服務\r\n        。\r\n二、規劃之諮詢及審查：\r\n（一）規劃圖說及概要說明書之諮詢及審查。\r\n（二）都市計畫、區域計畫或水土保持計畫等規劃之諮詢及審查。\r\n（三）設計準則之審查。\r\n（四）規劃報告之諮詢及審查。\r\n（五）其他與規劃有關且載明於招標文件或契約之專案管理服務。\r\n三、設計之諮詢及審查：\r\n（一）專業服務及技術服務廠商之工作成果審查、工作協調及督導。\r\n（二）材料、設備系統選擇及採購時程之建議。\r\n（三）計畫總進度表之編擬。\r\n（四）設計進度之管理及協調。\r\n（五）設計、規範（含綱要規範）與圖樣之審查及協調。\r\n（六）設計工作之品管及檢核。\r\n（七）施工可行性之審查及建議。\r\n（八）專業服務及技術服務廠商服務費用計價作業之審核。\r\n（九）發包預算之審查。\r\n（十）發包策略及分標原則之研訂或建議，或分標計畫之審查。\r\n（十一）文件檔案及工程管理資訊系統之建立。\r\n（十二）其他與設計有關且載明於招標文件或契約之專案管理服務。\r\n四、招標、決標之諮詢及審查：\r\n（一）招標文件之準備或審查。\r\n（二）協助辦理招標作業之招標文件之說明、澄清、補充或修正。\r\n（三）協助辦理投標廠商資格之訂定及審查作業。\r\n（四）協助辦理投標文件之審查及評比。\r\n（五）協助辦理契約之簽訂。\r\n（六）協助辦理器材、設備、零件之採購。\r\n（七）其他與招標、決標有關且載明於招標文件或契約之專案管理服務。\r\n五、施工督導與履約管理之諮詢及審查：\r\n（一）各工作項目界面之協調及整合。\r\n（二）施工計畫、品管計畫、預訂進度、施工圖、器材樣品及其他送審資\r\n      料之審查或複核。\r\n（三）重要分包廠商及設備製造商資歷之審查或複核。\r\n（四）施工品質管理工作之督導或稽核。\r\n（五）工地安全衛生、交通維持及環境保護之督導或稽核。\r\n（六）施工進度之查核、分析、督導及改善建議。\r\n（七）施工估驗計價之審查或複核。\r\n（八）契約變更之處理及建議。\r\n（九）契約爭議與索賠案件之協助處理。但不包括擔任訴訟代理人。\r\n（十）竣工圖及結算資料之審定或複核。\r\n（十一）給排水、機電設備、管線、各種設施測試及試運轉之督導及建議\r\n        。\r\n（十二）協助辦理工程驗收、移交作業。\r\n（十三）設備運轉及維護人員訓練。\r\n（十四）維護及運轉手冊之編擬或審定。\r\n（十五）特殊設備圖樣之審查、監造、檢驗及安裝之監督。\r\n（十六）計畫相關資料之彙整、評估及補充。\r\n（十七）其他與施工督導及履約管理有關且載明於招標文件或契約之專案\r\n        管理服務。\r\n機關委託廠商辦理前項專案管理，得視工程性質及實際需要，將第七條第\r\n一項之監造服務項目，與前項第五款之服務項目整合，並排除重複及利益\r\n衝突情形後，一併委託辦理。"
		},
		{
			"number": 1000,
			"content": "機關因專業人力或能力不足，需委託廠商辦理前條專案管理者，應先擬具\r\n委託專案管理計畫，載明下列事項，循預算程序編列核定後辦理：\r\n一、計畫之特性及執行困難度。\r\n二、必須委託專案管理之理由。\r\n三、委託服務項目及所需經費概估。\r\n四、廠商資格條件或評選項目。\r\n五、委託專案管理預期達成之效益。"
		},
		{
			"number": 1100,
			"content": "機關委託廠商辦理技術服務，除法令另有規定者外，其招標文件得依個案\r\n特性及實際需要載明下列事項：\r\n一、服務之項目、工作內容及需求計畫。\r\n二、廠商所應具備之專任技術人員及此等人員所應持有之證照或資格，或\r\n    其他與提供服務有關之資格條件。\r\n三、服務工作完成後所應達到之目標或成果。\r\n四、服務之提供涉及材料、設備或場所之供應者，其規格。\r\n五、廠商應提出之服務建議書及其應含之內容。\r\n六、廠商或其主要工作人員所應具備與招標案性質相同或相當之服務經驗\r\n    。\r\n七、收受服務建議書之地點及截止期限。\r\n八、評選項目、評審標準及評定方式。\r\n九、智慧財產權之歸屬。\r\n十、與優勝者議價之方式及決標原則。\r\n十一、計費及付款方式。\r\n十二、投標須知及契約條款。\r\n十三、廠商於評選時須提出簡報者，其進行方式。\r\n十四、對於未獲選者之獎勵方式及其作品之處理方式。\r\n十五、委託服務費用之預算、預估金額或固定服務費用或費率。\r\n十六、其他必要事項。\r\n廠商承辦技術服務屬第九條之專案管理者，其專案管理人員至少應有二分\r\n之一為該廠商之專任職員。"
		},
		{
			"number": 1200,
			"content": "前條第一項第一款需求計畫，其內容得包括計畫緣起、需求說明、基地現\r\n況、地質資料、工程經費上限、預計提供技術服務之期程等。"
		},
		{
			"number": 1300,
			"content": "第十一條第一項第五款服務建議書及其應含之內容，得包括下列事項：\r\n一、計畫概述及作業流程。\r\n二、基地環境現況及相關法令分析。\r\n三、整體工作進度及主要工作項目之時程。\r\n四、服務費用（採固定服務費用者，提供服務費用分析）。\r\n五、規劃設計理念及構想說明（例如節省能源、減少溫室氣體排放、保護\r\n    環境、節約資源、經濟耐用、景觀、自然生態、生活美學、住民參與\r\n    及性別、身心障礙、高齡、兒童等使用者友善環境等）。\r\n六、設計圖，包括比例尺、大小、尺寸、圖說張數及裱裝等表現方式。\r\n七、設計採用之材料、構造說明。\r\n八、相關法令應提計畫書圖項目等。\r\n九、工程經費概算及主要工程項目之經費分析。\r\n十、營建計畫分析。\r\n十一、品管計畫（含技術服務及重要工程施工項目）。\r\n十二、服務計畫內容、圖說、服務建議書之章節次序等。\r\n十三、工作組織及主要工作人員學經歷、專長。\r\n十四、廠商信譽及實績。\r\n前項第五款至第十款，於委託監造或專案管理技術服務時得免載明。"
		},
		{
			"number": 1400,
			"content": "第十一條第一項第十二款契約條款，應符合公平合理原則，並得包括下列\r\n事項：\r\n一、契約文字以中文（正體字）為之，並得附外文譯本；中文與譯文有出\r\n    入時，以中文為準。\r\n二、契約條款之解釋及適用，以我國法律為準據法；其有特殊情形者，從\r\n    其約定。\r\n三、解決糾紛之爭議處理程序，並視需要訂明仲裁機構、管轄法院。\r\n四、稅負事前約定，並依我國法律所定納稅義務人為納稅人。\r\n五、廠商所應負之責任及良好服務之保證。\r\n六、廠商應投保「專業責任保險」，所需保險費包含於服務費用項目之內\r\n    。有關保險範圍、金額、期限、保單自負額之限制，由機關依服務案\r\n    件特性定之。\r\n七、服務項目、履約期限及計費方式。\r\n八、各期進度規定，計算進度方式、付款方式及數額。\r\n九、服務範圍包括代辦訓練操作或維護人員者，機關受訓人員之旅費及生\r\n    活費，應由機關自行支給，不包括在服務費用項目之內。\r\n十、廠商受委託所設計之計畫書及圖樣，其智慧財產權之歸屬。\r\n十一、廠商規劃設計錯誤、監造不實或管理不善，致機關遭受損害之責任\r\n      。\r\n十二、廠商對於委辦案件應秘密之事項及洩密之罰則。\r\n十三、廠商承辦監造服務時應提出之監造計畫。\r\n十四、廠商應依工作性質及約定專業服務項目向機關提出定期報表（日報\r\n      、週報或月報），包括工作進度、工作人數及時數、異常狀況之分\r\n      析及因應對策等，以供查核。\r\n十五、逾期與其他違約事項之規定及逾期違約金上限。\r\n十六、契約終止、解除及結算規定。\r\n前項第十一款之損害，機關得依個案特性及實際需要，於契約中明定其賠\r\n償之項目、範圍或上限，並得訂明其排除適用之情形。"
		},
		{
			"number": 1500,
			"content": "機關委託廠商辦理技術服務，應於招標文件規定得標廠商技術服務成果之\r\n智慧財產權歸屬及侵害第三人合法權益時由廠商負責處理並承擔一切法律\r\n責任。\r\n前項權利，機關得視需要取得授權，或取得部分或全部權利。"
		},
		{
			"number": 1600,
			"content": "機關委託廠商辦理技術服務，涉及廠商於投標時須提出設計圖或服務建議\r\n書者，應於招標文件載明機關對其他得獎圖說之使用條件及其範圍或權限\r\n，並得於招標文件規定經評選達一定分數或名次之未獲選廠商，發給一定\r\n金額之獎勵金。\r\n前項經評選達一定分數或名次之未獲選廠商所提出之設計圖或服務建議書\r\n，機關得依需要給與合理報酬後，取得授權，或取得全部或部分權利。"
		},
		{
			"number": 1700,
			"content": "機關委託廠商辦理可行性研究、規劃、設計或監造，其評選項目，除法令\r\n另有規定者外，得載明下列事項：\r\n一、廠商於技術服務項目之經驗及信譽。得包括優良、不良紀錄或事蹟。\r\n二、服務建議書之完整性、可行性及對服務事項之瞭解程度。\r\n三、工作計畫、預定進度及如期如質履約能力。得包括主要工作人數及尚\r\n    在履約之契約件數、金額及是否逾期等情形。\r\n四、計畫主持人及主要工作人員之經驗、專長、最近三年之服務紀錄及主\r\n    要工作人員具備本法專業知識之情形。得包括該等人員之優良、不良\r\n    紀錄或事蹟。\r\n五、廠商之資源及其他支援能力。\r\n六、控制合理興建費用之方式。\r\n七、標的完成後使用及維護、營運管理之說明。\r\n八、服務費用、工程造價分析。\r\n九、住民參與、景觀設計、自然生態、節省能源、減少溫室氣體排放、保\r\n    護環境、節約資源、經濟耐用、生活美學及性別、身心障礙、高齡、\r\n    兒童等使用者友善環境等之說明。\r\n十、環境影響及工程風險之評估。\r\n十一、優良技術、工法及產品之採用。\r\n十二、廠商最近五年曾獲與評選案性質相同或類似之獎勵情形及過去履約\r\n      績效。\r\n十三、其他與招標標的有關之事項。\r\n前項評選含競圖者，其評選項目得包括下列事項：\r\n一、設計作品之設計理念。\r\n二、設計作品之創意性及符合在地文化、生活美學程度。\r\n三、設計作品反映對機關需求之瞭解程度。\r\n第一項第一款及第四款所稱廠商或其計畫主持人或主要工作人員之優良、\r\n不良紀錄或事蹟，除廠商提出者外，機關得自行蒐集或至本法主管機關網\r\n站查詢。"
		},
		{
			"number": 1800,
			"content": "機關委託廠商辦理專案管理，其評選項目，除法令另有規定者外，得視個\r\n案特性及實際需要載明下列事項：\r\n一、廠商於專案管理技術服務項目之經驗與信譽。得包括優良、不良紀錄\r\n    或事蹟。\r\n二、服務建議書之完整性、可行性及對服務事項之瞭解程度。\r\n三、工作計畫、預定進度及如期如質履約能力。得包括主要工作人數及尚\r\n    在履約之契約件數、金額及是否逾期等情形。\r\n四、計畫主持人及主要工作人員之經驗、能力、最近三年服務紀錄及主要\r\n    工作人員具備本法專業知識之情形。得包括該等人員之優良、不良紀\r\n    錄或事蹟。\r\n五、廠商之資源及其他支援能力。\r\n六、服務費用。\r\n七、廠商最近五年曾獲與評選案性質相同或類似之獎勵情形及過去履約績\r\n    效。\r\n八、其他與招標標的有關之事項。\r\n前項第一款及第四款所稱廠商或其計畫主持人或主要工作人員之優良、不\r\n良紀錄或事蹟，除廠商提出者外，機關得自行蒐集或至本法主管機關網站\r\n查詢。"
		},
		{
			"number": 1900,
			"content": "機關委託廠商辦理新建建築物之技術服務，其服務費用之採購金額在新臺\r\n幣五百萬元以上，且服務項目包括規劃、設計者，應要求廠商提出服務建\r\n議書及規劃、設計構想圖說（配置圖、平面圖、立面圖、剖面圖、透視圖\r\n等），並應辦理競圖。\r\n技術服務涉及競圖者，招標文件除依第十一條規定者外，應另載明下列事\r\n項：\r\n一、計畫之目標及原則。\r\n二、工程名稱及地點。\r\n三、基地資料，包括土地權屬地籍圖謄本、都市計畫圖說、地形圖或現況\r\n    實測圖、地質調查資料、可能存在之淹水、斷層等資料及其他相關資\r\n    料。\r\n四、規劃、設計內容，包括室內外空間用途、數量、使用人數或面積、使\r\n    用方式、設備需求、特殊需求及其他需求。\r\n五、允許增減面積比率。\r\n六、工程經費概算。\r\n七、工程期限。\r\n八、圖說內容、比例尺、大小尺寸、張數及裱裝方式等。\r\n九、表現方式，包括模型、透視圖及顏色需求等。\r\n十、其他必要事項。\r\n技術服務金額未達新臺幣五百萬元之規劃、設計採購，其採競圖方式辦理\r\n者，準用前項規定。但得不要求製作模型及彩繪透視圖。"
		},
		{
			"number": 2000,
			"content": "機關辦理前條競圖，得採一階段或兩階段評選；其採兩階段評選者，辦理\r\n原則如下：\r\n一、第一階段評選以規劃及構想內容為限，第二階段評選包括實質設計內\r\n    容。\r\n二、第一階段評選免廠商簡報程序。\r\n三、通過第一階段評選者，方得參與第二階段評選。\r\n四、第二階段評選除圖面及文字說明外，並得要求提供建築模型或彩繪透\r\n    視圖。"
		},
		{
			"number": 2100,
			"content": "機關委託廠商辦理技術服務之評選，應先審查資格文件。資格不合於招標\r\n文件之規定者，其他部分不予審查。\r\n機關評選結果應通知廠商，對未獲選者並應敘明其原因。"
		},
		{
			"number": 2200,
			"content": "採購評選委員會評選優勝廠商，得不以一家為限。\r\n前項評選作業，準用本法有關最有利標之評選規定。"
		},
		{
			"number": 2300,
			"content": "機關與評選優勝廠商之議價，應依下列方式之一辦理，並載明於招標文件\r\n：\r\n一、優勝廠商為一家者，以議價方式辦理。\r\n二、優勝廠商在二家以上者，依優勝序位，自最優勝者起，依序以議價方\r\n    式辦理。但有二家以上廠商為同一優勝序位者，以標價低者優先議價\r\n    。\r\n前項議價，不得降低或刪減招標文件之要求及廠商投標文件所承諾之事項\r\n。"
		},
		{
			"number": 2400,
			"content": "機關依前條辦理議價之決標，應依下列規定之一辦理：\r\n一、招標文件已訂明固定服務費用或費率者，依該服務費用或費率決標。\r\n二、招標文件未訂明固定服務費用或費率者，其超底價決標或廢標適用本\r\n    法第五十三條第二項及第五十四條之規定。\r\n機關訂定前項第二款之底價，適用本法第四十六條規定。議價廠商之報價\r\n合理且在預算金額以內者，機關得依其報價訂定底價，照價決標。\r\n招標文件得訂明部分服務項目採固定服務費用或費率。"
		},
		{
			"number": 2500,
			"content": "機關委託廠商辦理技術服務，其服務費用之計算，應視技術服務類別、性\r\n質、規模、工作範圍、工作區域、工作環境或工作期限等情形，就下列方\r\n式擇定一種或二種以上符合需要者訂明於契約：\r\n一、服務成本加公費法。\r\n二、建造費用百分比法。\r\n三、按月、按日或按時計酬法。\r\n四、總包價法或單價計算法。\r\n依前項計算之服務費用，應參酌一般收費情形核實議定。其必須核實另支\r\n費用者，應於契約內訂明項目及費用範圍。"
		},
		{
			"number": 2600,
			"content": "機關委託廠商辦理技術服務，服務費用採服務成本加公費法者，其服務費\r\n用，得包括下列各款費用：\r\n一、直接費用：\r\n（一）直接薪資：包括直接從事委辦案件工作之建築師、技師、工程師、\r\n      規劃、經濟、財務、法律、管理或營運等各種專家及其他工作人員\r\n      之實際薪資，另加實際薪資之一定比率作為工作人員不扣薪假與特\r\n      別休假之薪資費用；非經常性給與之獎金；及依法應由雇主負擔之\r\n      勞工保險費、積欠工資墊償基金提繳費、全民健康保險費、勞工退\r\n      休金。\r\n（二）管理費用：包括未在直接薪資項下開支之管理及會計人員之薪資、\r\n      保險費及退休金、辦公室費用、水電及冷暖氣費用、機器設備及傢\r\n      俱等之折舊或租金、辦公事務費、機器設備之搬運費、郵電費、業\r\n      務承攬費、廣告費、準備及結束工作所需費用、參加國內外職業及\r\n      技術會議費用、業務及人力發展費用、研究費用或專業聯繫費用及\r\n      有關之稅捐等。但全部管理費用不得超過直接薪資扣除非經常性給\r\n      與之獎金後之百分之一百。\r\n（三）其他直接費用：包括執行委辦案件工作時所需直接薪資以外之各項\r\n      直接費用。如差旅費、工地津貼、加班費、專業責任保險費、專案\r\n      或工地辦公室及工地試驗室設置費、工地車輛費用、資料收集費、\r\n      專利費、操作及維護人員之代訓費、電腦軟體製作費或使用費、測\r\n      量、探查及試驗費或圖表報告之複製印刷費、外聘專家顧問報酬及\r\n      有關之各項稅捐、會計師簽證費用等。\r\n二、公費：指廠商提供技術服務所得之報酬，包括風險、利潤及有關之稅\r\n    捐等。\r\n三、營業稅。\r\n前項第一款第一目工作人員不扣薪假與特別休假之薪資費用，得由機關依\r\n實際需要於招標文件明定為實際薪資之一定比率及給付條件，免檢據核銷\r\n。但不得超過實際薪資之百分之十六。\r\n第一項第一款第一目非經常性給與之獎金，得由機關依實際需要於招標文\r\n件明定為實際薪資之一定比率及給付條件，檢據核銷。但不得超過實際薪\r\n資之百分之三十。\r\n第一項第一款第一目依法應由雇主負擔之勞工保險費、積欠工資墊償基金\r\n提繳費、全民健康保險費、勞工退休金，由機關核實給付。\r\n第一項第二款公費，應為定額，不得按直接薪資及管理費之金額依一定比\r\n率增加，且全部公費不得超過直接薪資扣除非經常性給與之獎金後與管理\r\n費用合計金額之百分之二十五。"
		},
		{
			"number": 2700,
			"content": "機關委託廠商辦理技術服務，服務費用採服務成本加公費法者，得於招標\r\n文件規定得標廠商服務費用降低或實際績效提高時，得依其情形給付廠商\r\n獎勵性報酬。\r\n前項獎勵性報酬之給付方式如下，由機關於招標文件中訂明：\r\n一、屬服務費用降低者，為所減省之契約價金金額之一定比率。\r\n二、屬實際績效提高者，依契約所載計算方式給付。\r\n前項第一款一定比率，以不逾百分之五十為限；第二款給付金額，以不逾\r\n契約價金總額或契約價金上限之百分之十為限。"
		},
		{
			"number": 2800,
			"content": "機關委託廠商辦理技術服務，服務費用採服務成本加公費法者，應於契約\r\n訂明下列事項：\r\n一、廠商應記錄各項費用並備具憑證，機關視需要得自行或委託專業第三\r\n    人至廠商處所辦理查核。\r\n二、成本上限及逾上限時之處理。\r\n前項第一款憑證，應包括各項費用之發票、收據、紀錄或報表；除契約另\r\n有規定外，憑證得為影本。"
		},
		{
			"number": 2900,
			"content": "機關委託廠商辦理技術服務，服務費用採建造費用百分比法計費者，其服\r\n務費率應按工程內容、服務項目及難易度，依附表一至附表四所列百分比\r\n以下酌定之，並應按各級建造費用，分別訂定費率，或訂定統一折扣率；\r\n其屬特殊情形或需要高度技術之服務案件，致有超過各附表所列百分比之\r\n必要者，應敘明理由，簽報機關首長或其授權人員核定。\r\n前項建造費用，指經機關核定之工程採購底價金額或評審委員會建議金額\r\n，不包括規費、規劃費、設計費、監造費、專案管理費、物價指數調整工\r\n程款、營業稅、土地及權利費用、法律費用、主辦機關所需工程管理費、\r\n承包商辦理工程之各項利息、保險費及招標文件所載其他除外費用。\r\n工程採購無底價且無評審委員會建議金額者，第一項建造費用以工程預算\r\n之百分之九十代之。但應扣除前項不包括之費用及稅捐等。\r\n第一項工程於履約期間有契約變更、終止或解除契約之情形者，服務費用\r\n得視實際情形協議增減之。"
		},
		{
			"number": 3000,
			"content": "機關委託廠商辦理技術服務，服務費用採按月、按日或按時計酬法者，其\r\n薪資之計算得為下列方式之一；薪資以外之其他費用，可另行計算給付。\r\n一、採按月計酬法者，每月薪資可按契約所載工作人員月薪計算。\r\n二、採按日計酬法者，每日薪資可按契約所載工作人員日薪計算。\r\n三、採按時計酬法者，每時薪資可按契約所載工作人員時薪計算。"
		},
		{
			"number": 3100,
			"content": "服務費用有下列情形之一者，應予另加：\r\n一、於設計核准後須變更者。\r\n二、超出技術服務契約或工程契約規定施工期限所需增加之監造、專案管\r\n    理及相關費用。\r\n三、修改招標文件重行招標之服務費用。\r\n四、超過契約內容之設計報告製圖、送審、審圖等相關費用。\r\n前項各款另加之費用，得按服務成本加公費法計算或與廠商另行議定。\r\n第一項各款另加之費用，以不可歸責於廠商之事由，且經機關審查同意者\r\n為限。"
		},
		{
			"number": 3200,
			"content": "機關委託辦理之技術服務，係在部分完成之狀態下由廠商接辦時，其所餘\r\n未完成部分之服務費用，除依第二十五條所定方式之一計算外，並應加計\r\n檢討已完成部分所需費用。但以經機關審查同意者為限。"
		},
		{
			"number": 3300,
			"content": "服務須縮短時間完成者，得按縮短時間之程度酌增費用，其所增費用得專\r\n案議定。\r\n重覆性工程服務採用相同之設計圖說者，其設計費用應酌予折減給付。"
		},
		{
			"number": 3400,
			"content": "廠商因不可歸責於其本身之事由，應機關要求對同一服務事項依不同條件\r\n辦理多次規劃或設計者，其重複規劃或設計之部分，機關應核實另給服務\r\n費用。但以經機關審查同意者為限。"
		},
		{
			"number": 3500,
			"content": "機關因故必須變更部分委託服務內容時，得就服務事項或數量之增減情形\r\n，調整服務費用及工作期限。但已工作部分之服務費用且機關審查同意者\r\n，應核實給付。"
		},
		{
			"number": 3600,
			"content": "廠商之服務費用，得於契約規定於訂約後預付一部分，其餘按月或分期支\r\n付。但各次付款金額及條件應予訂明。\r\n前項預付一部分者，以不逾契約價金總額或契約價金上限之百分之三十為\r\n原則。\r\n第一項服務費用按月或分期支付，且保留部分價金於完成全部服務項目後\r\n支付者，其保留額度以不逾契約價金之百分之二十為原則。"
		},
		{
			"number": 3700,
			"content": "機關委託廠商辦理技術服務，其履約期間在一年以上者，得於契約內訂明\r\n自第二年起得隨臺灣地區專業、科學及技術服務業受雇員工平均經常性薪\r\n資指數逐月計算調整契約價金，並敘明其所適用之調整項目、調整方式及\r\n調整金額上限。"
		},
		{
			"number": 3800,
			"content": "廠商承辦技術服務，其實際提供服務人員應於完成之圖樣及書表上簽署。\r\n其依法令須由執（開）業之專門職業及技術人員辦理者，應交由各該人員\r\n辦理，並依法辦理簽證。\r\n前項所稱圖樣及書表，包括其工作提出之預算書、設計圖、規範、施工說\r\n明書及其他依法令及契約應提出之文件。"
		},
		{
			"number": 3900,
			"content": "機關委託廠商辦理技術服務，非依本法第二十二條第一項第九款辦理者，\r\n得準用本辦法之規定。"
		},
		{
			"number": 4000,
			"content": "本辦法自發布後三個月施行。\r\n本辦法修正條文自發布日施行。"
		}
	]
}