{
	"pcode": "A0030148",
	"type": "命令",
	"title": "立法院委員國外考察旅費報銷辦法",
	"url": "https://law.moj.gov.tw/LawClass/LawAll.aspx?pcode=A0030148",
	"category": [
		"立法"
	],
	"lastUpdate": "20011009",
	"isTranslated": false,
	"history": [
		"中華民國七十四年六月十九日立法院第七十屆經費稽核委員會第二次會議通過",
		"中華民國九十年十月九日立法院第四屆第六會期第四次會議修正通過全文 6 條"
	],
	"divisions": [],
	"articles": [
		{
			"number": 100,
			"content": "立法院委員組團或應邀出國考察之旅費報銷，依本辦法之規定。"
		},
		{
			"number": 200,
			"content": "委員組團或應邀出國考察，均在原列預算範圍內核實結報。"
		},
		{
			"number": 300,
			"content": "委員國外考察旅費之支給，依現行國外出差旅費規則辦理。"
		},
		{
			"number": 400,
			"content": "考察完畢後，填具出差旅費表，連同機票存根，最遲於次年一月十日前送\r\n會計處辦理，以配合會計年度結束作業。"
		},
		{
			"number": 500,
			"content": "已預備旅費，但因故未能在年度終了前 (十二月三十一日) 成行者，應繳\r\n回預借之旅費。"
		},
		{
			"number": 600,
			"content": "本辦法經提報院會後施行。"
		}
	]
}