{
	"pcode": "A0030127",
	"type": "命令",
	"title": "公務人員週休二日實施辦法",
	"url": "https://law.moj.gov.tw/LawClass/LawAll.aspx?pcode=A0030127",
	"category": [
		"行政",
		"行政院人事行政總處",
		"培訓考用目"
	],
	"lastUpdate": "20180831",
	"isTranslated": true,
	"english": "Regulations of Implementation Program for the Civil Servants’ Two－Day Weekend",
	"history": [
		"中華民國八十九年十月三日行政院（89）台人政考字第 200810 號令 、 考試院（89）考台組貳一字第 09025 號令會同訂定發布全文 11 條；並自九十年一月一日起施行",
		"中華民國九十年十月二十二日行政院（90）台人政考字第 200747 號令 、 考試院（90）考台組貳一字第 0900007543 號令會銜訂定發布第 3、11 條條文",
		"中華民國九十一年二月二十二日行政院（91）院授人考字第 0910200140 號令 、 考試院（91）考台組貳一字第 0910001577 號令會銜修正發布第 3 條條文",
		"中華民國九十一年八月三十日行政院院授人考字第 0910027737 號令 、 考試院考台組貳一字第 0910006550 號令會銜修正發布第 3 條條文",
		"中華民國九十三年七月一日行政院院授人考字第 0930062959 號令 、 考試院考台組貳一字第 09300052701 號令會銜修正發布第 2 條條文",
		"中華民國一百年四月一日行政院院授人考字第 10000294993 號令 、 考試院考臺組貳一字第 10000023081 號令會同修正發布第 3 條條文",
		"中華民國一百零三年九月二十三日行政院院授人培揆字第 1030046908 號令 、 考試院考臺組貳一字第 10300064451 號令會同修正發布第 3、11 條條文；並自一百零四年一月一日施行",
		"中華民國一百零七年八月三十一日行政院院授人培揆字第 10700502042 號令 、 考試院考臺組貳一字第 10700065711 號令會同修正發布第 3 條條文"
	],
	"divisions": [],
	"articles": [
		{
			"number": 100,
			"content": "本辦法依公務員服務法第十一條第三項規定訂定之。"
		},
		{
			"number": 200,
			"content": "公務人員每日上班時數為八小時，每週工作總時數為四十小時。\r\n各機關 (構) 得視業務實際需要，在不影響民眾洽公、不降低行政效率、\r\n不變更每週上班日數及每日上班時數之原則下，彈性調整辦公時間。\r\n各級主管教育行政機關得視業務實際需要，在不減少全年上班總時數及不\r\n影響服務品質原則下，彈性調整學校辦公時間，不受第一項規定之限制。"
		},
		{
			"number": 300,
			"content": "下列紀念日及節日，除春節放假三日外，其餘均放假一日：\r\n一、紀念日：\r\n（一）中華民國開國紀念日（一月一日）。\r\n（二）和平紀念日（二月二十八日）。\r\n（三）國慶日（十月十日）。\r\n二、民俗節日：\r\n（一）春節（農曆一月一日至一月三日）。\r\n（二）民族掃墓節（定於清明日）。\r\n（三）端午節（農曆五月五日）。\r\n（四）中秋節（農曆八月十五日）。\r\n（五）農曆除夕（農曆十二月之末日）。\r\n（六）原住民族歲時祭儀：各該原住民族放假日期，由原住民族委員會參\r\n      酌各該原住民族習俗公告，並刊登政府公報。\r\n三、兒童節（四月四日）。\r\n紀念日及節日之放假日逢例假日應予補假。例假日為星期六者於前一個上\r\n班日補假，為星期日者於次一個上班日補假。但農曆除夕及春節放假日逢\r\n例假日，均於次一個上班日補假。\r\n勞動節之補假及軍人節之放假或補假規定，由各中央主管機關定之。"
		},
		{
			"number": 400,
			"content": "交通運輸、警察、消防、海岸巡防、醫療、關務等機關 (構) ，為全年無\r\n休服務民眾，應實施輪班、輪休制度。\r\n前項以外之為民服務機關 (構) ，由主管機關視實際業務需要，在不影響\r\n為民服務之原則下，自行彈性調整辦公時間。\r\n軍事機關之休假制度，在基於國防安全考量及因應戰備之需要下，得由主\r\n管機關視實際需要自行規定之。"
		},
		{
			"number": 500,
			"content": "各級學校應調整課程之教授，並視需要檢討縮減春假、寒假、暑假之放假\r\n日數。\r\n各學校得利用週休二日安排進修課程，營造終身學習社會。\r\n國民中學以下學校得視實際需要開設安親班、課後輔導班。"
		},
		{
			"number": 600,
			"content": "金融主管機關為因應業務實際需要，得彈性調整金融機構營業時間及延長\r\n證券、期貨交易時間。"
		},
		{
			"number": 700,
			"content": "交通主管機關為因應交通運輸需求增加，應妥適規劃改善鐵路、公路、空\r\n運及海運等大眾運輸系統及相關設施。"
		},
		{
			"number": 800,
			"content": "藝文、社教及休閒旅遊主管機關為提倡優質生活，應妥適規劃辦理假日活\r\n動，改善各項設備，加強流通相關資訊。"
		},
		{
			"number": 900,
			"content": "各機關 (構) 、學校為提高行政效能，應簡化作業流程，擴大委託或外包\r\n民間辦理事項，妥適運用現有人力，落實職務代理制度及強化辦公紀律。"
		},
		{
			"number": 1000,
			"content": "各機關 (構) 、學校得視實際需要建置網際網路及語音查詢服務系統，提\r\n供民眾查詢及申辦各項業務。"
		},
		{
			"number": 1100,
			"content": "本辦法自中華民國九十年一月一日施行。\r\n本辦法修正條文，除中華民國一百零三年九月二十三日修正之條文，自一\r\n百零四年一月一日施行外，自發布日施行。"
		}
	]
}