{
	"pcode": "A0030010",
	"type": "命令",
	"title": "國家元勛發給特卹金標準",
	"url": "https://law.moj.gov.tw/LawClass/LawAll.aspx?pcode=A0030010",
	"category": [
		"行政",
		"行政院人事行政總處",
		"給與福利目"
	],
	"lastUpdate": "19800122",
	"isTranslated": false,
	"history": [
		"中華民國六十二年八月十一日行政院（62）台人政肆字第 24772 號令 、 考試院（62）考台秘二字第 2139 號令訂定發布",
		"中華民國六十九年一月二十二日行政院（69）台人政肆字第 2083 號函 、 考試院（69）考台秘字第 0204 號函修正發布"
	],
	"divisions": [],
	"articles": [
		{
			"number": 100,
			"content": "自六十四年六月四日公務人員撫卹法修正公布後，原發給特卹金之顧念意\r\n旨，業已消失，現行特卹有關規定，應配合變更，政府特任官及中央級民\r\n意代表，可依公務人員撫卹法之規定辦理撫卹，不再辦理特卹，以免重複\r\n，至國家元勛之特卹，則仍予保留，並提高其特卹金給與標準為新台幣貳\r\n拾萬元。"
		},
		{
			"number": 200,
			"content": "國家元勛發給特卹金，以左列兩類人員為限：\r\n一、曾任五院副院長以上職務，而具有左列功勛者：\r\n (一) 致力國民革命，對國家民族有特殊貢獻者。\r\n (二) 統籌大計，安定國家者。\r\n (三) 參與戡亂建國大計或敉平禍亂，具有顯著勳績者。\r\n (四) 德高望重，翊贊中樞有勳勞於國家者。\r\n二、經國家元首核定，應予特卹者。"
		}
	]
}