{
	"pcode": "A0030132",
	"type": "命令",
	"title": "金門馬祖東沙南沙地區無法發還土地地價補償辦法",
	"url": "https://law.moj.gov.tw/LawClass/LawAll.aspx?pcode=A0030132",
	"lastUpdate": "20021002",
	"isTranslated": false,
	"history": [
		"中華民國九十一年十月二日行政院院臺內字第 0910038721 號令訂定發布全文 6 條；並自發布日施行"
	],
	"divisions": [],
	"articles": [
		{
			"number": 100,
			"content": "本辦法依離島建設條例 (以下簡稱本條例) 第九條之一第二項規定訂定之\r\n。"
		},
		{
			"number": 200,
			"content": "本辦法之申請人，以於金門馬祖東沙南沙地區安全及輔導條例 (以下簡稱\r\n安輔條例) 第十四條之一第一項所定適用期間內已申請歸還土地，並合於\r\n所定申請歸還條件，因其所申請土地為政府機關使用或已移轉為私人致無\r\n法發還者為限。"
		},
		{
			"number": 300,
			"content": "申請人依本辦法申請補償地價者，應檢附下列文件，以書面向該公地管理\r\n機關或原處分機關為之：\r\n一、申請人身分證明文件。\r\n二、依安輔條例第十四條之一第一項規定申請歸還土地之原申請書或其他\r\n    足資證明之文件。\r\n申請人為原權利人之繼承人時，並應提出土地登記規則第一百十九條規定\r\n之證明文件。\r\n第一項申請期限，自本條例修正施行之日起二年內為之，逾期不予受理。"
		},
		{
			"number": 400,
			"content": "申請案件之處理程序如下：\r\n一、公地管理機關或原處分機關應先行查明申請之土地確係該管理機關使\r\n    用或原處分機關處分後，將相關文件移送地政機關協助審核申請人是\r\n    否符合第二條規定。\r\n二、地政機關審核後，應將審查意見連同相關文件，移回該公地管理機關\r\n    或原處分機關；其須指界測量者，並應依地籍測量有關規定辦理。\r\n三、公地管理機關或原處分機關於收到地政機關審查意見後，應即審核，\r\n    符合本辦法發給地價補償費者，應核定地價補償費，並函復申請人；\r\n    其不符合本辦法發給地價補償費者，應敘明理由函復申請人。\r\n四、公地管理機關或原處分機關應自核定地價補償費函復申請人之日起二\r\n    年內，通知申請人領取補償費。\r\n經通知領取補償費之申請人，應於受通知之日起三個月內領取；屆期未領\r\n取者，依法提存。"
		},
		{
			"number": 500,
			"content": "本辦法之地價補償費，按申請人依安輔條例第十四條之一第一項規定申請\r\n歸還土地時，當期土地徵收補償基準發給之。"
		},
		{
			"number": 600,
			"content": "本辦法自發布日施行。"
		}
	]
}