{
	"pcode": "A0030133",
	"type": "法律",
	"title": "中央法規標準法",
	"url": "https://law.moj.gov.tw/LawClass/LawAll.aspx?pcode=A0030133",
	"category": [
		"行政",
		"院本部",
		"通用目"
	],
	"lastUpdate": "20040519",
	"isTranslated": true,
	"english": "Central Regulation Standard Act",
	"history": [
		"中華民國五十九年八月三十一日總統（59）台統（一）義字第 788 號令制定公布全文 26 條",
		"中華民國九十三年五月十九日總統華總一義字第 09300094181 號令修正公布第 8 條條文"
	],
	"divisions": [
		{
			"type": "章",
			"number": 100,
			"title": "總則",
			"start": 100,
			"end": 300
		},
		{
			"type": "章",
			"number": 200,
			"title": "法規之制定",
			"start": 400,
			"end": 1100
		},
		{
			"type": "章",
			"number": 300,
			"title": "法規之施行",
			"start": 1200,
			"end": 1500
		},
		{
			"type": "章",
			"number": 400,
			"title": "法規之適用",
			"start": 1600,
			"end": 1900
		},
		{
			"type": "章",
			"number": 500,
			"title": "法規之修正與廢止",
			"start": 2000,
			"end": 2500
		},
		{
			"type": "章",
			"number": 600,
			"title": "附則",
			"start": 2600,
			"end": 2600
		}
	],
	"articles": [
		{
			"number": 100,
			"content": "中央法規之制定、施行、適用、修正及廢止，除憲法規定外，依本法之規\r\n定。"
		},
		{
			"number": 200,
			"content": "法律得定名為法、律、條例或通則。"
		},
		{
			"number": 300,
			"content": "各機關發布之命令，得依其性質，稱規程、規則、細則、辦法、綱要、標\r\n準或準則。"
		},
		{
			"number": 400,
			"content": "法律應經立法院通過，總統公布。"
		},
		{
			"number": 500,
			"content": "左列事項應以法律定之：\r\n一、憲法或法律有明文規定，應以法律定之者。\r\n二、關於人民之權利、義務者。\r\n三、關於國家各機關之組織者。\r\n四、其他重要事項之應以法律定之者。"
		},
		{
			"number": 600,
			"content": "應以法律規定之事項，不得以命令定之。"
		},
		{
			"number": 700,
			"content": "各機關依其法定職權或基於法律授權訂定之命令，應視其性質分別下達或\r\n發布，並即送立法院。"
		},
		{
			"number": 800,
			"content": "法規條文應分條書寫，冠以「第某條」字樣，並得分為項、款、目。項不\r\n冠數字，空二字書寫，款冠以一、二、三等數字，目冠以（一）、（二）\r\n、（三）等數字，並應加具標點符號。\r\n前項所定之目再細分者，冠以１、２、３等數字，並稱為第某目之１、２\r\n、３。"
		},
		{
			"number": 900,
			"content": "法規內容繁複或條文較多者，得劃分為第某編、第某章、第某節、第某款\r\n、第某目。"
		},
		{
			"number": 1000,
			"content": "修正法規廢止少數條文時，得保留所廢條文之條次，並於其下加括弧，註\r\n明「刪除」二字。\r\n修正法規增加少數條文時，得將增加之條文，列在適當條文之後，冠以前\r\n條「之一」、「之二」等條次。\r\n廢止或增加編、章、節、款、目時，準用前二項之規定。"
		},
		{
			"number": 1100,
			"content": "法律不得牴觸憲法，命令不得牴觸憲法或法律，下級機關訂定之命令不得\r\n牴觸上級機關之命令。"
		},
		{
			"number": 1200,
			"content": "法規應規定施行日期，或授權以命令規定施行日期。"
		},
		{
			"number": 1300,
			"content": "法規明定自公布或發布日施行者，自公布或發布之日起算至第三日起發生\r\n效力。"
		},
		{
			"number": 1400,
			"content": "法規特定有施行日期，或以命令特定施行日期者，自該特定日起發生效力\r\n。"
		},
		{
			"number": 1500,
			"content": "法規定有施行區域或授權以命令規定施行區域者，於該特定區域內發生效\r\n力。"
		},
		{
			"number": 1600,
			"content": "法規對其他法規所規定之同一事項而為特別之規定者，應優先適用之。其\r\n他法規修正後，仍應優先適用。"
		},
		{
			"number": 1700,
			"content": "法規對某一事項規定適用或準用其他法規之規定者，其他法規修正後，適\r\n用或準用修正後之法規。"
		},
		{
			"number": 1800,
			"content": "各機關受理人民聲請許可案件適用法規時，除依其性質應適用行為時之法\r\n規外，如在處理程序終結前，據以准許之法規有變更者，適用新法規。但\r\n舊法規有利於當事人而新法規未廢除或禁止所聲請之事項者，適用舊法規\r\n。"
		},
		{
			"number": 1900,
			"content": "法規因國家遭遇非常事故，一時不能適用者，得暫停適用其一部或全部。\r\n法規停止或恢復適用之程序，準用本法有關法規廢止或制定之規定。"
		},
		{
			"number": 2000,
			"content": "法規有左列情形之一者，修正之：\r\n一、基於政策或事實之需要，有增減內容之必要者。\r\n二、因有關法規之修正或廢止而應配合修正者。\r\n三、規定之主管機關或執行機關已裁併或變更者。\r\n四、同一事項規定於二以上之法規，無分別存在之必要者。\r\n法規修正之程序，準用本法有關法規制定之規定。"
		},
		{
			"number": 2100,
			"content": "法規有左列情形之一者，廢止之：\r\n一、機關裁併，有關法規無保留之必要者。\r\n二、法規規定之事項已執行完畢，或因情勢變遷，無繼續施行之必要者。\r\n三、法規因有關法規之廢止或修正致失其依據，而無單獨施行之必要者。\r\n四、同一事項已定有新法規，並公布或發布施行者。"
		},
		{
			"number": 2200,
			"content": "法律之廢止，應經立法院通過，總統公布。\r\n命令之廢止，由原發布機關為之。\r\n依前二項程序廢止之法規，得僅公布或發布其名稱及施行日期；並自公布\r\n或發布之日起，算至第三日起失效。"
		},
		{
			"number": 2300,
			"content": "法規定有施行期限者，期滿當然廢止，不適用前條之規定。但應由主管機\r\n關公告之。"
		},
		{
			"number": 2400,
			"content": "法律定有施行期限，主管機關認為需要延長者，應於期限屆滿一個月前送\r\n立法院審議。但其期限在立法院休會期內屆滿者，應於立法院休會一個月\r\n前送立法院。\r\n命令定有施行期限，主管機關認為需要延長者，應於期限屆滿一個月前，\r\n由原發布機關發布之。"
		},
		{
			"number": 2500,
			"content": "命令之原發布機關或主管機關已裁併者，其廢止或延長，由承受其業務之\r\n機關或其上級機關為之。"
		},
		{
			"number": 2600,
			"content": "本法自公布日施行。"
		}
	]
}