{
	"pcode": "A0030038",
	"type": "命令",
	"title": "行政院所屬機關研考業務聯繫辦法",
	"url": "https://law.moj.gov.tw/LawClass/LawAll.aspx?pcode=A0030038",
	"category": [
		"行政",
		"國家發展委員會",
		"通用目"
	],
	"lastUpdate": "20140716",
	"isTranslated": true,
	"english": "Regulations Governing Interagency Liaison on Research and Evaluation Affairs for Agencies of the Executive Yuan",
	"history": [
		"中華民國五十八年十一月四日行政院（58）台研管字第 070 號令訂定發布",
		"中華民國五十九年十一月六日行政院（59）台研管字第 871 號令修正發布",
		"中華民國六十一年十二月四日行政院（61）台研展字第 1895 號令修正發布",
		"中華民國七十一年三月十一日行政院（71）台研管字第 0678 號令修正發布",
		"中華民國九十七年四月二十九日行政院院授研管字第 0972360286 號令修正發布全文 7 條；並自發布日施行中華民國一百零三年一月二十一日行政院院臺規字第 1030121680 號公告第 2 條所列屬「行政院經濟建設委員會」及「行政院研究發展考核委員會」之權責事項，自一百零三年一月二十二日起改由「國家發展委員會」管轄中華民國一百零三年二月二十七日行政院院臺規字第 1030125872 號公告第 2 條所列屬「行政院國家科學委員會」之權責事項，自一百零三年三月三日起改由「科技部」管轄",
		"中華民國一百零三年七月十六日行政院院授發管字第 1031400922-1 號令修正發布全文 7 條；並自發布日施行"
	],
	"divisions": [],
	"articles": [
		{
			"number": 100,
			"content": "行政院為加強所屬機關辦理國家發展政策之研究、規劃、協調、審議、資\r\n源分配及管制考核業務（以下簡稱研考業務）聯繫，特訂定本辦法。"
		},
		{
			"number": 200,
			"content": "國家發展委員會（以下簡稱國發會）、科技部及行政院科技會報辦公室為\r\n行政院所屬機關之研考業務主管機關（單位），其工作配合聯繫如下：\r\n一、關於個案計畫之管理，社會發展類計畫、公共建設類計畫由國發會負\r\n    責，科技發展類計畫由科技部及行政院科技會報辦公室負責，並由國\r\n    發會綜合辦理。\r\n二、關於行政院所屬機關施政績效之管理，由國發會綜合辦理。\r\n三、其他研考業務，國發會得視需要聯繫行政院所屬機關協助辦理。"
		},
		{
			"number": 300,
			"content": "行政院所屬機關之研考業務主管機關（單位）得就其主管業務，分別與行\r\n政院所屬機關及直轄市政府、縣（市）政府（以下簡稱地方政府）主管研\r\n考業務機關（單位）聯繫，並視需要舉行業務聯繫協調會報。"
		},
		{
			"number": 400,
			"content": "行政院所屬機關對於施政計畫及預算之編擬修正、執行、檢查、檢討、考\r\n核等事項，於報院時應視其性質以副本分送行政院所屬機關之研考業務主\r\n管機關（單位）。"
		},
		{
			"number": 500,
			"content": "行政院所屬機關及地方政府主管研考業務機關（單位）得視需要加強聯繫\r\n，並提供必要資料。"
		},
		{
			"number": 600,
			"content": "行政院所屬機關及地方政府主管研考業務機關（單位），應視業務需要與\r\n本機關各業務單位及所屬機關主管研考業務單位加強聯繫。"
		},
		{
			"number": 700,
			"content": "本辦法自發布日施行。"
		}
	]
}