{
	"pcode": "A0030129",
	"type": "命令",
	"title": "離島建設條例施行細則",
	"url": "https://law.moj.gov.tw/LawClass/LawAll.aspx?pcode=A0030129",
	"category": [
		"行政",
		"國家發展委員會",
		"通用目"
	],
	"lastUpdate": "20010424",
	"isTranslated": true,
	"english": "Enforcement Rules for the Isolated Islands Construction Act",
	"history": [
		"中華民國九十年四月二十四日行政院（90）台內字第 022271 號令訂定發布全文 10 條；並自發布日起實施中華民國一百零七年四月二十七日行政院院臺規字第 1070172574 號公告第 8 條所列屬「行政院海岸巡防署」之權責事項，自一百零七年四月二十八日起改由「海洋委員會」管轄"
	],
	"divisions": [],
	"articles": [
		{
			"number": 100,
			"content": "本細則依離島建設條例 (以下簡稱本條例) 第十九條規定訂定之。"
		},
		{
			"number": 200,
			"content": "本條例第二條稱隔離及島嶼者，其定義如下：\r\n一、隔離：指與臺灣本島無橋樑或海底隧道等陸路交通之連結。\r\n二、島嶼：指天然形成，在自然狀況下四面環水，最高潮時仍露出水面之\r\n    陸地。但不包括離岸沙洲。"
		},
		{
			"number": 300,
			"content": "離島綜合建設實施方案應明列縣 (市) 綜合發展計畫相關之內容；縣 (市\r\n) 綜合發展計畫未訂定離島建設計畫者，應於修正時納入之。"
		},
		{
			"number": 400,
			"content": "縣市主管機關依本條例第五條第一款擬訂離島綜合建設實施方案之方案目\r\n標及實施範圍，應載明該離島之角色定位、未來發展目標及實施之空間範\r\n圍等總體目標。\r\n依同條第二款擬訂實施策略，應載明整體發展策略、成長管理策略、島嶼\r\n特色及脆弱度因應策略等內容。"
		},
		{
			"number": 500,
			"content": "離島綜合建設實施方案之內容，應確保離島居民之基本公共服務與設施，\r\n並配合島嶼環境及發展狀況訂定其建設項目及規模。"
		},
		{
			"number": 600,
			"content": "離島綜合建設實施方案擬訂時，應視實際需要，徵詢該管目的事業主管機\r\n關之意見。\r\n離島綜合建設實施方案送請離島建設指導委員會審議前，應舉辦公聽會，\r\n聽取公眾及相關團體代表之意見。"
		},
		{
			"number": 700,
			"content": "依本條例第七條第三項規定，縣 (市) 主管機關為核定重大建設投資計畫\r\n土地之使用變更，應訂定土地使用變更審查規定，以利執行。"
		},
		{
			"number": 800,
			"content": "為配合推動離島之開發建設，離島建設指導委員會得請國防部、行政院海\r\n岸巡防署及內政部，就海岸或軍事管制區重新檢討，減少其管制範圍及管\r\n制事項。"
		},
		{
			"number": 900,
			"content": "離島開發建設依本條例第十五條規定編列預算不足支應時，應報請離島建\r\n設指導委員會審議，經行政院核定後，由離島開發建設基金補足之。"
		},
		{
			"number": 1000,
			"content": "本細則自發布日施行。"
		}
	]
}