{
	"pcode": "A0030043",
	"type": "命令",
	"title": "行政院所屬各機關委託研究計畫管理辦法",
	"url": "https://law.moj.gov.tw/LawClass/LawAll.aspx?pcode=A0030043",
	"category": [
		"廢止法規",
		"行政院研究發展考核委員會"
	],
	"lastUpdate": "20080702",
	"isDiscarded": true,
	"isTranslated": false,
	"history": [
		"中華民國八十二年二月八日行政院（82）台研展字第 00470 號令訂定發布全文 15 條",
		"中華民國八十八年二月十二日行政院（88）台研展字第 00812 號令修正發布全文 16 條",
		"中華民國九十七年七月二日行政院院授研展字第 0972160677 號令發布廢止"
	],
	"divisions": [],
	"articles": [
		{
			"number": 100,
			"content": "為加強行政院所屬各機關 (構)  (以下簡稱各機關) 委託研究計畫之管理\r\n，特訂定本辦法。"
		},
		{
			"number": 200,
			"content": "本辦法所稱委託研究計畫，指各機關依業務需要，動用公務預算或其主管\r\n運用屬政府所有之基金作為研究經費，委託大專院校、研究機構、團體或\r\n個人執行具研究性質之計畫。\r\n各級行政機關研究發展實施辦法第三條第三款所稱之合作研究，具有委託\r\n性質者，準用本辦法管理。"
		},
		{
			"number": 300,
			"content": "委託研究計畫，依計畫性質分類如下：\r\n一、行政及政策類研究：各機關依業務需要辦理，其研究成果係作為政府\r\n    機關業務改進或政策研擬參考者。\r\n二、科學及技術類研究：各機關為提升國家科學技術而辦理者。\r\n前項第一款行政及政策類研究計畫之中央主管機關為行政院研究發展考核\r\n委員會 (以下簡稱行政院研考會) ，第二款科學及技術類研究計畫之中央\r\n主管機關為行政院國家科學委員會 (以下簡稱行政院國科會) 。"
		},
		{
			"number": 400,
			"content": "行政院所屬一級機關應視業務特性，依本辦法及相關法令，訂定委託研究\r\n計畫作業規定，統籌管理所屬機關 (單位) 之委託研究計畫；所訂委託研\r\n究計畫作業規定，應送行政院備查。\r\n前項各機關委託研究計畫作業規定，應包括內容如下：\r\n一、專責之統籌管理單位。\r\n二、委託研究主題之選定。\r\n三、研究計畫資料之建檔、傳輸及公開。\r\n四、委託對象、研究人員與研究計畫書之審查及選定。\r\n五、研究經費項目、標準及收支處理。\r\n六、委託契約之簽訂程序。\r\n七、研究進度之管制及查核。\r\n八、研究報告之審查或研究成果之驗收。\r\n九、研究報告之印製格式。\r\n十、研究報告之陳核程序。\r\n十一、研究成果之運用。\r\n十二、研究成果之公開。\r\n十三、研究報告之管理。\r\n十四、其他有關事項。"
		},
		{
			"number": 500,
			"content": "行政院國科會應建立各機關研究計畫基本資料庫 (以下簡稱 GRB  檔) ，\r\n供各機關登錄建檔及查詢委託研究計畫資料；登錄及查詢作業規範，由行\r\n政院國科會定之。"
		},
		{
			"number": 600,
			"content": "各機關委託研究主題之選定，應以符合施政計畫及業務發展需要為原則。\r\n各機關應參考行政院國科會 GRB檔，審慎選定委託研究主題、委託對象及\r\n研究人員；選定委託對象時，除應審酌主持人主持研究能力外，同一期間\r\n接受政府委託研究計畫達二項以上者，尤應審慎衡酌考量。\r\n前項所稱同一期間，指研究計畫之研究期程重疊達四個月以上。"
		},
		{
			"number": 700,
			"content": "各機關委託研究計畫主題及其研究重點，非屬限閱或機密性質者，應於選\r\n定後刊登於機關網頁。"
		},
		{
			"number": 800,
			"content": "各機關委託研究計畫書內容應包括下列各項：\r\n一、研究主旨。\r\n二、背景分析。\r\n三、研究方法及步驟。\r\n四、研究人員及分工配置、研究人員學、經歷、主持人及協 (共) 同主持\r\n    人參與政府委託研究計畫情形。\r\n五、研究經費。\r\n六、研究進度。\r\n七、研究預期成果。\r\n八、相關參考資料。\r\n九、GRB表。\r\n委託研究計畫如須出國考察，應另提出國計畫書，併委託研究計畫書審查\r\n；考察報告應列為研究報告附錄或由委託機關存檔備查。"
		},
		{
			"number": 900,
			"content": "各機關與受委託者應簽訂委託研究契約，契約應規範事項如下：\r\n一、委託機關、受委託者、雙方代表人 (或負責人) 及研究主持人。\r\n二、計畫名稱及執行期間。\r\n三、計畫之經費與其撥付、報銷及所得稅扣繳方式。\r\n四、計畫變更或終止之程序。\r\n五、圖書、儀器、設備之購用及處理。\r\n六、研究成果提送階段及期限。\r\n七、智慧財產權之歸屬。\r\n八、研究資訊及成果公開之處理方式。\r\n九、受委託者保守委託契約內容及委託機關業務機密之義務。\r\n十、受委託者及委託機關雙方對可能侵害第三者智慧財產權應負之責任。\r\n十一、受委託者配合委託機關查核計畫執行情形之義務。\r\n十二、受委託者接受研究成果驗收之義務。\r\n十三、受委託者告知研究過程及應用有危害人體健康、污染環境或公共危\r\n      險之虞之義務。\r\n十四、違反約定事項之處理。\r\n十五、其他有關事項。"
		},
		{
			"number": 1000,
			"content": "各機關應指定專人管理委託研究報告；非屬限閱或機密性質者，得予辦理\r\n研究成果發表會，並應送指定圖書館寄存，供公眾參考使用；其寄存作業\r\n規範，由行政院國科會會同行政院研考會及國家圖書館定之。"
		},
		{
			"number": 1100,
			"content": "各機關委託研究報告重要內容，非屬限閱或機密性質者，應予摘要，送行\r\n政院國科會科學技術資料中心建立研究報告摘要電子資料庫，供公眾查詢\r\n參考使用；其作業規範，由行政院國科會定之。"
		},
		{
			"number": 1200,
			"content": "由民間企業提供配合款進行之委託研究計畫，其研究成果之公開及運用，\r\n依所立委託契約為之；其研究計畫基本資料之登錄，應依第五條規定辦理\r\n。"
		},
		{
			"number": 1300,
			"content": "中央主管機關得會同相關機關就各機關委託研究計畫管理情形進行實地查\r\n核。\r\n各機關對於研究主持人於同一期間接受政府委託二項以上之研究計畫以及\r\n連續三次以上委託同一單位或人員辦理之研究計畫，應予列為計畫成效查\r\n核重點。"
		},
		{
			"number": 1400,
			"content": "委託機關之人員參與委託研究工作，不得支領研究計畫經費。"
		},
		{
			"number": 1500,
			"content": "行政院所屬各機關 (構) 以外之政府機關 (構) 委託研究計畫，得參照本\r\n辦法自訂作業規定辦理。"
		},
		{
			"number": 1600,
			"content": "本辦法自發布日施行。"
		}
	]
}