{
	"pcode": "A0030123",
	"type": "命令",
	"title": "試辦金門馬祖澎湖與大陸地區通航實施辦法",
	"url": "https://law.moj.gov.tw/LawClass/LawAll.aspx?pcode=A0030123",
	"category": [
		"行政",
		"大陸委員會",
		"通用法規目"
	],
	"lastUpdate": "20180717",
	"isTranslated": true,
	"english": "Regulations Governing the Trial Operation of Transportation Links Between Kinmen/Matsu/Penghu and the Mainland Area",
	"attachments": [
		"https://law.moj.gov.tw/LawClass/LawGetFile.ashx?FileId=0000132302",
		"https://law.moj.gov.tw/LawClass/LawGetFile.ashx?FileId=0000235580"
	],
	"history": [
		"中華民國八十九年十二月十五日行政院（89）台秘字第 35051 號令訂定發布全文 36 條；並自八十九年十二月二十五日施行",
		"中華民國九十年九月十九日行政院（90）台秘字第 048385 號令修正發布第 10、12、13、14、20、26、27 條條文；並增訂第 20-1 條條文中華民國九十年十二月三十一日行政院（90）台秘字第 078548 號函發布通航試辦期間延展一年自九十一年一月一日起至十二月三十一日止",
		"中華民國九十一年七月三十一日行政院院臺秘字第 0910038435 號令修正發布第 10、15、25～27 條條文；並增訂第 10-1、10-2、35-1 條條文；並定自九十一年八月一日施行中華民國九十一年十二月三十日行政院院臺秘字第 0910092923 號函發布試辦通航期間延展一年自九十二年一月一日至十二月三十一日止",
		"中華民國九十二年十一月十八日行政院院臺秘字第 0920061568 號令修正發布第 14 條條文；並自九十二年十一月二十日施行",
		"中華民國九十三年三月一日行政院院臺秘字第 0930082484 號令修正發布第 1、5、6、7、10、10-1、10-2、11、12、13、15、17、23、35、35-1 條條文及第 27 條條文之附表；增訂第 12-1 條條文；並定自九十三年三月一日施行",
		"中華民國九十四年二月二十二日行政院院臺陸字第 0940005612 號令修正發布第 10、10-1、10-2、12、13、14、15、20 條條文；並定自九十四年二月二十一日施行",
		"中華民國九十四年九月二十八日行政院院臺陸字第 0940046720 號令修正發布第 29 條條文；並定自九十四年十月三日施行",
		"中華民國九十五年四月二十八日行政院院臺陸字第 0950019133 號令修正發布第 10、10-1、10-2 條條文；並定自九十五年五月一日施行",
		"中華民國九十五年十二月二十九日行政院院臺陸字第 0950095723 號令修正發布第 10、10-1、10-2、12、36 條條文；並自發布日施行",
		"中華民國九十六年三月三十一日行政院院臺陸字第 0960014012 號令修正發布第 10、10-1、10-2、12、14、15、17～19 條條文；並定自九十六年三月三十一日施行",
		"中華民國九十七年三月三十一日行政院院臺陸字第 0970012595 號令修正發布第 10、10-1、10-2、19 條條文；並定自九十七年四月一日施行",
		"中華民國九十七年六月十九日行政院院臺陸字第 0970087164 號令修正發布第 10、10-1、13～15、20 條條文；刪除第 10-2、11、12-1、35-1 條條文；並定自九十七年六月十九日施行",
		"中華民國九十七年九月三十日行政院院臺陸字第 0970042578 號令修正發布第 10、12、14、15、19、20-1 條條文；刪除第 25 條條文；並定自九十七年九月三十日施行",
		"中華民國九十七年十月十五日行政院院臺陸字第 0970046469 號令修正發布名稱及全文 33 條；並定自九十七年十月十五日施行（原名稱：試辦金門馬祖與大陸地區通航實施辦法；新名稱：試辦金門馬祖澎湖與大陸地區通航實施辦法）",
		"中華民國九十九年七月十二日行政院院臺陸字第 0990038036 號令修正發布第 4、10、12～15 條條文；刪除第 27～29 條條文；並定自九十九年七月十五日施行",
		"中華民國一百年六月二十八日行政院院臺陸字第 1000033224 號令修正發布第 6、12、13、19 條條文；並定自一百年六月三十日施行",
		"中華民國一百零二年七月十九日行政院院臺法字第 1020042507 號令修正發布第 4、14 條條文及第 26 條條文之附表；並定自一百零二年八月一日施行中華民國一百零二年七月十九日行政院院臺規字第 1020141353 號公告第 26 條第 1 項附表所列屬「行政院衛生署中醫藥委員會」之權責事項，自一百零二年七月二十三日起改由「衛生福利部」管轄",
		"中華民國一百零三年十二月四日行政院院臺法字第 1030066170 號令修正發布第 4、11～14、20 條條文；並定自一百零四年一月一日施行中華民國一百零三年十二月二十六日行政院院臺規字第 1030158355 號公告第 10 條第 1 項 、 第 2 項 、 第 3 項 、 第 4 項 、 第 11 條第 2 項 、 第 3 項 、 第 12 條第 1 項 、 第 2 項 、 第 5 項 、 第 13 條第 1 項 、 第 14 條第 1 項 、 第 3 項 、 第 5 項 、 第 15 條第 1 項所列屬「內政部入出國及移民署」之權責事項，自一百零四年一月二日起改由「內政部移民署」管轄",
		"中華民國一百零七年七月十七日行政院院臺法字第 1070023230 號令修正發布第 4、6、10～12、17 條條文；刪除第 18 條條文；並定自一百零七年八月十五日施行"
	],
	"divisions": [],
	"articles": [
		{
			"number": 100,
			"content": "本辦法依離島建設條例第十八條及臺灣地區與大陸地區人民關係條例（以\r\n下簡稱本條例）第九十五條之一第二項規定訂定之。"
		},
		{
			"number": 200,
			"content": "依本辦法試辦通航之港口，由交通部報請行政院指定為離島兩岸通航港口\r\n後，公告之。"
		},
		{
			"number": 300,
			"content": "中華民國船舶或大陸船舶經申請許可，得航行於離島兩岸通航港口與經交\r\n通部核定之大陸地區港口間；外國籍船舶經特許者，亦同。\r\n大陸船舶入出離島兩岸通航港口及在港口停泊期間應遵行之相關事項，得\r\n由交通部或有關機關另定之。"
		},
		{
			"number": 400,
			"content": "經營離島兩岸通航港口與大陸地區港口間之定期固定航線業務者，應檢附\r\n申請書、營運計畫及相關文件，向航政機關申請許可後，始得航行。\r\n大陸地區之船舶運送業應委託在臺灣地區船務代理業，申請前項許可。\r\n第一項許可期間，以二年為限，並得於期限屆滿三十日前重新申請許可。\r\n經公告無船舶運送業經營第一項業務，且經航政機關會商大陸事務主管機\r\n關認航線有持續經營之必要者，得依需求徵求中華民國籍船舶運送業經營\r\n該固定航線，營運所生之損失得酌予補貼；其補貼之條件、方式及監督考\r\n核等事項，由航政機關辦理之。"
		},
		{
			"number": 500,
			"content": "經營前條業務以外之不定期航線業務者，應逐船逐航次專案向離島兩岸通\r\n航港口之航政機關申請許可，始得航行。"
		},
		{
			"number": 600,
			"content": "本辦法施行前已設籍金門、馬祖之漁船，經依船舶法申請變更用途，並於\r\n註銷漁業執照或獲准休業後，得向當地縣政府申請許可從事金門、馬祖與\r\n大陸兩岸間之水產品運送；其許可條件，由當地縣政府定之。\r\n前項以船舶經營水產品運送而收取報酬者，應另依航業法及其相關法規規\r\n定，向航政主管機關申請營業許可。\r\n中華民國一百零七年一月十八日前設籍金門、馬祖之漁船，經許可得航行\r\n至大陸地區，其許可條件，由當地縣政府擬訂，報請中央主管機關核定。"
		},
		{
			"number": 700,
			"content": "船舶入出離島兩岸通航港口，應依指定之航道航行。\r\n前項航行航道，由交通部會同相關機關劃設，並公告及刊登政府公報。\r\n船舶違反第一項規定者，得廢止其航行許可，並按其情節，得對所屬船舶\r\n所有人申請船舶航行案件，不予許可。"
		},
		{
			"number": 800,
			"content": "船舶入出離島兩岸通航港口，應開啟國際海事通信頻道，並依交通部規定\r\n，於一定期限內裝設船位自動回報系統或電子識別裝置。"
		},
		{
			"number": 900,
			"content": "船舶入出離島兩岸通航港口，港務及棧埠管理相關業務，應依各該港口港\r\n務及棧埠管理規定辦理。"
		},
		{
			"number": 1000,
			"content": "臺灣地區人民得持憑有效護照，經內政部移民署（以下簡稱移民署）查驗\r\n許可後，由金門、馬祖或澎湖入出大陸地區。\r\n金門、馬祖或澎湖設有戶籍六個月以上之臺灣地區人民，得向移民署申請\r\n許可核發三年效期多次入出境許可證，經查驗後由金門、馬祖或澎湖入出\r\n大陸地區。\r\n外國人得持憑有效簽證及有效護照或旅行證件，或適用以免簽證方式入國\r\n之有效護照，經移民署查驗許可後，由金門、馬祖或澎湖入出大陸地區；\r\n香港或澳門居民，持憑有效入出境許可證者，亦同。\r\n香港或澳門居民適用臨時入境停留方式入境者，於入境金門、馬祖或澎湖\r\n時，得向港口之移民署申請發給臨時入境停留通知單，持憑入出境。"
		},
		{
			"number": 1100,
			"content": "本條例第九條第三項及第四項人員，申請由金門、馬祖或澎湖入出大陸地\r\n區者，除第二項所定人員依該項規定辦理外，應先依臺灣地區公務員及特\r\n定身分人員進入大陸地區許可辦法及簡任第十職等及警監四階以下未涉及\r\n國家安全機密之公務員及警察人員赴大陸地區作業要點，申請許可或同意\r\n。\r\n下列人員申請赴大陸地區從事交流活動，得向移民署申請許可，持憑有效\r\n護照經查驗許可後，由金門、馬祖或澎湖入出大陸地區：\r\n一、金門、連江及澎湖縣縣長。\r\n二、服務於金門、連江及澎湖縣各機關之政務人員。\r\n三、服務於金門、連江及澎湖縣各機關未涉及國家安全機密之簡任或相當\r\n    簡任第十一職等以上公務員或警監三階以上警察人員。\r\n移民署為前項許可前，必要時，得會商相關機關。"
		},
		{
			"number": 1200,
			"content": "大陸地區人民有下列情形之一者，得向移民署申請許可入出金門、馬祖或\r\n澎湖：\r\n一、社會交流：包括探親、探病、奔喪、人道探視或其他交流活動。\r\n二、藝文商務交流：包括學術、體育、宗教、文化、商務或其他交流活動\r\n    。\r\n三、就學：包括就讀推廣教育學分班及非學分班。\r\n四、旅行：包括組團及個人旅遊。\r\n移民署為前項許可前，必要時，得會商相關機關。\r\n第一項第四款情形，以組團方式辦理者，每團人數限三人以上四十人以下\r\n，整團同時入出，不足三人之團體不予許可，並禁止入境。\r\n大陸地區人民於金門、馬祖或澎湖海域，因突發之緊急事故，得申請救助\r\n進入金門、馬祖或澎湖避難。\r\n大陸地區人民進入臺灣地區患重病、受重傷、發生天災或其他特殊事故，\r\n其必要協處人員，得向移民署申請專案許可，往返金門、馬祖或澎湖與大\r\n陸地區；該大陸地區人民經許可之停留期間屆滿者，亦同。\r\n大陸地區人民依本辦法許可入境者，其停留地點以金門、馬祖或澎湖為限\r\n。"
		},
		{
			"number": 1300,
			"content": "依前條第一項第一款至第三款規定申請者，應由金門、馬祖或澎湖親屬、\r\n同性質廠商、學校或相關之團體備具申請書及相關證明文件，向移民署在\r\n金門、馬祖或澎湖所設服務站（以下簡稱服務站）代申請進入金門、馬祖\r\n或澎湖，並由其親屬或負責人擔任保證人。\r\n依前條第一項第四款規定申請者，應由交通部觀光局許可在金門、馬祖或\r\n澎湖營業之綜合或甲種旅行社向服務站代申請進入金門、馬祖或澎湖，並\r\n由其負責人擔任保證人；個人旅遊者，應另備最低投保金額新臺幣二百萬\r\n元之旅遊平安保險或其他傷害保險證明文件及註明大陸地區緊急聯絡人之\r\n行程表。\r\n前條第四項情形，由救助人代申請之。"
		},
		{
			"number": 1400,
			"content": "大陸地區人民依第十二條規定申請經許可者，得核發六個月效期之往來金\r\n門、馬祖或澎湖單次入出境許可證或一年至三年效期之多次入出境許可證\r\n，由當事人持憑連同有效之大陸居民往來臺灣通行證或大陸地區旅行證件\r\n（不包含港澳通行證），經移民署查驗後入出金門、馬祖或澎湖。\r\n前項入出境許可證效期，必要時，得予縮短；應備查驗文件，必要時，得\r\n予增加。\r\n以旅行事由申請者，得於入境金門、馬祖、澎湖時向移民署申請發給臨時\r\n入境停留通知單，持憑入出境。其適用對象、限制方式、人數及應備文件\r\n，由移民署公告，並刊登政府公報。\r\n大陸地區人民依第十二條規定申請許可者，其停留期間如下，並不得辦理\r\n一般延期：\r\n一、社會交流：每次停留期間不得逾二個月。\r\n二、藝文商務交流：按實際需要核給，每次最長停留期間不得逾三個月。\r\n三、就學：每次停留期間不得逾四個月。\r\n四、旅行：每次停留期間不得逾十五日。\r\n依本辦法許可入境之大陸地區人民，因疾病住院、災變或其他特殊事故，\r\n未能依限出境者，得向服務站申請延期停留，每次不得逾十五日。但經移\r\n民署會同相關機關認有必要者，得酌予延長期間及次數；其停留期間之相\r\n關費用，由代申請人代墊付。"
		},
		{
			"number": 1500,
			"content": "大陸地區人民依本辦法以外之其他法令經許可進入臺灣地區者，得持憑有\r\n效入出境許可證，經移民署查驗，由金門、馬祖或澎湖入出大陸地區。但\r\n臺灣地區人民之配偶依法須經機場、港口接受面談者，應符合下列情形之\r\n一，始得由金門、馬祖或澎湖入出大陸地區：\r\n一、來臺地址為金門、馬祖或澎湖。\r\n二、在大陸地區福建設有戶籍。\r\n大陸地區人民申請進入金門、馬祖或澎湖，內政部得限制人數。"
		},
		{
			"number": 1600,
			"content": "大陸地區人民在經政府核准往返金門、馬祖或澎湖與大陸地區航行之船舶\r\n服務之船員或服務於船舶之人員，因航行任務抵達離島兩岸通航港口，須\r\n離開港區臨時停留者，得由所屬之船舶運送業者在金門、馬祖或澎湖之船\r\n務代理業者，向服務站代申請臨時停留許可證，並經查驗後進入金門、馬\r\n祖或澎湖，停留期間不得逾船舶靠泊港口期間。"
		},
		{
			"number": 1700,
			"content": "大陸地區人民在中共黨務、軍事、行政或其他公務機關任職者，申請進入\r\n金門、馬祖或澎湖，得不予許可；已許可者，得撤銷或廢止其許可，並註\r\n銷其入出境許可證。有下列情形之一者，亦同：\r\n一、參加暴力或恐怖組織，或其活動。\r\n二、涉有內亂罪、外患罪重大嫌疑。\r\n三、涉嫌重大犯罪或有犯罪習慣。\r\n四、曾未經許可入境。\r\n五、（曾）經許可入境，逾停留期限。\r\n六、（曾）從事與許可目的不符之活動或工作。\r\n七、（曾）有事實足認為有犯罪、違反公共秩序或善良風俗之行為。\r\n八、有事實足認為有危害國家安全或社會安定之虞。\r\n九、患有足以妨害公共衛生或社會安寧之傳染病、精神病或其他疾病。\r\n十、其他曾違反法令規定情形。\r\n大陸地區人民申請進入金門、馬祖或澎湖，有下列情形之一，已入境者，\r\n自出境之日起，未入境者，自不予許可、撤銷、廢止許可之翌日起算，於\r\n一定期間內不予許可其申請進入金門、馬祖或澎湖。但曾入境現已出境者\r\n，自出境之日起算：\r\n一、有前項第四款情形者，其不予許可期間為五年。\r\n二、有前項第五款情形者，其不予許可期間為一年至三年。\r\n三、有前項第六款情形者，其不予許可期間為一年至三年，其係經強制出\r\n    境或限令出境者，不予許可期間為三年至五年。\r\n四、有前項第七款情形者，其不予許可期間為一年至五年。\r\n五、有前項第九款情形者，其不予許可期間至痊癒或經證明病情穩定之日\r\n    。"
		},
		{
			"number": 1800,
			"content": "（刪除）"
		},
		{
			"number": 1900,
			"content": "大陸地區人民經依第十二條規定申請許可進入金門、馬祖或澎湖，而有逾\r\n期停留或從事與許可目的不符之活動或工作者，其代申請人、綜合或甲種\r\n旅行社，內政部得視情節輕重，一年以內不受理其代申請案件；其已代申\r\n請尚未許可之案件，不予許可。未依限帶團全數出境之綜合或甲種旅行社\r\n，亦同。\r\n大陸地區人民以旅行事由申請許可進入金門、馬祖或澎湖，而有第十七條\r\n第一項第五款之情形者，於不予許可期間屆滿次日起算三年內，不得以臨\r\n時入境停留通知單方式入境。\r\n大陸地區船員或服務於船舶之人員經許可臨時停留，違反第十六條規定者\r\n，該船舶所屬之船舶運送業者在金門、馬祖或澎湖之船務代理業者，六個\r\n月內不得以該船舶申請大陸地區船員或服務於船舶之人員臨時停留。\r\n金門、馬祖或澎湖之旅行業辦理接待大陸地區人民來金門、馬祖或澎湖旅\r\n行業務，其監督管理，由交通部或其授權之機關辦理。"
		},
		{
			"number": 2000,
			"content": "中華民國船舶有專案申請由臺灣本島航行經金門、馬祖或澎湖進入大陸地\r\n區必要時，應備具船舶資料、活動名稱、預定航線、航程及人員名冊，向\r\n航政機關申請航行許可；船舶經金門、馬祖或澎湖應停泊，經查驗船舶航\r\n行文件後，得進入大陸地區。\r\n前項專案許可，由航政機關會同有關機關辦理。"
		},
		{
			"number": 2100,
			"content": "金門、馬祖或澎湖與大陸地區貿易，得以直接方式為之，並應依有關法令\r\n取得許可或免辦許可之規定辦理。"
		},
		{
			"number": 2200,
			"content": "大陸地區物品符合下列情形之一者，得輸入金門、馬祖或澎湖：\r\n一、經濟部公告准許金門、馬祖或澎湖輸入項目及其條件之物品。\r\n二、財政部核定並經海關公告准許入境旅客攜帶入境之物品。\r\n三、其他經經濟部專案核准之物品。\r\n前項各款物品，經濟部得停止其輸入。"
		},
		{
			"number": 2300,
			"content": "經濟部依前條第一項第一款公告准許輸入之大陸地區物品，得包括下列各\r\n項：\r\n一、經准許輸入臺灣地區之項目。\r\n二、金門、馬祖或澎湖當地縣政府提報，並經貨品主管機關同意之項目。"
		},
		{
			"number": 2400,
			"content": "輸入第二十二條第一項之物品，應向經濟部申請輸入許可證。但經經濟部\r\n公告免辦輸入許可證之項目，不在此限。"
		},
		{
			"number": 2500,
			"content": "金門、馬祖或澎湖與大陸地區運輸工具之往來及貨物輸出入、攜帶或寄送\r\n，以進出口論；其運輸工具、人員及貨物之通關、檢驗、檢疫、管理及處\r\n理等，依有關法令規定辦理。\r\n前項進口物品未經許可，不得轉運金門、馬祖或澎湖以外之臺灣地區；金\r\n門、馬祖或澎湖以外之臺灣地區物品，未經許可，不得經由金門、馬祖或\r\n澎湖轉運大陸地區。違者，依海關緝私條例第三十六條至第三十九條規定\r\n處罰。\r\n前項許可條件，由經濟部公告，並刊登政府公報。\r\n金門、馬祖或澎湖私運、報運貨物進出口之查緝，依海關緝私條例之規定\r\n；離島兩岸通航港口，就通航事項，準用通商口岸之規定。"
		},
		{
			"number": 2600,
			"content": "自金門、馬祖或澎湖郵寄或旅客攜帶進入臺灣本島之少量自用大陸地區物\r\n品，其品目及數量限額如附表。\r\n前項郵寄或旅客攜帶之大陸地區物品，其項目、數量超過前項限制範圍者\r\n，由海關依關稅法第九十六條第一項及第二項規定處理。"
		},
		{
			"number": 2700,
			"content": "（刪除）"
		},
		{
			"number": 2800,
			"content": "（刪除）"
		},
		{
			"number": 2900,
			"content": "（刪除）"
		},
		{
			"number": 3000,
			"content": "我國軍艦進出離島兩岸通航港口港區，由地區軍事機關負責管制；如遇緊\r\n急狀況時，有優先進出及繫泊之權利。\r\n軍用物資之港口勤務作業及船席指泊，由地區軍事機關及部隊分配船席辦\r\n理及清運。\r\n國軍各軍事機關及部隊為辦理前二項事務，得協調地區港務機關不定期實\r\n施應變演習。"
		},
		{
			"number": 3100,
			"content": "為處理試辦通航相關事務，行政院得在金門、馬祖設置行政協調中心，其\r\n設置要點由行政院定之。\r\n交通部為協調海關檢查、入出境證照查驗、檢疫、緝私、安全防護、警衛\r\n、商品檢驗等業務與相關之管理事項，得設置離島兩岸通航港口檢查協調\r\n中心；其設置要點，由交通部另定之。"
		},
		{
			"number": 3200,
			"content": "本辦法試辦期間，如有危害國家利益、安全之虞或其他重大事由時，得由\r\n行政院以命令終止一部或全部之實施。"
		},
		{
			"number": 3300,
			"content": "本辦法施行日期，由行政院定之。"
		}
	]
}