{
	"pcode": "A0030157",
	"type": "法律",
	"title": "法律扶助法",
	"url": "https://law.moj.gov.tw/LawClass/LawAll.aspx?pcode=A0030157",
	"category": [
		"司法",
		"院本部",
		"司法行政目"
	],
	"lastUpdate": "20150701",
	"isTranslated": true,
	"english": "Legal Aid Act",
	"history": [
		"中華民國九十三年一月七日總統華總一義字第 09200249481 號令制定公布全文 66 條；本法施行日期由司法院定之中華民國九十三年六月十四日司法院院台廳司四字第 0930015417 號令發布自九十三年六月二十日施行",
		"中華民國九十八年十二月三十日總統華總一義字第 09800324421 號令修正公布第 54 條條文；施行日期由司法院定之中華民國九十九年八月三十日司法院院台廳司四字第 0990020597 號令發布定自九十九年一月一日施行",
		"中華民國一百零四年七月一日總統華總一義字第 10400077881 號令修正公布全文 68 條；施行日期由司法院定之中華民國一百零四年七月三日司法院院台廳司四字第 1040017783 號令發布除第 7、37、38、40、41、44、48、51～55、59 條定自一百零五年三月二十三日施行外，其餘條文定自一百零四年七月六日施行"
	],
	"divisions": [
		{
			"type": "章",
			"number": 100,
			"title": "總則",
			"start": 100,
			"end": 1200
		},
		{
			"type": "章",
			"number": 200,
			"title": "法律扶助之申請",
			"start": 1300,
			"end": 2200
		},
		{
			"type": "章",
			"number": 300,
			"title": "扶助律師及其酬金",
			"start": 2300,
			"end": 3500
		},
		{
			"type": "章",
			"number": 400,
			"title": "救濟程序",
			"start": 3600,
			"end": 3600
		},
		{
			"type": "章",
			"number": 500,
			"title": "基金會之組織及監督",
			"start": 3700,
			"end": 6000
		},
		{
			"type": "章",
			"number": 600,
			"title": "附則",
			"start": 6100,
			"end": 6800
		}
	],
	"articles": [
		{
			"number": 100,
			"content": "為保障人民權益，對於無資力或因其他原因，無法受到法律適當保護者，\r\n提供必要之法律扶助，特制定本法。"
		},
		{
			"number": 200,
			"content": "國家負有推展法律扶助事務及提供必要資金之責任。\r\n各級法院、檢察署、律師公會及律師負有協助實施法律扶助事務之義務。"
		},
		{
			"number": 300,
			"content": "為實現本法之立法目的，應成立財團法人法律扶助基金會（以下簡稱基金\r\n會）；其捐助及組織章程，由主管機關定之。\r\n本法主管機關為司法院。"
		},
		{
			"number": 400,
			"content": "本法所稱法律扶助，包括下列事項：\r\n一、訴訟、非訟、仲裁及其他事件之代理、辯護或輔佐。\r\n二、調解、和解之代理。\r\n三、法律文件撰擬。\r\n四、法律諮詢。\r\n五、其他法律事務上必要之服務及費用。\r\n六、其他經基金會決議之事項。"
		},
		{
			"number": 500,
			"content": "本法所稱無資力者，係指下列情形之一：\r\n一、符合社會救助法規定之低收入戶、中低收入戶。\r\n二、符合特殊境遇家庭扶助條例第四條第一項之特殊境遇家庭。\r\n三、其可處分之資產及每月可處分之收入低於一定標準。\r\n申請人非同財共居之配偶或親屬，其名下財產不計入前項第三款之可處分\r\n之資產。前項第三款之資產及收入，申請人與其父母、子女、配偶或同財\r\n共居親屬間無扶養事實者得不計入；申請人與其配偶長期分居者，亦同。\r\n第一項第三款可處分資產、收入標準及前項之認定辦法，由基金會定之。\r\n本法所稱因其他原因無法受到法律適當保護者，係指下列情形之一：\r\n一、涉犯最輕本刑為三年以上有期徒刑或高等法院管轄第一審案件，於偵\r\n    查中初次詢（訊）問、審判中，未經選任辯護人。\r\n二、被告或犯罪嫌疑人具原住民身分，於偵查、審判中未經選任辯護人。\r\n三、因神經系統構造及精神、心智功能損傷或不全，無法為完全陳述，於\r\n    偵查、審判中未經選任辯護人；或於審判中未經選任代理人，審判長\r\n    認有選任之必要。\r\n四、前三款情形，於少年事件調查、審理中，未經選任輔佐人。\r\n五、其他審判、少年事件未經選任辯護人、代理人或輔佐人，審判長認有\r\n    選任之必要。\r\n六、重大公益、社會矚目、重大繁雜或其他相類事件，經基金會決議。"
		},
		{
			"number": 600,
			"content": "基金會之基金為新臺幣一百億元，除鼓勵民間捐助外，由主管機關逐年編\r\n列預算捐助。\r\n創立基金新臺幣五億元，由主管機關於第一個年度編足預算捐助。"
		},
		{
			"number": 700,
			"content": "基金會之捐助及組織章程應載明下列事項：\r\n一、宗旨。\r\n二、名稱。\r\n三、基金會及分會會址。\r\n四、基金種類、數額、保管及運用方法。\r\n五、業務項目。\r\n六、組織。\r\n七、人事管理。\r\n八、業務及財務之監督及管理。\r\n九、法律扶助之申請、審查及覆議等。\r\n十、董事會及監察人會議。\r\n十一、幹部及職員。\r\n十二、會計。\r\n十三、章程之變更。\r\n十四、依本法授權訂定之辦法，其訂定、修正及廢止程序。\r\n十五、財產處分之程序。\r\n十六、解散事由、清算程序及賸餘財產之歸屬。\r\n十七、其他依本法所定重要事項。"
		},
		{
			"number": 800,
			"content": "主管機關應依基金會業務需求，逐年編列預算補助。\r\n中央政府相關部會應編列補助款補助之。\r\n基金會其他經費來源如下：\r\n一、直轄市、縣（市）政府之補助款。\r\n二、支付公庫之緩起訴處分金或協商判決金。\r\n三、全國性及各地方律師公會之捐贈。\r\n四、基金之孳息。\r\n五、受扶助人依本法所分擔或負擔之酬金及必要費用。\r\n六、其他團體或個人之捐贈。\r\n七、其他收入。\r\n前項第三款、第六款、第七款之收入，於會計年度結束後之結餘款，應轉\r\n入第六條第一項所定之基金。\r\n第三項第二款之經費，由主管機關依前三年度平均總金額百分之十五，併\r\n同第一項預算編列之。"
		},
		{
			"number": 900,
			"content": "基金會會址設於主管機關所在地。但經主管機關核准者，不在此限。\r\n基金會得按地方法院轄區設立基金會分會（以下簡稱分會）。"
		},
		{
			"number": 1000,
			"content": "基金會辦理事項如下：\r\n一、訂定、修正及廢止法律扶助辦法。\r\n二、規劃、執行法律扶助事務。\r\n三、法律扶助經費之募集、管理及運用。\r\n四、推廣法律扶助、弱勢人權議題之教育。\r\n五、受理機關（構）、團體委託執行法律扶助事務。\r\n六、推動與法律扶助、弱勢人權議題相關之法令建置。\r\n七、不服分會審查委員會決定之覆議案件。\r\n八、扶助律師之評鑑。\r\n九、其他法律扶助事宜。\r\n基金會辦理前項第五款之事項，應依基金會與委託之政府機關（構）、團\r\n體之契約辦理。"
		},
		{
			"number": 1100,
			"content": "分會辦理事項如下：\r\n一、法律扶助事件准駁、變更、撤銷及終止之審議與執行。\r\n二、酬金及必要費用之預付、給付、酌增、酌減、取消、返還、分擔或負\r\n    擔之審議與執行。\r\n三、受扶助人與扶助律師間爭議之調解。\r\n四、協助法律扶助經費之募集。\r\n五、執行基金會交辦事項及其他法律扶助事項。"
		},
		{
			"number": 1200,
			"content": "依本法授權基金會訂定之辦法，涉及組織編制、基金及經費之運用、重大\r\n措施者，其訂定、修正及廢止，應經主管機關核定，其餘應報請主管機關\r\n備查。"
		},
		{
			"number": 1300,
			"content": "無資力或因其他原因無法受到法律適當保護者，得申請法律扶助。\r\n符合下列情形之一者，於申請法律扶助時，無須審查其資力：\r\n一、第五條第一項第一款、第二款。\r\n二、第五條第四項第一款至第五款。\r\n三、得依消費者債務清理條例清理債務之債務人。\r\n四、言詞法律諮詢。\r\n有下列情形之一者，經切結後推定為無資力，無須審查其資力：\r\n一、依就業服務法第四十六條第一項第八款至第十款引進之外國人。\r\n二、經濟弱勢且尚未歸化或歸化後尚未設有戶籍之國人配偶。\r\n前項之認定辦法，由基金會定之。\r\n第五條第四項第六款之事件應否審查資力，由基金會決議之。\r\n符合第二項第二款之情形，未申請法律扶助，審判長或檢察官得通知基金\r\n會指派扶助律師為其辯護或輔佐。"
		},
		{
			"number": 1400,
			"content": "非中華民國國民符合下列情形之一者，本法之扶助規定亦適用之：\r\n一、合法居住於中華民國境內之人民。\r\n二、因不可歸責於己之事由而喪失居留權。\r\n三、人口販運案件之被害人或疑似被害人。\r\n四、非居住於中華民國境內之人民，曾因同一事實受基金會扶助。\r\n五、非居住於中華民國境內之人民，對於他人曾因同一事實受基金會扶助\r\n    後死亡，依中華民國法律得行使權利。\r\n六、非居住於中華民國境內之人民，對於他人因職業災害死亡，依中華民\r\n    國法律得行使權利。\r\n七、其他經基金會決議。\r\n前項之審查辦法，由基金會定之。"
		},
		{
			"number": 1500,
			"content": "法律扶助之申請，有下列情形之一者，不應准許：\r\n一、依申請人之陳述及所提資料，顯無理由。\r\n二、申請人勝訴所可能獲得之利益，小於訴訟費用及律師報酬。但所涉及\r\n    之紛爭具有法律上或社會上之重大意義者，不在此限。\r\n三、同一事件依本法或其他法律已受法律扶助，而無再予扶助之必要。\r\n四、同一事件申請人已選任律師；法院已指定辯護人或指定律師擔任代理\r\n    人或輔佐人。\r\n五、對基金會之訴訟。\r\n六、於中華民國境外所進行之訴訟。\r\n七、同一事件業經基金會或分會駁回確定，而無其他新事實或新證據。但\r\n    依申請人所提之資料，足以認定有予以扶助之必要者，不在此限。\r\n八、申請之事項不符法律扶助之目的。\r\n前項第一款、第二款之規定，於第五條第四項第一款至第五款之情形，不\r\n適用之。"
		},
		{
			"number": 1600,
			"content": "基金會得按經費狀況，依事件類型，決定法律扶助種類及其代理、辯護或\r\n輔佐之施行範圍。\r\n前項施行範圍之辦法，由基金會定之。"
		},
		{
			"number": 1700,
			"content": "申請法律扶助，應以言詞或書狀表明下列各款事項，提出於分會：\r\n一、申請人姓名、性別、出生年月日、身分證明文件編號、住所或居所。\r\n    有法定代理人或申請代理人者，其姓名、出生年月日、身分證明文件\r\n    編號、住所或居所，及與申請人之關係。\r\n二、第五條之情形及相關釋明或證明文件。\r\n三、法律事件之陳述及相關證據。\r\n四、法律扶助之種類。\r\n神經系統構造及精神、心智功能損傷或不全，無法為完全陳述者，得由身\r\n心障礙福利機構逕以其為申請人代為前項之申請。\r\n以言詞為申請者，分會應做成紀錄，經向申請人或其代理人朗讀或使閱讀\r\n，確認內容無誤後由其簽名或蓋章。\r\n申請法律扶助不合第一項所定程式者，分會應定期通知補正；逾期未補正\r\n者，駁回其申請，並載明覆議之期間。"
		},
		{
			"number": 1800,
			"content": "符合法律扶助申請之要件及程式者，分會應為准許扶助之決定。\r\n前項決定，應以書面載明下列事項：\r\n一、法律扶助之種類。\r\n二、全部或部分扶助。\r\n三、部分扶助，受扶助人應分擔之酬金及必要費用之數額及繳納期限。\r\n四、扶助之理由。\r\n五、扶助律師。"
		},
		{
			"number": 1900,
			"content": "法律扶助之申請經准許後，受扶助人因情事變遷而認有變更原准許法律扶\r\n助種類或範圍之必要時，得向分會提出申請。\r\n前項申請之要件、程式及准駁之決定，準用第十三條至第十五條、第十七\r\n條及前條之規定。\r\n分會認扶助之種類或範圍有變更之必要者，得依扶助律師申請或依職權變\r\n更之，並準用前條第二項之規定。但變更足以影響受扶助人之權益者，應\r\n給予陳述意見之機會。"
		},
		{
			"number": 2000,
			"content": "申請事件急迫者，縱申請人未盡釋明請求法律扶助之要件，分會亦得依申\r\n請為暫時扶助之決定。\r\n為暫時扶助之決定後，分會認受扶助人不符扶助要件時，應撤銷其決定。\r\n依前項規定撤銷前，應給予受扶助人陳述意見之機會。\r\n依第二項規定撤銷時，分會應以書面通知受扶助人於一定期限內將已受扶\r\n助所生之酬金及必要費用返還之。但不可歸責於受扶助人之事由者，不在\r\n此限。"
		},
		{
			"number": 2100,
			"content": "法律扶助之申請經准許後，受扶助人所提供釋明、證明之文件或陳述有偽\r\n造、變造或虛偽不實之情事者，分會應撤銷其准許。\r\n依前項規定撤銷前，應給予受扶助人陳述意見之機會。\r\n依第一項規定撤銷時，分會應以書面通知受扶助人於一定期限內將已受扶\r\n助所生之酬金及必要費用返還之。"
		},
		{
			"number": 2200,
			"content": "受扶助人有下列情形之一者，分會得終止法律扶助：\r\n一、因繼承、贈與或其他原因，已不符無資力之要件。\r\n二、死亡或行蹤不明。\r\n三、因法令變更、情事變遷或請求之標的毀損、滅失致無繼續扶助之必要\r\n    。\r\n四、無正當理由不配合執行扶助之要求，或不依限繳納應分擔之酬金及必\r\n    要費用，致該扶助事件無法進行。\r\n五、對扶助律師為重大侮辱行為。\r\n六、其他原因致無繼續扶助之必要。\r\n依前項規定終止前，除第二款之情形外，應給予受扶助人陳述意見之機會\r\n。"
		},
		{
			"number": 2300,
			"content": "基金會得遴選律師辦理本法所規定之法律扶助事務；經遴選之律師非有正\r\n當理由，不得拒絕。\r\n前項律師之遴選辦法，由基金會定之。\r\n為辦理本法規定之法律扶助事務，基金會得約聘專職律師；其約聘標準、\r\n期間、薪資、派案、違反義務時應負之責任及管理考核之辦法，由基金會\r\n定之。\r\n為辦理本法規定之法律扶助事務，基金會得與律師（律師事務所）簽約；\r\n其簽約標準、期間、報酬、派案、違反義務時應負之責任及其他相關事項\r\n之辦法，由基金會定之。"
		},
		{
			"number": 2400,
			"content": "前條律師應依基金會或分會之指派，辦理本法所規定之法律扶助事務。"
		},
		{
			"number": 2500,
			"content": "分會指派扶助律師時，應審酌扶助事件之類型，扶助律師之專長、意願、\r\n已承接扶助事件之數量及受扶助人之意願等一切情況。"
		},
		{
			"number": 2600,
			"content": "扶助律師應忠實執行工作，善盡律師職責。\r\n扶助律師經指派辦理法律扶助事務，非有正當理由，不得拒絕。\r\n扶助律師除依本法規定請領酬金及必要費用外，不得以任何方式收受報酬\r\n或不正利益。\r\n扶助律師違反前三項規定者，視同違反律師倫理規範，移送評鑑；情節重\r\n大者，由基金會移請律師懲戒委員會依律師法處理。\r\n有關扶助律師評鑑之辦法，由基金會定之。"
		},
		{
			"number": 2700,
			"content": "扶助律師之酬金及必要費用，由基金會給付之。\r\n酬金依下列標準計算：\r\n一、每一審級訴訟、非訟、仲裁或其他事件之代理、辯護或輔佐，十五至\r\n    五十個基數。\r\n二、偵查程序之代理或辯護，二至三十五個基數。\r\n三、調解、和解之代理或法律文件撰擬，而不涉及前二款之代理、辯護或\r\n    輔佐者，二至十五個基數。\r\n四、法律諮詢，一至五個基數。\r\n五、其他法律事務上必要之服務，依其性質，準用前四款規定。"
		},
		{
			"number": 2800,
			"content": "扶助律師得於承接事件後檢附相關文件，向分會申請預付酬金及必要費用\r\n；或於扶助事件終結或每一審級終結後二個月內，檢附相關文件，向分會\r\n申請給付結案酬金及必要費用。"
		},
		{
			"number": 2900,
			"content": "有下列情形之一者，分會得依扶助律師之申請酌增酬金：\r\n一、律師因承接第五條第四項第六款或其他案情繁雜之事件，致原審定之\r\n    酬金過低。\r\n二、事件因扶助律師之協助，而達成和解。\r\n因可歸責於扶助律師之事由或情事變更，致未適當履行法律扶助事務，分\r\n會得視情節酌減、取消其酬金，或變更扶助律師。"
		},
		{
			"number": 3000,
			"content": "前三條有關酬金基數之折算數額、酬金及必要費用之給付、預付與酬金之\r\n酌增、酌減或取消辦法，由基金會定之。"
		},
		{
			"number": 3100,
			"content": "分會准許法律扶助時，應視受扶助人之資力，決定為全部或部分扶助。但\r\n第五條第一項第一款、第二款之情形，應為全部扶助。\r\n分會准許部分扶助時，應決定受扶助人應分擔酬金及必要費用之比例。\r\n受扶助人就其應分擔之酬金及必要費用未能及時給付者，得向分會申請墊\r\n付。\r\n受扶助人之全部或部分扶助、應分擔之酬金及必要費用之審查辦法，由基\r\n金會定之。"
		},
		{
			"number": 3200,
			"content": "因法律扶助所取得之標的具財產價值，且其財產價值達一定標準者，分會\r\n經審查得請求受扶助人負擔酬金及必要費用之全部或一部為回饋金。\r\n前項標準及審查辦法，由基金會定之。"
		},
		{
			"number": 3300,
			"content": "受扶助人應依分會書面通知之期限及額度，給付應分擔之酬金及必要費用\r\n或回饋金。\r\n應分擔之酬金及必要費用或回饋金之給付，有影響受扶助人及其共同生活\r\n親屬生計之虞者，分會得減免之；其減免認定之標準，由基金會定之。"
		},
		{
			"number": 3400,
			"content": "基金會就扶助事件適用（準用）民事訴訟法第七十七條之二十五第一項、\r\n第四百六十六條之三第一項、行政訴訟法第二百四十一條之一第三項及其\r\n他法律規定，應支出之酬金及必要費用，視為訴訟費用之一部。\r\n基金會依前項規定支出之酬金及必要費用，得向負擔訴訟費用之他造請求\r\n；基金會或分會並得據受扶助人之執行名義，聲請確定訴訟費用額及強制\r\n執行。\r\n第一項訴訟費用依法可向法院聲請退還者，基金會或分會得以其名義聲請\r\n退還之。\r\n基金會或分會依前二項規定所收取之款項，抵充受扶助人應分擔、負擔或\r\n返還之酬金及必要費用。"
		},
		{
			"number": 3500,
			"content": "受扶助人不依第二十條第四項、第二十一條第三項或第三十三條第一項返\r\n還酬金及必要費用，未提出覆議或提出覆議經駁回者，基金會或分會除認\r\n強制執行無實益外，得提出相關證明文件，聲請法院裁定強制執行；於聲\r\n請法院強制執行時，免徵執行費。\r\n前項強制執行無實益之認定標準，由基金會定之。"
		},
		{
			"number": 3600,
			"content": "申請人、受扶助人不服分會審查委員會之決定者，得於收受決定書後三十\r\n日內，以言詞或書面附具理由向基金會申請覆議。\r\n扶助律師不服分會審查委員會對於酬金酌增、酌減或取消之決定者，得於\r\n收受決定書後三十日內，以書面附具理由向基金會申請覆議。\r\n前二項之申請程式，應表明下列各款事項，並準用第十七條第三項、第四\r\n項之規定：\r\n一、申請人姓名、性別、出生年月日、身分證明文件編號、住所或居所。\r\n    有法定代理人或申請代理人者，其姓名、出生年月日、身分證明文件\r\n    編號、住所或居所，及與申請人之關係。\r\n二、對於原決定不服之程度及應如何撤銷或變更之聲明。\r\n三、覆議之事實及理由。\r\n四、釋明或證明文件。\r\n對於覆議之決定，不得聲明不服。"
		},
		{
			"number": 3700,
			"content": "基金會設董事會，置董事十三人，任期三年，均為無給職。\r\n董事由司法院院長遴聘下列人員擔任之：\r\n一、司法院代表二人、法務部及衛生福利部代表各一人，隨職位進退。\r\n二、全國性及各地方律師公會推舉長期參與人權、公益或弱勢議題之律師\r\n    三人。\r\n三、社會團體推薦長期參與人權、公益或弱勢議題之法學、社會學、管理\r\n    學或其他專門學識之學者、專家二人。\r\n四、社會團體推舉之弱勢團體代表二人。\r\n五、各界推舉之勞工團體代表一人。\r\n六、各界推舉之原住民族代表一人。\r\n前項第一款之董事，期滿後得續聘，無次數之限制。\r\n第二項第二款至第六款之董事，期滿後得續聘一次。但續聘人數不得超過\r\n該五款所定總人數三分之二。\r\n董事會應於每屆董事任期屆滿前一個月，依第二項第二款至第六款規定加\r\n倍推舉次屆董事人選，併同依第二項第一款產生之董事人選，送請司法院\r\n院長遴聘。\r\n董事於任期中，有下列情形之一者，由基金會報請司法院院長予以解任：\r\n一、第二項第一款之董事離去原職位。\r\n二、第二項第二款至第六款之董事，有辭職、未續聘或不適任之情形。\r\n前項情形，應重新遴聘董事，其程序準用第五項之規定；新聘董事之任期\r\n至原任董事任期屆滿之日止。\r\n第二項之董事，單一性別不得少於三分之一。\r\n董事會開會時，應通知基金會或分會工作人員代表及工會代表列席。"
		},
		{
			"number": 3800,
			"content": "董事會為基金會最高決策機構，掌理下列事項：\r\n一、執行長、副執行長、分會會長、分會執行秘書、審查委員會委員、覆\r\n    議委員會委員、專門委員會委員及其他重要職位之聘任及解任。\r\n二、會務方針及計畫之訂定。\r\n三、預算之編列。\r\n四、基金之管理及運用。\r\n五、經費之籌措。\r\n六、依本法授權基金會訂定之辦法，其訂定、修正及廢止。\r\n七、章程之變更。\r\n八、財產之處分。\r\n九、其他重大事項之決定。"
		},
		{
			"number": 3900,
			"content": "董事會由董事長召集並擔任主席。董事長因故不能召集或主持會議時，由\r\n董事長指定董事一人代理。董事長未指定代理人時，由董事互推一人召集\r\n或主持會議；董事長不為召集時，亦同。\r\n董事會之決議，除本法另有規定外，應有全體董事過半數之出席及出席董\r\n事過半數之同意行之。\r\n董事會為章程之變更或重大財產之處分等決議，應有全體董事三分之二以\r\n上出席及出席董事三分之二以上同意，報請司法院核定。\r\n董事會開會時，如以視訊會議為之，其董事以視訊參與會議者，視為出席\r\n。"
		},
		{
			"number": 4000,
			"content": "基金會置董事長一人，對外代表基金會。\r\n董事長由全體董事互選，由基金會報請司法院院長核定後聘任之；任期與\r\n董事同；未聘任前，由其代行董事長職權，代行期間不得逾一個月。\r\n董事長於任期中辭職、喪失董事身分或有不適任之情形者，應由基金會報\r\n請司法院院長核定後解任之。\r\n前項情形，主管機關得限期命基金會改選董事長；任期至前任董事長任期\r\n屆滿之日止。未改選前，由董事互推一人代理之。"
		},
		{
			"number": 4100,
			"content": "基金會置執行長、副執行長各一人，均專任，應具有法學專門學識，由基\r\n金會聘任。執行長任期三年，期滿得續聘。執行長受董事會指揮監督，綜\r\n理會務；副執行長襄助執行長處理會務。\r\n執行長、副執行長由董事長提請董事會通過後報請司法院院長核定。\r\n執行長、副執行長有辭職或不適任之情形者，應予解任，其解任程序與聘\r\n任程序同。"
		},
		{
			"number": 4200,
			"content": "基金會依業務需要，得設各種專門委員會，辦理法律扶助相關事宜。\r\n各專門委員會，置委員若干人，其中一人為主任委員，均為無給職，由基\r\n金會遴聘具有法學、社會學、心理學或其他專門學識之人士擔任；其有辭\r\n職或不適任之情形者，應由基金會予以解任。\r\n前項各專門委員會之委員，單一性別不得少於三分之一。"
		},
		{
			"number": 4300,
			"content": "分會置會長一人，為無給職，由基金會遴聘具有法學或相關專門學識之人\r\n士擔任，綜理分會會務，任期三年，期滿得續聘。\r\n分會會長有辭職或不適任之情形者，應由基金會予以解任；主管機關亦得\r\n移請基金會予以解任。\r\n基金會為前二項之聘任、解任後，應報請主管機關備查。"
		},
		{
			"number": 4400,
			"content": "分會置執行秘書一人，專任，應具有法學或相關專門學識，承分會會長之\r\n命處理會務。\r\n執行秘書之聘任、解任，由執行長或分會會長報請基金會為之。"
		},
		{
			"number": 4500,
			"content": "分會設審查委員會，置委員若干人，任期三年，均為無給職。\r\n審查委員會委員，由分會會長推舉法官、檢察官、公設辯護人、律師、軍\r\n法官或其他具有法學專門學識之學者、專家，報請基金會聘任之；其有辭\r\n職或不適任之情形者，應由分會會長報請基金會予以解任。"
		},
		{
			"number": 4600,
			"content": "審查委員會審議下列事項：\r\n一、法律扶助事件之准駁、變更、撤銷及終止。\r\n二、酬金及必要費用之給付、酌增、酌減或取消。\r\n三、受扶助人應返還、分擔或負擔之酬金及必要費用。\r\n四、受扶助人與扶助律師間之爭議事項。\r\n五、其他法令規定之事項。\r\n有下列情形之一者，得由分會決定予以扶助並酌定律師酬金，不適用前項\r\n第一款、第二款之規定：\r\n一、審判長或檢察官因刑事案件符合刑事訴訟法第三十一條規定而轉介至\r\n    基金會指派律師。\r\n二、檢察官求處死刑、法院曾宣告死刑或有宣告死刑之虞之刑事案件。\r\n三、其他經基金會決議。\r\n前項辦法，由基金會定之。"
		},
		{
			"number": 4700,
			"content": "審查委員會之審議決定，由三人合議行之。\r\n前項審議之決定應附理由，並以書面為之。\r\n前條所定事項之審議辦法，由基金會定之。"
		},
		{
			"number": 4800,
			"content": "基金會設覆議委員會，置委員若干人，任期三年，均為無給職。\r\n審查委員會委員不得兼任覆議委員會委員。\r\n覆議委員會委員，由執行長或分會會長推舉資深之法官、檢察官、公設辯\r\n護人、軍法官、律師或其他具有法學專門學識之學者、專家，報請基金會\r\n聘任之；其有辭職或不適任之情形者，應由執行長或分會會長報請基金會\r\n予以解任。"
		},
		{
			"number": 4900,
			"content": "覆議委員會審議不服分會審查委員會決定之覆議案件。\r\n覆議委員會之審議決定，由三人合議行之。\r\n前項審議之決定，應附理由，並以書面為之。\r\n覆議案件之審議辦法，由基金會定之。"
		},
		{
			"number": 5000,
			"content": "下列法律扶助事件之准駁，得由扶助律師行之，不適用第四十六條、第四\r\n十七條及前條之規定：\r\n一、第五條第四項第一款至第四款之事件，於偵查中初次詢（訊）問。\r\n二、言詞法律諮詢。"
		},
		{
			"number": 5100,
			"content": "基金會置監察人五人，任期三年，均為無給職。\r\n監察人由司法院院長遴聘下列人員擔任之：\r\n一、行政院代表一人。\r\n二、司法院代表一人。\r\n三、全國性及各地方律師公會推舉之律師一人。\r\n四、具有會計專業之學者專家一人。\r\n五、社會公正人士一人。\r\n前項第一款、第二款之監察人，期滿後得續聘，無次數之限制。\r\n第二項第三款至第五款之監察人，期滿後得續聘一次。但續聘人數不得超\r\n過該三款所定總人數三分之二。\r\n監察人應於每屆任期屆滿前一個月召開會議，依第二項第三款至第五款規\r\n定加倍推舉次屆監察人人選，併同依第二項第一款、第二款產生之監察人\r\n人選，送請司法院院長遴聘。\r\n監察人於任期中，有下列情形之一者，由基金會報請司法院院長予以解任\r\n：\r\n一、第二項第一款、第二款之監察人離去原職位。\r\n二、第二項第三款至第五款之監察人，有辭職或不適任之情形。\r\n前項情形，應重新遴聘監察人，其程序準用第五項之規定；新聘監察人之\r\n任期至原任監察人任期屆滿之日止。"
		},
		{
			"number": 5200,
			"content": "監察人職權如下：\r\n一、基金會業務推展及執行業務人員之監督。\r\n二、基金、存款及其他財產之稽核。\r\n三、財務狀況之檢查。\r\n四、決算之審議。\r\n監察人獨立行使職權，必要時得召開監察人會議行使之。\r\n監察人得列席董事會陳述意見。"
		},
		{
			"number": 5300,
			"content": "基金會置常務監察人一人，由全體監察人互選，並由基金會報請司法院院\r\n長核定後聘任之；任期與監察人同。\r\n監察人會議由常務監察人召集之。\r\n前項會議之決議，應有全體監察人過半數之出席及出席監察人過半數之同\r\n意行之。\r\n常務監察人於任期中辭職、喪失監察人身分或有其他不適任之情形者，應\r\n由基金會報請司法院院長核定後解任之。\r\n前項情形，主管機關得限期命基金會改選常務監察人；任期至前任常務監\r\n察人任期屆滿之日止。未改選前，由監察人互推一人代理之。"
		},
		{
			"number": 5400,
			"content": "有下列情形之一者，不得擔任基金會之董事或監察人：\r\n一、故意犯罪，受有期徒刑以上刑之宣告確定。但宣告緩刑者，不在此限\r\n    。\r\n二、受破產宣告，或依消費者債務清理條例經法院裁定開始清算程序，尚\r\n    未復權。\r\n三、受監護或輔助宣告，尚未撤銷。\r\n四、經中央衛生主管機關評鑑合格之醫院證明身心障礙或其他事由致不能\r\n    勝任職務。"
		},
		{
			"number": 5500,
			"content": "董事、監察人應遵守利益迴避原則，不得假借職務上之權力、機會或方法\r\n圖謀本人或第三人之利益。\r\n董事、監察人相互間，不得有或曾有配偶及三親等以內血親、姻親之關係\r\n。\r\n董事、監察人之配偶及其三親等以內血親、姻親，不得擔任基金會總務、\r\n會計及人事職務。\r\n前三項之規定，於執行長及副執行長準用之。"
		},
		{
			"number": 5600,
			"content": "基金會應依設立目的，擬定年度工作計畫及經費預算，並於會計年度開始\r\n前六個月陳報主管機關。\r\n基金會應將年度工作報告、決算及財產清冊於會計年度結束後二個月內，\r\n報請主管機關備查。"
		},
		{
			"number": 5700,
			"content": "主管機關為監督基金會業務之正常運作，得命基金會就其業務、會計及財\r\n產相關事項提出報告，並得派員檢查其業務。\r\n主管機關為前項監督時，得命基金會提出證明文件、簿冊及相關資料。"
		},
		{
			"number": 5800,
			"content": "基金會應訂定會計制度，並應妥適保存相關會計簿籍及憑證，以備查核。"
		},
		{
			"number": 5900,
			"content": "董事、監察人不依本法行使職權，或未依本法履行義務，主管機關得視其\r\n違反情節之輕重，為糾正或解任之必要處分。"
		},
		{
			"number": 6000,
			"content": "為監督並確保基金會之正常運作及健全發展，主管機關得就基金及經費之\r\n運用、法律扶助事件品質、年度重大措施等事項，訂定監督管理之辦法。"
		},
		{
			"number": 6100,
			"content": "法院為協助法律扶助事務，得申請撥用非公用財產類之不動產，提供基金\r\n會使用。"
		},
		{
			"number": 6200,
			"content": "基金會與各分會間資金管理及運用之辦法，由基金會定之。"
		},
		{
			"number": 6300,
			"content": "經分會准許法律扶助之無資力者，其於訴訟或非訟程序中，向法院聲請訴\r\n訟救助時，除顯無理由者外，應准予訴訟救助，不受民事訴訟法第一百零\r\n八條規定之限制。"
		},
		{
			"number": 6400,
			"content": "曾依本法從事法律扶助相關業務者，因職務知悉之秘密或非公開訊息，負\r\n有保密之責，非經當事人同意或有正當理由，不得洩漏或公開。"
		},
		{
			"number": 6500,
			"content": "司法人員、司法警察（官）、軍法人員或律師處理法律事務，發現符合本\r\n法所定申請法律扶助之要件時，應告知當事人得依本法申請法律扶助。"
		},
		{
			"number": 6600,
			"content": "扶助律師應於偵查終結或每一審級終結後，告知受扶助人法定救濟期間之\r\n規定。"
		},
		{
			"number": 6700,
			"content": "分會認為法律扶助事件顯有勝訴之望，並有聲請實施保全或停止強制執行\r\n程序之必要，受扶助人應向法院繳納之假扣押、假處分、定暫時狀態處分\r\n、暫時處分或停止強制執行擔保金，得由分會出具之保證書代之。\r\n前項出具保證書原因消滅時，分會得以自己名義向法院聲請返還。"
		},
		{
			"number": 6800,
			"content": "本法施行日期由司法院定之。"
		}
	]
}