{
	"pcode": "A0030005",
	"type": "命令",
	"title": "褒揚條例施行細則",
	"url": "https://law.moj.gov.tw/LawClass/LawAll.aspx?pcode=A0030005",
	"category": [
		"行政",
		"內政部",
		"民政目"
	],
	"lastUpdate": "20160425",
	"isTranslated": false,
	"attachments": [
		"https://law.moj.gov.tw/LawClass/LawGetFile.ashx?FileId=0000177953"
	],
	"history": [
		"中華民國二十一年六月四日內政部訂定發布全文 15 條",
		"中華民國七十七年三月十一日行政院令 、 考試院令會同修正發布全文 20 條",
		"中華民國八十年四月二十四日行政院（80）台內字第 1293 號令 、 考試院（80）考台秘議字第 0706 號令會同修正發布第 3 條條文",
		"中華民國八十九年二月十五日行政院（89）台內字第 04495 號令 、 考試院（89）考台組貳一字第 00208 號令會同修正發布第 13 條條文中華民國一百零一年二月三日行政院院臺規字第 1010122318 號公告第 13 條第 1 項第 2 款所列屬「行政院人事行政局」之權責事項，自一百零一年二月六日起改由「行政院人事行政總處」管轄",
		"中華民國一百零五年四月二十五日行政院院臺綜字第 1050080374 號令 、 考試院考臺組貳二字第 10500019761 號令會同修正發布第 11、13、14、16 條條文"
	],
	"divisions": [],
	"articles": [
		{
			"number": 100,
			"content": "本細則依褒揚條例 (以下簡稱本條例) 第九條規定訂定之。"
		},
		{
			"number": 200,
			"content": "本條例第二條第一款所稱致力國民革命大業，係指為肇建民國，實現三民\r\n主義，完成國民革命，參與國家政治、軍事、外交、經濟、文化等大業而\r\n言。"
		},
		{
			"number": 300,
			"content": "本條例第二條第二款所稱參預戡亂建國大計，係指參與國家政治、軍事、\r\n外交、經濟、文化等大計而言。"
		},
		{
			"number": 400,
			"content": "本條例第二條第三款所稱國際事務，係指政治、經濟、文化、新聞、僑務\r\n、體育及其他國際間相互交流之事務。"
		},
		{
			"number": 500,
			"content": "本條例第二條第四款所稱興辦教育文化事業，係指私人或團體不以營利為\r\n目的，興辦學校、圖書館、博物館、美術館、社教館、民俗館、科學館、\r\n體育埸所，及其他教育文化有關之事業。"
		},
		{
			"number": 600,
			"content": "本條例第二條第五款所稱冒險犯難、忠貞不拔、壯烈成仁者，係指保衛國\r\n家安全、維護社會安寧、或其他忠勇義烈事蹟，犧牲生命，足資衿式者。"
		},
		{
			"number": 700,
			"content": "本條例第二條第六款所稱有重要學術貢獻及著述，為當世所推重者，係指\r\n具有重要著作或發現，創新學術、技術，對國家社會、世界和平或學術交\r\n流有重大貢獻，足為世人典範者。"
		},
		{
			"number": 800,
			"content": "本條例第二條第七款所稱有重要發明，確屬有裨國計民生者，係指該重要\r\n發明對於國計民生有公認之具體貢獻事蹟者。"
		},
		{
			"number": 900,
			"content": "本條例第二條第八款所稱德行崇劭，係指實踐四維八德等固有道德，確有\r\n具體事實者。"
		},
		{
			"number": 1000,
			"content": "本條例第二條第九款所稱團結僑胞，激勵愛國情操，有特殊事蹟者，係指\r\n發展僑務，激勵僑胞愛國情操，對國家民族有重大貢獻者。"
		},
		{
			"number": 1100,
			"content": "本條例第二條第十款所稱捐獻財物，熱心公益，績效昭著者，係指私人或\r\n團體直接捐助予不以營利為目的且符合教育文化公益慈善機關或團體免納\r\n所得稅適用標準第二條、第三條規定之教育、文化、社會福利、水利、衛\r\n生醫療或其他公益事業，並對公益確有重大貢獻者。\r\n捐獻財物均以新臺幣計（折）算，其標準為一次捐獻五千萬元以上或累計\r\n達一億元以上。"
		},
		{
			"number": 1200,
			"content": "法人或團體受褒揚者，僅得題頒匾額。"
		},
		{
			"number": 1300,
			"content": "褒揚案件，除總統特頒者外，應由中央或地方各級機關詳實調查，列舉事\r\n蹟，填具褒揚事蹟表，加註考語及核章後，檢附證明文件，依被申請人身\r\n分，送請下列主管機關初審：\r\n一、國民及各級民選公職人員為內政部。\r\n二、公務人員為銓敘部或行政院人事行政總處。\r\n三、軍人為國防部。\r\n四、學校教職員及教育事業人員為教育部。\r\n五、僑民為僑務委員會。\r\n六、外國人為外交部。\r\n七、文化事業人員為文化部。\r\n前項褒揚事蹟表亦得由主管機關逕行填送。\r\n法人、團體之褒揚，應由所在地之直轄市或縣（市）政府詳實調查事蹟，\r\n填具褒揚事蹟表，加註考語及核章後，檢附證明文件，依其性質送請有關\r\n主管機關初審。\r\n褒揚事蹟表格式如附件。"
		},
		{
			"number": 1400,
			"content": "初審機關應就申請褒揚之事蹟詳實調查，並徵詢其事蹟主管機關意見；事\r\n蹟主管機關應就符合褒揚要件與否，具體表示意見。\r\n初審機關審查合格後，應填具初審意見，報行政院審查。題頒匾額案件，\r\n由行政院檢附褒揚事蹟表呈請總統核頒。明令褒揚案件，提經行政院會議\r\n通過後檢附生平事蹟，呈請總統核予褒揚。"
		},
		{
			"number": 1500,
			"content": "褒揚令或匾額由行政院轉發初審機關派員致送。受褒揚人居住國外者，得\r\n轉請駐外使領館處代為致送。"
		},
		{
			"number": 1600,
			"content": "依本條例第五條入祀國民革命忠烈祠或地方忠烈祠者，由初審機關依國軍\r\n作戰或因公亡故官兵安葬紀念表揚實施辦法或忠烈祠祀辦法分轉國防部或\r\n內政部辦理。"
		},
		{
			"number": 1700,
			"content": "依本條例第六條受明令褒揚人之生平事蹟宣付國史館者，由總統府辦理。\r\n列入省 (市) 、縣 (市) 志者，由初審機關轉送內政部辦理。"
		},
		{
			"number": 1800,
			"content": "褒揚令由受褒揚人之配偶或最近親屬代領之；題頒匾額之受褒揚人於頒給\r\n前逝世者亦同。"
		},
		{
			"number": 1900,
			"content": "褒揚令如有遺失或匾額因不可抗力毀失，得由受褒揚人或其配偶、直系親\r\n屬敘明理由，報請原初審機關層轉總統府核發證明。"
		},
		{
			"number": 2000,
			"content": "本細則自發布日施行。"
		}
	]
}