{
	"pcode": "A0030131",
	"type": "命令",
	"title": "外國船舶無害通過中華民國領海管理辦法",
	"url": "https://law.moj.gov.tw/LawClass/LawAll.aspx?pcode=A0030131",
	"lastUpdate": "20020130",
	"isTranslated": false,
	"history": [
		"中華民國九十一年一月三十日行政院（91）院臺交字第 0910002252 號令訂定發布全文 17 條；並自發布日施行中華民國一百零三年二月二十七日行政院院臺規字第 1030125872 號公告第 10 條第 2 項所列屬「行政院國家科學委員會」之權責事項，自一百零三年三月三日起改由「科技部」管轄中華民國一百零七年四月二十七日行政院院臺規字第 1070172574 號公告第 9 條第 2 項 、 第 10 條第 2 項 、 第 12 條第 2 項 、 第 13 條第 2 項所列「屬海岸巡防機關」之權責事項原由「行政院海岸巡防署及所屬機關」管轄，自一百零七年四月二十八日起改由「海洋委員會海巡署及所屬機關（構）」管轄"
	],
	"divisions": [],
	"articles": [
		{
			"number": 100,
			"content": "本辦法依中華民國領海及鄰接區法 (以下簡稱本法) 第七條第五項及第九\r\n條規定訂定之。"
		},
		{
			"number": 200,
			"content": "本辦法用詞，定義如下：\r\n一、外國船舶：指非依中華民國法律註冊登記或列管之船舶，包括民用船\r\n    舶、軍用船舶、公務船、潛水艇及其他潛水器。\r\n二、船舶所有人：指船舶所有權人、承租人、經理人或營運人。\r\n三、有害物質：指依聯合國國際海事組織所定國際海運危險品準則所指定\r\n    之物質。\r\n四、核物質：指含有鉓、鈾二三三元素或含鈾二三五占鈾之成分重量比在\r\n    百分之○‧七一一以上之物料，或其他經原子能主管機關指定者。"
		},
		{
			"number": 300,
			"content": "外國船舶通過中華民國領海，依本法第七條第二項規定停船或下錨後，應\r\n即通知當地航政主管機關。"
		},
		{
			"number": 400,
			"content": "中華民國領海內設備、設施、地形、水文之新增或變遷，致影響航行安全\r\n者，航政主管機關應隨時公告。\r\n外國船舶通過中華民國領海時，發現海上設備、設施、地形、水文之新增\r\n或變遷致影響航行安全者，船長應即個當地航政主管機關報告。"
		},
		{
			"number": 500,
			"content": "外國船舶通過中華民國領海時，應遵守中華民國海洋污染防治法及其相關\r\n規定，避免造成污染。"
		},
		{
			"number": 600,
			"content": "外國船舶通過中華民國領海，應設置防止污染設備，並備置海洋污染防止\r\n證明書。"
		},
		{
			"number": 700,
			"content": "外國船舶通過中華民國領海發生海難事故者，船長應即將下列事項，通知\r\n當地航政主管機關。\r\n一、案由。\r\n二、發生時間及地點。\r\n三、船舶資料，包括船名、國籍、船長、船舶所有人名稱、所在地及負責\r\n    人姓名與住所。\r\n四、污染及災害情形。\r\n五、已採及應採措施。\r\n六、其他報告事項。\r\n航政主管機關得對海難事故進行調查，或委託有關機關調查或鑑定。\r\n前項調查或鑑定之人員，於出示證件後，得登臨船舶進行調查或鑑定、詢\r\n問相關船員或要求提供調查所需之文書或物品。\r\n航政主管機關之調查人員，必要時得指示船舶停止航行、駛往指定地點或\r\n封鎖現場。"
		},
		{
			"number": 800,
			"content": "外國船舶通過中華民國領海發生沉船或擱淺事件，其船舶所有人應儘速清\r\n (移) 除其沉沒或擱淺船舶、物質或漂流物，並依當地航政主管機關、環\r\n境保護主管機關、漁業主管機關通知辦理。"
		},
		{
			"number": 900,
			"content": "外國船舶通過中華民國領海時，應將漁具妥為收藏，不得置入水中，並不\r\n得採捕水產動植物。\r\n前項行為之查察及取締，由海岸巡防機關執行，必要時，得會同漁業主管\r\n機關執行。"
		},
		{
			"number": 1000,
			"content": "外國船舶通過中華民國領海時，未經許可，不得進行海洋科學研究及水文\r\n測量活動。\r\n前項行為之查察及取締，由海岸巡防機關執行，必要時，得會同行政院國\r\n家科學委員會執行。"
		},
		{
			"number": 1100,
			"content": "外國船舶通過中華民國領海時，除中華民國電信法令另有規定外，未經許\r\n可，不得廣播或干擾中華民國通訊系統。\r\n前項作業之監督及管理，由交通部為之。"
		},
		{
			"number": 1200,
			"content": "外國核動力船舶或載運核物質之船舶，欲通過中華民國領海者，應持有國\r\n際協定認可之證書，並檢附下列資料，於抵達之十日前，送達原子能主管\r\n機關許可後，始得通過：\r\n一、船名及國籍。\r\n二、核動力反應爐功率與所用核子燃科或載運核物質之名稱、持有人、數\r\n    量、總活度、包裝方式及運送總指數。\r\n三、預計抵達及離開之時間。\r\n四、航行路線。\r\n五、上一港口及目的港。\r\n前項外國船舶通過中華民國領海時，由原子能主管機關會同海岸巡防機關\r\n，全程監管。"
		},
		{
			"number": 1300,
			"content": "載運有害物質之外國船舶，欲通過中華民國領海者，應持有國際協定認可\r\n之證書，並檢附下列資料，於抵達之十日前，送達中央環境保護主管機關\r\n許可後，始得通過：\r\n一、船名及國籍。\r\n二、載運物質、種類及數量。\r\n三、預計抵達及離開之時間。\r\n四、航行路線。\r\n五、上一港口及目的港。\r\n前項外國船舶通過中華民國領海時，由中央環境保護主管機關會同海岸巡\r\n防機關，全程監管。"
		},
		{
			"number": 1400,
			"content": "外國軍用船舶欲通過中華民國領海時，應將下列事項，由所屬國政府、駐\r\n華使領館或代表機構，於抵達之十日前，送達外交部轉知國防部：\r\n一、船名及國籍。\r\n二、船型。\r\n三、編號。\r\n四、噸位。\r\n五、呼號。\r\n六、敵我識別型碼。\r\n七、通訊方法。\r\n八、通訊頻率。\r\n九、船長姓名。\r\n十、船載人數。\r\n十一、是否配載飛機。\r\n十二、預計抵達及離開之時間。\r\n十三、航行路線。\r\n前項外國軍用船舶通過中華民國領海時，國防部應通飭所屬，全程監控。"
		},
		{
			"number": 1500,
			"content": "外國公務船舶欲通過中華民國領海時，應將下列事項，由所屬國政府、駐\r\n華使領館或代表機構，於抵達之十日前，送達外交部轉知相關機關：\r\n一、船名及國籍。\r\n二、目前船位。\r\n三、船速。\r\n四、執行之公務。\r\n五、目的港。"
		},
		{
			"number": 1600,
			"content": "有下列情形之一者，得暫停外國船舶在領海特定海域內無害通過：\r\n一、發生內亂戒嚴，須防止外力介入。\r\n二、與外國發生武裝衝突或敵對狀態。\r\n三、發生海上緊急危難。\r\n四、武器系統研發試驗。\r\n五、作戰演訓。\r\n六、建構國防機密工程。\r\n七、其他有關國家利益或安全事項。\r\n前項第四款至第六款特定海域之範圍及期間，行政院得委任國防部公告，\r\n並依國軍實彈射擊通報作業程序及彈藥處理要點，通報送達各機關。"
		},
		{
			"number": 1700,
			"content": "本辦法自發日施行。"
		}
	]
}