{
	"pcode": "A0030183",
	"type": "命令",
	"title": "民間公證人監督辦法",
	"url": "https://law.moj.gov.tw/LawClass/LawAll.aspx?pcode=A0030183",
	"category": [
		"司法",
		"院本部",
		"民事目"
	],
	"lastUpdate": "20010316",
	"isTranslated": false,
	"history": [
		"中華民國九十年三月十六日司法院（90）院台廳民三字第 06457 號令訂定發布全文 17 條；並自九十年四月二十三日起施行"
	],
	"divisions": [],
	"articles": [
		{
			"number": 100,
			"content": "本辦法依公證法 (以下簡稱本法) 第五十一條第三項規定訂定之。"
		},
		{
			"number": 200,
			"content": "本辦法所稱公會，係指地區公證人公會及全國公證人公會聯合會 (以下簡\r\n稱地區公會、全聯會) 。\r\n本辦法所稱監督機關，係指監督民間公證人 (以下簡稱公證人) 及公會之\r\n各該層級主管機關。\r\n本辦法所稱公證人，係指本法施行細則第三條第二項所定民間公證人。"
		},
		{
			"number": 300,
			"content": "公證人之監督，以所屬之地方法院或其分院為主管機關，地方法院或其分\r\n院所屬之高等法院為上級主管機關，司法院為最高主管機關。\r\n地區公會之監督，以所在地之高等法院或其分院為主管機關，司法院為最\r\n高主管機關。\r\n全聯會之監督，以司法院為主管機關。"
		},
		{
			"number": 400,
			"content": "監督機關對於公證職務上事項所發命令或函示，公證人及公會應予遵守。\r\n下級監督機關核發之命令或函示，應層報司法院備查。"
		},
		{
			"number": 500,
			"content": "公證人應按月將下列資料送請所屬法院或其分院備查：\r\n一、次月十日前：本法第六十九條所定公證書、認證書繕本或影本。\r\n二、次月五日前：依本法施行細則第三十四條所定各簿製作之統計月報表\r\n    或電磁紀錄。"
		},
		{
			"number": 600,
			"content": "監督機關得定期派員檢查所屬公證人及公會執行職務情形及其保管之文書\r\n物件，公證人及公會不得拒絕或為虛偽之陳述或報告。"
		},
		{
			"number": 700,
			"content": "監督機關檢查人員 (以下簡稱檢查人員) 應認真檢查，不隱諱業務缺失，\r\n探求問題癥結，切實檢討業務上優點及缺失，提供改進方法。\r\n前項規定，於前條公、認證書繕本或影本、統計月報表之備查，準用之。"
		},
		{
			"number": 800,
			"content": "檢查人員除按規定報支差旅費外，不得接受招待，並應謝絕被檢查者之送\r\n往迎來，如有故違查明議處。"
		},
		{
			"number": 900,
			"content": "檢查人員得調閱案卷簿冊，如有疑問應向公證人或公會負責人員當面查詢\r\n，提出業務上優劣得失，交換意見。"
		},
		{
			"number": 1000,
			"content": "監督機關對於各方輿論、人民陳訴或建議事項，得列入業務檢查範疇，並\r\n應特別重視風紀之查察，發現違反風紀具體事證者，應儘速核辦；有工作\r\n績效特優或本法第五十三條、第五十四條或第一百四十四條第一項情事者\r\n，應分別簽敘事實，報請獎懲。"
		},
		{
			"number": 1100,
			"content": "監督機關依本法對公證人或公會所發命令或警告處分，自文到之日起生效\r\n；其餘處分，自文到翌日起生效。"
		},
		{
			"number": 1200,
			"content": "公證人有下列行為之一者，監督機關得依法懲處或移付懲戒。\r\n一、允諾他人假藉其名義執行職務。\r\n二、以不正當方法招攬業務。\r\n三、以公證人名義為保證人。\r\n四、違背法令、公證人規範或公會章程，要求期約或收受規定外之任何名\r\n    義酬金。\r\n五、為開業、遷移或公證業務範圍以外之廣告。\r\n六、受讓請求人間之權利。\r\n七、以自己或他人名義，刊登跡近招搖或恐嚇之啟事。\r\n八、無故出入不正當場所或為不正當之往還酬應。"
		},
		{
			"number": 1300,
			"content": "地區公會之行為或決議有下列情形之一者，監督機關或社會行政主管機關\r\n (以下合稱整理機關) 得分別施以本法第一百四十四條第一項之處分：\r\n一、違反法令或章程。\r\n二、經營方針、管理或運作方式與設立目的不合。\r\n三、財務收支未取得合法憑證或未具備完善之會計帳冊。\r\n四、隱匿財產或妨礙監督機關、社會行政主管機關查核。\r\n五、對於業務、財務為不實之陳報。\r\n六、怠忽或廢弛會務、妨害公益或逾越任務範圍辦理與公證無關之業務。"
		},
		{
			"number": 1400,
			"content": "整理機關依本法第一百四十四條第一項對地區公會為整理時，依下列規定\r\n辦理：\r\n一、由整理機關指定會員三人為整理委員 (其中一人得為贊助會員) ，組\r\n    織整理委員會，代行理、監事之職權，負責整理；整理委員因故出缺\r\n    或不能勝任者，整理機關得撤銷其指定，並另行指定之。\r\n二、公會原任理、監事不得為整理委員。\r\n三、整理委員應互推一人為主任委員，為公會整理期間法定代理人。\r\n四、公會整理期間對外行文，以公會整理委員會主任委員名義行之。\r\n五、公會整理時，原任理事及職員應辦移交，由整理委員會盤點接收。\r\n六、公會整理以一年為限，必要時，整理機關得延長之。整理完成，由整\r\n    理委員會召開會員大會，改選理、監事，補足原屆任期，並將整理及\r\n    改選結果層報整理機關核備。整理委員會於理、監事改選完成辦理移\r\n    交後撤銷之。"
		},
		{
			"number": 1500,
			"content": "公會有下列情事之一者，主管機關得予獎勵；特別優異者，得報請上級主\r\n管機關或司法院獎勵之：\r\n一、對公證業務之推進或革新具有成效或領導有方，有優良事蹟表現。\r\n二、襄助革新公證制度及研究之著作，有重大貢獻。\r\n三、舉發足以破壞公證人或司法信譽事件，經偵辦屬實，對維護信譽或人\r\n    民權益有重大貢獻。\r\n四、協助推動公證業務，熱心贊助或舉辦相關會議，成績卓著。\r\n五、推行公證教育，成績優良。"
		},
		{
			"number": 1600,
			"content": "公會之獎勵如下：\r\n一、公開表揚。\r\n二、頒發獎狀、獎牌或專業獎章。"
		},
		{
			"number": 1700,
			"content": "本辦法自中華民國九十年四月二十三日施行。"
		}
	]
}