{
	"pcode": "A0030053",
	"type": "命令",
	"title": "行政院所屬各機關資訊業務整體委外作業實施辦法",
	"url": "https://law.moj.gov.tw/LawClass/LawAll.aspx?pcode=A0030053",
	"category": [
		"廢止法規",
		"行政院研究發展考核委員會"
	],
	"lastUpdate": "20080516",
	"isDiscarded": true,
	"isTranslated": false,
	"history": [
		"中華民國八十七年四月八日行政院（87）台經字第 14687 號令訂定發布全文 29 條",
		"中華民國九十七年五月十六日行政院院臺經字第 0970085324 號令發布廢止"
	],
	"divisions": [
		{
			"type": "章",
			"number": 100,
			"title": "總則",
			"start": 100,
			"end": 600
		},
		{
			"type": "章",
			"number": 200,
			"title": "整體委外作業程序",
			"start": 700,
			"end": 900
		},
		{
			"type": "章",
			"number": 300,
			"title": "評選及契約管理",
			"start": 1000,
			"end": 1600
		},
		{
			"type": "章",
			"number": 400,
			"title": "資訊組織及人力運用",
			"start": 1700,
			"end": 2100
		},
		{
			"type": "章",
			"number": 500,
			"title": "資訊安全及機密維護",
			"start": 2200,
			"end": 2500
		},
		{
			"type": "章",
			"number": 600,
			"title": "附則",
			"start": 2600,
			"end": 2900
		}
	],
	"articles": [
		{
			"number": 100,
			"content": "行政院為推動所屬各機關及公營事業機構 (以下簡稱各機關) 之資訊業務\r\n整體委外作業，加速業務電腦化及網路化，提升資訊作業效率及品質，促\r\n進資源整合共用，節省成本，帶動資訊工業發展，特訂定本辦法。"
		},
		{
			"number": 200,
			"content": "本辦法所稱資訊業務整體委外作業，係指各機關為執行其業務，委託廠商\r\n負責提供電腦軟硬體、通信設施、人力及技術等整體性之資訊服務。"
		},
		{
			"number": 300,
			"content": "本辦法所稱廠商，係指在中華民國依公司法設立之公司。"
		},
		{
			"number": 400,
			"content": "各機關採資訊業務整體委外作業者，得置若干資訊人員，辦理資訊業務決\r\n策、需求規劃、專案管理、安全管理及稽核等核心事項。"
		},
		{
			"number": 500,
			"content": "各機關資訊業務不採整體委外作業者，仍依各機關資訊作業委外服務實施\r\n要點規定辦理委外作業。"
		},
		{
			"number": 600,
			"content": "各機關重大新興資訊業務及設備汰舊換新者，以採資訊業務整體委外作業\r\n為原則。"
		},
		{
			"number": 700,
			"content": "各機關採資訊業務整體委外作業者，應綜合考量本機關及所屬機關之資訊\r\n需求、經濟規模、資源整合及成本效益等因素，評估其可行性及實施範圍\r\n，並依本辦法及相關規定，擬訂實施計畫報請上級機關核定。"
		},
		{
			"number": 800,
			"content": "各機關辦理資訊業務整體委外作業，應審度業務需求，確立整體委外服務\r\n水準，訂定需求書，其參考要項如附件一，作為廠商評選、契約擬訂及績\r\n效評估之依據。\r\n\r\n附件一　資訊業務整體委外作業需求書參考要項\r\n一、機關組織職掌及施政目標。\r\n二、整體委外專案目標。\r\n三、整體委外專案範圍及項目。\r\n四、整體委外專案時程。\r\n五、整體委外服務需求。\r\n (一) 資訊及通信需求。\r\n (二) 作業功能需求。\r\n (三) 資訊安全及機密維護需求。\r\n (四) 變更處理需求。\r\n (五) 稽核作業需求。\r\n (六) 品質保證需求。\r\n (七) 其他重要需求事項。\r\n六、整體委外作業服務水準。\r\n (一) 資訊系統運作服務水準。\r\n (二) 電腦軟硬體及通信設施維護服務水準。\r\n (三) 系統整體服務水準。\r\n (四) 變更服務水準。\r\n (五) 其他資訊作業服務水準。\r\n七、整體委外服務提供方式。\r\n八、現有資訊作業環境及電腦軟硬體、通信設施、資訊人力等各項資源。\r\n九、資訊人員轉任與權益保障。\r\n十、過渡作業計畫。\r\n十一、報價及付款方式。\r\n十二、其他重要事項。"
		},
		{
			"number": 900,
			"content": "各機關得整合本機關及所屬機關之資訊需求，委由廠商提供整體性之資訊\r\n服務；必要時，亦得協調、整合其他機關或地方機關之資訊需求，共同委\r\n託。"
		},
		{
			"number": 1000,
			"content": "各機關應依資訊業務整體委外作業需求書，公開徵求廠商提出建議書，交\r\n由機關評選，經評審選定後再行議洽委辦。\r\n前項建議書內容應涵蓋專業技術、服務水準、服務提供方式、資訊人員轉\r\n任及權益保障、專案組織及管理、財務安排、過渡作業計畫、計費方法等\r\n主要項目。\r\n各機關應對廠商之專業能力、技術經驗及財務能力等作全面評選，其評選\r\n參考要項如附件二。\r\n\r\n附件二　資訊業務整體委外作業廠商評選參考要項\r\n一、基本資格及經驗實績。\r\n二、專業技術能力。\r\n三、人力資源規劃與運用。\r\n四、財務能力。\r\n五、專案計畫管理能力。\r\n六、資訊安全及機密維護能力。\r\n七、過渡作業之計畫管理能力。\r\n八、品質保證能力。\r\n九、整體服務費用。\r\n十、重大附加效益。\r\n十一、風險評估。\r\n十二、其他重要事項。"
		},
		{
			"number": 1100,
			"content": "各機關資訊業務整體委外服務契約，應訂明委外服務需求、服務水準、服\r\n務提供方式、績效衡量指標、品質保證、變更管理、安全保密、稽核作業\r\n、資訊人員轉任與權益保障、智慧財產權、驗收程序方法、爭議與違約處\r\n理及其他雙方權利義務等主要項目。\r\n前項變更管理，應將因政策、法規之變更或資訊科技之進展，而須變更服\r\n務內容、項目之處理方式及計費原則列入規範。"
		},
		{
			"number": 1200,
			"content": "資訊業務整體委外作業之費用，以各機關現有電腦軟硬體、通信設施之折\r\n價及契約期間之費用綜合計算。"
		},
		{
			"number": 1300,
			"content": "資訊業務整體委外服務契約之期間，最長不得超過十年。"
		},
		{
			"number": 1400,
			"content": "各機關資訊業務整體委外作業後之新興資訊業務，得由原廠商優先承辦。"
		},
		{
			"number": 1500,
			"content": "各機關辦理資訊業務整體委外作業者，應逐年檢討評估廠商契約履行情形\r\n；如有未履行或未達約定之服務水準者，應要求檢討改進；必要時，由各\r\n機關依約終止或解除部分或全部契約。"
		},
		{
			"number": 1600,
			"content": "各機關採資訊業務整體委外作業者，以編列業務費及必要之人事費為原則\r\n，除有特殊需求者外，不編列設備費。"
		},
		{
			"number": 1700,
			"content": "各機關留任之資訊人力規模，由行政院綜合考量資訊業務規模大小、繁簡\r\n程度、資訊系統發展進程及有無其他機關支援等因素，依有關規定核實編\r\n制。"
		},
		{
			"number": 1800,
			"content": "實施資訊業務整體委外作業之機關，其資訊人員依下列原則處理：\r\n一、留任本機關：\r\n (一) 編制內人員除留任資訊單位外，由各機關視機關之用人需求統籌規\r\n      劃，依考試資格、職系專長及學、經歷，並參酌個人意願，依有關\r\n      規定調任本機關或所屬機關服務。\r\n (二) 協力合作人員：編制內之資訊人員配合資訊業務整體委外專案，派\r\n      赴廠商共同處理本機關之資訊業務。協力合作之人員仍屬各機關編\r\n      制內人員，其人事均依現行有關人事法規管理。協力合作人員採出\r\n      缺不補方式處理。\r\n (三) 約聘僱人員除資訊單位留任或轉赴廠商任職者外，於約聘僱期限內\r\n      ，由原機關另行指派工作。\r\n二、轉任民間：\r\n (一) 編制內人員辦理離職，由廠商僱用者，不得低於原有待遇，並保障\r\n      其工作五年內不得解僱；其離職前原服務年資並得依法辦理退休、\r\n      資遣。實施資訊業務整體委外作業當時，辦理退休人員以屆滿退休\r\n      限齡日期為準，每提前一個月退休，加發一個月俸 (薪) 給 (含薪\r\n      俸、專業加給二項，主管另加主管職務加給一項) 之慰助金，最高\r\n      以加發六個月為限。資遣人員一律加發六個月俸 (薪) 給慰助金；\r\n      前款留任人員嗣後再轉任民間者，不得發給慰助金。\r\n (二) 約聘僱人員解聘 (僱) 後，由廠商僱用，不得低於原有待遇，並保\r\n      障其工作五年內不得解僱；本機關解聘 (僱) 前原服務年資如符合\r\n      各機關學校聘僱人員離職儲金給與辦法之規定者，得依其規定辦理\r\n      。\r\n (三) 原參加公務人員保險 (以下簡稱公保) 之人員，於退出公保，除符\r\n      合規定得請領養老給付者外，其損失之公保投保年資，比照公務人\r\n      員保險法第十六條規定之給付計算標準結算補償金。投保公保未滿\r\n      五年者，依其投保年資每滿一年發給一個月養老給付之補償金。因\r\n      離職未轉任民間而原參加勞工保險 (以下簡稱勞保) 之人員，於退\r\n      出勞保，除符合規定得請領老年給付者外，其損失之勞保投保年資\r\n      ，比照勞工保險條例第五十九條所規定之老年給付計算標準結算補\r\n      償金。補償金於離職辦理退保時一次給付。但依法再參加各保險領\r\n      取養老或老年給付時，應將補償金繳回原補償機關；其所領養老或\r\n      老年給付金額較原補償金低時，僅繳回與所領養老或老年給付同金\r\n      額之補償金。補償金數額，應委由原承保機關核算並加註存檔，俟\r\n      被保險人再參加各該保險領取養老或老年給付時，由承保機關通知\r\n      原補償機關收回原補償金。"
		},
		{
			"number": 1900,
			"content": "各機關派赴廠商之協力合作人員與廠商業務配合分工事項，由原機關與廠\r\n商事前協定，並於契約內載明。協力合作人員以從事政府資訊業務整體委\r\n外服務契約事項為限。"
		},
		{
			"number": 2000,
			"content": "各機關派赴廠商協力合作之人員以四年為限，並由原機關定期評估執行成\r\n效，如有業務需要，得調回原機關服務。四年期滿如有特殊需要，得延長\r\n之。"
		},
		{
			"number": 2100,
			"content": "各機關不得因編制內資訊人員或約聘僱人員轉赴廠商服務而據以請增員額\r\n。"
		},
		{
			"number": 2200,
			"content": "各機關應訂定具體安全需求，請廠商提出對應措施建議方案。\r\n前項廠商所提出之建議方案經機關確認後，應載明於資訊業務整體委外服\r\n務契約。"
		},
		{
			"number": 2300,
			"content": "各機關對於重要之資訊、檔案及資料庫等，應加強安全控管；必要時，應\r\n自行管理之。"
		},
		{
			"number": 2400,
			"content": "各機關應建立資訊安全管理制度，定期評估廠商安全控管績效。"
		},
		{
			"number": 2500,
			"content": "各機關應於事前訂妥過渡作業、風險管理及應變計畫，確保資訊業務之持\r\n續運作。"
		},
		{
			"number": 2600,
			"content": "各機關辦理資訊業務整體委外作業遇有窒礙情形時，得提報行政院資訊發\r\n展推動小組協助解決。"
		},
		{
			"number": 2700,
			"content": "各機關資訊業務整體委外作業之相關執行事項，由行政院研究發展考核委\r\n員會另定之。"
		},
		{
			"number": 2800,
			"content": "地方政府資訊業務整體委外作業，得參照本辦法另訂有關規定辦理。\r\n地方政府未訂定資訊業務整體委外作業有關規定者，得準用本辦法之規定\r\n。"
		},
		{
			"number": 2900,
			"content": "本辦法自發布日施行。"
		}
	]
}