{
	"pcode": "A0030065",
	"type": "命令",
	"title": "政府採購公告及公報發行辦法",
	"url": "https://law.moj.gov.tw/LawClass/LawAll.aspx?pcode=A0030065",
	"category": [
		"行政",
		"行政院公共工程委員會",
		"通用目"
	],
	"lastUpdate": "20080520",
	"isTranslated": true,
	"english": "Regulations for Publication of Government Procurement Notices and Government Procurement Gazette",
	"history": [
		"中華民國八十八年四月二十六日行政院公共工程委員會（88）工程企字第 805500 號令訂定發布全文 20 條；並自八十八年五月二十七日起施行",
		"中華民國九十一年九月四日行政院公共工程委員會工程企字第 09100369340 號令修正發布全文 23 條；並自發布日施行",
		"中華民國九十七年五月二十日行政院公共工程委員會工程企字第 09700202170 號令修正發布第 2、4、11、13、21 條條文"
	],
	"divisions": [],
	"articles": [
		{
			"number": 100,
			"content": "本辦法依政府採購法 (以下簡稱本法) 第二十七條第二項規定訂定之。"
		},
		{
			"number": 200,
			"content": "政府採購公報（以下簡稱採購公報），由主管機關發行，並得以電子化方\r\n式為之。\r\n前項發行工作，主管機關得委託機關（構）或廠商辦理。"
		},
		{
			"number": 300,
			"content": "採購公報除星期例假日、放假日及特殊情形外，按日發行。"
		},
		{
			"number": 400,
			"content": "下列政府採購資訊應刊登採購公報一日，並公開於主管機關之政府採購資\r\n訊網站（以下簡稱採購網站）：\r\n一、本法第二十二條第一項第九款至第十一款、第十四款規定之公開評選\r\n    、公開徵求或審查之公告。\r\n二、本法第二十七條第一項規定之招標公告及辦理資格審查之公告。\r\n三、本法第四十一條第二項規定之變更或補充招標文件內容之公告及必要\r\n    之釋疑公告。\r\n四、本法第六十一條規定之決標結果或無法決標之公告。\r\n五、本法第七十五條第二項規定應另行辦理之變更或補充招標文件內容之\r\n    公告。\r\n六、本法第一百零二條第三項規定之廠商名稱與相關情形。\r\n七、本法第一百零三條第一項規定之註銷公告。\r\n八、本法第一百十一條第二項規定之年度重大採購事件之效益評估。\r\n九、我國締結之條約或協定規定公告之事項。\r\n十、前列各款之更正公告。\r\n前項第九款公告之事項，我國締結之條約或協定未規定應刊登採購公報者\r\n，得僅公開於採購網站。"
		},
		{
			"number": 500,
			"content": "下列政府採購資訊應公開於採購網站，必要時並得刊登採購公報：\r\n一、機關委託研究發展作業辦法第四條第二項規定之公告。\r\n二、本法第三十四條第一項但書規定之公開說明或公開徵求廠商提供參考\r\n    資料之公告。\r\n三、本法第四十九條公開取得廠商書面報價或企劃書之公告。\r\n四、本法第一百條第二項多餘不用堪用財物之無償讓與公告。\r\n五、本法施行細則第二十一條第二項第二款邀請所有符合資格廠商投標之\r\n    公告。\r\n六、其他經主管機關指定者。"
		},
		{
			"number": 600,
			"content": "下列資訊得公開於採購網站，必要時並得刊登採購公報：\r\n一、本法第八十二條第一項採購申訴審議委員會之審議判斷。\r\n二、本法第八十五條之一採購申訴審議委員會之調解文書。\r\n三、未達公告金額採購之決標公告。\r\n四、與政府採購有關之法令、司法裁判、訴願決定、仲裁判斷或宣導資訊\r\n    。\r\n五、財物之變賣或出租公告。\r\n六、須為公示送達而刊登之政府採購有關文書或其節本。\r\n七、其他與政府採購有關之資訊。"
		},
		{
			"number": 700,
			"content": "依本法第二十七條第一項規定辦理之招標公告，應登載下列事項：\r\n一、有案號者，其案號。\r\n二、機關之名稱、地址、聯絡人 (或單位) 及聯絡電話。\r\n三、招標標的之名稱及數量摘要。有保留未來後續擴充之權利者，其擴充\r\n    之期間、金額或數量。\r\n四、招標文件之領取地點、方式、售價及購買該文件之付款方式。\r\n五、收受投標文件之地點及截止期限。\r\n六、公開開標者，其時間及地點。\r\n七、須押標金者，其額度。\r\n八、履約期限。\r\n九、投標文件應使用之文字。\r\n十、招標與決標方式及是否可能採行協商措施。\r\n十一、是否屬公告金額以上之採購。\r\n十二、是否適用我國所締結之條約或協定。\r\n十三、廠商資格條件摘要。\r\n十四、財物採購，其性質係購買、租賃、定製或兼具二種以上之性質。\r\n十五、是否屬公共工程實施技師簽證者。\r\n十六、其他經主管機關指定者。"
		},
		{
			"number": 800,
			"content": "下列政府採購公告應登載之事項，準用前條之規定：\r\n一、依本法第二十二條第一項第九款至第十一款規定辦理公開評選或公開\r\n    徵求之公告。\r\n二、依本法第四十九條規定於採購公報公開邀請廠商提供書面報價或企劃\r\n    書之公告。\r\n三、依本法施行細則第二十一條第二項第二款規定邀請所有符合資格廠商\r\n    投標之公告。"
		},
		{
			"number": 900,
			"content": "依本法第二十七條第一項規定辦理資格審查之公告，以建立本法第二十一\r\n條合格廠商名單者，應登載下列事項：\r\n一、有案號者，其案號。\r\n二、機關之名稱、地址、聯絡人 (或單位) 及聯絡電話。\r\n三、擬建立名單之名稱及未來將對名單廠商邀標之標的名稱或其類別。\r\n四、辦理資格審查文件之領取地點、方式、售價及購買該文件之付款方式\r\n    。\r\n五、收受資格文件之地點及截止期限。\r\n六、名單之有效期限及展期手續。\r\n七、資格文件應使用之文字。\r\n八、廠商列入該等名單所應符合之條件及機關查證各項條件之方法。\r\n九、是否適用我國所締結之條約或協定。\r\n十、是否屬公告金額以上之採購。\r\n十一、是否屬公共工程實施技師簽證者。\r\n十二、其他經主管機關指定者。\r\n前項名單有效期限內之預估採購總額，得於公告中一併公開。"
		},
		{
			"number": 1000,
			"content": "依本法第二十七條第一項規定辦理資格審查之公告，以供個案採購使用者\r\n，應登載下列事項：\r\n一、有案號者，其案號。\r\n二、機關之名稱、地址、聯絡人 (或單位) 及聯絡電話。\r\n三、擬向合格廠商邀標之標的名稱及數量摘要。若有保留未來後續擴充之\r\n    權利者，其擴充之期間、金額或數量。\r\n四、辦理資格審查文件之領取地點、方式、售價及購買該文件之付款方式\r\n    。\r\n五、收受資格文件之地點及截止期限。\r\n六、公開開標者，其時間及地點。\r\n七、資格文件應使用之文字。\r\n八、廠商資格條件摘要。\r\n九、是否適用我國所締結之條約或協定。\r\n十、是否屬公告金額以上之採購。\r\n十一、其他經主管機關指定者。"
		},
		{
			"number": 1100,
			"content": "機關依投標廠商資格與特殊或巨額採購認定標準第五條第三項規定辦理者\r\n，應於招標公告或招標文件公開預算金額。\r\n機關辦理前項以外之公告金額以上採購，應於招標公告公開預算金額。但\r\n有下列情形之一者，不在此限：\r\n一、轉售或供製造、加工後轉售之採購。\r\n二、預算金額涉及商業機密。\r\n三、機關認為不宜公開。\r\n前二項以外之採購之預算及預計金額，得於招標公告中一併公開。"
		},
		{
			"number": 1200,
			"content": "依本法第四十一條第二項規定辦理變更或補充招標文件內容之公告及必要\r\n之釋疑公告，或本法第七十五條第二項規定應另行辦理之變更或補充招標\r\n文件內容之公告，應登載下列事項：\r\n一、有案號者，其案號。\r\n二、機關之名稱、地址、聯絡人 (或單位) 及聯絡電話。\r\n三、採購標的之名稱及數量摘要。\r\n四、變更或補充文件及必要之釋疑文件之領取地點、方式、售價及購買該\r\n    文件之付款方式。\r\n五、原刊登採購公報日期。\r\n六、變更、補充、釋疑事項或其摘要。\r\n七、其他經主管機關指定者。"
		},
		{
			"number": 1300,
			"content": "依本法第六十一條規定辦理決標結果之公告，應登載下列事項：\r\n一、有案號者，其案號。\r\n二、決標機關之名稱、地址、聯絡人（或單位）及聯絡電話。\r\n三、決標標的之名稱及數量摘要。\r\n四、決標日期。\r\n五、得標廠商之名稱、地址及聯絡電話。\r\n六、決標金額。以單價決標者，為單價乘以預估數量之總金額或預估採購\r\n    總金額。\r\n七、有底價或評審委員會建議之金額或預算金額，且應予公開者，其金額\r\n    。不予公開者，其理由。\r\n八、招標及決標方式。\r\n九、有招標公告或辦理資格審查公告者，其刊登採購公報日期。\r\n十、採限制性招標者，其依據之法條。\r\n十一、採購金額。\r\n十二、採最有利標或準用最有利標決標，得標廠商之總評分或總序位。\r\n十三、其他經主管機關指定者。\r\n以轉售為目的之採購，其決標金額涉及商業機密者，得不公告決標金額，\r\n但應附記不公告之理由。\r\n採用複數決標之方式者，其每一次決標及不同標的或底價之項目，應分別\r\n刊登決標公告。\r\n未達公告金額採購之決標公告，準用前三項之規定。"
		},
		{
			"number": 1400,
			"content": "機關依本法第六十二條規定彙送至主管機關之決標資料，除前條第一項規\r\n定應登載之事項外，應另包含下列事項：\r\n一、投標廠商家數及未得標廠商名稱。\r\n二、屬公共工程實施技師簽證者，其簽證範圍、項目及承辦技師科別、姓\r\n    名、執業執照字號。\r\n三、預估分包予中小企業之金額。\r\n四、得標廠商於投標時在我國境內員工總人數逾一百人者，其總人數、僱\r\n    用身心障礙者及原住民之人數。\r\n五、其他經主管機關指定者。\r\n公告金額十分之一以下之採購，得不適用前項規定。"
		},
		{
			"number": 1500,
			"content": "依本法第六十一條規定辦理無法決標之公告，應登載下列事項：\r\n一、有案號者，其案號。\r\n二、機關之名稱、地址、聯絡人 (或單位) 及聯絡電話。\r\n三、招標標的之名稱及數量摘要。\r\n四、所使用之招標方式。\r\n五、無法決標之事由。\r\n六、未來是否繼續辦理採購。\r\n七、原招標公告或辦理資格審查公告之刊登採購公報日期。\r\n八、其他經主管機關指定者。\r\n前項公告，應於廢標後、重行招標前刊登，並不得超過廢標後二星期。\r\n取消採購或未達公告金額採購無法決標之公告，準用前二項之規定。\r\n本法第二十二條第一項第九款至第十一款規定之公開評選或公開徵求而無\r\n法決標之公告，準用前三項之規定。"
		},
		{
			"number": 1600,
			"content": "依本法第一百零二條第三項規定辦理廠商名稱與相關情形之公告，應登載\r\n下列事項：\r\n一、有案號者，其案號。\r\n二、機關之名稱、地址、聯絡人 (或單位) 及聯絡電話。\r\n三、採購標的摘要。\r\n四、廠商名稱及地址。\r\n五、符合本法第一百零一條第一項各款所列之情形。\r\n六、本法第一百零三條第一項規定之期間。\r\n七、其他經主管機關指定者。"
		},
		{
			"number": 1700,
			"content": "依本法第一百零三條第一項規定辦理註銷之公告，應登載下列事項：\r\n一、有案號者，其案號。\r\n二、機關之名稱、地址、聯絡人 (或單位) 及聯絡電話。\r\n三、採購標的摘要。\r\n四、廠商名稱及地址。\r\n五、原刊登符合本法第一百零一條第一項各款所列之情形。\r\n六、原刊登採購公報日期。\r\n七、註銷之事由。\r\n八、其他經主管機關指定者。"
		},
		{
			"number": 1800,
			"content": "依本法第一百十一條第二項規定辦理年度重大採購事件之效益評估公告，\r\n應登載下列事項：\r\n一、有案號者，其案號。\r\n二、機關之名稱、地址、聯絡人 (或單位) 及聯絡電話。\r\n三、採購標的摘要。\r\n四、廠商名稱及地址。\r\n五、啟用日期。\r\n六、使用年限。\r\n七、機關之使用情形及其效益分析。\r\n八、主管機關之效益評估。\r\n九、其他經主管機關指定者。"
		},
		{
			"number": 1900,
			"content": "依第四條第一項第九款辦理之公告，其屬招標公告或資格審查公告者，應\r\n另以英文刊登下列事項；其屬其他公告者，依條約或協定之規定。\r\n一、有案號者，其案號。\r\n二、機關之名稱、地址、聯絡人 (或單位) 及聯絡電話。\r\n三、相關文件之領取地點、方式、售價及購買該文件之付款方式。\r\n四、收受投標文件或資格文件之地點及截止期限。\r\n五、標的摘要。\r\n六、條約或協定規定之其他事項。\r\n七、其他經主管機關指定者。\r\n前項規定於辦理更正公告時準用之。"
		},
		{
			"number": 2000,
			"content": "機關依第四條及第五條刊登採購公報之資訊及辦理主管機關指定蒐集或統\r\n計之採購資訊，應依一定格式及內容，傳送至主管機關指定之電腦資料庫\r\n；傳送資訊內容由機關自行檢核，如有錯誤，應辦理更正。電腦資料庫不\r\n提供網路傳輸功能之項目，機關應以電子數位資料方式提供。\r\n前項資訊傳送作業方式及駐國外機構辦理方式，由主管機關定之。"
		},
		{
			"number": 2100,
			"content": "採購網站所蒐集之採購公告資訊，除有特殊情形經主管機關調整者外，其\r\n刊登採購公報之時程如下：\r\n一、星期一刊登上星期四下午及星期五上午所傳送之資料。\r\n二、星期二刊登上星期五下午及本星期一上午所傳送之資料。\r\n三、星期三刊登星期一下午及星期二上午所傳送之資料。\r\n四、星期四刊登星期二下午及星期三上午所傳送之資料。\r\n五、星期五刊登星期三下午及星期四上午所傳送之資料。\r\n前項刊登時程，遇假日、停止上班日或特殊情形無法發行採購公報者，順\r\n延之；以電子化方式發行採購公報者，得提前之。\r\n前項無法發行採購公報之情形係屬不可預見者，機關應視需要於恢復上班\r\n或特殊情形消失後，依前二項時程辦理更正公告。\r\n第一項傳送資料之時間，依採購網站所登錄之傳送時間認定。"
		},
		{
			"number": 2200,
			"content": "銷售採購公報及提供採購網站資訊服務，得向採購公報訂戶及資訊服務使\r\n用者收費；其收費標準，由主管機關定之。"
		},
		{
			"number": 2300,
			"content": "本辦法自發布日施行。"
		}
	]
}