{
	"pcode": "A0030014",
	"type": "命令",
	"title": "中央研究院設置訪問研究學人辦法",
	"url": "https://law.moj.gov.tw/LawClass/LawAll.aspx?pcode=A0030014",
	"category": [
		"總統",
		"總統府",
		"中央研究院目"
	],
	"lastUpdate": "19740418",
	"isTranslated": false,
	"history": [
		"中華民國六十三年四月十八日中央研究院第二次院務會議通過"
	],
	"divisions": [],
	"articles": [
		{
			"number": 100,
			"content": "本院為指導、聯絡、獎勵學術研究，加強學術發展，依本院組織法第二條\r\n第二款之規定，訂定設置訪問研究學人辦法 (以下簡稱本辦法) 。"
		},
		{
			"number": 200,
			"content": "本院設置之訪問研究學人，須具有國內公私立大學、獨立學院及專科學校\r\n講師以上，或研究機構研究人員相當於講師以上之資格。"
		},
		{
			"number": 300,
			"content": "訪問研究期間，以三個月至一年為原則。"
		},
		{
			"number": 400,
			"content": "本院各研究所及研究所籌備處 (以下簡稱所處) 在同一時期每所處暫以接\r\n受兩名訪問研究學人為限。"
		},
		{
			"number": 500,
			"content": "凡申請為本院訪問研究學人者，應於預定到院研究三個月之前向本院有關\r\n所處提出下列文件：\r\n一、研究計劃；\r\n二、最近三年內之著作；\r\n三、簡歷表；\r\n四、所在學校或研究機構首長之推薦函。"
		},
		{
			"number": 600,
			"content": "訪問研究申請案件先由有關研究所處審查，經所務會議通過並洽定協助或\r\n指導人員後報請本院院長核定之。"
		},
		{
			"number": 700,
			"content": "訪問研究學人在本院訪問研究期間得享受下列之優待：\r\n一、研究補助費之資助；\r\n二、研究室之供應，圖書資料之閱覽，儀器標本之利用，實驗藥品之供給\r\n    ；\r\n三、本院醫務室之醫療服務；\r\n四、本院交通車之搭乘。"
		},
		{
			"number": 800,
			"content": "訪問研究學人在本院訪問研究期間應履行下列事項：\r\n一、遵守本院及有關所處之規定；\r\n二、參加所在所處之學術討論會，並至少主講一次，報告其研究成果；\r\n三、訪問期滿時應提交研究報告一式二份，除一份由所在所處留存外，另\r\n    一份轉送其推薦學校或研究機構；\r\n四、研究成果發表時，須註明「本書 (或論文) 係在中央研究院訪問研究\r\n    期間完成」字樣。"
		},
		{
			"number": 900,
			"content": "訪問研究學人在本院訪問研究期滿後，得由本院給證明文件 (格式另定)\r\n。"
		},
		{
			"number": 1000,
			"content": "本院認可之國外大學及學術機構所推薦之訪問研究學人，得比照本辦法辦\r\n理。"
		},
		{
			"number": 1100,
			"content": "本辦法經院務會議通過，並經院長核定後實施，修改時同。"
		}
	]
}