{
	"pcode": "A0030155",
	"type": "法律",
	"title": "公務員懲戒法",
	"url": "https://law.moj.gov.tw/LawClass/LawAll.aspx?pcode=A0030155",
	"category": [
		"司法",
		"院本部",
		"行懲及智財目"
	],
	"lastUpdate": "20150520",
	"isTranslated": false,
	"history": [
		"中華民國二十年六月八日國民政府制定公布全文 28 條",
		"中華民國二十二年六月二十七日國民政府修正公布第 10 條條文",
		"中華民國二十二年十二月一日國民政府修正公布第 3 條條文",
		"中華民國三十七年四月十五日國民政府修正公布全文 27 條",
		"中華民國七十四年五月三日總統（74）華總（一）義字 2125 號令修正公布全文 41 條",
		"中華民國一百零四年五月二十日總統華總一義字第 10400058171 號令修正公布全文 80 條；施行日期，由司法院定之中華民國一百零五年三月七日司法院院台廳行二字第 1050006359 號令發布定自一百零五年五月二日施行"
	],
	"divisions": [
		{
			"type": "章",
			"number": 100,
			"title": "通則",
			"start": 100,
			"end": 800
		},
		{
			"type": "章",
			"number": 200,
			"title": "懲戒處分",
			"start": 900,
			"end": 2200
		},
		{
			"type": "章",
			"number": 300,
			"title": "審判程序",
			"start": 2300,
			"end": 6300
		},
		{
			"type": "章",
			"number": 400,
			"title": "再審",
			"start": 6400,
			"end": 7300
		},
		{
			"type": "章",
			"number": 500,
			"title": "執行",
			"start": 7400,
			"end": 7500
		},
		{
			"type": "章",
			"number": 600,
			"title": "附則",
			"start": 7600,
			"end": 8000
		}
	],
	"articles": [
		{
			"number": 100,
			"content": "公務員非依本法不受懲戒。但法律另有規定者，從其規定。\r\n本法之規定，對退休（職、伍）或其他原因離職之公務員於任職期間之行\r\n為，亦適用之。"
		},
		{
			"number": 200,
			"content": "公務員有下列各款情事之一，有懲戒之必要者，應受懲戒：\r\n一、違法執行職務、怠於執行職務或其他失職行為。\r\n二、非執行職務之違法行為，致嚴重損害政府之信譽。"
		},
		{
			"number": 300,
			"content": "公務員之行為非出於故意或過失者，不受懲戒。"
		},
		{
			"number": 400,
			"content": "公務員有下列各款情形之一者，其職務當然停止：\r\n一、依刑事訴訟程序被通緝或羈押。\r\n二、依刑事確定判決，受褫奪公權之宣告。\r\n三、依刑事確定判決，受徒刑之宣告，在監所執行中。"
		},
		{
			"number": 500,
			"content": "公務員懲戒委員會合議庭對於移送之懲戒案件，認為情節重大，有先行停\r\n止職務之必要者，得通知被付懲戒人之主管機關，先行停止其職務。\r\n主管機關對於所屬公務員，依第二十四條規定送請監察院審查或公務員懲\r\n戒委員會審理而認為有免除職務、撤職或休職等情節重大之虞者，亦得依\r\n職權先行停止其職務。"
		},
		{
			"number": 600,
			"content": "依前二條規定停止職務之公務員，在停職中所為之職務上行為，不生效力\r\n。"
		},
		{
			"number": 700,
			"content": "依第四條第一款或第五條規定停止職務之公務員，於停止職務事由消滅後\r\n，未經公務員懲戒委員會合議庭判決或經判決未受免除職務、撤職或休職\r\n處分，且未在監所執行徒刑中者，得依法申請復職。服務機關或其上級機\r\n關，除法律另有規定外，應許其復職，並補給其停職期間之本俸（年功俸\r\n）或相當之給與。\r\n前項公務員死亡者，應補給之本俸（年功俸）或相當之給與，由依法得領\r\n受撫卹金之人具領之。"
		},
		{
			"number": 800,
			"content": "公務員因案在公務員懲戒委員會審理中者，不得資遣或申請退休、退伍。\r\n其經監察院提出彈劾案者，亦同。\r\n監察院或主管機關於依第二十三條、第二十四條第一項辦理移送時，應通\r\n知銓敘部或該管主管機關。"
		},
		{
			"number": 900,
			"content": "公務員之懲戒處分如下：\r\n一、免除職務。\r\n二、撤職。\r\n三、剝奪、減少退休（職、伍）金。\r\n四、休職。\r\n五、降級。\r\n六、減俸。\r\n七、罰款。\r\n八、記過。\r\n九、申誡。\r\n前項第三款之處分，以退休（職、伍）或其他原因離職之公務員為限。\r\n第一項第七款得與第三款、第六款以外之其餘各款併為處分。\r\n第一項第四款、第五款及第八款之處分於政務人員不適用之。"
		},
		{
			"number": 1000,
			"content": "懲戒處分時，應審酌一切情狀，尤應注意下列事項，為處分輕重之標準：\r\n一、行為之動機。\r\n二、行為之目的。\r\n三、行為時所受之刺激。\r\n四、行為之手段。\r\n五、行為人之生活狀況。\r\n六、行為人之品行。\r\n七、行為人違反義務之程度。\r\n八、行為所生之損害或影響。\r\n九、行為後之態度。"
		},
		{
			"number": 1100,
			"content": "免除職務，免其現職，並不得再任用為公務員。"
		},
		{
			"number": 1200,
			"content": "撤職，撤其現職，並於一定期間停止任用；其期間為一年以上、五年以下\r\n。\r\n前項撤職人員，於停止任用期間屆滿，再任公務員者，自再任之日起，二\r\n年內不得晉敘、陞任或遷調主管職務。"
		},
		{
			"number": 1300,
			"content": "剝奪退休（職、伍）金，指剝奪受懲戒人離職前所有任職年資所計給之退\r\n休（職、伍）或其他離職給與；其已支領者，並應追回之。\r\n減少退休（職、伍）金，指減少受懲戒人離職前所有任職年資所計給之退\r\n休（職、伍）或其他離職給與百分之十至百分之二十；其已支領者，並應\r\n追回之。\r\n前二項所定退休（職、伍）金，應按最近一次退休（職、伍）或離職前任\r\n職年資計算。但公教人員保險養老給付、軍人保險退伍給付、公務員自行\r\n繳付之退撫基金費用本息或自提儲金本息，不在此限。"
		},
		{
			"number": 1400,
			"content": "休職，休其現職，停發俸（薪）給，並不得申請退休、退伍或在其他機關\r\n任職；其期間為六個月以上、三年以下。\r\n休職期滿，許其回復原職務或相當之其他職務。自復職之日起，二年內不\r\n得晉敘、陞任或遷調主管職務。\r\n前項復職，得於休職期滿前三十日內提出申請，並準用公務人員保障法之\r\n復職規定辦理。"
		},
		{
			"number": 1500,
			"content": "降級，依受懲戒人現職之俸（薪）級降一級或二級改敘；自改敘之日起，\r\n二年內不得晉敘、陞任或遷調主管職務。\r\n受降級處分而無級可降者，按每級差額，減其月俸（薪）；其期間為二年\r\n。"
		},
		{
			"number": 1600,
			"content": "減俸，依受懲戒人現職之月俸（薪）減百分之十至百分之二十支給；其期\r\n間為六個月以上、三年以下。自減俸之日起，一年內不得晉敘、陞任或遷\r\n調主管職務。"
		},
		{
			"number": 1700,
			"content": "罰款，其金額為新臺幣一萬元以上、一百萬元以下。"
		},
		{
			"number": 1800,
			"content": "記過，自記過之日起一年內，不得晉敘、陞任或遷調主管職務。一年內記\r\n過三次者，依其現職之俸（薪）級降一級改敘；無級可降者，準用第十五\r\n條第二項之規定。"
		},
		{
			"number": 1900,
			"content": "申誡，以書面為之。"
		},
		{
			"number": 2000,
			"content": "應受懲戒行為，自行為終了之日起，至案件繫屬公務員懲戒委員會之日止\r\n，已逾十年者，不得予以休職之懲戒。\r\n應受懲戒行為，自行為終了之日起，至案件繫屬公務員懲戒委員會之日止\r\n，已逾五年者，不得予以減少退休（職、伍）金、降級、減俸、罰款、記\r\n過或申誡之懲戒。\r\n前二項行為終了之日，指公務員應受懲戒行為終結之日。但應受懲戒行為\r\n係不作為者，指公務員所屬服務機關或移送機關知悉之日。"
		},
		{
			"number": 2100,
			"content": "受降級或減俸處分而在處分執行前或執行完畢前離職者，於其再任職時，\r\n依其再任職之級俸執行或繼續執行之。"
		},
		{
			"number": 2200,
			"content": "同一行為，不受公務員懲戒委員會二次懲戒。\r\n同一行為已受刑罰或行政罰之處罰者，仍得予以懲戒。其同一行為不受刑\r\n罰或行政罰之處罰者，亦同。"
		},
		{
			"number": 2300,
			"content": "監察院認為公務員有第二條所定情事，應付懲戒者，應將彈劾案連同證據\r\n，移送公務員懲戒委員會審理。"
		},
		{
			"number": 2400,
			"content": "各院、部、會首長，省、直轄市、縣（市）行政首長或其他相當之主管機\r\n關首長，認為所屬公務員有第二條所定情事者，應由其機關備文敘明事由\r\n，連同證據送請監察院審查。但對於所屬薦任第九職等或相當於薦任第九\r\n職等以下之公務員，得逕送公務員懲戒委員會審理。\r\n依前項但書規定逕送公務員懲戒委員會審理者，應提出移送書，記載被付\r\n懲戒人之姓名、職級、違法或失職之事實及證據，連同有關卷證，一併移\r\n送，並應按被付懲戒人之人數，檢附移送書之繕本。"
		},
		{
			"number": 2500,
			"content": "同一違法失職案件，涉及之公務員有數人，其隸屬同一主管機關者，移送\r\n監察院審查或公務員懲戒委員會審理時，應全部移送；其隸屬不同主管機\r\n關者，由共同上級機關全部移送；無共同上級機關者，由各主管機關分別\r\n移送。"
		},
		{
			"number": 2600,
			"content": "公務員懲戒委員會合議庭認移送之懲戒案件無受理權限者，應依職權以裁\r\n定移送至有受理權限之機關。\r\n當事人就公務員懲戒委員會有無受理權限有爭執者，公務員懲戒委員會合\r\n議庭應先為裁定。\r\n前二項裁定作成前，公務員懲戒委員會合議庭得先徵詢當事人之意見。"
		},
		{
			"number": 2700,
			"content": "公務員懲戒委員會委員，有下列情形之一者，應自行迴避，不得執行職務\r\n：\r\n一、為被付懲戒人受移送懲戒行為之被害人。\r\n二、現為或曾為被付懲戒人或被害人之配偶、八親等內之血親、五親等內\r\n    之姻親或家長、家屬。\r\n三、與被付懲戒人或被害人訂有婚約。\r\n四、現為或曾為被付懲戒人或被害人之法定代理人。\r\n五、曾為該懲戒案件被付懲戒人之代理人或辯護人，或監察院之代理人。\r\n六、曾為該懲戒案件之證人或鑑定人。\r\n七、曾參與該懲戒案件相牽涉之彈劾、移送懲戒或公務人員保障法、公務\r\n    人員考績法相關程序。\r\n八、曾參與該懲戒案件相牽涉之民、刑事或行政訴訟裁判。\r\n九、曾參與該懲戒案件再審前之裁判。但其迴避以一次為限。"
		},
		{
			"number": 2800,
			"content": "被付懲戒人或移送機關遇有下列情形之一者，得聲請委員迴避：\r\n一、委員有前條所定之情形而不自行迴避。\r\n二、委員有前條所定以外之情形，足認其執行職務有偏頗之虞。\r\n當事人如已就該案件有所聲明或陳述後，不得依前項第二款聲請委員迴避\r\n。但聲請迴避之原因發生在後或知悉在後者，不在此限。"
		},
		{
			"number": 2900,
			"content": "聲請迴避，應以書狀舉其原因向公務員懲戒委員會為之。但於審理期日或\r\n受訊問時，得以言詞為之。\r\n聲請迴避之原因及前條第二項但書之事實，應釋明之。\r\n被聲請迴避之委員，得提出意見書。\r\n委員被聲請迴避者，在該聲請事件終結前，應停止審理程序。但其聲請因\r\n違背第一項、第二項，或前條第二項之規定，或顯係意圖延滯審理程序而\r\n為者，不在此限。\r\n依前項規定停止審理程序中，如有急迫情形，仍應為必要處分。"
		},
		{
			"number": 3000,
			"content": "委員迴避之聲請，由公務員懲戒委員會合議庭裁定之。被聲請迴避之委員\r\n，不得參與裁定。\r\n被聲請迴避之委員，以該聲請為有理由者，毋庸裁定，應即迴避。"
		},
		{
			"number": 3100,
			"content": "委員有第二十八條第一項第二款之情形者，經委員長同意，得迴避之。"
		},
		{
			"number": 3200,
			"content": "委員迴避之規定，於書記官及通譯準用之。"
		},
		{
			"number": 3300,
			"content": "移送機關於懲戒案件，得委任下列之人為代理人：\r\n一、律師。\r\n二、所屬辦理法制、法務或與懲戒案件相關業務者。"
		},
		{
			"number": 3400,
			"content": "被付懲戒人得選任辯護人為其辯護。\r\n辯護人應由律師充之。但經審判長許可者，亦得選任非律師為辯護人。\r\n每一被付懲戒人選任辯護人，不得逾三人。\r\n辯護人有數人者，送達文書應分別為之。"
		},
		{
			"number": 3500,
			"content": "被付懲戒人應親自到場。但經審判長許可者，得委任代理人一人到場。\r\n前項代理人，準用前條第二項之規定。"
		},
		{
			"number": 3600,
			"content": "選任辯護人，應向公務員懲戒委員會合議庭提出委任書。\r\n前項規定，於代理人準用之。"
		},
		{
			"number": 3700,
			"content": "公務員懲戒委員會合議庭收受移送案件後，應將移送書繕本送達被付懲戒\r\n人，並命其於十日內提出答辯書。但應為免議或不受理之判決者，不在此\r\n限。\r\n言詞辯論期日，距移送書之送達，至少應有十日為就審期間。但有急迫情\r\n形時，不在此限。\r\n移送機關、被付懲戒人、代理人及辯護人，得聲請閱覽、抄錄、影印或攝\r\n影卷證。"
		},
		{
			"number": 3800,
			"content": "被付懲戒人因精神障礙或其他心智缺陷，無法答辯者，公務員懲戒委員會\r\n合議庭應於其回復前，裁定停止審理程序。\r\n被付懲戒人因疾病不能到場者，公務員懲戒委員會合議庭應於其能到場前\r\n，裁定停止審理程序。\r\n被付懲戒人顯有應為不受懲戒、免議或不受理判決之情形，或依第三十五\r\n條委任代理人者，不適用前二項之規定。"
		},
		{
			"number": 3900,
			"content": "同一行為，在刑事偵查或審判中者，不停止審理程序。但懲戒處分牽涉犯\r\n罪是否成立者，公務員懲戒委員會合議庭認有必要時，得裁定於第一審刑\r\n事判決前，停止審理程序。\r\n依前項規定停止審理程序之裁定，公務員懲戒委員會合議庭得依聲請或依\r\n職權撤銷之。"
		},
		{
			"number": 4000,
			"content": "審判長指定期日後，書記官應作通知書，送達於移送機關、被付懲戒人、\r\n代理人、辯護人或其他人員。但經審判長面告以所定之期日命其到場，或\r\n其曾以書狀陳明屆期到場者，與送達有同一之效力。\r\n前項通知書，應記載下列事項：\r\n一、案由。\r\n二、應到場人姓名、住居所。\r\n三、應到場之原因。\r\n四、應到之日、時、處所。\r\n第一項之期日為言詞辯論期日者，通知書並應記載不到場時之法律效果。"
		},
		{
			"number": 4100,
			"content": "訊問被付懲戒人、證人、鑑定人及通譯，應當場製作筆錄，記載下列事項\r\n：\r\n一、對於受訊問人之訊問及其陳述。\r\n二、證人、鑑定人或通譯如未具結者，其事由。\r\n三、訊問之年、月、日及處所。\r\n前項筆錄應向受訊問人朗讀或令其閱覽，詢以記載有無錯誤。\r\n受訊問人請求將記載增、刪、變更者，應將其陳述附記於筆錄。\r\n筆錄應命受訊問人緊接其記載之末行簽名、蓋章或按指印。"
		},
		{
			"number": 4200,
			"content": "公務員懲戒委員會合議庭審理案件，應依職權自行調查之，並得囑託法院\r\n或其他機關調查。受託法院或機關應將調查情形以書面答覆，並應附具調\r\n查筆錄及相關資料。"
		},
		{
			"number": 4300,
			"content": "公務員懲戒委員會合議庭審理案件，必要時得向有關機關調閱卷宗，並得\r\n請其為必要之說明。"
		},
		{
			"number": 4400,
			"content": "公務員懲戒委員會合議庭審理案件，均不公開。但公務員懲戒委員會合議\r\n庭認有公開之必要或被付懲戒人聲請公開並經許可者，不在此限。\r\n前項規定，於第四十二條囑託調查證據時，準用之。"
		},
		{
			"number": 4500,
			"content": "移送機關於判決前，得撤回移送案件之全部或一部。\r\n前項撤回，被付懲戒人已為言詞辯論者，應得其同意。\r\n移送案件之撤回，應以書狀為之。但在期日得以言詞為之。\r\n於期日所為之撤回，應記載於筆錄，如被付懲戒人不在場，應將筆錄送達\r\n。\r\n移送案件之撤回，被付懲戒人於期日到場，未為同意與否之表示者，自該\r\n期日起；其未於期日到場或係以書狀撤回者，自前項筆錄或撤回書狀送達\r\n之日起，十日內未提出異議者，視為同意撤回。\r\n案件經撤回者，同一移送機關不得更行移送。"
		},
		{
			"number": 4600,
			"content": "公務員懲戒委員會合議庭應本於言詞辯論而為判決。但就移送機關提供之\r\n資料及被付懲戒人書面或言詞答辯，已足認事證明確，或應為不受懲戒、\r\n免議或不受理之判決者，不在此限。\r\n前項情形，經被付懲戒人、代理人或辯護人請求進行言詞辯論者，不得拒\r\n絕。"
		},
		{
			"number": 4700,
			"content": "審判長於必要時，得指定受命委員先行準備程序，為下列各款事項之處理\r\n：\r\n一、闡明移送懲戒效力所及之範圍。\r\n二、訊問被付懲戒人、代理人或辯護人。\r\n三、整理案件及證據重要爭點。\r\n四、調查證據。\r\n五、其他與審判有關之事項。"
		},
		{
			"number": 4800,
			"content": "第三十四條第二項、第三十五條第一項、第三十七條第一項、第四十條第\r\n一項、第四十二條至第四十四條關於公務員懲戒委員會合議庭或審判長權\r\n限之規定，於受命委員行準備程序時準用之。"
		},
		{
			"number": 4900,
			"content": "言詞辯論期日，以朗讀案由為始。\r\n審判長訊問被付懲戒人後，移送機關應陳述移送要旨。\r\n陳述移送要旨後，被付懲戒人應就移送事實為答辯。\r\n被付懲戒人答辯後，審判長應調查證據，並應命依下列次序，就事實及法\r\n律辯論之：\r\n一、移送機關。\r\n二、被付懲戒人。\r\n三、辯護人。\r\n已辯論者，得再為辯論；審判長亦得命再行辯論。\r\n審判長於宣示辯論終結前，最後應訊問被付懲戒人有無陳述。"
		},
		{
			"number": 5000,
			"content": "言詞辯論終結後，宣示判決前，如有必要得命再開言詞辯論。"
		},
		{
			"number": 5100,
			"content": "言詞辯論期日應由書記官製作言詞辯論筆錄，記載下列事項及其他一切程\r\n序：\r\n一、辯論之處所及年、月、日。\r\n二、委員、書記官之姓名及移送機關或其代理人、被付懲戒人或其代理人\r\n    並辯護人、通譯之姓名。\r\n三、被付懲戒人未到場者，其事由。\r\n四、如公開審理，其理由。\r\n五、移送機關陳述之要旨。\r\n六、辯論之意旨。\r\n七、證人或鑑定人之具結及其陳述。\r\n八、向被付懲戒人提示證物或文書。\r\n九、當場實施之勘驗。\r\n十、審判長命令記載及依訴訟關係人聲請許可記載之事項。\r\n十一、最後曾予被付懲戒人陳述之機會。\r\n十二、判決之宣示。\r\n第四十一條第二項、第三項之規定，於前項言詞辯論筆錄準用之。"
		},
		{
			"number": 5200,
			"content": "言詞辯論期日，當事人之一造無正當理由不到場者，得依到場者之聲請，\r\n由其一造辯論而為判決；不到場者，經再次通知而仍不到場，並得依職權\r\n由一造辯論而為判決。\r\n如以前已為辯論或證據調查或未到場人有準備書狀之陳述者，為前項判決\r\n時，應斟酌之；未到場人以前聲明證據，其必要者，並應調查之。"
		},
		{
			"number": 5300,
			"content": "有下列各款情形之一者，公務員懲戒委員會合議庭應以裁定駁回前條聲請\r\n，並延展辯論期日：\r\n一、不到場之當事人未於相當時期受合法之通知。\r\n二、當事人之不到場，可認為係因天災或其他正當理由。\r\n三、到場之當事人於公務員懲戒委員會合議庭應依職權調查之事項，不能\r\n    為必要之證明。\r\n四、到場之當事人所提出之聲明、事實或證據，未於相當時期通知他造。"
		},
		{
			"number": 5400,
			"content": "當事人於辯論期日到場拒絕辯論者，得不待其陳述，依他造當事人之聲請\r\n，由其一造辯論而為判決。"
		},
		{
			"number": 5500,
			"content": "被付懲戒人有第二條情事之一，並有懲戒必要者，應為懲戒處分之判決；\r\n其無第二條情事或無懲戒必要者，應為不受懲戒之判決。"
		},
		{
			"number": 5600,
			"content": "懲戒案件有下列情形之一者，應為免議之判決：\r\n一、同一行為，已受公務員懲戒委員會之判決確定。\r\n二、受褫奪公權之宣告確定，認已無受懲戒處分之必要。\r\n三、已逾第二十條規定之懲戒處分行使期間。"
		},
		{
			"number": 5700,
			"content": "懲戒案件有下列各款情形之一者，應為不受理之判決。但其情形可補正者\r\n，審判長應定期間先命補正：\r\n一、移送程序或程式違背規定。\r\n二、被付懲戒人死亡。\r\n三、違背第四十五條第六項之規定，再行移送同一案件。"
		},
		{
			"number": 5800,
			"content": "公務員懲戒委員會合議庭審理之案件，經言詞辯論者，應指定言詞辯論終\r\n結後二星期內之期日宣示判決。\r\n宣示判決不以參與審理之委員為限；不問當事人是否在場，均有效力。"
		},
		{
			"number": 5900,
			"content": "判決書應分別記載主文、事實、理由及適用法條。但不受懲戒、免議及不\r\n受理之判決，毋庸記載事實。"
		},
		{
			"number": 6000,
			"content": "判決原本，應於判決宣示後，當日交付書記官；其於辯論終結之期日宣示\r\n判決者，應於五日內交付之。\r\n書記官應於判決原本內，記明收領期日並簽名。"
		},
		{
			"number": 6100,
			"content": "判決書正本，書記官應於收領原本時起十日內送達移送機關、被付懲戒人\r\n、代理人及辯護人，並通知銓敘部及該管主管機關。\r\n前項移送機關為監察院者，應一併送達被付懲戒人之主管機關。\r\n第一項判決書，主管機關應送登公報或以其他適當方式公開之。但其他法\r\n律另有規定者，依其規定。"
		},
		{
			"number": 6200,
			"content": "經言詞辯論之判決，於宣示時確定；不經言詞辯論者，毋庸宣示，於公告\r\n主文時確定。"
		},
		{
			"number": 6300,
			"content": "第五十八條、第六十條、第六十一條第一項、第二項規定，於裁定準用之\r\n。"
		},
		{
			"number": 6400,
			"content": "懲戒案件之判決，有下列各款情形之一者，原移送機關或受判決人，得提\r\n起再審之訴：\r\n一、適用法規顯有錯誤。\r\n二、判決合議庭之組織不合法。\r\n三、依法律或裁定應迴避之委員參與裁判。\r\n四、參與裁判之委員關於該訴訟違背職務，犯刑事上之罪已經證明，或關\r\n    於該訴訟違背職務受懲戒處分，足以影響原判決。\r\n五、原判決所憑之證言、鑑定、通譯或證物經確定判決，證明其為虛偽或\r\n    偽造、變造。\r\n六、同一行為其後經不起訴處分確定，或為判決基礎之刑事判決，依其後\r\n    之確定裁判已變更。\r\n七、發現確實之新證據，足認應變更原判決。\r\n八、就足以影響原判決之重要證據，漏未斟酌。\r\n九、確定判決所適用之法律或命令，經司法院大法官解釋為牴觸憲法。\r\n受判決人已死亡者，其配偶、直系血親、三親等內之旁系血親、二親等內\r\n之姻親或家長、家屬，得為受判決人之利益，提起再審之訴。\r\n再審之訴，於原處分執行完畢後，亦得提起之。"
		},
		{
			"number": 6500,
			"content": "提起再審之訴，應於下列期間內為之：\r\n一、依前條第一項第一款、第二款、第三款、第八款為理由者，自原判決\r\n    書送達之日起三十日內。\r\n二、依前條第一項第四款至第六款為理由者，自相關之刑事確定裁判送達\r\n    受判決人之日起三十日內。但再審之理由知悉在後者，自知悉時起算\r\n    。\r\n三、依前條第一項第七款為理由者，自發現新證據之日起三十日內。\r\n四、依前條第一項第九款為理由者，自解釋公布之翌日起三十日內。\r\n再審之訴自判決確定時起，如已逾五年者，不得提起。但以前條第一項第\r\n四款至第九款情形為提起再審之訴之理由者，不在此限。\r\n對於再審判決不服，復提起再審之訴者，前項所定期間，自原判決確定時\r\n起算。但再審之訴有理由者，自該再審判決確定時起算。"
		},
		{
			"number": 6600,
			"content": "再審之訴，應以訴狀表明下列各款事項，並添具確定判決繕本，提出於公\r\n務員懲戒委員會為之：\r\n一、當事人。\r\n二、聲明不服之判決及提起再審之訴之陳述。\r\n三、再審理由及關於再審理由並遵守不變期間之證據。"
		},
		{
			"number": 6700,
			"content": "公務員懲戒委員會合議庭受理再審之訴後，應將書狀繕本及附件，函送原\r\n移送機關或受判決人於指定期間內提出意見書或答辯書。但認其訴為不合\r\n法者，不在此限。\r\n原移送機關或受判決人無正當理由，逾期未提出意見書或答辯書者，公務\r\n員懲戒委員會合議庭得逕為裁判。"
		},
		{
			"number": 6800,
			"content": "公務員懲戒委員會合議庭認為再審之訴不合法者，應以裁定駁回之。\r\n公務員懲戒委員會合議庭認為再審之訴無理由者，以判決駁回之；如認為\r\n顯無再審理由者，得不經言詞辯論為之。\r\n公務員懲戒委員會合議庭認為再審之訴有理由者，應撤銷原判決更為判決\r\n。但再審之訴雖有理由，如認原判決為正當者，應以判決駁回之。\r\n再審判決變更原判決應予復職者，適用第七條之規定。其他有減發俸（薪\r\n）給之情形者，亦同。"
		},
		{
			"number": 6900,
			"content": "受判決人已死亡者，為其利益提起再審之訴之案件，應不行言詞辯論，於\r\n通知監察院或主管機關於一定期間內陳述意見後，即行判決。受判決人於\r\n再審判決前死亡者，亦同。\r\n為受判決人之不利益提起再審之訴，受判決人於再審判決前死亡者，關於\r\n本案視為訴訟終結。"
		},
		{
			"number": 7000,
			"content": "為受判決人之利益提起再審之訴，為懲戒處分之判決，不得重於原判決之\r\n懲戒處分。"
		},
		{
			"number": 7100,
			"content": "再審之訴，於公務員懲戒委員會合議庭判決前得撤回之。\r\n再審之訴，經撤回或判決者，不得更以同一事由提起再審之訴。"
		},
		{
			"number": 7200,
			"content": "提起再審之訴，無停止懲戒處分執行之效力。"
		},
		{
			"number": 7300,
			"content": "再審之訴，除本章規定外，準用第三章之規定。\r\n裁定已經確定，而有第六十四條第一項之情形者，得準用本章之規定，聲\r\n請再審。"
		},
		{
			"number": 7400,
			"content": "懲戒處分之判決於送達受懲戒人主管機關之翌日起發生懲戒處分效力。但\r\n受懲戒人因懲戒處分之判決而應為金錢之給付，經主管機關定相當期間催\r\n告，逾期未履行者，主管機關得以判決書為執行名義，移送行政執行機關\r\n準用行政執行法強制執行。\r\n主管機關收受剝奪或減少退休（職、伍）金處分之判決後，應即通知退休\r\n（職、伍）金之支給機關（構），由支給機關（構）依前項規定催告履行\r\n及移送強制執行。\r\n第一項但書及前項情形，於退休（職、伍）或其他原因離職人員，並得對\r\n其退休（職、伍）金或其他原因離職之給與執行。受懲戒人死亡者，就其\r\n遺產強制執行。"
		},
		{
			"number": 7500,
			"content": "公務員懲戒判決執行辦法，由司法院會同行政院、考試院定之。"
		},
		{
			"number": 7600,
			"content": "行政訴訟法之規定，除本法別有規定外，與懲戒案件性質不相牴觸者，準\r\n用之。"
		},
		{
			"number": 7700,
			"content": "本法中華民國一百零四年五月一日修正之條文施行前已繫屬於公務員懲戒\r\n委員會之懲戒案件尚未終結者，於本法修正施行後，依下列規定辦理：\r\n一、由公務員懲戒委員會合議庭依修正後之程序規定繼續審理。但修正施\r\n    行前已依法進行之程序，其效力不受影響。\r\n二、其應付懲戒之事由、懲戒種類及其他實體規定，依修正施行前之規定\r\n    。但修正施行後之規定有利於被付懲戒人者，依最有利於被付懲戒人\r\n    之規定。"
		},
		{
			"number": 7800,
			"content": "本法中華民國一百零四年五月一日修正之條文施行後，對本法修正施行前\r\n公務員懲戒委員會之議決提起再審之訴，由公務員懲戒委員會合議庭依修\r\n正施行後之程序審理。\r\n前項再審之訴，不適用本法第二十七條第九款之迴避事由。\r\n第一項再審之訴，其再審期間及再審事由依本法修正施行前之規定。"
		},
		{
			"number": 7900,
			"content": "本法中華民國一百零四年五月一日修正之條文施行前，公務員懲戒委員會\r\n之議決，未經執行或尚未執行終結者，依本法修正施行前之規定執行。"
		},
		{
			"number": 8000,
			"content": "本法施行日期，由司法院定之。"
		}
	]
}