{
	"pcode": "A0030041",
	"type": "命令",
	"title": "行政院所屬各機關中長程計畫編審辦法",
	"url": "https://law.moj.gov.tw/LawClass/LawAll.aspx?pcode=A0030041",
	"category": [
		"廢止法規",
		"行政院研究發展考核委員會"
	],
	"lastUpdate": "20081230",
	"isDiscarded": true,
	"isTranslated": false,
	"history": [
		"中華民國七十八年九月二十九日行政院（78）台研綜字第 3842 號令訂定發布全文 23 條",
		"中華民國九十年四月二日行政院（90）台研綜字第 0006820-1 號令修正發布全文 24 條；並自發布日起實施",
		"中華民國九十二年三月二十五日行政院院授研綜字第 09200070064 號令修正發布第 3～5、12 條條文；增訂第 23 條條文；原第 23、24 條條文遞改為第 24、25 條條文",
		"中華民國九十七年十二月三十日行政院院授研綜字第 0972261143 號令發布廢止"
	],
	"divisions": [
		{
			"type": "章",
			"number": 100,
			"title": "總則",
			"start": 100,
			"end": 200
		},
		{
			"type": "章",
			"number": 200,
			"title": "中程施政計畫之擬訂",
			"start": 300,
			"end": 400
		},
		{
			"type": "章",
			"number": 300,
			"title": "中程施政計畫之審議",
			"start": 500,
			"end": 800
		},
		{
			"type": "章",
			"number": 400,
			"title": "中長程個案計畫之擬訂",
			"start": 900,
			"end": 1200
		},
		{
			"type": "章",
			"number": 500,
			"title": "中長程個案計畫之審議",
			"start": 1300,
			"end": 1600
		},
		{
			"type": "章",
			"number": 600,
			"title": "中長程個案計畫之修正及廢止",
			"start": 1700,
			"end": 2000
		},
		{
			"type": "章",
			"number": 700,
			"title": "中程施政計畫、中長程個案計畫及年度施",
			"start": 2100,
			"end": 2200
		},
		{
			"type": "章",
			"number": 800,
			"title": "附則",
			"start": 2300,
			"end": 2500
		}
	],
	"articles": [
		{
			"number": 100,
			"content": "行政院所屬各部、會、行、處、局、署、院及省政府 (以下簡稱各機關)\r\n中長程計畫編審作業，依本辦法規定辦理。\r\n本辦法未規定者，依其他法令之規定。"
		},
		{
			"number": 200,
			"content": "本辦法所稱中長程計畫，係指中程施政計畫、長程個案計畫及中程個案計\r\n畫。\r\n前項各種計畫之定義如下：\r\n一、中程施政計畫：依據各機關中程施政目標，訂定期程為四年之綜合策\r\n    略計畫。\r\n二、長程個案計畫：以業務功能別，依據長程施政目標，訂定期程超過六\r\n    年之個案計畫。\r\n三、中程個案計畫：以業務功能別，依據各機關中程施政計畫，並配合長\r\n    程個案計畫，訂定期程為二年至六年之個案計畫。"
		},
		{
			"number": 300,
			"content": "各機關應進行內外環境、優先發展需要及課題評析，依國家長程整體及前\r\n瞻發展需要，配合施政績效評估作業，選定中程施政目標，擬訂策略績效\r\n目標及衡量指標，據以選擇中程施政重點，辦理相關部門中程計畫內容之\r\n規劃，並配合國家中程財政目標及可用資源，妥為規劃中程經費總需求，\r\n據以編訂中程施政計畫。                                          \r\n前項作業得諮詢專家、學者、相關機關或團體之意見。"
		},
		{
			"number": 400,
			"content": "中程施政計畫內容如下：               \r\n一、環境情勢分析及優先發展課題。     \r\n二、現有計畫執行成效及資源分配檢討。 \r\n三、策略績效目標及衡量指標。         \r\n四、計畫內容摘要。                   \r\n五、計畫經費總需求表。               \r\n六、計畫關聯表。"
		},
		{
			"number": 500,
			"content": "各機關中程施政計畫草案，應經首長召集各單位及所屬機關，就施政發展\r\n課題之優先順序、策略績效目標之代表性、客觀性與量化性、計畫及經費\r\n之需求、可行性、妥適性、協調性及其效益 (效果) 等項目予以研議，並\r\n依中程施政計畫編審作業注意事項所訂時程，函報行政院核定。"
		},
		{
			"number": 600,
			"content": "各機關中程施政計畫草案函報行政院後，由行政院研究發展考核委員會 (\r\n以下簡稱行政院研考會) 會同行政院秘書處、財政部、行政院主計處、行\r\n政院經濟建設委員會 (以下簡稱行政院經建會) 、行政院國家科學委員會\r\n (以下簡稱行政院國科會) 及行政院公共工程委員會等機關審查。\r\n各機關依前項所定審查結果修正原計畫草案後，由行政院研考會彙提行政\r\n院會議。"
		},
		{
			"number": 700,
			"content": "中程施政計畫以每四年訂定為原則。但各機關得因應環境變遷及政策調整\r\n需要，擬具修正計畫報院核定。"
		},
		{
			"number": 800,
			"content": "中程施政計畫編審作業注意事項，由行政院研考會另定之。"
		},
		{
			"number": 900,
			"content": "各機關應擬訂長程個案計畫及中程個案計畫 (以下簡稱中長程個案計畫)\r\n之事項如下：\r\n一、依基本國策及國家中長程施政目標應規劃事項。\r\n二、依國家整體及前瞻發展需要應規劃事項。\r\n三、依機關任務及中長程施政目標應規劃事項。\r\n四、依有關法令規定應規劃事項。\r\n五、依民意及輿情反映應規劃事項。\r\n六、依上級指示或會議決定應規劃事項。\r\n七、配合相關計畫應規劃事項。\r\n八、其他重要施政事項。"
		},
		{
			"number": 1000,
			"content": "各機關中長程個案計畫作業，分由業務主辦單位研擬計畫初稿，研考 (計\r\n畫) 單位辦理統籌、協調及研議事項。"
		},
		{
			"number": 1100,
			"content": "中長程個案計畫之擬訂，應參酌本機關資源能力，事前蒐集充分資料，進\r\n行內行環境分析及預測，設定具體目標，進行計畫分析，評估財源籌措方\r\n式及民間參與之可行性，訂定實施策略、方法及分期 (年) 實施計畫。\r\n前項相關作業，得諮詢專家、學者、相關機關或團體意見。"
		},
		{
			"number": 1200,
			"content": "中長程個案計畫內容如下：                                        \r\n一、計畫緣起                                                    \r\n (一) 依據。                                                    \r\n (二) 未來環境預測。                                            \r\n (三) 問題評析。                                                \r\n二、計畫目標                                                    \r\n (一) 目標說明。                                                \r\n (二) 達成目標之限制。                                          \r\n (三) 預期績效指標及評估基準。                                  \r\n三、現行相關政策及方案之檢討。                                  \r\n四、執行策略及方法                                              \r\n (一) 主要工作項目。                                            \r\n (二) 分期 (年) 執行策略。                                      \r\n (三) 執行步驟 (方法) 與分工。                                  \r\n五、資源需求                                                    \r\n (一) 所需資源說明。                                            \r\n (二) 經費來源及計算基準。                                      \r\n (三) 經費需求。                                                \r\n六、預期效果及影響。                                            \r\n七、附則                                                        \r\n (一) 替選方案之分析及評估。                                    \r\n (二) 有關機關配合事項。                                        \r\n (三) 其他有關事項。                                            \r\n中長程個案計畫中屬公共工程或房屋建築部分之計畫，應優先採用生態工\r\n法，並敘明採用生態工法之預期效果及影響。                        \r\n中長程個案計畫屬延續性者，應詳細評估前期計畫績效，列於第一項第三\r\n款所定現行相關政策及方案之檢討中。"
		},
		{
			"number": 1300,
			"content": "中長程個案計畫，應由該機關副首長召集有關單位進行自評後，報請該機\r\n關首長或行政院核定。\r\n前項自評作業，得諮詢專家、學者、相關機關或團體意見。"
		},
		{
			"number": 1400,
			"content": "重要中長程個案計畫應報行政院核定，並副知行政院研考會。\r\n前項所稱重要中長程個案計畫如下：\r\n一、計畫涉及重大政策變更者。\r\n二、計畫涉及數個機關職掌，需行政院協調者。\r\n三、計畫所需經費無法於行政院核定之歲出概算額度範圍內支應者。\r\n四、其他需行政院政策核定者。"
		},
		{
			"number": 1500,
			"content": "重要中長程個案計畫審議作業分工如下：\r\n一、社會發展計畫 (含行政資訊計畫) ：由行政院研考會會同有關機關審\r\n    議後報行政院核定。\r\n二、公共建設計畫：由行政院經建會會同有關機關審議後報行政院核定。\r\n三、科技發展計畫：由行政院國科會會同有關機關審議後報行政院核定。\r\n前項社會發展計畫、公共建設計畫及科技發展計畫之範圍，由行政院研考\r\n會會同行政院經建會及行政院國科會擬訂，報行政院核定。"
		},
		{
			"number": 1600,
			"content": "中長程個案計畫審議事項如下：\r\n一、計畫需求：政策指示、民意及輿情反映。\r\n二、計畫可行性：計畫目標、財務、技術、人力、營運管理可行性。\r\n三、計畫協調：權責分工、相關計畫之配合。\r\n四、計畫效果 (益) ：社會效果、經濟效益、成本效益比。\r\n五、計畫影響：國家安全影響、社會經濟影響、自然環境影響。\r\n前項審議事項之評估分項，得由各機關視計畫性質訂定，並配賦適當權重\r\n。"
		},
		{
			"number": 1700,
			"content": "各機關之中長程個案計畫，有下列情形之一者，應予修正：\r\n一、因中程施政目標及策略變更，致原計畫難以執行者。\r\n二、因執行進度嚴重落後或無具體成效，致原計畫無法如期完成者。\r\n三、因其他不可抗力，致原計畫須調整因應者。"
		},
		{
			"number": 1800,
			"content": "各機關之中長程個案計畫，有下列情形之一者，應予廢止：\r\n一、因機關組織或任務變更，致原計畫無法繼續執行者。\r\n二、因政府財政困難致原計畫未能實施者。\r\n三、因情勢變更，原計畫已無執行必要或已無法執行者。"
		},
		{
			"number": 1900,
			"content": "前二條之修正及廢止，應依原核定之程序辦理。"
		},
		{
			"number": 2000,
			"content": "中長程個案計畫之修正內容，應包括下列各項：\r\n一、環境變遷檢討。\r\n二、需求重新評估。\r\n三、計畫及預算執行檢討。\r\n四、計畫修正理由說明。\r\n五、修正目標。\r\n六、修正內容、分年實施計畫及資源需求。"
		},
		{
			"number": 2100,
			"content": "中程施政計畫、中長程個案計畫，應納入年度施政計畫辦理，並逐年檢討\r\n其績效，必要時得修正或廢止。\r\n中長程個案計畫執行完成後，應就其實施成效作成總結評估報告。"
		},
		{
			"number": 2200,
			"content": "中程施政計畫及中長程個案計畫之擬訂及審議，應於年度施政計畫先期作\r\n業審查前三個月完成。年度施政計畫先期作業及概算審查，亦應將中程施\r\n政計畫及中長程個案計畫項目優先核列。"
		},
		{
			"number": 2300,
			"content": "各機關中程施政計畫及中長程個案計畫應採網路編審作業，其作業規範由\r\n行政院研考會會同相關機關另訂之。"
		},
		{
			"number": 2400,
			"content": "直轄市政府及各縣 (市) 政府中長程計畫編審作業，得參照本辦法另訂作\r\n業規定。"
		},
		{
			"number": 2500,
			"content": "本辦法自發布日施行。"
		}
	]
}