{
	"pcode": "A0030031",
	"type": "命令",
	"title": "機關公文傳真作業辦法",
	"url": "https://law.moj.gov.tw/LawClass/LawAll.aspx?pcode=A0030031",
	"category": [
		"行政",
		"院本部",
		"通用目"
	],
	"lastUpdate": "19930407",
	"isTranslated": false,
	"history": [
		"中華民國八十二年四月七日行政院（82）台秘字第 08641 號令訂定發布全文 15 條"
	],
	"divisions": [],
	"articles": [
		{
			"number": 100,
			"content": "本辦法依公文程式條例第十二條之一訂定之。"
		},
		{
			"number": 200,
			"content": "機關公文傳真作業，除法律另有規定外，依本辦法之規定。但總統府及立\r\n法、司法、考試、監察四院另有規定者，從其規定。\r\n本辦法之規定，於公營事業機構及公立學校適用之。"
		},
		{
			"number": 300,
			"content": "本辦法所稱傳真，係指送方將文件資料，以電話等通訊設備，透過電信網\r\n路傳輸，受方於其通訊設備上，即可收受該文件資料影印本之傳達方式。"
		},
		{
			"number": 400,
			"content": "各機關應指定單位或指派適當人員，負責辦理公文傳真作業。"
		},
		{
			"number": 500,
			"content": "傳真之公文，以公文程式條例第二條第一項第四款及第六款所定之公文為\r\n限。但左列公文，非經核准不得傳真：\r\n  一  機密性公文。\r\n  二  受文者為人民、法人或非法人團體之公文。\r\n  三  附件為大宗文卷、書籍、照 (圖) 片，或超過八開以上圖表之公文\r\n      。\r\n  四  其他因傳真可能影響正確性之公文。"
		},
		{
			"number": 600,
			"content": "各機關對於內容涉及重要事項，須迅予處理之公文，得以先行傳真，事後\r\n應即補送原件之方式處理，並於文面註明。"
		},
		{
			"number": 700,
			"content": "承辦人員對於擬傳真之公文，應於公文原稿適當位置註明；並依規定程序\r\n陳核、繕校、蓋用印信或簽署及編號登記後始得傳真。"
		},
		{
			"number": 800,
			"content": "公文傳真應以原件為之；如係影印本，應經核准，其附件亦同。"
		},
		{
			"number": 900,
			"content": "公文傳真作業發文程序如左：\r\n  一  登錄傳真公文登記表 (簿) ，記載受文者、發文字號、案由、傳送\r\n      日期、時間、頁數及承辦單位 (人員) 等。\r\n  二  加蓋傳真作業辦理人員名章，於公文末頁適當位置。\r\n  三  撥通受方傳真電話，確認接收者身分後，開始傳真。\r\n  四  傳畢再通話對照傳真頁數無誤，文面加蓋傳真文件戳，附原稿歸檔\r\n      。"
		},
		{
			"number": 1000,
			"content": "受文單位傳真作業辦理人員收到傳真公文時，應於文面加蓋機關全銜之傳\r\n真收文章，註明頁數及加蓋騎縫章，並按收文程序辦理。\r\n前項傳真公文，如有頁數不全或其他有關問題，傳真作業辦理人員應通知\r\n發文單位補正。"
		},
		{
			"number": 1100,
			"content": "各機關收受傳真公文用紙之質料及規格，均應照規定標準使用。"
		},
		{
			"number": 1200,
			"content": "各機關因處理傳真公文需要之章戳，得自行刻用之。"
		},
		{
			"number": 1300,
			"content": "各機關為配合實際業務需要，得依本辦法及有關規定，訂定公文傳真作業\r\n要點。"
		},
		{
			"number": 1400,
			"content": "傳真公文之保管、保密及其他未盡事宜，依事務管理規則及其手冊等有關\r\n規定辦理。"
		},
		{
			"number": 1500,
			"content": "本辦法自發布日施行。"
		}
	]
}