{
	"pcode": "A0030084",
	"type": "命令",
	"title": "機關優先採購環境保護產品辦法",
	"url": "https://law.moj.gov.tw/LawClass/LawAll.aspx?pcode=A0030084",
	"category": [
		"行政",
		"行政院公共工程委員會",
		"通用目"
	],
	"lastUpdate": "20010115",
	"isTranslated": true,
	"english": "Regulations for Priority Procurement of Eco-Products",
	"history": [
		"中華民國八十八年五月二十六日行政院公共工程委員會（88）工程企字第 8807262 號令 、 行政院環境保護署（88）環署管字第 0033532 號令會銜訂定發布全文 17 條；並自同年五月二十七日起施行",
		"中華民國九十年一月十五日行政院公共工程委員會（90）工程企字第 89039063 號令 、 行政院環境保護署（90）環署管字第 0074354 號令會銜修正發布第 7、12、17 條條文；並自發布日起施行"
	],
	"divisions": [],
	"articles": [
		{
			"number": 100,
			"content": "本辦法依政府採購法 (以下簡稱本法) 第九十六條第三項規定訂定之。"
		},
		{
			"number": 200,
			"content": "本法第九十六條之用詞定義如下：\r\n一、效能相同或相似之產品，指環境保護產品之效能經招標機關認定與招\r\n    標文件之規定相同或相似者。\r\n二、再生材質，指回收材質經由再製過程，製成最終產品或產品之組件。\r\n三、可回收，指產品或其組件於廢棄後可經由收集、處理而轉變為原物料\r\n    或產品。\r\n四、低污染，指產品或其材料之設計、製造或使用，具有減少產生有害或\r\n    有毒物質之功能者。\r\n五、省能源，指產品或其材料之使用，具有減少能源消耗之功能者。\r\n六、增加社會利益或減少社會成本，指產品或其材料之設計、製造或使用\r\n    ，具有降低對有限資源之依賴、減少資源之消耗、開發新種資源之使\r\n    用或其他類似情形者。"
		},
		{
			"number": 300,
			"content": "本法第九十六條第一項所稱政府認可之環境保護標章 (以下簡稱環保標章\r\n) 使用許可之產品，指該產品屬環保署公告之環保標章產品項目，且符合\r\n下列情形之一者 (以下簡稱第一類產品) ：\r\n一、取得行政院環境保護署 (以下簡稱環保署) 認可之環保標章使用許可\r\n    。\r\n二、取得與我國達成相互承認協議之外國環保標章使用許可。"
		},
		{
			"number": 400,
			"content": "本法第九十六條第一項所稱產品或其原料之製造、使用過程及廢棄物處理\r\n，符合再生材質、可回收、低污染或省能源者，指非屬環保署公告之環保\r\n標章產品項目之產品，經環保署認定符合此等條件，並發給證明文件者 (\r\n以下簡稱第二類產品) 。"
		},
		{
			"number": 500,
			"content": "已取得外國環保標章使用許可，而不及於投標前取得前二條環保標章使用\r\n許可或證明文件者，得於投標文件內先行提出經公證或認證之外國環保標\r\n章使用許可證明影本，並於招標文件規定之期限內取得前二條環保標章使\r\n用許可或證明文件。"
		},
		{
			"number": 600,
			"content": "本法第九十六條第二項所稱增加社會利益或減少社會成本之產品，指該產\r\n品經相關目的事業主管機關認定符合此等條件，並發給證明文件者 (以下\r\n簡稱第三類產品) 。"
		},
		{
			"number": 700,
			"content": "第二類及第三類產品之認定，由申請廠商向環保署或相關目的事業主管機\r\n關提出符合各該類產品之說明及下列證明文件供審查：\r\n一、申請日前一年內，未曾受到各級環境保護機關按日連續處罰、停工、\r\n    停業、勒令歇業、撤銷、廢止許可證或移送刑罰處分。\r\n二、產品已訂有國家標準者，符合國家標準。\r\n三、品質及安全性符合相關法規規定。\r\n前項申請案之受理及審查，得委託民間機構辦理。"
		},
		{
			"number": 800,
			"content": "本辦法所稱環境保護產品 (以下簡稱環保產品) ，指第一類至第三類產品\r\n。"
		},
		{
			"number": 900,
			"content": "本辦法不適用下列採購：\r\n一、依我國締結之條約或協定所辦理之採購。\r\n二、招標標的僅部分屬環保產品者。"
		},
		{
			"number": 1000,
			"content": "機關依本辦法之規定辦理採購，應於招標文件中規定欲適用優惠措施之廠\r\n商須於投標文件內檢附下列資料供審查：\r\n一、產品係屬第一類、第二類或第三類產品及其證明文件影本。\r\n二、產品效能與招標文件之規定相同或相似之比較及其說明或證明資料。\r\n三、允許價差優惠之採購，廠商之產品屬省能源、增加社會利益或減少社\r\n    會成本者，其省能源、增加社會利益或減少社會成本之總金額及計算\r\n    方式。\r\n四、其他必要資料。"
		},
		{
			"number": 1100,
			"content": "機關依本辦法之規定優先採購環保產品，並允許價差優惠者，其優惠比率\r\n由機關視個別採購之特性及預算金額訂定之，並載明於招標文件。但不得\r\n逾百分之十。\r\n前項優惠比率，於可量化之情形下，得以投標廠商之環保產品於招標文件\r\n所定使用期間內，就預估較非環保產品省能源、增加社會利益或減少社會\r\n成本之總金額，除以非環保產品中合於招標文件規定之最低標價，並以其\r\n商數之百分數為實際優惠比率。\r\n前項實際優惠比率逾招標文件所定優惠比率者，以招標文件所定優惠比率\r\n計；未逾者，以實際優惠比率計。\r\n第二項可量化之情形，欲適用價差優惠之廠商應於投標文件內敘明其產品\r\n預估省能源、增加社會利益或減少社會成本之總金額及其計算方式。"
		},
		{
			"number": 1200,
			"content": "機關依本法第九十六條第一項優先採購環保產品者，得擇下列方式之一辦\r\n理，並載明於招標文件：\r\n一、非環保產品廠商為最低標，且其標價符合本法第五十二條第一項最低\r\n    標之決標原則者，得以該標價優先決標予環保產品廠商。\r\n二、非環保產品廠商為最低標，其標價符合本法第五十二條第一項最低標\r\n    之決標原則，而環保產品廠商之最低標價逾該非環保產品廠商標價之\r\n    金額，在招標文件所定價差優惠比率以內者，決標予環保產品廠商；\r\n    逾價差優惠比率者，不予洽減，決標予該非環保產品廠商。\r\n依前項規定計算得優先決標予環保產品廠商之標價，其超底價決標或廢標\r\n，適用本法第五十三條第二項及第五十四條之規定。"
		},
		{
			"number": 1300,
			"content": "前條第一項第一款環保產品廠商僅一家者，機關得洽該廠商減價至最低標\r\n之標價決標；在二家以上者，機關得自標價低者起，依序洽各該環保產品\r\n廠商減價一次，由最先減至最低標之標價者得標。\r\n機關依前項規定依序洽各環保產品廠商減價時，應優先洽第一類及第二類\r\n產品廠商減價，無法決標時再洽第三類產品廠商減價。\r\n前條第一項第二款，招標文件所定價差優惠比率以內之環保產品廠商家數\r\n在二家以上者，機關應優先決標予第一類及第二類產品廠商，且不以第三\r\n類產品之標價是否低於第一類及第二類產品之標價為條件。"
		},
		{
			"number": 1400,
			"content": "決標依本法第五十二條第一項第三款規定辦理者，得將廠商供應環保產品\r\n之情形，納入評定最有利標之評選項目。"
		},
		{
			"number": 1500,
			"content": "機關依本辦法規定優先採購環保產品，應於招標文件規定以環保產品得標\r\n之廠商，應於履約期間向機關提出與該產品有關之證明文件，以供查核。\r\n前項招標文件並應規定以環保產品得標之廠商，其於履約期間未依契約規\r\n定提供該產品時，機關得採行下列措施：\r\n一、終止契約。\r\n二、解除契約。\r\n三、追償價差優惠損失。\r\n四、不發還履約保證金。\r\n五、依本法第七十二條第一項規定通知廠商限期改善、拆除、重作、退貨\r\n    或換貨。\r\n六、依本法第一百零一條規定辦理。\r\n七、契約規定之其他措施。"
		},
		{
			"number": 1600,
			"content": "主管機關對於採購環保產品績效卓著或有創新措施之機關或個人，得會同\r\n環保署及相關目的事業主管機關予以獎勵。"
		},
		{
			"number": 1700,
			"content": "本辦法自中華民國八十八年五月二十七日施行。\r\n本辦法修正條文自發布日施行。"
		}
	]
}