{
	"pcode": "A0030036",
	"type": "命令",
	"title": "行政院所屬機關考成辦法",
	"url": "https://law.moj.gov.tw/LawClass/LawAll.aspx?pcode=A0030036",
	"category": [
		"廢止法規",
		"行政院研究發展考核委員會"
	],
	"lastUpdate": "20070921",
	"isDiscarded": true,
	"isTranslated": false,
	"history": [
		"中華民國四十年六月十日總統令核定公布",
		"中華民國四十三年十二月三日總統令修正公布",
		"中華民國七十年三月三十一日行政院（70）台研管字第 1150 號令修正發布",
		"中華民國七十九年六月四日行政院（79）台研秘字第 2021 號令修正發布",
		"中華民國九十六年九月二十一日行政院院授研管字第 09600190731 號令發布廢止"
	],
	"divisions": [],
	"articles": [
		{
			"number": 100,
			"content": "行政院為綜覈名實，促進行政效能，特訂定本辦法。"
		},
		{
			"number": 200,
			"content": "各機關工作考成，應就每一會計年度之工作成績詳加考核，評定優點缺點\r\n，於年度終了一個月內層轉報核。"
		},
		{
			"number": 300,
			"content": "各機關考成之事項如左：\r\n一、施政計畫及政策之執行。\r\n二、預算之編製及執行。\r\n三、管理之績效。\r\n四、經費及人員之運用。"
		},
		{
			"number": 400,
			"content": "各機關考成應分級實施如左：\r\n一、行政院考核其所屬各部、會、行、處、局、署及各省、市政府。\r\n二、各部、會、行、處、局、署考核其直屬機關。\r\n三、各省、市政府考核其直屬機關。"
		},
		{
			"number": 500,
			"content": "各機關之考成程序如左：\r\n一、行政院對所屬各部、會、行、處、局、署及各省、市政府之考成結果\r\n    ，應列舉優點缺點，並附具改進意見，呈報總統核定。\r\n二、各部、會、行、處、局、署及各省、市政府對直屬各機關之考成結果\r\n    ，應列舉優點缺點，並附具改進意見，報行政院複核，經加具考評後\r\n    ，轉呈總統核定。"
		},
		{
			"number": 600,
			"content": "實施考核過程中，負責考核人員如認為必要時，得先行召集考核有關人員\r\n開會公開評判，再由負責考核人員參酌會議意見評定優點缺點。"
		},
		{
			"number": 700,
			"content": "各受考核機關，應於年度終了時，列舉一年來工作成就及其困難之事實，\r\n並附具改進意見，層報上級機關，以備考核。"
		},
		{
			"number": 800,
			"content": "各機關應依照上級機關考評與指示，擬具改進辦法，層報核定實施。"
		},
		{
			"number": 900,
			"content": "各機關得依行政院考成結果對其所屬單位及相關人員辦理獎懲。"
		},
		{
			"number": 1000,
			"content": "本辦法自發布日施行。"
		}
	]
}