{
	"pcode": "A0030046",
	"type": "命令",
	"title": "行政院經濟建設委員會財產管理規則",
	"url": "https://law.moj.gov.tw/LawClass/LawAll.aspx?pcode=A0030046",
	"category": [
		"廢止法規",
		"國家發展委員會"
	],
	"lastUpdate": "20140122",
	"isDiscarded": true,
	"isTranslated": true,
	"english": "Property Management Regulations of the Council for Economic Planning and Development, Executive Yuan",
	"history": [
		"中華民國五十六年五月十三日行政院秘書處（56）台庶字第 3658 號令通知奉院核准實施",
		"中華民國六十九年五月二日經濟建設委員會（69）財字第 0883 號函公告施行",
		"中華民國七十五年一月九日經濟建設委員會（75）總字第 0050 號令修正發布中華民國一百零三年一月二十一日行政院院臺規字第 1030121680 號公告主管機關原為「行政院經濟建設委員會」，自一百零三年一月二十二日起變更為「國家發展委員會」，各該規定所列主管機關掌理事項，自一百零三年一月二十二日起改由「國家發展委員會」管轄",
		"中華民國一百零三年一月二十二日生效中華民國一百零三年九月十六日國家發展委員會發秘字第 1031801392 號令發布廢止；並自一百零三年一月二十二日生效"
	],
	"divisions": [],
	"articles": [
		{
			"number": 100,
			"content": "本規則所稱財產指左列二類：\r\n一、前美援或中美基金項下購置之財產。\r\n二、本會依核定預算由國庫撥款購置之財產。\r\n前項財產，其每件原價應在新台幣四百元以上，而耐用年限須達二年以上\r\n。但在本規則未實施以前已列為財產登記者，不在此限。"
		},
		{
			"number": 200,
			"content": "本規則所稱財產管理，指有關財產之保管、登記、報告、修護、盤點、處\r\n置及其他管理事項。"
		},
		{
			"number": 300,
			"content": "本會財產由總務處負責管理之。"
		},
		{
			"number": 400,
			"content": "本會財產之統制記錄由會計室設置之。"
		},
		{
			"number": 500,
			"content": "本會財產之由本會保管者，依屬類、名稱、型式及資料別編號，其由計畫\r\n執行單位保管者，依屬類編列。"
		},
		{
			"number": 600,
			"content": "本會財產依據第一條分類分別編號如左：\r\n一、美援或中美基金購置部份：\r\n    類別之編號Ａ一－五\r\n    項別之編號Ａ○一－\r\n    目別之編號Ａ○一－\r\n    節別之編號Ａ○一－\r\n二、國庫撥款購置部份：\r\n    類別之編號Ｂ一－五\r\n    項別之編號Ｂ○一－\r\n    目別之編號Ｂ○一－\r\n    節別之編號Ｂ○一－\r\n前項各種編號，作橫式之編列使成組號， (例 1.01.01.01.) 本條所稱編\r\n號之細目詳見附件。"
		},
		{
			"number": 700,
			"content": "財產登記應根據左列原始憑證表冊為之：\r\n一、購置者其請購單、招標或比價或議價之單證、發票、驗收單、使用單\r\n    位簽收單、財產增減單等有關憑證。\r\n二、撥入撥出者其移轉清冊、財產目錄、借出單、收回單、財產移轉通知\r\n    單、財產增減單等有關憑證。"
		},
		{
			"number": 800,
			"content": "總務處財產管理單位，根據前條之原始憑證，負責登記左列各種記錄：\r\n一、財產備忘登記簿，依每一財產之連號 (Serial No.) 順序登記之。\r\n二、倉存財產明細記錄卡，依每類財產之組號 (Code) 登記之。\r\n三、ＩＢＭ卡，依財產連號、組號、位置及其他有關之價值因素及數量因\r\n    素登記之。"
		},
		{
			"number": 900,
			"content": "會計室根據第七條之原始憑證，依主要類別作綜合統制之登記。"
		},
		{
			"number": 1000,
			"content": "財產報告表根據ＩＢＭ卡記錄編造之，計包括左列各種：\r\n一、財產綜合統制月報表。\r\n二、名稱別之財產明細表於需用時編製之。\r\n三、位置別之財產明細表於需用時編製之。"
		},
		{
			"number": 1100,
			"content": "總務處財產管理單位，應經常注意財產必要之養護，並作定期性之檢查。"
		},
		{
			"number": 1200,
			"content": "凡財產損壞而仍有利用價值者，應予修復。"
		},
		{
			"number": 1300,
			"content": "總務處財產管理單位，至少應於每會計年度終了時，實地盤點庫存財產一\r\n次，必要時並應隨時抽查或盤點。"
		},
		{
			"number": 1400,
			"content": "盤盈或盤虧應查明原因，並按規定補為財產增減登記。"
		},
		{
			"number": 1500,
			"content": "前美援及本會中美基金計畫行政經費項下購置及向本會借用之財產，應於\r\n計畫完成後由本會收回之。"
		},
		{
			"number": 1600,
			"content": "前美援及本會中美基金項下之計畫，其計畫雖已完成，而其業務繼續，對\r\n前條之財產有長期使用之必要時，本會得視其個別情形將該項財產以贈予\r\n或價讓方式處理之。"
		},
		{
			"number": 1700,
			"content": "凡與本會業務有關之機關單位或計畫，其有利用本會財產之必要者，得借\r\n予之。惟有營業收入之機關單位，以價讓為原則。"
		},
		{
			"number": 1800,
			"content": "本會財產價讓時，以折舊後之現值為基礎。"
		},
		{
			"number": 1900,
			"content": "本會借出財產之原屬破舊，久經借用單位修復使用，其目前殘值係由借用\r\n單位修復維護之結果者，得斟酌情形贈予之。"
		},
		{
			"number": 2000,
			"content": "本會庫存財產之業已陳舊不復需用者，得標售之。其已毀損者，依法報廢\r\n，報廢財產得標售、贈送、或銷毀之。"
		},
		{
			"number": 2100,
			"content": "本規則自發布日施行。"
		}
	]
}