{
	"pcode": "A0030166",
	"type": "命令",
	"title": "憲法法庭席位布置規則",
	"url": "https://law.moj.gov.tw/LawClass/LawAll.aspx?pcode=A0030166",
	"category": [
		"司法",
		"院本部",
		"釋憲目"
	],
	"lastUpdate": "19931016",
	"isTranslated": false,
	"attachments": [
		"https://law.moj.gov.tw/LawClass/LawGetFile.ashx?FileId=0000210832"
	],
	"history": [
		"中華民國八十二年十月十六日司法院（82）院台大一字第 19385 號令訂定發布全文 10 條"
	],
	"divisions": [],
	"articles": [
		{
			"number": 100,
			"content": "本規則依司法院大法官審理案件法第三十三條第二項規定訂定之。"
		},
		{
			"number": 200,
			"content": "憲法法庭之席位布置如附圖。"
		},
		{
			"number": 300,
			"content": "憲法法庭設大法官席、書記官席、通譯席、司法警察席、關係人席及旁聽\r\n席。"
		},
		{
			"number": 400,
			"content": "大法官席後方牆壁中央設天平標誌，兩側靠牆壁處各置國旗六面。"
		},
		{
			"number": 500,
			"content": "關係人席包括聲請機關及被聲請政黨代表席、訴訟代理人席、鑑定人及證\r\n人席，並設關係人發言台。"
		},
		{
			"number": 600,
			"content": "旁聽席得酌設記者席。"
		},
		{
			"number": 700,
			"content": "大法官由法庭後方左右門進出，其他人員由法庭前方左右門進出。"
		},
		{
			"number": 800,
			"content": "憲法法庭旁聽及錄音，準用法庭旁聽規則及法庭錄音辦法之規定。"
		},
		{
			"number": 900,
			"content": "憲法法庭得安裝閉路電視。"
		},
		{
			"number": 1000,
			"content": "本規則自發布日施行。"
		}
	]
}