{
	"pcode": "A0030059",
	"type": "命令",
	"title": "採購專業人員資格考試訓練發證及管理辦法",
	"url": "https://law.moj.gov.tw/LawClass/LawAll.aspx?pcode=A0030059",
	"category": [
		"行政",
		"行政院公共工程委員會",
		"通用目"
	],
	"lastUpdate": "20170124",
	"isTranslated": false,
	"attachments": [
		"https://law.moj.gov.tw/LawClass/LawGetFile.ashx?FileId=0000088509",
		"https://law.moj.gov.tw/LawClass/LawGetFile.ashx?FileId=0000234956"
	],
	"history": [
		"中華民國九十二年一月二十九日行政院公共工程委員會工程企字第 09200043870 號令訂定發布全文 23 條中華民國九十二年十月二十九日行政院公共工程委員會工程企字第 09200427340 號令發布自九十三年一月一日起施行",
		"中華民國九十三年十一月十七日行政院公共工程委員會工程企字第 09300431800 號令修正發布第 11 條條文之附表；並自九十四年一月一日起施行",
		"中華民國九十八年一月十五日行政院公共工程委員會工程企字第 09800011820 號令修正發布第 5、6、15、23 條條文；並自發布日施行",
		"中華民國一百年一月五日行政院公共工程委員會工程企字第 10000001040 號令修正發布第 6、11、12、15、16 條條文及第 11 條條文之附表；刪除第 13、18 條條文",
		"中華民國一百零六年一月二十四日行政院公共工程委員會工程企字第 10600019960 號令修正發布第 10 條條文"
	],
	"divisions": [
		{
			"type": "章",
			"number": 100,
			"title": "總則",
			"start": 100,
			"end": 300
		},
		{
			"type": "章",
			"number": 200,
			"title": "資格",
			"start": 400,
			"end": 1000
		},
		{
			"type": "章",
			"number": 300,
			"title": "考試訓練及發證",
			"start": 1100,
			"end": 1900
		},
		{
			"type": "章",
			"number": 400,
			"title": "管理",
			"start": 2000,
			"end": 2200
		},
		{
			"type": "章",
			"number": 500,
			"title": "附則",
			"start": 2300,
			"end": 2300
		}
	],
	"articles": [
		{
			"number": 100,
			"content": "本辦法依政府採購法 (以下簡稱本法) 第九十五條第二項規定訂定之。"
		},
		{
			"number": 200,
			"content": "機關辦理採購，其訂定招標文件、招標、決標、訂約、履約管理、驗收及\r\n爭議處理，宜由採購專業人員承辦或經採購專業人員審核、協辦或會辦。"
		},
		{
			"number": 300,
			"content": "本辦法所稱採購專業人員，指取得採購專業人員基本資格或進階資格者。"
		},
		{
			"number": 400,
			"content": "符合下列情形之一之人員，取得採購專業人員基本資格：\r\n一、參加主管機關或其委託之機關或學術機構 (以下簡稱機關 (構) ) 依\r\n    本辦法辦理之基礎訓練，經考試及格，領有及格證書者。\r\n二、本法施行後至本辦法施行前，辦理採購期間在一年以上，無重大違反\r\n    本法情形，且曾參與主管機關、上級機關或任職機關辦理與本法有關\r\n    之訓練或講習課程，時數在二十小時以上，領有及格或結訓證明，經\r\n    上級機關核定者。\r\n三、其他經主管機關認定者。\r\n前項第二款，上級機關得洽請主管機關舉辦考試，及格者發給及格證書。"
		},
		{
			"number": 500,
			"content": "符合下列情形之一之人員，取得採購專業人員進階資格：\r\n一、已取得採購專業人員基本資格，參加主管機關或其委託之機關（構）\r\n    依本辦法辦理之進階訓練，經考試及格，領有及格證書者。\r\n二、符合前條第一項第二款規定之人員，於本法發布後至本辦法施行前，\r\n    擔任採購單位主管職務，期間在六個月以上，且無重大違反本法情形\r\n    ，經上級機關核定者。\r\n三、其他經主管機關認定者。\r\n前項第二款所稱採購單位，指專責採購業務之股、課、科、室、組、處或\r\n其他相當者。"
		},
		{
			"number": 600,
			"content": "採購單位主管人員宜取得採購專業人員進階資格，採購單位非主管人員宜\r\n取得採購專業人員基本資格。\r\n前項主管及非主管人員，宜於其就（到）職之日起一年內，取得採購專業\r\n人員基本資格；主管人員並宜於其就（到）職之日起二年內，取得採購專\r\n業人員進階資格。\r\n前項人員，逾期未取得採購專業人員資格者，機關宜命其參加訓練；其情\r\n形並列入年終考核獎懲參考。"
		},
		{
			"number": 700,
			"content": "機關採購專業人員調任其他機關辦理採購，其採購專業人員資格不受影響\r\n。"
		},
		{
			"number": 800,
			"content": "採購專業人員因職務異動不辦理採購，其採購專業人員資格得予保留。"
		},
		{
			"number": 900,
			"content": "採購專業人員辭職後五年內回任機關採購職務者，仍具採購專業人員資格\r\n。"
		},
		{
			"number": 1000,
			"content": "採購專業人員有下列情形之一者，喪失其採購專業人員資格：\r\n一、辦理採購業務，涉嫌不法行為，經有罪判決者。但經判決無罪確定者\r\n    ，予以回復。\r\n二、因辦理採購業務違反法令情節重大而受免除職務、撤職、剝奪、減少\r\n    退休（職、伍）金、休職、降級、減俸、罰款、記過懲戒處分之判決\r\n    者。但經再審撤銷原判決更為判決，致無上述情形者，予以回復。\r\n符合前項第一款情形者，並註銷其及格證書。\r\n第一項第二款情形，與操守無關，係偶發情形，且可改善者，經主管機關\r\n核准，得免喪失採購專業人員資格。"
		},
		{
			"number": 1100,
			"content": "採購專業人員訓練，分下列二種：\r\n一、基礎訓練：以培養擔任採購單位人員一般所需之政府採購法令及實務\r\n    之基本智識為主。\r\n二、進階訓練：以培養擔任採購單位主管所需之廣泛且深入之政府採購法\r\n    令及實務智識為主。\r\n前項訓練，其參訓人員分別以未取得採購專業人員基本或進階資格之採購\r\n人員或即將辦理採購業務之人員為優先。未取得採購專業人員基本資格者\r\n，不得參加進階訓練。\r\n第一項訓練之課程、時數及考試方式如附表。\r\n前項訓練，除當面授課方式外，得以視訊或網路教學方式為之。考試，得\r\n以筆試或電子化方式為之。"
		},
		{
			"number": 1200,
			"content": "採購專業人員訓練由主管機關舉辦，並得委託其他機關（構）辦理。其出\r\n勤考核及考試，由訓練機關（構）辦理；試題由主管機關或授權訓練機關\r\n（構）命製；主管機關得派員監試。\r\n前項受委託之機關（構）於考試結束後，應將各參加訓練人員缺課、考試\r\n成績、違規及得否發證等情形通知主管機關，以備發證。"
		},
		{
			"number": 1300,
			"content": "（刪除）"
		},
		{
			"number": 1400,
			"content": "機關 (構) 辦理基礎與進階訓練及考試，得收取必要之費用。"
		},
		{
			"number": 1500,
			"content": "參加訓練，缺課時數逾全部課程十分之一者，不得參加考試。 \r\n考試成績以總滿分得分百分之七十以上為及格。但依課程分別辦理考試者\r\n，個別課程不得有零分之情形。 \r\n考試成績不及格者，得申請補考，無次數限制。 \r\n前項規定，於本辦法一百年一月五日修正施行前，考試成績不及格而達總\r\n滿分得分百分之五十以上，尚未依修正前規定於接獲不及格通知次日起一\r\n年內完成補考者，亦適用之。"
		},
		{
			"number": 1600,
			"content": "考試及格者，由主管機關發給考試及格證書，並得以電子文件代之。\r\n其遺失補發者，發給考試及格證明。\r\n及格證書格式，由主管機關定之。"
		},
		{
			"number": 1700,
			"content": "應考人有下列各款情形之一，不予發證：\r\n一、冒名頂替者。\r\n二、偽造或變造應考證件者。\r\n三、不具備應考資格者。\r\n四、以詐術或其他不正當方法，使考試發生不正確之結果者。\r\n前項不予發證之情形，於發證後發現者，撤銷其資格，並註銷其及格證書\r\n。"
		},
		{
			"number": 1800,
			"content": "（刪除）"
		},
		{
			"number": 1900,
			"content": "應考人得於收受考試成績通知之次日起七日內向辦理考試機關 (構) 申請\r\n複查。"
		},
		{
			"number": 2000,
			"content": "機關對其採購專業人員，應列冊送上級機關，並以電子資料方式傳輸至主\r\n管機關指定之資料庫。異動時，亦同。"
		},
		{
			"number": 2100,
			"content": "機關採購專業人員以專任為原則，並應避免頻繁異動。"
		},
		{
			"number": 2200,
			"content": "主管機關、直轄市及縣 (市) 政府得視需要調集採購專業人員實施在職訓\r\n練。其調訓範圍如下：\r\n一、主管機關：中央及地方各機關之採購專業人員。\r\n二、直轄市政府：直轄市各機關之採購專業人員。\r\n三、縣 (市) 政府：縣 (市) 及所轄鄉 (鎮、市) 各機關之採購專業人員\r\n    。"
		},
		{
			"number": 2300,
			"content": "本辦法施行日期，由主管機關定之。\r\n本辦法修正條文自發布日施行。"
		}
	]
}