{
	"pcode": "A0030070",
	"type": "命令",
	"title": "特別採購招標決標處理辦法",
	"url": "https://law.moj.gov.tw/LawClass/LawAll.aspx?pcode=A0030070",
	"category": [
		"行政",
		"行政院公共工程委員會",
		"通用目"
	],
	"lastUpdate": "20090827",
	"isTranslated": true,
	"english": "Regulations for Invitation to Tender and Award of Contract in Special Procurement",
	"history": [
		"中華民國八十八年四月二十六日行政院公共工程委員會（88）工程企字第 8805500 號令訂定發布全文 9 條；並自八十八年五月二十七日起施行",
		"中華民國八十九年一月十日行政院公共工程委員會（89）工程企字第 89000672 號令修正發布名稱及第 3、9 條條文；並增訂第 6-1、8-1 條條文；本次修正條文自發布日起施行（原名稱：特殊採購招標決標處理辦法；新名稱：特別採購招標決標處理辦法）",
		"中華民國九十八年八月二十七日行政院公共工程委員會工程企字第 09800377900 號令修正發布第 6 條條文"
	],
	"divisions": [],
	"articles": [
		{
			"number": 100,
			"content": "本辦法依政府採購法 (以下簡稱本法) 第一百零五條第二項規定訂定之。"
		},
		{
			"number": 200,
			"content": "本法第一百零五條第一項所稱得不適用之本法招標及決標規定，指本法第\r\n二章及第三章之規定。但不包括本法第三十四條、第五十條及第五十八條\r\n至第六十二條之規定。"
		},
		{
			"number": 300,
			"content": "本法第一百零五條第一項第三款所稱公務機關，指政府機關；所稱雙方直\r\n屬上級機關，指雙方分別隸屬之上級機關。"
		},
		{
			"number": 400,
			"content": "機關辦理本法第一百零五條第一項第一款之採購，應先確認國家遇有戰爭\r\n、天然災害、癘疫或財政經濟上有重大變故，總統業依憲法發布緊急命令\r\n，且該採購業經機關首長或其授權人員核准確有緊急處置之必要。\r\n前項核准文件應記載本法招標及決標規定中因緊急處置得不適用之條文；\r\n其未記載者，仍應適用本法之規定。"
		},
		{
			"number": 500,
			"content": "機關辦理本法第一百零五條第一項第二款之採購，應先確認人民之生命、\r\n身體、健康或財產遭遇緊急危難，且該採購業經機關首長或其授權人員核\r\n准確有緊急處置之必要。\r\n前項核准文件應記載本法招標及決標規定中因緊急處置得不適用之條文；\r\n其未記載者，仍應適用本法之規定。"
		},
		{
			"number": 600,
			"content": "機關依本法第一百零五條第一項第一款及第二款辦理採購之決標，應符合\r\n下列原則：\r\n一、不及與廠商簽訂契約者，應先有書面、電報或傳真協議。\r\n二、不及與廠商確定契約總價者，應先確定單價及工作範圍。\r\n三、付款條件應能維護公款支用之安全性。"
		},
		{
			"number": 601,
			"content": "公務機關間財物或勞務之取得，依本法第一百零五條第一項第三款辦理者\r\n，應符合下列情形之一：\r\n一、非屬一般廠商所能製造或供應者。\r\n二、於國家安全或機密有必要者。\r\n三、依本法辦理公告結果，無廠商投標或提供書面報價或企劃書者。\r\n四、未達公告金額之採購。\r\n五、其他經主管機關認定者。"
		},
		{
			"number": 700,
			"content": "機關依本法第一百零五條辦理之採購，應將其所依據之情形記載於依本法\r\n第六十一條刊登之決標公告及依本法第六十二條彙送之決標資料。"
		},
		{
			"number": 800,
			"content": "公務機關依本法第一百零五條第一項第三款提供財物或勞務予其他機關之\r\n年度總額達巨額採購金額，且占該公務機關年收入之百分之五十以上者，\r\n其上級機關應檢討該公務機關年度內提供財物或勞務予其他機關之成本效\r\n益。\r\n前項成本效益分析結果欠佳，且有其他廠商能以更優惠之價格或條件提供\r\n相同或更佳之財物或勞務者，上級機關應避免核准所屬公務機關依本法第\r\n一百零五條第一項第三款辦理採購。"
		},
		{
			"number": 801,
			"content": "公立學校及公營事業向政府機關採購財物或勞務，得準用本辦法之規定。"
		},
		{
			"number": 900,
			"content": "本辦法自中華民國八十八年五月二十七日施行。\r\n本辦法修正條文自發布日施行。"
		}
	]
}