{
	"pcode": "A0030130",
	"type": "命令",
	"title": "離島重大建設投資計畫核定標準",
	"url": "https://law.moj.gov.tw/LawClass/LawAll.aspx?pcode=A0030130",
	"category": [
		"行政",
		"國家發展委員會",
		"通用目"
	],
	"lastUpdate": "20140618",
	"isTranslated": false,
	"history": [
		"中華民國九十年四月二十六日行政院（90）台內字第 022398 號訂定發布全文 5 條；並自發布日起實施",
		"中華民國九十二年三月五日行政院院臺內字第 0920007728 號令修正發布第 4 條條文",
		"中華民國一百年十一月二十九日行政院院臺經字第 1000053491 號令修正發布名稱及全文 8 條；並自發布日施行（原名稱：離島重大建設投資計畫認定標準；新名稱：離島重大建設投資計畫核定標準）",
		"中華民國一百零三年六月十八日行政院院臺綜字第 1030136872 號令修正發布第 6 條條文"
	],
	"divisions": [],
	"articles": [
		{
			"number": 100,
			"content": "本標準依離島建設條例（以下簡稱本條例）第七條第二項規定訂定之。"
		},
		{
			"number": 200,
			"content": "本條例第七條第二項所稱重大建設投資計畫，指經中央主管機關認定之重\r\n要產業投資或交由民間機構辦理公共建設之計畫。"
		},
		{
			"number": 300,
			"content": "前條所稱重要產業投資計畫，指經中央目的事業主管機關政策上輔導之建\r\n設或縣市綜合發展計畫及離島綜合建設實施方案所列之計畫；其最小投資\r\n額度及土地開發規模，由各中央目的事業主管機關訂定之。"
		},
		{
			"number": 400,
			"content": "所稱交由民間機構辦理公共建設之計畫，指符合促進民間參與公共建設法\r\n規定之重大公共建設。\r\n前項重大公共建設之範圍得由各中央目的事業主管機關視離島特殊環境需\r\n要，酌予放寬。"
		},
		{
			"number": 500,
			"content": "申請核定離島重大建設投資計畫者，應先檢具土地使用、興建、營運管理\r\n、財務計畫等相關書圖文件，送縣（市）政府初審，查核其基本資料、是\r\n否屬縣市綜合發展計畫及離島綜合建設實施方案所列之計畫後，轉送中央\r\n目的事業主管機關針對政策方向、總量管控、投資計畫合理性及財務計畫\r\n可行性等進行審定，並報請行政院核定。\r\n前項申請計畫如屬行政院已核定之公共建設計畫者，由中央目的事業主管\r\n機關查核計畫內容後，逕行報行政院核定，免再依前項程序辦理。"
		},
		{
			"number": 600,
			"content": "申請核定離島重大建設投資計畫之土地區位，不得位於區域計畫所稱之環\r\n境敏感地區第一級。但屬內政部會商中央目的事業主管機關認定由政府興\r\n辦之公共設施或公用事業，經環境敏感地區之中央目的事業主管機關同意\r\n興辦者，不在此限。"
		},
		{
			"number": 700,
			"content": "經行政院核定為離島重大建設投資計畫者，其土地使用變更、事業計畫及\r\n環境影響評估等實質計畫審查，仍應循相關法令規定辦理。"
		},
		{
			"number": 800,
			"content": "本標準自發布日施行。"
		}
	]
}