{
	"pcode": "A0030163",
	"type": "命令",
	"title": "稽核公務員懲戒處分執行辦法",
	"url": "https://law.moj.gov.tw/LawClass/LawAll.aspx?pcode=A0030163",
	"category": [
		"廢止法規",
		"司法院"
	],
	"lastUpdate": "20160502",
	"isDiscarded": true,
	"isTranslated": false,
	"history": [
		"中華民國二十九年九月二十三日國民政府（29）渝文字第 878 號訓令訂定發布全文 6 點",
		"中華民國四十五年三月二十二日總統（45）台統（一）字第 1655 號令修正發務全文 5 點",
		"中華民國七十七年二月十五日司法院（77）院台廳三字第 01613 號令及考試院（77）考台秘議字第 0271 號令會銜修正發布全文 8 條",
		"中華民國一百零五年五月二日廢止生效中華民國一百零五年七月二十一日司法院院台廳行二字第 1050019059 號令 、 考試院考臺組貳一字第 10500046421 號令會同發布廢止；並自一百零五年五月二日生效"
	],
	"divisions": [],
	"articles": [
		{
			"number": 100,
			"content": "為稽核公務員懲戒法第二十八條第三項懲戒處分之執行，特訂定本辦法。"
		},
		{
			"number": 200,
			"content": "懲戒處分由受處分人之主管長官於收受公務員懲戒委員會議決書之翌日執\r\n行。"
		},
		{
			"number": 300,
			"content": "主管長官收受所屬公務員懲戒處分之議決書後，應於七日內，將執行情形\r\n列表分別通知原議決之懲戒機關，原送審議之監察機關及銓敘機關。其撤\r\n職、休職、降級、減俸者，並應通知審計機關。如有延未通知執行情形者\r\n，各該機關應予催詢。"
		},
		{
			"number": 400,
			"content": "審計機關審核各機關會計報告時，發現曾受懲戒處分公務員有不合法之支\r\n俸者，即應依法剔除，並由該機關長官負責追繳。"
		},
		{
			"number": 500,
			"content": "銓敘機關查有公務員曾受撤職、休職、降級、減俸、記過之懲戒處分，而\r\n未收到執行情形表時，應先通知審計機關，暫不核銷該公務員俸給之全部\r\n或一部。"
		},
		{
			"number": 600,
			"content": "同一事件經主管長官已為處分後，復移送公務員懲戒委員會審議者，其原\r\n處分失其效力。"
		},
		{
			"number": 700,
			"content": "公務員因不同事件受二以上之懲戒處分者，併執行之。\r\n受撤職或休職懲戒處分人員，另受降級、減俸或記過懲戒處分者，其降級\r\n、減俸或記過，應於再任或復職時執行之。"
		},
		{
			"number": 800,
			"content": "本辦法自發布之日施行。"
		}
	]
}