{
	"pcode": "A0030171",
	"type": "命令",
	"title": "行政法院法庭旁聽規則",
	"url": "https://law.moj.gov.tw/LawClass/LawAll.aspx?pcode=A0030171",
	"category": [
		"廢止法規",
		"司法院"
	],
	"lastUpdate": "20080104",
	"isDiscarded": true,
	"isTranslated": false,
	"history": [
		"中華民國六十八年八月十六日司法院（68）院台文字第 8384 號令訂定發布",
		"中華民國八十年五月二十二日司法院（80）院台廳三字第 04003 號函核定",
		"中華民國八十九年七月四日司法院（89）院台廳行一字第 16008 號函修正發布全文 12 條；並溯自八十九年七月一日起施行",
		"中華民國九十七年一月四日司法院院台廳司一字第 0970000367 號令發布廢止"
	],
	"divisions": [],
	"articles": [
		{
			"number": 100,
			"content": "本規則依行政法院組織法第四十五條規定訂定之。"
		},
		{
			"number": 200,
			"content": "法庭應設旁聽席，並得編訂席次號次，除依法禁止旁聽者外，均許旁聽。"
		},
		{
			"number": 300,
			"content": "行政法院為維持法庭秩序，於必要時得斟酌法庭旁聽席位之多寡，核發旁\r\n聽證。\r\n行政法院決定核發旁聽證之法庭，無旁聽證者不能進入法庭旁聽。\r\n旁聽證應依請求旁聽者登記之先後次序核發之。\r\n核發旁聽證時，應命請求旁聽者提交國民身分證或其他證明文件查驗，並\r\n得登記姓名、住所備查。所提證件於交還旁聽證時發還之。\r\n行政法院核發旁聽證者，得規定旁聽人應於開庭前十分鐘進入法庭，依序\r\n就座。"
		},
		{
			"number": 400,
			"content": "法庭得設記者旁聽席，專供記者旁聽。"
		},
		{
			"number": 500,
			"content": "旁聽人出入法庭及在庭旁聽，應受審判長及其他在法庭執行職務人員所為\r\n有關維持法庭秩序之指示。"
		},
		{
			"number": 600,
			"content": "有下列情形之一者，不論有無旁聽證，均禁止旁聽：\r\n一、酒醉、服用迷幻藥或精神狀態異常者。\r\n二、攜帶槍砲、彈藥、刀械等有危險性或其他不適在法庭持有之物品者。\r\n三、攜帶攝影、錄影器材或未經審判長核准而攜帶錄音器材者。\r\n四、攜同未滿十歲之兒童者。\r\n五、奇裝異服或衣履不整者。\r\n六、拒絕安全檢查者。\r\n七、其他認為有擾亂法庭秩序或影響法庭莊嚴之虞者。"
		},
		{
			"number": 700,
			"content": "旁聽人在法庭旁聽時，應保持肅靜，並不得有下列干擾行為：\r\n一、大聲交談、鼓掌、喧嘩或展示標語。\r\n二、向法庭攝影、錄影、錄音。但經審判長核准者，不在此限。\r\n三、吸煙或飲食物品。\r\n四、對於在法庭執行職務人員或訴訟關係人等加以批評、嘲笑或其他類似\r\n    之行為。\r\n五、使用電信設備。\r\n六、其他妨害法庭秩序或不當行為。"
		},
		{
			"number": 800,
			"content": "審判長蒞庭及宣示判決時，在法庭之人均應起立。"
		},
		{
			"number": 900,
			"content": "旁聽人有妨害法庭秩序或其他不當行為者，審判長依行政法院組織法第三\r\n十七條之規定，得禁止其進入法庭或命其退出法庭，必要時並得命管看至\r\n閉庭時。\r\n旁聽人違反審判長維持法庭秩序之命令，足致妨害行政法院執行職務者，\r\n審判長於制止前，得加以警告。"
		},
		{
			"number": 1000,
			"content": "旁聽人或其他人於開庭前如有違反本規則之規定時，由在法庭執行職務人\r\n員處理之，如有疑義時，應報請該法庭之審判長裁定之。"
		},
		{
			"number": 1100,
			"content": "本規有關審判長之規定，於受命法官或受託法官執行職務時準用之。"
		},
		{
			"number": 1200,
			"content": "本規則自中華民國八十九年七月一日施行。"
		}
	]
}