{
	"pcode": "A0030140",
	"type": "命令",
	"title": "立法院委員研究會館使用與管理辦法",
	"url": "https://law.moj.gov.tw/LawClass/LawAll.aspx?pcode=A0030140",
	"category": [
		"立法"
	],
	"lastUpdate": "20140712",
	"isTranslated": false,
	"history": [
		"",
		"中華民國九十年十月十六日立法院院長核定修正發布全文 21 條",
		"中華民國九十七年一月八日立法院院長核定",
		"中華民國一百零三年七月十二日立法院院長核定修正全文 21 條"
	],
	"divisions": [
		{
			"type": "章",
			"number": 100,
			"title": "總則",
			"start": 100,
			"end": 400
		},
		{
			"type": "章",
			"number": 200,
			"title": "委員研究室",
			"start": 500,
			"end": 800
		},
		{
			"type": "章",
			"number": 300,
			"title": "貴賓室、會議室及會客室之使用登記與會客須知",
			"start": 900,
			"end": 1200
		},
		{
			"type": "章",
			"number": 400,
			"title": "門禁安全管理",
			"start": 1300,
			"end": 1600
		},
		{
			"type": "章",
			"number": 500,
			"title": "其他事務",
			"start": 1700,
			"end": 2100
		}
	],
	"articles": [
		{
			"number": 100,
			"content": "立法院（以下簡稱本院）委員研究會館（以下簡稱本會館）之使用及管理\r\n，依本辦法之規定。"
		},
		{
			"number": 200,
			"content": "本會館包括委員研究大樓、青島一、二會館，設有 113  間委員研究室，\r\n提供委員辦公之用。"
		},
		{
			"number": 300,
			"content": "委員研究大樓第 1  至 11 樓及地下 1  樓設貴賓室、會議室及會客室 \r\n28  間；青島一館設會議室 7  間；青島二館設會議室 2  間，提供委員\r\n會議及接待賓客之用。\r\n委員使用前項場所，應事先登記，依先後順序使用之。"
		},
		{
			"number": 400,
			"content": "委員研究大樓地下 2  樓及地下 3  樓設停車場，供委員研究室停放車輛\r\n使用，非委員研究室之車輛不得進入。"
		},
		{
			"number": 500,
			"content": "各委員研究室，每間面積約 23 坪，間隔為委員個人辦公室及助理辦公室\r\n，內置必要辦公設備。\r\n前項配備，為公務用財產，委員任期屆滿或離職時，應依規定全部歸還。"
		},
		{
			"number": 600,
			"content": "本會館各委員研究室之分配，於每屆委員到任時抽籤決定之。但連任委員\r\n得於前項抽籤前，向管理單位登記優先選擇繼續使用其原有研究室或其他\r\n空出之研究室，不受抽籤之限制。"
		},
		{
			"number": 700,
			"content": "為整理委員研究室，以供下屆委員使用之需要，卸職之委員應於任期屆滿\r\n前，將使用之委員研究室歸還管理單位。\r\n委員於任期未滿中途離職者，準用前項規定。"
		},
		{
			"number": 800,
			"content": "為維護委員研究室之設備品質，研究室內所裝置之軟、硬體設備及其他各\r\n種辦公設備，使用人應盡妥善管理之責任，如因故意或過失致設備有毀損\r\n或不堪使用時，應負賠償之責。"
		},
		{
			"number": 900,
			"content": "委員需使用本會館貴賓室、會議室及會客室時，應向管理單位申請，並須\r\n符合下列規定：\r\n一、以委員名義借用。\r\n二、使用會議室時間以不超過 2  個小時為原則。\r\n三、參加人士以委員邀請人員為限，並以不超過場地容量為原則。\r\n四、以上班時間使用為原則。\r\n申請使用應於使用前提出申請，依序使用，如已全部排滿，不再受理申請\r\n。"
		},
		{
			"number": 1000,
			"content": "賓客應先至本會館 1  樓服務台辦理登記手續，經服務人員以電話聯繫受\r\n訪委員確認後，再憑身分證件換發會客證，並由委員親自或指派代表引導\r\n，始准進入會客室、會議室、貴賓室或委員研究室。離開時應繳還會客證\r\n，換回身分證件。國會聯絡人或持有本院核發之採訪證件之媒體採訪人員\r\n應出示證件逕入本會館。"
		},
		{
			"number": 1100,
			"content": "依前條規定進入本會館之賓客，應至指定地點會客或洽公，不得任意擅入\r\n其他各區，如有違反規定，不聽制止者，警衛人員或會館職工得將其強制\r\n帶離本會館，以確保本會館人員及設備之安全。"
		},
		{
			"number": 1200,
			"content": "本會館貴賓室、會議室及會客室所配備之各項軟、硬體設備或用具，為公\r\n務用財產，如因故意或過失致損壞或遺失時，申請借用人應照價賠償。"
		},
		{
			"number": 1300,
			"content": "本會館設警衛人員，負責門禁安全維護。"
		},
		{
			"number": 1400,
			"content": "本會館配合上班時間開放貴賓室、會議室及會客室。\r\n夜間 10 時後因公務必需滯留研究室者，應事先向值勤警衛登記。"
		},
		{
			"number": 1500,
			"content": "本院院區所發之會客證、會議出席證、旁聽證，限院區使用，不得進入本\r\n會館。本會館之會客證，亦不得進入院區使用。"
		},
		{
			"number": 1600,
			"content": "為確保人員及設施安全，遇有民眾聚眾活動或其他突發事故有安全之虞時\r\n，本會館得暫時關閉，停止一切會客或洽公活動。"
		},
		{
			"number": 1700,
			"content": "本會館各樓層走廊禁止堆放物品、資料或任意張貼開會通知、海報刊物及\r\n懸掛旗幟等，各樓層佈告欄張貼之文件，需有委員研究室之戳章，違反者\r\n，由清潔人員立即加以清除。各樓層研究室、公共區域、公共設施及接待\r\n室等場所，均由清潔人員負責環境清潔。"
		},
		{
			"number": 1800,
			"content": "各樓層服務人員應負責分送信件、報紙、雜誌，開啟關閉貴賓室、會議室\r\n及會客室，管制非本樓層之賓客任意進出委員研究室。"
		},
		{
			"number": 1900,
			"content": "本會館除指定吸菸區外，其餘一律禁止吸菸。"
		},
		{
			"number": 2000,
			"content": "本會館冷氣開放時間如下：\r\n週一至週五正常上班日 6  時 30 分至 21 時 30 分。\r\n週休二日及例假日 12 時 30 分至 17 時 00 分。"
		},
		{
			"number": 2100,
			"content": "本辦法經 院長核定後施行。"
		}
	]
}