{
	"pcode": "A0030066",
	"type": "命令",
	"title": "中央機關未達公告金額採購監辦辦法",
	"url": "https://law.moj.gov.tw/LawClass/LawAll.aspx?pcode=A0030066",
	"category": [
		"行政",
		"行政院公共工程委員會",
		"通用目"
	],
	"lastUpdate": "20030212",
	"isTranslated": false,
	"history": [
		"中華民國八十八年四月二十六日行政院公共工程委員會（88）工程企字第 8805500 號令訂定發布全文 7 條；並自八十八年五月二十七日起施行",
		"中華民國九十二年二月十二日行政院公共工程委員會工程企字第 09200050540 號令修正發布全文 7 條；並自發布日施行"
	],
	"divisions": [],
	"articles": [
		{
			"number": 100,
			"content": "本辦法依政府採購法 (以下簡稱本法) 第十三條第二項規定訂定之。"
		},
		{
			"number": 200,
			"content": "機關辦理未達公告金額而逾公告金額十分之一之採購，承辦採購單位於開\r\n標、比價、議價、決標及驗收時，應通知機關首長或其授權人員指定之主\r\n (會) 計或有關單位派員監辦。\r\n前項有關單位，指機關內之政風、監查 (察) 、督察、檢核或稽核單位。"
		},
		{
			"number": 300,
			"content": "主 (會) 計或有關單位對於前條通知，其有下列情形之一者，得不派員監\r\n辦：\r\n一、地區偏遠。\r\n二、經常性採購。\r\n三、重複性採購，已有監辦前例。\r\n四、採購標的於市場已普遍銷售。\r\n五、依本法第四十條規定洽由其他具有專業能力之機關代辦。\r\n六、利用本法第九十三條共同供應契約辦理之採購。\r\n七、以會議審查方式辦理勞務採購驗收者。\r\n八、以書面或電子化方式進行開標、比價、議價、決標及驗收程序，而以\r\n    會簽主 (會) 計或有關單位方式處理者。\r\n九、依公告、公定或管制價格或費率採購財物或勞務，無減價之可能者。\r\n十、即買即用或自供應至使用之期間甚為短暫，實地監辦驗收有困難者。\r\n十一、辦理分批或部分驗收，其驗收金額未逾公告金額十分之一者。\r\n十二、經政府機關或公正第三人查驗，並有相關規格、品質、數量之證明\r\n      文件供驗收者。\r\n十三、因無廠商投標或投標廠商家數不足而流標者。\r\n十四、因不可預見之突發事故，確無法監辦者。"
		},
		{
			"number": 400,
			"content": "主 (會) 計或有關單位對於第二條通知，有下列情形之一者，不論是否有\r\n前條之情形，均應派員監辦：\r\n一、廠商提出異議而機關未接受其異議者。\r\n二、廠商申請調解、提付仲裁或提起訴訟尚未解決者。\r\n三、經採購稽核小組或工程施工查核小組認定採購有重大異常情形者。\r\n四、其他經主管機關認定者。\r\n承辦採購單位通知主 (會) 計或有關單位監辦時，有前項各款情形之一者\r\n，應予敘明。"
		},
		{
			"number": 500,
			"content": "機關辦理公告金額十分之一以下之採購，承辦採購單位於開標、比價、議\r\n價、決標及驗收時，得不通知主 (會) 計及有關單位派員監辦。其通知者\r\n，主 (會) 計及有關單位得不派員。"
		},
		{
			"number": 600,
			"content": "主 (會) 計單位及有關單位依本辦法辦理監辦，準用機關主會計及有關單\r\n位會同監辦採購辦法第四條、第七條及第八條之規定。\r\n監辦人員得採書面審核監辦，免經機關首長或其授權人員核准。"
		},
		{
			"number": 700,
			"content": "本辦法自發布日施行。"
		}
	]
}