{
	"pcode": "A0030149",
	"type": "命令",
	"title": "立法院邀請學者專家出席會議支給出席費標準",
	"url": "https://law.moj.gov.tw/LawClass/LawAll.aspx?pcode=A0030149",
	"category": [
		"立法"
	],
	"lastUpdate": "20010115",
	"isTranslated": false,
	"history": [
		"中華民國九十年一月十五日立法院院長核定訂定發布全文 4 條"
	],
	"divisions": [],
	"articles": [
		{
			"number": 100,
			"content": "立法院各單位邀請國內學者專家出席會議時，其出席費之支給，依本標準\r\n之規定。"
		},
		{
			"number": 200,
			"content": "支給出席費者，以參加具有政策性或專案性之重大諮詢事項會議者為限，\r\n由邀請單位列具名單送會計處，以憑支付。一般經常性業務會議，不得支\r\n給。本院 (含任務編組) 人員及應邀機關指派出席代表，雖出席會議，不\r\n得支給。以傳真或事先提供書面意見但未親自出席者，亦不得支給。"
		},
		{
			"number": 300,
			"content": "每次會議，以邀請十五人以內為宜，每人以支給新臺幣二千元為上限，如\r\n係由遠地前往 (三十公里以外) ，參照「國內出差旅費規則」規定核實支\r\n給交通費。"
		},
		{
			"number": 400,
			"content": "本標準經  院長核定後施行。"
		}
	]
}