{
	"pcode": "A0030106",
	"type": "命令",
	"title": "機關委託研究發展作業辦法",
	"url": "https://law.moj.gov.tw/LawClass/LawAll.aspx?pcode=A0030106",
	"category": [
		"行政",
		"行政院公共工程委員會",
		"通用目"
	],
	"lastUpdate": "20160217",
	"isTranslated": false,
	"history": [
		"中華民國九十一年七月二十四日行政院公共工程委員會工程企字第 09100307940 號令訂定發布全文 10 條；並自發布日施行中華民國一百零三年一月二十一日行政院院臺規字第 1030121680 號公告第 4 條第 1 項第 1 款所列屬「行政院研究發展考核委員會」之權責事項，自一百零三年一月二十二日起改由「國家發展委員會」管轄中華民國一百零三年二月二十七日行政院院臺規字第 1030125872 號公告第 4 條第 1 項第 1 款所列屬「行政院國家科學委員會」之權責事項，自一百零三年三月三日起改由「科技部」管轄",
		"中華民國一百零五年二月十七日行政院公共工程委員會工程企字第 10500041420 號令修正發布第 4、5 條條文"
	],
	"divisions": [],
	"articles": [
		{
			"number": 100,
			"content": "本辦法依政府採購法 (以下簡稱本法) 第二十二條第二項規定訂定之。"
		},
		{
			"number": 200,
			"content": "機關依本法第二十二條第一項第十三款辦理委託科技、技術引進、行政或\r\n學術研究發展 (以下簡稱研究發展) ，費用在公告金額以上者，其作業依\r\n本辦法之規定。"
		},
		{
			"number": 300,
			"content": "本法第二十二條第一項第十三款所稱在專業領域具領先地位之自然人，指\r\n符合下列情形之一者：\r\n一、在相關專業領域之表現，曾獲國內外政府機關、學術機構或具有公信\r\n    力之團體獎勵或表揚者。\r\n二、在相關專業領域著有專書或研究報告，經機關認有特殊表現或貢獻者\r\n    。\r\n機關委託前項自然人辦理研究發展，應以該自然人為計畫主持人。"
		},
		{
			"number": 400,
			"content": "本法第二十二條第一項第十三款所稱經公告審查優勝之學術或非營利機構\r\n（以下簡稱研究機構），指以公告方式公開徵求具備研發能力之研究機構\r\n，經機關成立之審查委員會審查為優勝者。\r\n前項之公告，應公開於主管機關資訊網路。"
		},
		{
			"number": 500,
			"content": "機關依前條規定辦理委託研究發展，應依實際需要訂定研究機構之基本資\r\n格或特定資格，不得不當限制競爭；並得規定公立或非營利之研究機構免\r\n繳驗納稅證明或加入工業或商業團體之基本資格證明文件。\r\n前項委託，如無特殊需要，免收押標金、保證金。"
		},
		{
			"number": 600,
			"content": "機關擇定自然人或研究機構後，應依下列規定辦理：\r\n一、就研究目的擇定研究主題及範圍，通知自然人或研究機構提出計畫書\r\n    供機關審查。\r\n二、評審計畫應訂定審查項目，並得成立審查委員會。\r\n三、審查結果不符合需要者，得不予接受或限期改正。\r\n四、計畫書經審查通過後，再辦理議價。但機關招標文件已訂明固定服務\r\n    費用或費率者，依該服務費用或費率決標。"
		},
		{
			"number": 700,
			"content": "機關委託研究發展，得將其整體規劃、細部計畫及執行事項合併或分別辦\r\n理。其分別辦理者，得依本法第二十二條第一項第四款規定，將其細部計\r\n畫、執行事項作為前一階段採購之後續擴充。"
		},
		{
			"number": 800,
			"content": "機關依本辦法成立審查委員會辦理審查者，準用採購評選委員會組織準則\r\n及審議規則之規定。\r\n前項委員會辦理審查，得以會議或書面方式為之。"
		},
		{
			"number": 900,
			"content": "機關委託未達公告金額之研究發展，得準用本辦法之規定。"
		},
		{
			"number": 1000,
			"content": "本辦法自發布日施行。"
		}
	]
}