{
	"pcode": "A0030068",
	"type": "命令",
	"title": "扶助中小企業參與政府採購辦法",
	"url": "https://law.moj.gov.tw/LawClass/LawAll.aspx?pcode=A0030068",
	"category": [
		"行政",
		"行政院公共工程委員會",
		"通用目"
	],
	"lastUpdate": "20020424",
	"isTranslated": true,
	"english": "Regulations Governing Assistance for Small and Medium Enterprises Participating in Government Procurement",
	"history": [
		"中華民國八十八年四月二十六日行政院公共工程委員會（88）工程企字第 8805500 號令訂定發布全文 10 條；並自八十八年五月二十七日起施行",
		"中華民國九十一年四月二十四日行政院公共工程委員會（91）工程企字第 91016045 號令修正發布第 1、2、10 條條文；並自發布日施行"
	],
	"divisions": [],
	"articles": [
		{
			"number": 100,
			"content": "本辦法依政府採購法 (以下簡稱本法) 第九十七條第二項規定訂定之。"
		},
		{
			"number": 200,
			"content": "本法第九十七條第一項所稱中小企業，其認定依中小企業發展條例之規定\r\n。"
		},
		{
			"number": 300,
			"content": "機關辦理採購，於不違反法令或我國所締結之條約或協定之情形下，得視\r\n案件性質及採購規模，規定投標廠商須為中小企業，或鼓勵廠商以中小企\r\n業為分包廠商。\r\n未達公告金額之採購，除中小企業無法承做、競爭度不足、標價不合理或\r\n有本法第二十二條第一項各款、第一百零四條第一項第一款與第三款及第\r\n一百零五條第一項各款情形者外，以向中小企業採購為原則。"
		},
		{
			"number": 400,
			"content": "主管機關應會同經濟部於每一會計年度開始後二個月內，與國民大會、總\r\n統府、國家安全會議、五院及院屬各一級機關與直轄市及縣 (市) 政府會\r\n商後，訂定各該機關及其所屬機關該年度之採購由中小企業承包或分包之\r\n目標金額比率，並刊登於政府採購公報。\r\n前項所稱目標金額比率，得依機關之性質分別訂定之。"
		},
		{
			"number": 500,
			"content": "機關辦理採購，應規定投標廠商於投標文件中敘明其是否係屬中小企業；\r\n非屬中小企業者，並應敘明預計分包予中小企業之項目及金額。\r\n機關於必要時得查證廠商是否係中小企業。經濟部就機關查詢事項，應提\r\n供必要之協助。"
		},
		{
			"number": 600,
			"content": "機關傳輸決標結果之資訊予主管機關時，應標示得標廠商是否係屬中小企\r\n業。非屬中小企業者，應標示得標廠商預計分包予中小企業之金額。\r\n機關向中小企業採購，而未能依前項規定傳輸決標資訊予主管機關者，至\r\n遲應於每一會計年度終了後一個月內向主管機關彙報。"
		},
		{
			"number": 700,
			"content": "得標廠商於履約期間新增或減少分包予中小企業之金額，得由機關於每一\r\n會計年度終了後一個月內向主管機關彙報，以調整當年度內由中小企業分\r\n包之金額。"
		},
		{
			"number": 800,
			"content": "共同投標廠商之成員有中小企業者，其由中小企業承包之金額，以該中小\r\n企業主辦項目之金額認定之。"
		},
		{
			"number": 900,
			"content": "主管機關應會同經濟部於每一會計年度終了後二個月內，於政府採購公報\r\n刊登該年度內國民大會、總統府、國家安全會議、五院及院屬各一級機關\r\n與直轄市及縣 (市) 政府及其所屬機關之採購總金額，及該總金額中由中\r\n小企業承包或分包之總金額及所占比率。\r\n前項比率未達第四條所定目標金額比率之機關，應檢討改進。"
		},
		{
			"number": 1000,
			"content": "本辦法自中華民國八十八年五月二十七日施行。\r\n本辦法修正條文自發布日施行。"
		}
	]
}