{
	"pcode": "A0030015",
	"type": "法律",
	"title": "總統副總統文物管理條例",
	"url": "https://law.moj.gov.tw/LawClass/LawAll.aspx?pcode=A0030015",
	"category": [
		"總統",
		"總統府",
		"國史館目"
	],
	"lastUpdate": "20171227",
	"isTranslated": false,
	"history": [
		"中華民國九十三年一月二十日總統華總一義字第 09300007821 號令制定公布全文 10 條；並自公布日施行",
		"中華民國一百零六年十二月二十七日總統華總一義字第 10600155851 號令增訂公布第 6-1、6-2、7-1 條條文"
	],
	"divisions": [],
	"articles": [
		{
			"number": 100,
			"content": "為妥善典藏、維護及管理總統、副總統文物，保障文物之國有財產權，特\r\n制定本條例。"
		},
		{
			"number": 200,
			"content": "本條例以國史館為主管機關。"
		},
		{
			"number": 300,
			"content": "本條例所稱文物，係指總統、副總統從事各項活動所產生而不屬於檔案性\r\n質之各種文物，包括信箋、手稿、個人筆記、日記、備忘錄、講稿、照片\r\n、錄影帶、錄音帶、文字及影音光碟、勳章及可保存禮品 (價值新臺幣參\r\n仟元以上) 等文字、非文字資料或物品。"
		},
		{
			"number": 400,
			"content": "總統、副總統應於任職期間，將其所有之文物交由國史館管理。\r\n政府機關或機構所有之總統、副總統文物具有保存價值者，應交由國史館\r\n管理。\r\n前二項文物逾期不移交或移交不清，如涉及刑責者，應移送檢調機關偵辦\r\n。\r\n私人或團體所有之總統、副總統文物具有保存價值者，得交由國史館管理\r\n。\r\n前項作業程序，由國史館訂定相關規定。"
		},
		{
			"number": 500,
			"content": "一般性文物由總統府編造移轉目錄、記載名稱、內容、日期、數量及附件\r\n等名稱等基本要項，每半年由國史館派人具領。\r\n具機密性之文物由總統府承辦單位以專用封套彌封蓋印，並於封面上註明\r\n名稱、起迄日期、機密等級、保密期限、彌封日期等相關資料，每一年移\r\n轉國史館原樣典藏。無法判定保密期限之文物，加註說明。屆滿保密期限\r\n之文物即自動解密，視為一般性文物。"
		},
		{
			"number": 600,
			"content": "國史館所管理之總統、副總統文物，應定期編製目錄公開於資訊網路，或\r\n刊登於政府公報及新聞紙。"
		},
		{
			"number": 601,
			"content": "主管機關得依總統、副總統文物類別及保存價值作分類、分級管理。"
		},
		{
			"number": 602,
			"content": "總統、副總統文物經主管機關評估其來源性、歷史性、文化性、藝術性，\r\n不符典藏效益者，應制定註銷計畫，送總統、副總統文物審鑑委員會審定\r\n後，辦理文物註銷。\r\n經總統、副總統文物審鑑委員會審定得註銷之文物，應依國有財產法相關\r\n規定處理。必要時，應先經電子儲存。\r\n總統、副總統各類文物之保存年限與註銷辦法，及其銷毀、作為推廣教育\r\n品或修護實驗品等事項，由主管機關另定之。\r\n總統、副總統文物審鑑委員會之組織辦法，由主管機關定之。"
		},
		{
			"number": 700,
			"content": "為因應學術研究需要，國史館所管理之總統、副總統文物應開放各界應用\r\n。\r\n前項文物閱覽、抄錄或複製，應以書面敘明理由，向國史館申請之。\r\n前項申請，如為維護公共利益或第三人之正當權益所必要者，得拒絕之。"
		},
		{
			"number": 701,
			"content": "主管機關得將總統、副總統文物之管理及應用，委任其所屬機關或委託其\r\n他機關（構）辦理。"
		},
		{
			"number": 800,
			"content": "已卸任之總統、副總統，亦適用本條例之規定。"
		},
		{
			"number": 900,
			"content": "本條例施行細則由主管機關定之。"
		},
		{
			"number": 1000,
			"content": "本條例自公布日施行。"
		}
	]
}