{
	"pcode": "A0030083",
	"type": "命令",
	"title": "機關主會計及有關單位會同監辦採購辦法",
	"url": "https://law.moj.gov.tw/LawClass/LawAll.aspx?pcode=A0030083",
	"category": [
		"行政",
		"行政院公共工程委員會",
		"通用目"
	],
	"lastUpdate": "20101129",
	"isTranslated": false,
	"history": [
		"中華民國八十八年五月二十五日行政院主計處（88）台處會三字第 04260 號令 、 行政院公共工程委員會（88）工程企字第 8807144 號令會同訂定發布全文 8 條；並自同年五月二十七日起施行",
		"中華民國九十一年八月七日行政院公共工程委員會工程企字第 09100325130 號令 、 行政院主計處處會字第 091005407 號令會銜修正發布名稱及全文 9 條；並自發布日施行（原名稱：機關主（會）計單位會同監辦採購辦法；新名稱：機關主會計及有關單位會同監辦採購辦法）",
		"中華民國九十九年十一月二十九日行政院公共工程委員會工程企字第 09900450830 號令 、 行政院主計處處會字第 0990006918B 號令會銜修正發布第 3、5、6 條條文"
	],
	"divisions": [],
	"articles": [
		{
			"number": 100,
			"content": "本辦法依政府採購法 (以下簡稱本法) 第十三條第四項規定訂定之。"
		},
		{
			"number": 200,
			"content": "機關主 (會) 計及有關單位會同監辦公告金額以上採購之開標、比價、議\r\n價、決標及驗收，依本辦法之規定。"
		},
		{
			"number": 300,
			"content": "本法第十三條第一項所稱有關單位，由機關首長或其授權人員就機關內之\r\n政風、監查（察）、督察、檢核或稽核單位擇一指定之。"
		},
		{
			"number": 400,
			"content": "監辦人員會同監辦採購，應實地監視或書面審核機關辦理開標、比價、議\r\n價、決標及驗收是否符合本法規定之程序。但監辦人員採書面審核監辦，\r\n應經機關首長或其授權人員核准。\r\n前項會同監辦，不包括涉及廠商資格、規格、商業條款、底價訂定、決標\r\n條件及驗收方法等採購之實質或技術事項之審查。但監辦人員發現該等事\r\n項有違反法令情形者，仍得提出意見。"
		},
		{
			"number": 500,
			"content": "本法第十三條第一項所稱特殊情形，指合於下列情形之一，且經機關首長\r\n或其授權人員核准者，得不派員監辦：\r\n一、未設主（會）計單位及有關單位。\r\n二、依本法第四十條規定洽由其他具有專業能力之機關代辦之採購，已洽\r\n    請代辦機關之類似單位代辦監辦。\r\n三、以書面或電子化方式進行開標、比價、議價、決標及驗收程序，而以\r\n    會簽主（會）計及有關單位方式處理。\r\n四、另有重要公務需處理，致無人員可供分派。\r\n五、地區偏遠，無人員可供分派。\r\n六、重複性採購，同一年度內已有監辦前例。\r\n七、因不可預見之突發事故，確無法監辦。\r\n八、依公告、公定或管制價格或費率採購財物或勞務，無減價之可能。\r\n九、即買即用或自供應至使用之期間甚為短暫，實地監辦驗收有困難。\r\n十、辦理分批或部分驗收，其驗收金額未達公告金額。\r\n十一、經政府機關或公正第三人查驗，並有相關規格、品質、數量之證明\r\n      文書供驗收。\r\n十二、依本法第四十八條第二項前段或招標文件所定家數規定流標。\r\n十三、無廠商投標而流標。"
		},
		{
			"number": 600,
			"content": "採購案有下列情形之一且尚未解決者，機關首長或其授權人員不得為前條\r\n之核准：\r\n一、廠商提出異議或申訴。\r\n二、廠商申請調解、提付仲裁或提起訴訟。\r\n三、經採購稽核小組或工程施工查核小組認定採購有重大異常情形。\r\n承辦採購單位通知主（會）計及有關單位監辦時，有前項各款情形之一者\r\n，應予敘明。"
		},
		{
			"number": 700,
			"content": "監辦人員於完成監辦後，應於紀錄簽名，並得於各相關人員均簽名後為之\r\n。無監辦者，紀錄應載明其符合本辦法第五條規定之特殊情形。\r\n辦理採購之主持人或主驗人不接受監辦人員所提意見者，應納入紀錄，報\r\n機關首長或其授權人員決定之。但不接受上級機關監辦人員意見者\r\n，應報上級機關核准。\r\n前項監辦，屬書面審核監辦者，紀錄應由各相關人員均簽名後再併同有關\r\n文件送監辦人員。\r\n監辦人員辦理書面審核監辦，應於紀錄上載明「書面審核監辦」字樣。"
		},
		{
			"number": 800,
			"content": "採購案之承辦人員不得為該採購案之監辦人員。"
		},
		{
			"number": 900,
			"content": "本辦法自發布日施行。"
		}
	]
}