{
	"pcode": "A0030165",
	"type": "命令",
	"title": "憲法法庭審理規則",
	"url": "https://law.moj.gov.tw/LawClass/LawAll.aspx?pcode=A0030165",
	"category": [
		"司法",
		"院本部",
		"釋憲目"
	],
	"lastUpdate": "20041119",
	"isTranslated": false,
	"history": [
		"中華民國八十二年七月三十日司法院（82）院台大一字第 14188 號令訂定發布全文 20 條",
		"中華民國九十三年十一月十九日司法院院台大一字第 0930028275 號令修正發布第 4、5 條條文"
	],
	"divisions": [],
	"articles": [
		{
			"number": 100,
			"content": "本規則依司法院大法官審理案件法第三十二條訂定之。"
		},
		{
			"number": 200,
			"content": "憲法法庭審理政黨違憲解散案件，其程序除依司法院大法官審理案件法之\r\n規定外，適用本規則之規定。"
		},
		{
			"number": 300,
			"content": "憲法法庭由大法官組成之。其人數不得少於大法官現有總額四分之三。"
		},
		{
			"number": 400,
			"content": "大法官有下列情形之一者，應自行迴避，不得執行職務：\r\n一、為被聲請政黨代表人之配偶、前配偶或未婚配偶。\r\n二、大法官或其配偶、前配偶或未婚配偶為被聲請政黨代表人八親等內之\r\n    血親或五親等內之姻親或曾有此親屬關係者。\r\n三、曾為被聲請政黨之代表人者。\r\n四、曾參與被聲請政黨違憲解散有關之民事、刑事及行政訴訟之裁判者。\r\n五、曾在中央或地方機關參與被聲請政黨違憲解散有關之行政處分或訴願\r\n    決定者。"
		},
		{
			"number": 500,
			"content": "遇有下列各款情形，當事人得聲請大法官迴避：\r\n一、大法官有前條所定之情形而不自行迴避者。\r\n二、大法官有前條所定以外之情形，足認其執行職務有偏頗之虞者。"
		},
		{
			"number": 600,
			"content": "憲法法庭認聲請政黨解散案件在程序上不合法者，應附理由以裁定駁回之\r\n；但其情形可以補正者，應定期間先命補正。\r\n憲法法庭依聲請之內容，認在法律上顯無理由者，得不經言詞辯論，逕以\r\n判決駁回之。"
		},
		{
			"number": 700,
			"content": "憲法法庭未依刖條規定處理者，應將聲請書繕本送達於被聲請之政黨，並\r\n限期命其提出答辯狀。\r\n前項答辯狀應送達於聲請機關。"
		},
		{
			"number": 800,
			"content": "憲法法庭受理政黨解散案件認有必要時，得指定大法官三人小組為受命大\r\n法官行準備程序，並由資深大法官主持之；資同以年長者主持之。"
		},
		{
			"number": 900,
			"content": "他法院裁判於憲法法庭之裁判有重大關係者，憲法法庭得在他法院訴訟事\r\n件終結前，裁定停止審理程序。"
		},
		{
			"number": 1000,
			"content": "當事人委任訴訟代理人者，應以書面為之，並應提出受任人具有律師或教\r\n授資格之證明文件。\r\n憲法法庭許可代理人後，如認為其不合適者，得隨時撤銷其許可。"
		},
		{
			"number": 1100,
			"content": "憲法法庭除本規則另有規定外，應本於言詞辯論而為裁判。\r\n言詞辯論，以聲請人聲明應受裁判之事項為始。"
		},
		{
			"number": 1200,
			"content": "參與言詞辯論之大法官有變更者，應更新審理程序。"
		},
		{
			"number": 1300,
			"content": "憲法法庭應依職權調查證據。\r\n憲法法庭調查證據，各機關團體有協助之義務，非依法律規定，不得拒絕\r\n。"
		},
		{
			"number": 1400,
			"content": "憲法法庭命被聲請政黨停止全部或一部活動之裁定前，應聽取被聲請解散\r\n政黨之意見。\r\n憲法法庭為前項裁定後如因情事變更而認無必要時，得依聲請或依職權撤\r\n銷之。"
		},
		{
			"number": 1500,
			"content": "憲法法庭對於裁判之評議，應作成評議紀錄。"
		},
		{
			"number": 1600,
			"content": "經言詞辯論之裁判，應於言詞辯論終結後一個月內指定期日宣示之。但自\r\n言詞辯論終結時起至宣示裁判期日不得逾二個月。"
		},
		{
			"number": 1700,
			"content": "憲法法庭於言詞辯論終結後，宣示裁判前，如有必要得命再開言詞辯論。"
		},
		{
			"number": 1800,
			"content": "憲法法庭審理案件，由大法官書記處辦理紀錄事務。\r\n前項紀錄人員之迴避，準用大法官迴避之規定。"
		},
		{
			"number": 1900,
			"content": "本規則於大法官審理解釋案件行言詞辯論時準用之。"
		},
		{
			"number": 2000,
			"content": "本規則自發布日施行。"
		}
	]
}