{
	"pcode": "A0030045",
	"type": "命令",
	"title": "行政院中美經濟社會發展基金管理委員會辦事細則",
	"url": "https://law.moj.gov.tw/LawClass/LawAll.aspx?pcode=A0030045",
	"category": [
		"廢止法規",
		"行政院經濟建設委員會"
	],
	"lastUpdate": "20061206",
	"isDiscarded": true,
	"isTranslated": false,
	"history": [
		"中華民國五十六年六月七日行政院（56）台財字第 4362 號令核定全文 16 條",
		"中華民國九十五年十二月六日行政院院臺經字第 0950047096 號令發布廢止"
	],
	"divisions": [
		{
			"type": "章",
			"number": 100,
			"title": "總則",
			"start": 100,
			"end": 200
		},
		{
			"type": "章",
			"number": 200,
			"title": "職掌",
			"start": 300,
			"end": 700
		},
		{
			"type": "章",
			"number": 300,
			"title": "分層負責",
			"start": 800,
			"end": 1300
		},
		{
			"type": "章",
			"number": 400,
			"title": "文書處理",
			"start": 1400,
			"end": 1400
		},
		{
			"type": "章",
			"number": 500,
			"title": "會議",
			"start": 1500,
			"end": 1500
		},
		{
			"type": "章",
			"number": 600,
			"title": "細則",
			"start": 1600,
			"end": 1600
		}
	],
	"articles": [
		{
			"number": 100,
			"content": "本細則依中美經濟社會發展基金管理委員會組織規程第九條之規定訂定之\r\n。"
		},
		{
			"number": 200,
			"content": "中美經濟社會發展基金管理委員會 (以下簡稱本會) 除對基金之設置、管\r\n理及運用，依據中美兩國政府於民國五十四年四月九日換文達成之協議，\r\n暨根據此項協議所訂之「中美經濟社會發展基金計畫用款處理程序及準則\r\n」之規定辦理外，關於事務之處理，悉依本細則行之。"
		},
		{
			"number": 300,
			"content": "主任委員綜理本會會務，如因故請假時，指定委員一人代理。"
		},
		{
			"number": 400,
			"content": "執行秘書承主任委員之命，處理本會事務，並指揮監督所屬職員。"
		},
		{
			"number": 500,
			"content": "稽核、副稽核承主任委員之命，辦理財務、會計之稽核事項。"
		},
		{
			"number": 600,
			"content": "執行秘書掌理事項如左：\r\n一、關於人事、文書、印信、庶物、出納等事項。\r\n二、關於基金款項之核收、保管、調撥、運用等事項。\r\n三、關於會計、統計、帳物、報表等事項。\r\n四、委員會議決議事項之執行及主任委員交辦事項。\r\n五、其他有關本基金處理事項。"
		},
		{
			"number": 700,
			"content": "稽核、副稽核掌理事項如左：\r\n一、關於基金款項之收存、撥付及調度之稽核事項。\r\n二、關於基金資產負債增減變化及結存情形之稽核事項。\r\n三、關於基金帳目與報表之稽核事項。\r\n四、其他有關財務會計稽核事項。"
		},
		{
			"number": 800,
			"content": "主任委員綜理會務，其權責如左：\r\n一、會議之主持及參加。\r\n二、重要工作之指示。\r\n三、機密與重要公文之核判。\r\n四、職員之任免及考核獎懲之核定。\r\n五、其他機要公務之處理。"
		},
		{
			"number": 900,
			"content": "執行秘書承主任委員之命，處理本會事務，其權責如左：\r\n一、重要政策及工作方針之參與擬議。\r\n二、機要文稿文件之核轉。\r\n三、職員工作之指揮調配與考核。\r\n四、職員任免獎懲之核擬。\r\n五、主任委員授權代判及一般例行公務文件之核判。"
		},
		{
			"number": 1000,
			"content": "稽核與副稽核承主任委員之命，辦理本會財務、會計之稽核工作，其權責\r\n如左：\r\n一、重要政策及工作方針之參與擬議。\r\n二、基金款項收支調度帳目，公文與報表之審核與會簽。\r\n三、稽核助理人員工作之指揮調配與考核。\r\n四、稽核助理人員任免獎懲之核擬。"
		},
		{
			"number": 1100,
			"content": "各組組長之權責如左：\r\n一、主管事務之推動及督導。\r\n二、所屬職員工作之分配。\r\n三、文件之核擬。\r\n四、所屬職員之指揮監督與考核獎懲之擬議。\r\n五、其他主管職掌之例行事項。"
		},
		{
			"number": 1200,
			"content": "助理稽核、專員、辦事員各承主管之命，分辦指定之事務。"
		},
		{
			"number": 1300,
			"content": "本會各級人員承辦事務，分負下列責任：\r\n一、處理事項如有過誤，經辦人員應負其責。\r\n二、文件處理錯誤，由各組主管負責。\r\n三、引用法規例案及行文手續上之錯誤，由擬稿人員負責，其關係重大者\r\n    ，主管應連帶負責。\r\n四、引用人名地名及數目字之錯誤，由擬稿人負責，核稿人連帶負責。\r\n五、文書款項物品等收發之遺漏，由經辦收發人員負責，其關係重大者，\r\n    有關人員連帶負責。\r\n六、文件繕寫或打字之錯誤，由承辦人及核對人負責。\r\n七、用印錯誤，由監印人負責。\r\n八、文件經會簽者，會簽人對其主管部份應共同負責。\r\n九、無正當理由，滯壓文件或公務而致延誤者，由經辦人員負責。其主管\r\n    未及時催辦者，連帶負責。"
		},
		{
			"number": 1400,
			"content": "本會文書處理，依左列之規定：\r\n一、本會行文，重要者應經主任委員核判後繕發，普通文件由執行秘書代\r\n    為判發。文件署章由擬稿人預先註明蓋用主任委員簽名章或本會條戳\r\n    。\r\n二、來文附有銀錢支票匯票及有價證券者，收發人員應登簿先送出納人員\r\n    簽收保管，再將來文呈送執行秘書分辦。\r\n三、來文封面註明「密啟」「親啟」者，先送執行秘書處理，其餘統由收\r\n    發人員拆封登記後再呈執行秘書分辦。\r\n四、重要文件應先簽具意見，報請核定後，再擬稿送判，有時間性者，得\r\n    簽稿併送，例行文件或有成例可循者，逕行擬稿送判。\r\n五、撰擬文稿，應一文一事，需要會簽者，應先會簽後送核。\r\n六、文件收發簽擬審核繕校用印，各經辦人均應註明日期。"
		},
		{
			"number": 1500,
			"content": "本會委員會會議，依左列規定：\r\n一、本會委員會會議應每三個月開會一次，必要時得召集臨時會議。\r\n二、本會開會時，由主任委員擔任主席，主任委員未能出席時，指定委員\r\n    一人擔任主席。\r\n三、本會開會時，執行秘書、稽核、副稽核均應列席，必要時並得邀請有\r\n    關機關負責人列席。\r\n四、本會開會時，應由執行秘書先編擬會議議程，呈經主任委員審閱後，\r\n    再印發參加會議人員。\r\n五、本會會議紀錄，應按期報行政院核備。"
		},
		{
			"number": 1600,
			"content": "本細則自本會委員會通過之日施行，並報請行政院核備，修正時亦同。"
		}
	]
}