{
	"pcode": "A0030011",
	"type": "法律",
	"title": "印信條例",
	"url": "https://law.moj.gov.tw/LawClass/LawAll.aspx?pcode=A0030011",
	"lastUpdate": "20070321",
	"isTranslated": false,
	"attachments": [
		"https://law.moj.gov.tw/LawClass/LawGetFile.ashx?FileId=0000027427",
		"https://law.moj.gov.tw/LawClass/LawGetFile.ashx?FileId=0000233723"
	],
	"history": [
		"中華民國十八年四月十三日國民政府制定公布",
		"中華民國三十二年七月六日國民政府修正公布全文 6 條",
		"中華民國四十六年五月九日總統修正公布名稱及全文 17 條（原名稱：國民政府頒發印信條例；新名稱：印信條例）",
		"中華民國八十九年五月十七日總統（89）華總一義字第 8900122850 號令修正發布第 5 條條文",
		"中華民國九十六年三月二十一日總統華總一義字第 09600034531 號令修正公布第 3、5 條條文"
	],
	"divisions": [],
	"articles": [
		{
			"number": 100,
			"content": "印信之製發及使用，依本條例行之。"
		},
		{
			"number": 200,
			"content": "印信之種類如左：\r\n一、國璽。\r\n二、印。\r\n三、關防。\r\n四、職章。\r\n五、圖記。"
		},
		{
			"number": 300,
			"content": "印信之質料及形式，規定如下：\r\n一、質料：國璽用玉質；總統及五院之印用銀質；總統、副總統及五院院\r\n    長職章，用牙質或銀質；其他之印、關防、職章均用銅質。但得適應\r\n    當地情形，暫用木質或鋁質，並得以角質暫製職章；圖記用木質。\r\n二、形式：國璽為正方形，國徽鈕；印、職章均為直柄式正方形；關防、\r\n    圖記均為直柄式長方形。但牙質職章為立體式正方形。\r\n前條第一款至第五款之印信字體，均用陽文篆字。"
		},
		{
			"number": 400,
			"content": "印信之尺度依附表之規定；附表所未規定者，比照相當機關印信之尺度。"
		},
		{
			"number": 500,
			"content": "國璽及總統之印暨職章，由立法院院長於總統就職時授與之；副總統職章\r\n之授與，亦同。"
		},
		{
			"number": 600,
			"content": "中央及地方機關之印信，其首長為薦任以上者，由總統府製發；為委任者\r\n，由其所屬主管部、會或省（市）縣（市）政府依定式製發。\r\n經總統府製發印或關防之機關首、次長，得製發職章，未經總統府製發印\r\n或關防之特任、特派、簡任、簡派官員有應用職章之必要者，得由總統府\r\n予以製發。但薦任以下者，得分別由其所屬中央主管部、會或省（市）政\r\n府依定式製發。\r\n永久性機關發印，臨時性或特殊性機關發關防。"
		},
		{
			"number": 700,
			"content": "邊遠地方機關或職官，或不及呈請總統製發印信者，得暫由直屬上級機關\r\n依定式製發，層報總統備案，並請補發。"
		},
		{
			"number": 800,
			"content": "軍事機關、學校、部隊其主官編階為將級者，由總統府製發印或關防及職\r\n章；其主官編階為上校以下者，由國防部按軍事權責劃分原則，決定其印\r\n或關防及職章之製發機關。\r\n國防部及各高級司令部直屬第一層幕僚機構，經國防部視其業務性質，有\r\n使用印信之必要者，得依前項之規定辦理。\r\n依前二項規定，應由總統府製發之印或關防及職章，如因特殊情形不及製\r\n發時，得由國防部依定式暫為製發，層報總統備案，並請補發。\r\n依前三項規定，由國防部逕行或暫為製發，或由其決定機關所製發之印或\r\n關防及職章，其製發及使用規則，由國防部擬訂，層呈總統核准施行。"
		},
		{
			"number": 900,
			"content": "文職簡任以上，武職將級之幕僚長，為辦理公務有使用職章之必要時，得\r\n層請總統核准製發職章；其有對外行文之必要者，並得呈請總統核准製發\r\n印或關防。"
		},
		{
			"number": 1000,
			"content": "各級地方民意機關印或關防之製發，適用同級政府機關印信之規定；議長\r\n職章之製發亦同。"
		},
		{
			"number": 1100,
			"content": "公立專科以上學校，及全國性之教育、文化事業機構印信，由總統府製發\r\n；國立中等學校印信，由教育部製發；省（市）立中等學校及教育、文化\r\n事業機關印信，由省（市）政府製發；國民學校及縣（市）鄉（鎮）立教\r\n育、文化事業機關印信，由縣（市）政府製發。\r\n私立專科以上學校，及全國性之教育、文化事業機構印信，由教育部製發\r\n，其餘私立學校及教育、文化事業機構印信，比照前項規定辦理。\r\n各級私立學校，及教育、文化事業機構印信之質料、形式及尺度，比照公\r\n立者辦理。"
		},
		{
			"number": 1200,
			"content": "國營事業機構，其業務總主管人之職級，依其組織法所定相當於薦任以上\r\n並經總統任命者，由總統府製發印或關防及職章；依組織規程由主管院、\r\n部、會聘派者，由各該主管院、部、會製發關防及職章。\r\n省（市）縣（市）公營事業機構，由省（市）政府或縣（市）政府製發關\r\n防及職章。\r\n依公司法組織設立之公營事業機構，由其主管機關製發圖記，其質料、形\r\n式及尺度依本例之規定，分支機構之圖記，由其總機構自行製發，呈報備\r\n案。"
		},
		{
			"number": 1300,
			"content": "蒙、藏地方特殊性質之機關或官職，必須製發印信者，得比照本條例之規\r\n定製發，或依向例辦理。"
		},
		{
			"number": 1400,
			"content": "全國性人民團體圖記，由內政部製發；省（市）人民團體圖記，由省（市\r\n）政府社會行政機關製發；縣（市）鄉（鎮）人民團體圖記，由縣（市）\r\n政府製發。\r\n民營公司之圖記，由其自行製用，報請主管機關備案，其質料、形式及尺\r\n度，比照本條例規定辦理。\r\n私人事業機構印信，適用圖記，由其自行製用，報請主管機關備案，其質\r\n料、形式及尺度不予限制。"
		},
		{
			"number": 1500,
			"content": "印信之使用規定如左：\r\n一、國璽：中華民國之璽，蓋用於總統所發之各項外交文書；榮典之璽，\r\n    蓋用於總統所發之各項褒獎書狀。\r\n二、印及關防：印蓋用於永久性機關之公文；關防蓋用於臨時性或特殊性\r\n    機關之公文。\r\n三、職章：蓋用於呈文、簽呈各種證券、報表，及其他公務文件。\r\n四、圖記：蓋用於公務業務，或各項證明文件上。"
		},
		{
			"number": 1600,
			"content": "本條例施行前之原有印信，繼續使用。但與本條例規定不合者，應於一年\r\n內換發之。\r\n印信之製發、啟用、管理、換發及廢、舊印信之繳銷辦法，以命令定之。"
		},
		{
			"number": 1700,
			"content": "本條例自公布日施行。"
		}
	]
}