{
	"pcode": "A0030004",
	"type": "法律",
	"title": "褒揚條例",
	"url": "https://law.moj.gov.tw/LawClass/LawAll.aspx?pcode=A0030004",
	"category": [
		"行政",
		"內政部",
		"民政目"
	],
	"lastUpdate": "19861128",
	"isTranslated": true,
	"english": "Praise and Commendation Act",
	"history": [
		"中華民國二十年七月十一日國民政府制定公布全文 16 條",
		"中華民國七十五年十一月二十八日總統（75）華總（一）義字第 6006 號令修正公布全文 10 條"
	],
	"divisions": [],
	"articles": [
		{
			"number": 100,
			"content": "為褒揚國民立德、立功、立言，貢獻國家，激勵當世，垂之史冊，昭示來\r\n茲，特制定本條例。"
		},
		{
			"number": 200,
			"content": "有左列各款情事之一者，依本條例褒揚之：\r\n一、致力國民革命大業，對國家民族有特殊貢獻者。\r\n二、參預戡亂建國大計，應變有方，臨難不茍，卓著忠勤，具有勳績者。\r\n三、執行國策，折衝壇坫，在外交或國際事務上有重大成就者。\r\n四、興辦教育文化事業，發揚中華文化，具有特殊貢獻者。\r\n五、冒險犯難，忠貞不拔，壯烈成仁者。\r\n六、有重要學術貢獻及著述，為當世所推重者。\r\n七、有重要發明，確屬有裨國計民生者。\r\n八、德行崇劭，流風廣被，足以轉移習尚，為世楷模者。\r\n九、團結僑胞，激勵愛國情操，有特殊事蹟者。\r\n十、捐獻財物，熱心公益，績效昭著者。\r\n十一、其他對國家社會有特殊貢獻，足堪褒揚者。"
		},
		{
			"number": 300,
			"content": "褒揚方式如左：\r\n一、明令褒揚。\r\n二、題頒匾額。\r\n前項第一款以受褒揚人逝世者為限。"
		},
		{
			"number": 400,
			"content": "明令褒揚或題頒匾額，除總統特頒者外，須經行政院之呈請。呈請明令褒\r\n揚，應綜其生平事蹟，提經行政院會議通過。"
		},
		{
			"number": 500,
			"content": "受褒揚人事蹟合於第二條第一款、第二款者逝世後，或合於第五款者，得\r\n入祀國民革命忠烈祠或地方忠烈祠。"
		},
		{
			"number": 600,
			"content": "受明令褒揚人，其生平事蹟得宣付國史館，並列入省 (市) 縣 (市) 志。"
		},
		{
			"number": 700,
			"content": "受褒揚後，查明事蹟為不實者，除撤銷原褒揚案外，並追繳褒揚品。"
		},
		{
			"number": 800,
			"content": "外國人合於第二條各款情事之一者，得褒揚之。"
		},
		{
			"number": 900,
			"content": "本條例施行細則，由行政院會同考試院定之。"
		},
		{
			"number": 1000,
			"content": "本條例自公布日施行。"
		}
	]
}