{
	"pcode": "A0030087",
	"type": "命令",
	"title": "檔案電子儲存管理實施辦法",
	"url": "https://law.moj.gov.tw/LawClass/LawAll.aspx?pcode=A0030087",
	"category": [
		"行政",
		"國家發展委員會",
		"通用目"
	],
	"lastUpdate": "20120925",
	"isTranslated": true,
	"english": "The Implementation Regulations for Archives on Electronic Storage",
	"history": [
		"中華民國九十年十二月十二日檔案管理局（90）檔秘字第 0002054-3 號令訂定發布全文 20 條",
		"中華民國九十三年二月十日檔案管理局檔秘字第 09300009571 號令修正發布全文 22 條；修正條文自發布日施行",
		"中華民國九十四年七月八日檔案管理局檔典字第 09400029461 號令修正發布第 17 條條文",
		"中華民國一百零一年九月二十五日檔案管理局檔典字第 10100141543 號令修正發布第 5 條條文"
	],
	"divisions": [],
	"articles": [
		{
			"number": 100,
			"content": "本辦法依檔案法 (以下簡稱本法) 第九條第一項規定訂定之。"
		},
		{
			"number": 200,
			"content": "本辦法用詞定義如下：\r\n一、電子儲存：指檔案以電腦或自動化機具等電子設備處理，並予數位化\r\n    儲存之程序。\r\n二、原始檔案：指供電子儲存作業處理之檔案。\r\n三、電子媒體：指電子儲存使用之媒介物，包括磁帶、磁碟 (片) 、光碟\r\n    片等媒體。\r\n四、電子影音檔案：指原始檔案數位化為影像或聲音資料，儲存於電子媒\r\n    體者。\r\n五、電子影音檔案正版：指直接由原始檔案進行數位化處理並儲存於電子\r\n    媒體，而用以保存之影像或聲音資料。\r\n六、電子影音檔案副版：指電子影音檔案正版經軟體處理後儲存於電子媒\r\n    體，而用以調閱應用之影像或聲音資料。\r\n七、確認：指檔案管理機關證明電子影音檔案及其複製品與原始檔案內容\r\n    相同之程序。\r\n八、加密：指利用數學演算法或其他方法，將電子影音檔案以亂碼方式處\r\n    理。\r\n九、備份：指在原有之技術環境下，複製檔案內容至另一儲存媒體。\r\n十、轉置：指資訊系統之軟硬體過時或失效，需進行軟硬體格式轉換，以\r\n    便日後可讀取之作業程序。"
		},
		{
			"number": 300,
			"content": "檔案之電子儲存作業，應由管理該檔案機關辦理；必要時，得委外為之。\r\n前項委外辦理檔案之電子儲存作業，應於管理該檔案機關內或其指定場所\r\n為之。"
		},
		{
			"number": 400,
			"content": "永久保存檔案與定期保存檔案宜分別儲存於不同之電子媒體。"
		},
		{
			"number": 500,
			"content": "辦理檔案電子儲存，應參照文書及檔案管理電腦化作業規範有關規定，採\r\n用適當之電子媒體及儲存格式，並宜採唯讀方式儲存之。"
		},
		{
			"number": 600,
			"content": "紙質類檔案進行電子儲存前，應整理原始檔案，必要時得予拆卷；有破損\r\n者，應即修補，並應注意其順序，且於儲存作業完成後恢復原狀。\r\n辦理前項電子儲存時，應避免影像之歪斜及跳漏頁。"
		},
		{
			"number": 700,
			"content": "攝影類檔案進行電子儲存前，應檢查該照片、微縮片、正片、負片或影片\r\n之保存現況；有損壞者，應即修復。\r\n辦理攝影類檔案電子儲存時，應配戴棉質或尼龍手套，並避免留下指印或\r\n刮痕。"
		},
		{
			"number": 800,
			"content": "錄影 (音) 帶類檔案進行電子儲存前，應進行檢查；有損壞者，應即修復\r\n。\r\n辦理前項電子儲存時，應將錄影 (音) 帶之防誤抹孔關閉並倒帶至起點，\r\n以避免損及內容。"
		},
		{
			"number": 900,
			"content": "辦理檔案電子儲存，應注意下列事項：\r\n一、維持影像及聲音之完整清晰。\r\n二、避免重複作業造成原始檔案之損害。\r\n三、有錯誤或缺漏者，應立即補正。"
		},
		{
			"number": 1000,
			"content": "辦理檔案電子儲存時，管理該檔案機關應檢視並確定其內容與原始檔案完\r\n全相同；必要時得採電子簽章方式處理，或加密儲存之。"
		},
		{
			"number": 1100,
			"content": "檔案經電子儲存後，檔案管理人員應將電子媒體編號及原始檔案處理情形\r\n等事項，註記於檔案目錄或提供檢索功能。"
		},
		{
			"number": 1200,
			"content": "檔案經電子儲存後，應於電子媒體中製作電子說明檔，註記「同原檔案」\r\n字樣，並記錄下列事項：\r\n一、檔案管理機關。\r\n二、電子媒體編號。\r\n三、製作完成日期。\r\n四、電子影音檔案清單。\r\n電子影音檔案副版，應註記「推定其為真正」字樣。"
		},
		{
			"number": 1300,
			"content": "電子媒體之外包裝應標示下列事項：\r\n一、檔案管理機關。\r\n二、電子媒體編號。\r\n三、製作完成日期。\r\n電子媒體儲存之內容屬機密檔案者，其外包裝並應依相關規定標示。"
		},
		{
			"number": 1400,
			"content": "電子影音檔案正版應製作備份，並分置於不同地點保管之。"
		},
		{
			"number": 1500,
			"content": "實施檔案電子儲存之機關應定期檢討相關軟硬體設施之有效性，必要時應\r\n辦理轉置作業。\r\n前項轉置作業應注意檔案內容之完整及安全，避免不當之增、刪及抽換。"
		},
		{
			"number": 1600,
			"content": "各機關更換檔案電子儲存作業相關軟硬體設施時，應先製作備份，避免資\r\n料流失。轉置時，亦同。"
		},
		{
			"number": 1700,
			"content": "實施檔案電子儲存之機關應定期查驗電子媒體；有損壞者，應即修復；無\r\n法修復時，應予作廢，重行製作；無法製作時，應於檔案目錄註記。\r\n前項媒體之作廢方法，準用檔案中央主管機關訂定之機關檔案保存年限及\r\n銷毀辦法第十三條規定。"
		},
		{
			"number": 1800,
			"content": "電子媒體之保存場所，應有適當環境控制及安全管制措施，避免損壞或遺\r\n失。\r\n前項措施應參照檔案中央主管機關訂定之檔案庫房設施基準有關規定辦理\r\n。"
		},
		{
			"number": 1900,
			"content": "電子媒體應依媒體種類分別存放；存放時應依電子媒體編號排列，並製作\r\n登錄簿，以備查考應用。"
		},
		{
			"number": 2000,
			"content": "電子影音檔案及其複製品之確認，應由管理該檔案機關檢查並確定其內容\r\n與原始檔案完全相同後，始得視同原檔案或推定其為真正。"
		},
		{
			"number": 2100,
			"content": "電子影音檔案正版需重行製作者，應依本辦法相關規定辦理。"
		},
		{
			"number": 2200,
			"content": "本辦法自本法施行之日施行。\r\n本辦法修正條文自發布日施行。"
		}
	]
}