{
	"pcode": "A0030063",
	"type": "命令",
	"title": "統包實施辦法",
	"url": "https://law.moj.gov.tw/LawClass/LawAll.aspx?pcode=A0030063",
	"category": [
		"行政",
		"行政院公共工程委員會",
		"通用目"
	],
	"lastUpdate": "20120924",
	"isTranslated": true,
	"english": "Regulations for the Implementation of Procurement on a Turnkey Basis",
	"history": [
		"中華民國八十八年四月二十六日行政院公共工程委員會（88）企字第 8805500 號令訂定發布全文 11 條；並自八十八年五月二十七日起施行",
		"中華民國一百零一年九月二十四日行政院公共工程委員會工程企字第 10100353810 號令修正發布第 11 條條文；刪除第 2 條條文；並自發布日施行"
	],
	"divisions": [],
	"articles": [
		{
			"number": 100,
			"content": "本辦法依政府採購法 (以下簡稱本法) 第二十四條第三項規定訂定之。"
		},
		{
			"number": 200,
			"content": "（刪除）"
		},
		{
			"number": 300,
			"content": "機關以統包辦理招標，其併於同一採購契約辦理招標之範圍如下：\r\n一、工程採購，含細部設計及施工，並得包含基本設計、測試、訓練、一\r\n    定期間之維修或營運等事項。\r\n二、財物採購，含細部設計、供應及安裝，並得包含基本設計、測試、訓\r\n    練、一定期間之維修或營運等事項。"
		},
		{
			"number": 400,
			"content": "機關以統包辦理招標，應依其屬工程或財物之採購，於招標文件規定投標\r\n廠商應符合下列情形之一：\r\n一、屬負責細部設計及施工之廠商。\r\n二、屬負責細部設計或施工之廠商。\r\n三、屬負責細部設計、供應及安裝之廠商。\r\n四、屬負責細部設計或供應及安裝之廠商。\r\n前項招標，機關得於招標文件中規定允許一定家數內之廠商共同投標。"
		},
		{
			"number": 500,
			"content": "機關以統包辦理招標，得依實際需要，於招標文件中規定投標廠商或其分\r\n包廠商關於設計之履約能力資格。"
		},
		{
			"number": 600,
			"content": "機關以統包辦理招標，除法令另有規定者外，應於招標文件載明下列事項\r\n：\r\n一、統包工作之範圍。\r\n二、統包工作完成後所應達到之功能、效益、標準、品質或特性。\r\n三、設計、施工、安裝、供應、測試、訓練、維修或營運等所應遵循或符\r\n    合之規定、設計準則及時程。\r\n四、主要材料或設備之特殊規範。\r\n五、甄選廠商之評審標準。\r\n六、投標廠商於投標文件須提出之設計、圖說、主要工作項目之時程、數\r\n    量、價格或計畫內容等。"
		},
		{
			"number": 700,
			"content": "機關以統包辦理招標，招標文件所規定之評審標準，應包括廠商之技術能\r\n力、設計與計畫之完整性及可行性。"
		},
		{
			"number": 800,
			"content": "機關以統包辦理招標，應於招標文件規定下列事項：\r\n一、得標廠商之設計應送機關或其指定機構審查後，始得據以施工或供應\r\n    、安裝。\r\n二、設計有變更之必要者，應經機關同意或依機關之通知辦理。其變更係\r\n    不可歸責於廠商者，廠商得向機關請求償付履約所增加之必要費用。\r\n三、設計結果不符合契約規定或無法依機關之通知變更者，機關得終止或\r\n    解除契約。"
		},
		{
			"number": 900,
			"content": "機關以統包辦理招標，應於招標文件規定得標廠商設計成果之智慧財產權\r\n歸屬及侵害第三人合法權益時由廠商負責處理並承擔一切法律責任。\r\n前項權利，機關得視需要取得部分或全部權利或取得授權。"
		},
		{
			"number": 1000,
			"content": "機關以統包辦理招標並規定廠商於投標時提出設計圖者，得就審查達一定\r\n分數或名次之未得標廠商，依招標文件之規定，發給獎勵金。"
		},
		{
			"number": 1100,
			"content": "本辦法自中華民國八十八年五月二十七日施行。\r\n本辦法修正條文自發布日施行。"
		}
	]
}