{
	"pcode": "A0030168",
	"type": "命令",
	"title": "司法院所屬一、二審法院院長職期調任辦法",
	"url": "https://law.moj.gov.tw/LawClass/LawAll.aspx?pcode=A0030168",
	"category": [
		"廢止法規",
		"司法院"
	],
	"lastUpdate": "20120815",
	"isDiscarded": true,
	"isTranslated": false,
	"history": [
		"中華民國七十二年八月三十日司法院（72）院台人字第 04659 號函訂定發布",
		"中華民國七十九年七月十日司法院（79）院台人字第 04264 號函修正發布",
		"中華民國八十四年三月十五日司法院（84）院台人一字第 05394 修正發布第 2 條條文",
		"中華民國九十年二月九日司法院（90）院台人二字第 03601 號令修正發布名稱及第 1～3 條條文（原名稱：高等法院以下各級法院及其分院院長職期調任辦法；新名稱：高等法院以下各級法院及其分院 、 高等行政法院院長職期調任辦法）",
		"中華民國九十三年十二月二十一日司法院院台人二字第 0930030939 號令修正發布第 1、3 條條文",
		"中華民國九十八年二月九日司法院院台人二字第 0980003265 號令修正發布名稱及全文 6 條；並自發布日施行（原名稱：高等法院以下各級法院及其分院 、 高等行政法院院長職期調任辦法；新名稱：司法院所屬一 、 二審法院院長職期調任辦法）",
		"中華民國一百年八月二十四日司法院院台人二字第 1000021119 號令修正發布全文 6 條",
		"中華民國一百零一年八月十五日司法院院台人法字第 1010023238 號令發布廢止"
	],
	"divisions": [],
	"articles": [
		{
			"number": 100,
			"content": "本辦法依司法人員人事條例第十五條、行政法院組織法第四十七條、智慧\r\n財產法院組織法第四十四條規定訂定之。"
		},
		{
			"number": 200,
			"content": "高等法院以下各級法院及其分院、高等行政法院及其他專業法院院長之職\r\n期，定為三年，得連任一次。但年滿七十歲者，應予停止辦理案件，並免\r\n兼院長行政職務。\r\n前項各法院院長職期，均合併計算。院長經調任其他職務逾二年後再調任\r\n院長時，其職期重行起算。\r\n院長曾任檢察長者，其檢察長之職期不予併計。\r\n第一項之職期，於有下列情形之一，司法院認確有必要者，得再延任之；\r\n其期間以三年為限：\r\n一、不同審級法院院長間調任。\r\n二、高等法院分院院長調任高等法院院長。\r\n三、其他因應業務特殊需求。\r\n第一項之職期，於職期屆滿前，因事實需要，亦得調任之。\r\n本辦法修正前已派職院長者，其職期自派職之日起算；原任職非直轄市法\r\n院改制為直轄市法院之院長者，亦同。但依修正前規定應分別計算之任期\r\n，自任新職之日起算。"
		},
		{
			"number": 300,
			"content": "高等法院以下各級法院及其分院、高等行政法院及其他專業法院院長之調\r\n任，除法令別有規定外，應於下列範圍內行之：\r\n一、調任其他法院或其分院院長。\r\n二、調任司法院或其所屬機關相當之職務。"
		},
		{
			"number": 400,
			"content": "職期屆滿院長，應就其品德、學識、才能及工作績效等項，綜合考評其服\r\n務成績，並視業務需要，分別予以連任、延任或調任。"
		},
		{
			"number": 500,
			"content": "職期之計算，以實際到職之日起算。"
		},
		{
			"number": 600,
			"content": "本辦法自發布日施行。"
		}
	]
}