{
	"pcode": "A0030116",
	"type": "法律",
	"title": "千禧年資訊年序爭議處理法",
	"url": "https://law.moj.gov.tw/LawClass/LawAll.aspx?pcode=A0030116",
	"category": [
		"行政",
		"院本部",
		"通用目"
	],
	"lastUpdate": "19991231",
	"isTranslated": true,
	"english": "Code for Handling Year 2000 Millennium Digital Ordinal Year Disputes",
	"history": [
		"中華民國八十八年十二月三十一日總統（88）華總一義字第 8800318870 號令制定公布全文 8 條；並自公布日起施行"
	],
	"divisions": [],
	"articles": [
		{
			"number": 100,
			"content": "為因應公元二千年資訊年序錯置危機，鼓勵公開資訊，平衡消費者權益與\r\n事業責任，迅速妥適解決紛爭，特制定本法；本法未規定者，適用其他有\r\n關法律之規定。"
		},
		{
			"number": 200,
			"content": "本法所用名詞定義如下︰\r\n一、資訊年序錯置︰指以一切獨立或內建於他組件或產品之電腦或自動化\r\n    機器之組件、產品，及指令、程式以及關聯系統，於輸出入、顯示、\r\n    判讀、計算、排序、儲存、傳遞或以他法處理資訊時，不能正確判斷\r\n    或處理與公元二千年年序相關之資料，所產生之錯誤處置結果。\r\n二、事業︰指公司、獨資或合夥之工商行號，以及其他提供商品或服務從\r\n    事交易之人或團體。"
		},
		{
			"number": 300,
			"content": "事業所提供之商品或服務有資訊年序錯置之瑕疵，致他人受損害，依法律\r\n或契約應負賠償責任，而有下列情事之一者，法院得減輕或免除其賠償責\r\n任︰\r\n一、提供商品或服務時，已於明顯處為有資訊年序錯置危險之警告標示，\r\n    並附載危險之緊急處理方法者。\r\n二、於損害發生前已就資訊年序錯置危險之緊急處理方法以書面通知，或\r\n    無法以書面通知時，已於損害發生前以相關大眾得以知悉之顯著方式\r\n    公告達十五日以上者。\r\n三、就損害之防免，已盡相當之注意，且已採取合理必要之防範措施者。\r\n四、請求權人依所知悉或可合理知悉之資訊，得避免損害之發生，而未避\r\n    免者。但事業明知或因重大過失不知其產品或服務有資訊年序錯置之\r\n    瑕疵，而未告知被害人者，不在此限。\r\n前項第一款及第二款所定之警告標示、通知或公告，如係自他處轉載，應\r\n敘明出處及查證情形。\r\n事業為前二項警告標示、通知或公告及所附合理及必要之陳述，除因故意\r\n或重大過失所致之錯誤者外，不構成損害他人營業信譽之行為。\r\n事業能證明非出於故意或重大過失者，所負損害賠償責任以他人所受損害\r\n為限，不包含民法第二百一十六條規定之所失利益。"
		},
		{
			"number": 400,
			"content": "資訊年序錯置依其他法律或契約規定所得請求之懲罰性賠償金，不得逾損\r\n害額之一倍。但因事業之故意行為或因侵害生命、身體或健康所生者，不\r\n在此限。"
		},
		{
			"number": 500,
			"content": "因資訊年序錯置致債務人不能於清償期支付款項者，應於知悉遲延支付之\r\n日起七個營業日內，將不能支付之事由以書面通知債權人。\r\n債務人於資訊年序錯置發生之日起二週內支付已屆期之款項者，以未遲延\r\n論。"
		},
		{
			"number": 600,
			"content": "主張因資訊年序錯置受有損害而欲行使損害賠償請求權者，非經先以書面\r\n將資訊年序錯置及損害發生之事實通知受損害賠償請求之他方，並定三十\r\n日以上之期間請求他方排除錯置、回復原狀、補正瑕疵或賠償損害者，不\r\n得向法院起訴。"
		},
		{
			"number": 700,
			"content": "本法適用於中華民國九十二年一月一日以前所發生之資訊年序錯置。\r\n第三條及第四條之規定，於本法施行前已成立之契約，亦適用之。"
		},
		{
			"number": 800,
			"content": "本法自公布日施行。"
		}
	]
}