{
	"pcode": "A0030103",
	"type": "命令",
	"title": "採購評選委員會組織準則",
	"url": "https://law.moj.gov.tw/LawClass/LawAll.aspx?pcode=A0030103",
	"category": [
		"行政",
		"行政院公共工程委員會",
		"通用目"
	],
	"lastUpdate": "20180808",
	"isTranslated": true,
	"english": "Regulations Governing the Organization of Procurement Evaluation Committee",
	"history": [
		"中華民國八十八年五月二十一日行政院公共工程委員會（88）工程企字第 8806986 號令訂定發布全文 10 條；並自同年五月二十七日起施行",
		"中華民國八十八年九月二十八日行政院公共工程委員會（88）工程企字第 8814972 號令修正發布第 4、10 條條文；並自發布日起施行",
		"中華民國九十年六月二十日行政院公共工程委員會（90）工程企字第 90022576 號令修正發布第 3、4、6 條條文",
		"中華民國九十二年六月二十五日行政院公共工程委員會工程企字第 09200254200 號令修正發布第 4、6、7、8 條條文；並增訂第 4-1 條條文",
		"中華民國九十三年十月二十七日行政院公共工程委員會工程企字第 9300408950 號令修正發布第 4 條條文",
		"中華民國九十四年七月十三日行政院公共工程委員會工程企字第 09400247740 號令修正發布第 8 條條文",
		"中華民國九十六年七月二十日行政院公共工程委員會工程企字第 09600289460 號令修正發布第 8 條條文",
		"中華民國九十九年五月十二日行政院公共工程委員會工程企字第 09900184510 號令修正發布第 4、4-1 條條文",
		"中華民國一百零七年八月八日行政院公共工程委員會工程企字第 10700240070 號令修正發布第 6 條條文"
	],
	"divisions": [],
	"articles": [
		{
			"number": 100,
			"content": "本準則依政府採購法 (以下簡稱本法) 第九十四條第二項規定訂定之。"
		},
		{
			"number": 200,
			"content": "機關為辦理下列事項，應就各該採購案成立採購評選委員會 (以下簡稱本\r\n委員會) ：\r\n一、本法第二十二條第一項第九款或第十款規定之評選優勝者。\r\n二、本法第五十六條規定之評定最有利標或向機關首長建議最有利標。"
		},
		{
			"number": 300,
			"content": "本委員會應於招標前成立，並於完成評選事宜且無待處理事項後解散，其\r\n任務如下：\r\n一、訂定或審定招標文件之評選項目、評審標準及評定方式。\r\n二、辦理廠商評選。\r\n三、協助機關解釋與評審標準、評選過程或評選結果有關之事項。\r\n前項第一款之評選項目、評審標準及評定方式有前例或條件簡單者，得由\r\n機關自行訂定或審定，免於招標前成立本委員會為之。但本委員會仍應於\r\n開標前成立。"
		},
		{
			"number": 400,
			"content": "本委員會置委員五人至十七人，就具有與採購案相關專門知識之人員派兼\r\n或聘兼之，其中外聘專家、學者人數不得少於三分之一。\r\n前項人員為無給職；聘請國外專家或學者來臺參與評選者，得依規定支付\r\n相關費用。\r\n第一項外聘專家、學者，由機關需求或承辦採購單位參考主管機關會同教\r\n育部、考選部及其他相關機關所建立之建議名單，列出遴選名單，簽報機\r\n關首長或其授權人員核定。簽報及核定，均不受建議名單之限制。\r\n前項建議名單，由主管機關公開於資訊網路。\r\n第三項擬外聘之專家、學者，應經其同意後，由機關首長聘兼之。"
		},
		{
			"number": 401,
			"content": "機關遴選本委員會委員，不得有下列情形：\r\n一、接受請託或關說。\r\n二、接受舉薦自己為委員者。\r\n三、為特定廠商利益而為遴選。\r\n四、遴選不具有與採購案相關專門知識者。\r\n五、明知操守不正而仍為遴選。\r\n六、其他經主管機關認定者。"
		},
		{
			"number": 500,
			"content": "有下列各款情形之一者，不得遴選為本委員會委員：\r\n一、犯貪污或瀆職之罪，經判刑確定者。\r\n二、褫奪公權尚未復權者。\r\n三、受破產宣告確定尚未復權者。\r\n四、專門職業人員已受停止執行業務或撤銷執業執照之處分者。"
		},
		{
			"number": 600,
			"content": "本委員會成立後，其委員名單應即公開於主管機關指定之資訊網站；委員\r\n名單有變更或補充者，亦同。但經機關衡酌個案特性及實際需要，有不予\r\n公開之必要者，不在此限。\r\n機關公開委員名單者，公開前應予保密；未公開者，於開始評選前應予保\r\n密。"
		},
		{
			"number": 700,
			"content": "本委員會置召集人一人，綜理評選事宜；副召集人一人，襄助召集人處理\r\n評選事宜。                                                      \r\n召集人、副召集人均為委員，由機關首長或其授權人員指定委員擔任，或\r\n由委員互選產生之；召集人由機關內部人員擔任者，應由一級主管以上人\r\n員任之。                                                        \r\n本委員會會議，由召集人召集之，並為主席；召集人未能出席或因故出缺\r\n時，由副召集人代理之。"
		},
		{
			"number": 800,
			"content": "機關應於本委員會成立時，一併成立三人以上之工作小組，協助本委員會\r\n辦理與評選有關之作業，其成員由機關首長或其授權人員指定機關人員或\r\n專業人士擔任，且至少應有一人具有採購專業人員資格。\r\n本委員會開會時，機關辦理評選作業之承辦人員應全程出席，並得邀請有\r\n關機關人員、學者或專家列席，協助評選。\r\n前二項協助評選人員，均為無給職。\r\n第一項及第二項協助評選人員之迴避，準用採購評選委員會審議規則第十\r\n四條規定。"
		},
		{
			"number": 900,
			"content": "本委員會如有對外行文之需要，應以成立機關名義行之。"
		},
		{
			"number": 1000,
			"content": "本準則自中華民國八十八年五月二十七日施行。\r\n本準則修正條文自發布日施行。"
		}
	]
}