{
	"pcode": "A0030158",
	"type": "命令",
	"title": "財團法人法律扶助基金會監督管理辦法",
	"url": "https://law.moj.gov.tw/LawClass/LawAll.aspx?pcode=A0030158",
	"category": [
		"司法",
		"院本部",
		"司法行政目"
	],
	"lastUpdate": "20151125",
	"isTranslated": false,
	"history": [
		"中華民國九十三年五月二十六日司法院院台廳司四字第 0930013923 號令訂定發布全文 21 條；並自發布日施行",
		"中華民國九十四年九月八日司法院院台廳司四字第 0940019532 號令修正發布第 5 條條文",
		"中華民國九十五年三月二十四日司法院院台廳司四字第 0950007211 號令修正發布第 5 條條文",
		"中華民國一百零一年四月十一日司法院院台廳司四字第 1010010196 號令修正發布第 5、20 條條文",
		"中華民國一百零四年十一月二十五日司法院院台廳司四字第 1040032285 號令修正發布全文 20 條；除第 6、8、13、16、18、19 條定自一百零五年三月二十三日施行外，其餘條文自發布日施行"
	],
	"divisions": [],
	"articles": [
		{
			"number": 100,
			"content": "為監督並確保財團法人法律扶助基金會（以下簡稱基金會）之正常運作及\r\n健全發展，依法律扶助法（以下簡稱本法）第六十條規定訂定本辦法。"
		},
		{
			"number": 200,
			"content": "司法院（以下簡稱本院）對基金會之監督管理，除法律另有規定外，依本\r\n辦法辦理。"
		},
		{
			"number": 300,
			"content": "本院監督管理基金會之範圍，應包括下列各項：\r\n一、設立許可事項。\r\n二、組織及設施狀況。\r\n三、年度重大措施。\r\n四、財產、基金、孳息保管運用情形。\r\n五、財務狀況。\r\n六、業務狀況。\r\n七、提供法律扶助之品質。\r\n八、其他依法令規定應受監督之事項。"
		},
		{
			"number": 400,
			"content": "基金會依本法第五條第三項、第十六條第二項、第三十條授權訂定之各項\r\n辦法，應經本院核定後，始得施行；其餘依本法授權訂定之辦法，應陳報\r\n本院備查。\r\n基金會依本法第二十三條第三項、第四項授權訂定之辦法，涉及人事經費\r\n者，應經本院核定。"
		},
		{
			"number": 500,
			"content": "本院得設基金會監督管理委員會（以下簡稱委員會），執行本辦法所定各\r\n項監督管理及審核事項。\r\n委員會設委員九人，除由院長指派本院副秘書長及相關廳處主管擔任外，\r\n得遴聘具有法學、會計或其他專門學識之學者或專家擔任之。\r\n前項本院指派擔任之委員，任期隨職位進退；遴聘之委員，任期一年，得\r\n連任。\r\n委員會由本院副秘書長召集並擔任主席；副秘書長不能召集並擔任主席時\r\n，由副秘書長指定之人代理之。委員會置執行秘書一人，由司法行政廳調\r\n辦事法官或簡任職人員擔任，負責相關幕僚工作。\r\n委員會並得依業務需要設各種小組。\r\n依第二項遴聘之委員，得依相關法令規定支領出席費，並核實報支交通費\r\n。"
		},
		{
			"number": 600,
			"content": "基金會董事會及監察人會議召開會議時，應於會議前十日將開會日期及議\r\n程通知本院。但因緊急事故召集臨時會者，不受十日前通知之限制。\r\n前項會議紀錄應於會後一個月內，陳報本院備查。  \r\n本院對於會議議案認有必要時，得派員列席會議，並表示意見。"
		},
		{
			"number": 700,
			"content": "基金會就法律扶助申請事件及執行法律扶助業務之各項行政文件，應個別\r\n編定案卷管理，供本院查核；並應訂定文卷管理辦法，陳報本院備查。"
		},
		{
			"number": 800,
			"content": "基金會對於執行長、副執行長、分會會長、分會執行秘書、審查委員會委\r\n員、覆議委員會委員、各專門委員會委員及其他重要職位人員之相關事項\r\n，除依本法、捐助及組織章程之規定外，應另行訂定聘任及不適任予以解\r\n任之標準，並詳訂其職權與義務，陳報本院備查。"
		},
		{
			"number": 900,
			"content": "基金會就其組織、員額編制及涉及專職人員人事經費等事項，應訂定相關\r\n辦法，報經本院核定。\r\n基金會對於前條以外專職人員之進用、解任（雇）、管理、獎懲等，應訂\r\n定人事相關管理規定，陳報本院備查。"
		},
		{
			"number": 1000,
			"content": "基金會應依設立目的，擬定年度工作計畫書及預算書，並於會計年度開始\r\n前六個月陳報本院備查。\r\n基金會應將年度工作報告、決算及財產清冊於會計年度結束後二個月內，\r\n陳報本院備查。其中年度決算書並應附送會計師查核簽證報告，必要時本\r\n院得調閱其查核工作底稿或諮詢之。\r\n前二項之預算書及決算書應包括資產負債表、收支餘絀表、現金流量表、\r\n主要財產目錄及有關附表。"
		},
		{
			"number": 1100,
			"content": "基金會會計事務之處理，其會計基礎應採權責發生制，會計年度之起訖以\r\n曆年制為準，並應依其會計事務性質、業務實際情形及發展管理上之需要\r\n，訂定會計及內部稽核制度，陳報本院備查。\r\n前項會計及內部稽核制度之內容，至少應包括下列項目：\r\n一、總說明。\r\n二、帳簿組織系統圖。\r\n三、會計科目、會計簿籍、會計憑證及會計報表之說明與用法。\r\n四、普通會計事務處理程序。\r\n五、收款、付款、薪資及財產管理辦法。\r\n六、內部稽核作業手冊。\r\n七、其他應行規定事項。"
		},
		{
			"number": 1200,
			"content": "基金會就其基金之管理及運用、與各分會間之資金流動、運用方法與會計\r\n帳目關係，應訂定相關辦法；其涉及基金之管理及運用者，應經本院核定\r\n。"
		},
		{
			"number": 1300,
			"content": "基金會一切款項之提領，應有執行長、主辦會計及出納三人分別簽章。但\r\n執行長得授權代簽人簽章。\r\n基金會分會對於款項之提領及支出，應有分會會長、執行秘書及主辦會計\r\n（或出納）三人分別簽章。\r\n主辦會計及出納人員之聘任及解任，應報董事會及監察人會議備查。"
		},
		{
			"number": 1400,
			"content": "基金會資金之支出，以與設立目的有關之活動為限，不得於設立目的外，\r\n以任何方式對特定人、員工或團體給予任何不合法令或不合理之利益。"
		},
		{
			"number": 1500,
			"content": "基金會辦理各項採購，應符合政府採購法及相關法令之規範。"
		},
		{
			"number": 1600,
			"content": "基金會應保存下列文件，備供本院派員檢查：\r\n一、捐助及組織章程。\r\n二、董事、監察人名冊。\r\n三、設立許可文件及法人登記證書。\r\n四、最近三年董事會、監察人會議會議紀錄。\r\n五、最近五年辦理法律扶助事件及一般行政、財會之案卷。\r\n六、財產目錄及最近五年預算書、決算書及會計師查核簽證之財務報告。\r\n七、最近十年之帳簿及最近五年之相關憑證。"
		},
		{
			"number": 1700,
			"content": "本院得命基金會就其各項業務、會計及財產相關事項提出口頭或書面報告\r\n，並得就第三條所定監督事項每年定期或不定期派員檢查。\r\n本院為前項監督時，得命基金會提出前條相關文件。"
		},
		{
			"number": 1800,
			"content": "基金會有下列情形之一者，本院應予糾正並限期改善：\r\n一、未依本法、捐助及組織章程、基金會年度工作計畫執行業務，或執行\r\n    核准登記範圍以外之業務。\r\n二、董事會、監察人會議決議違法或重大不當。\r\n三、財務收支無詳實記載，或不具合法憑證，或未有完備之簿冊、憑證及\r\n    會議紀錄。\r\n四、隱匿財產或妨礙本院之檢查稽核。\r\n五、對於業務、財務為不實之陳報。\r\n六、基金會之業務、財務報表及授權所訂定之各項辦法未依限或其內容未\r\n    依規定編送本院核定、備查或查核。\r\n七、以基金之孳息、國家預算之補助、民間捐款、業務所得及其他收入而\r\n    為不合法或不正當之支出或開支浮濫。\r\n八、其他違背法令之情形。"
		},
		{
			"number": 1900,
			"content": "基金會董事、監察人未依法行使職權、履行義務，或基金會不依第十六條\r\n、第十七條規定接受查核者，本院得視違反情節輕重，為糾正或解任之處\r\n置。"
		},
		{
			"number": 2000,
			"content": "本辦法除第六條、第八條、第十三條、第十六條、第十八條及前條定自中\r\n華民國一百零五年三月二十三日施行外，其餘條文自發布日施行。"
		}
	]
}