{
	"pcode": "A0030139",
	"type": "命令",
	"title": "立法院會議錄影錄音管理規則",
	"url": "https://law.moj.gov.tw/LawClass/LawAll.aspx?pcode=A0030139",
	"category": [
		"立法"
	],
	"lastUpdate": "20160318",
	"isTranslated": false,
	"attachments": [
		"https://law.moj.gov.tw/LawClass/LawGetFile.ashx?FileId=0000178491",
		"https://law.moj.gov.tw/LawClass/LawGetFile.ashx?FileId=0000236474"
	],
	"history": [
		"中華民國七十六年十二月十七日立法院第七十五屆經費稽核委員會第二次會議通過",
		"中華民國八十一年五月十五日立法院第八十二屆經費稽核委員會第四次會議修正第 2 條條文",
		"中華民國八十七年五月一日立法院第九十三屆經費稽核委員會第一次臨時會議修正第 4 條條文",
		"中華民國九十年五月二十五日立法院第四屆第五會期第十五次會議修正通過全文 6 條",
		"中華民國九十八年二月二十日立法院第七屆第三會期第一次會議通過修正第 2 條條文",
		"中華民國一百零一年四月六日立法院第 8 屆第 1 會期第 6 次會議報告事項第 129 案，准予備查增訂第 5-1 條條文",
		"中華民國一百零四年三月二十日立法院第 8 屆第 7 會期第 5 次會議報告事項第 372 案，准予備查修正第 5-1 條條文",
		"中華民國一百零五年三月十八日立法院第 9 屆第 1 會期第 5 次會議報告事項第 236 案，准予備查修正第 2 條條文"
	],
	"divisions": [],
	"articles": [
		{
			"number": 100,
			"content": "立法院 (以下簡稱本院) 為貫徹議事公開，保障發言委員權益，特訂定本\r\n規則。"
		},
		{
			"number": 200,
			"content": "本院院會及委員會會議實況，應全程錄影，錄音。影音訊號以不經剪輯，\r\n不加旁白，不設主持人之方式播出。\r\n前項影音訊號不得做為任何形式之商業目的、廣告、促銷、宣傳、政治目\r\n的、選舉或訴訟使用。\r\n第一項會議屬秘密者，不予錄影。\r\n第一項影像之拍攝，應公開透明、忠實記錄會議實況，其拍攝原則如附表\r\n。"
		},
		{
			"number": 300,
			"content": "本院院會及委員會會議錄影、錄音帶，非經院會或委員會會議決議，不得\r\n攜出院外或外借。"
		},
		{
			"number": 400,
			"content": "本院委員得備空白帶，以書面註明會議名稱、地點及發言時間，要求複製\r\n其本人發言之錄影、錄音。\r\n他人發言之錄影、錄音不得要求複製，但經當事人書面同意者，不在此限\r\n。"
		},
		{
			"number": 500,
			"content": "本院院會會議錄影帶保存十年；委員會會議錄影帶保存四年。\r\n前項會議屬公開者，其錄音帶於速記錄刊印公報後，保存一個月；屬秘密\r\n者，保存一年。\r\n本國或友邦元首在院會演講之錄影、錄音帶，永久保存。"
		},
		{
			"number": 501,
			"content": "本院程序委員會、修憲委員會會議之錄影、錄音及播出，比照本規則有關\r\n委員會之規定辦理。"
		},
		{
			"number": 600,
			"content": "本規則經提報院會後施行。"
		}
	]
}