{
	"pcode": "A0030056",
	"type": "命令",
	"title": "行政執行法施行細則",
	"url": "https://law.moj.gov.tw/LawClass/LawAll.aspx?pcode=A0030056",
	"category": [
		"行政",
		"法務部",
		"行政執行目"
	],
	"lastUpdate": "20100615",
	"isTranslated": true,
	"english": "Enforcement Rules of the Administrative Execution Act",
	"history": [
		"中華民國八十九年一月十二日行政院令訂定發布全文 43 條；並自行政執行法修正條文施行之日起施行",
		"中華民國九十年九月十九日行政院（90）台法字第 048676 號令修正發布第 43 條條文；並增訂第 6-1 條條文；並自發布日施行",
		"中華民國九十五年一月六日行政院院臺法字第 0950080197 號令修正發布第 29 條條文",
		"中華民國九十九年六月十五日行政院院臺法字第 0990031307 號令修正發布第 20、28、29 條條文中華民國一百年十二月十六日行政院院臺規字第 1000109431 號公告第 6-1 條 、 第 10 條第 2 項 、 第 19 條 、 第 20 條第 1～3 項 、 第 21 條 、 第 22 條 、 第 23 條 、 第 24 條 、 第 25 條 、 第 26 條 、 第 27 條 、 第 28 條 、 第 29 條第 1、2 項 、 第 42 條所列屬「行政執行處」之權責事項，自一百零一年一月一日起改由「行政執行分署」管轄"
	],
	"divisions": [],
	"articles": [
		{
			"number": 100,
			"content": "本細則依行政執行法 (以下簡稱本法) 第四十三條規定訂定之。"
		},
		{
			"number": 200,
			"content": "本法第二條所稱公法上金錢給付義務如下：\r\n一、稅款、滯納金、滯報費、利息、滯報金、怠報金及短估金。\r\n二、罰鍰及怠金。\r\n三、代履行費用。\r\n四、其他公法上應給付金錢之義務。"
		},
		{
			"number": 300,
			"content": "本法第三條所定以適當之方法為之，不得逾達成執行目的之必要限度，指\r\n於行政執行時，應依下列原則為之：\r\n一、採取之執行方法須有助於執行目的之達成。\r\n二、有多種同樣能達成執行目的之執行方法時，應選擇對義務人、應受執\r\n    行人及公眾損害最少之方法為之。\r\n三、採取之執行方法所造成之損害不得與欲達成執行目的之利益顯失均衡\r\n    。"
		},
		{
			"number": 400,
			"content": "本法第四條第一項所稱原處分機關，其認定以實施行政處分時之名義為準\r\n。但上級機關本於法定職權所為之行政處分，交由下級機關執行者，以該\r\n上級機關為原處分機關。"
		},
		{
			"number": 500,
			"content": "本法第四條第一項所稱該管行政機關，指相關法令之主管機關或依法得為\r\n即時強制之機關。"
		},
		{
			"number": 600,
			"content": "本法第四條第一項所定之原處分機關或該管行政機關經裁撤或改組時，以\r\n承受其業務之機關為執行機關；無承受其業務之機關者，以其上級機關為\r\n執行機關。"
		},
		{
			"number": 601,
			"content": "法務部行政執行署所屬行政執行處為執行本法第四條第一項之公法上金錢\r\n給付義務事項，得將權限之一部分委託民間團體或個人辦理。"
		},
		{
			"number": 700,
			"content": "本法第五條第一項所稱其他休息日，指應放假之紀念日及其他由中央人事\r\n主管機關規定應放假之日。"
		},
		{
			"number": 800,
			"content": "本法第五條第一項及第二項所稱夜間，指日出前、日沒後。"
		},
		{
			"number": 900,
			"content": "行政執行應作成執行筆錄。但直接強制或即時強制，因情況急迫或其他原\r\n因，不能作成執行筆錄者，得以報告書代之。"
		},
		{
			"number": 1000,
			"content": "行為或不行為義務之執行及即時強制之執行筆錄，應載明下列事項：\r\n一、執行所依據之行政處分或法令規定及其內容。\r\n二、義務人或應受執行人之姓名、性別、出生年月日、國民身分證統一編\r\n    號、職業及居住所；其為法人或其他設有負責人、管理人或代表人之\r\n    團體者，其名稱、事務所或營業所，及負責人、管理人或代表人之姓\r\n    名、性別、出生年月日、國民身分證統一編號、職業及住居所。\r\n三、應執行標的所在地、種類、數量、品質及其他應記明事項。\r\n四、執行方法。轉換執行方法或終止執行者，其事由。\r\n五、聲明異議者，異議人之姓名、關係、異議事由及對聲明異議之處置。\r\n六、請求協助執行者，其事由及被請求協助機關名稱。\r\n七、執行人員及在場之人簽名。在場之人拒簽者，其事由。\r\n八、執行處所及執行之年、月、日、時。\r\n公法上金錢給付義務逾期不履行，經移送行政執行處執行者，其執行筆錄\r\n應記載之事項，準用強制執行法有關規定。"
		},
		{
			"number": 1100,
			"content": "執行機關依本法第五條第一項但書規定於夜間、星期日或其他休息日執行\r\n者，應將情況急迫或徵得義務人同意之情形，記明於執行筆錄或報告書。"
		},
		{
			"number": 1200,
			"content": "執行人員於行為或不行為義務之強制執行及即時強制時，應由義務人或可\r\n為其代表之人在場；如無此等人在場時，得由鄰居或就近自治團體之職員\r\n在場。"
		},
		{
			"number": 1300,
			"content": "執行機關為依本法第六條規定於必要時請求其他機關協助執行，得視事實\r\n需要會商相關機關訂定協調聯繫注意事項。"
		},
		{
			"number": 1400,
			"content": "執行機關執行時，應依職權調查有無本法第八條第一項各款所定情形。\r\n行政執行有本法第八條第一項各款所定情形之一者，義務人或利害關係人\r\n得陳明理由並檢附有關文件，申請執行機關終止執行。\r\n執行機關終止執行時，應通知義務人及利害關係人。"
		},
		{
			"number": 1500,
			"content": "義務人或利害關係人依本法第九條第一項規定聲明異議者，應以書面為之\r\n。但執行時得當場以言詞為之，並由執行人員載明於執行筆錄。"
		},
		{
			"number": 1600,
			"content": "本法第九條第二項所稱直接上級主管機關，於公法上金錢給付義務執行事\r\n件，係指法務部行政執行署。"
		},
		{
			"number": 1700,
			"content": "直接上級主管機關對於執行機關依本法第九條第二項規定送請決定之聲明\r\n異議事件，認其異議有理由者，應命執行機關停止執行，並撤銷或更正已\r\n為之執行行為；認其異議無理由者，應附理由駁回之。\r\n前項決定，應以書面通知原執行機關及異議人。\r\n不服中央各院之行政執行而聲明異議，經各該院認其異議無理由者，由該\r\n院附具理由駁回之，並以書面通知異議人。"
		},
		{
			"number": 1800,
			"content": "公法上金錢給付義務之執行事件，第三人就執行標的物認有足以排除執行\r\n之權利時，得於執行程序終結前，依強制執行法第十五條規定向管轄法院\r\n提起民事訴訟。"
		},
		{
			"number": 1900,
			"content": "公法上金錢給付義務事件移送行政執行處執行前，除法令另有規定或以執\r\n行憑證移送執行者外，宜由原處分機關或該管行政機關儘量催繳。"
		},
		{
			"number": 2000,
			"content": "公法上金錢給付義務之執行，應以執行標的物所在地之該管行政執行處為\r\n執行機關；其不在同一行政執行處轄區者，得向其中任一行政執行處為之\r\n。\r\n應執行之標的物所在地不明者，由義務人之住居所、公務所、事務所或營\r\n業所所在地之行政執行處管轄。\r\n受理公法上金錢給付義務執行事件之行政執行處，須在他行政執行處轄區\r\n內為執行行為時，應囑託該他行政執行處為之。"
		},
		{
			"number": 2100,
			"content": "行政執行處依本法第十一條第一項規定，對於主管機關移送之公法上金錢\r\n給付義務執行事件，就義務人財產為執行時，移送機關應指派熟諳業務法\r\n令之人員協助配合執行。"
		},
		{
			"number": 2200,
			"content": "公法上金錢給付義務執行事件移送該管行政執行處時，應以一執行名義為\r\n一案，並以一案為一號。"
		},
		{
			"number": 2300,
			"content": "移送機關移送行政執行處執行之移送書及相關文件之格式，由法務部行政\r\n執行署定之。"
		},
		{
			"number": 2400,
			"content": "公法上金錢給付義務執行事件移送該管行政執行處後，移送機關得於執行\r\n終結前撤回之。但於拍定後拍賣物所有權移轉前撤回者，應得拍定人之同\r\n意。"
		},
		{
			"number": 2500,
			"content": "行政執行處就已查封之財產不再繼續執行時，如有執行法院函送併辦之事\r\n件，應維持已實施之執行程序原狀，並依強制執行法第三十三條之一第三\r\n項規定將有關卷宗送由執行法院繼續執行。"
		},
		{
			"number": 2600,
			"content": "行政執行處依強制執行法第三十三條之二第一項規定將執行事件函送執行\r\n法院併辦時，應敘明如執行法院就已查封之財產不再繼續執行時，應依同\r\n條第二項規定維持已實施之執行程序原狀，並將有關卷宗送由行政執行處\r\n繼續執行之意旨。"
		},
		{
			"number": 2700,
			"content": "義務人依其經濟狀況或因天災、事變致遭受重大財產損失，無法一次完納\r\n公法上金錢給付義務者，行政執行處於徵得移送機關同意後，得酌情核准\r\n其分期繳納。經核准分期繳納，而未依限繳納者，行政執行處得廢止之。"
		},
		{
			"number": 2800,
			"content": "行政執行處依本法第十七條第一項規定限制義務人之住居者，應通知義務\r\n人及有關機關。"
		},
		{
			"number": 2900,
			"content": "行政執行處依本法第十七條第三項、第六項規定向法院聲請拘提、管收，\r\n應具聲請書及聲請拘提、管收所必要之相關證明文件影本，並釋明之。\r\n行政執行處向法院聲請管收時，應將被聲請管收人一併送交法院。"
		},
		{
			"number": 3000,
			"content": "拍賣、鑑價、估價、查詢、登報、保管及其他因強制執行所支出之必要費\r\n用，移送機關應代為預納，並依本法第二十五條但書規定向義務人取償。"
		},
		{
			"number": 3100,
			"content": "執行機關依本法第二十八條第二項第二款規定執行封閉時，應派員將處分\r\n文書及封閉範圍之圖說明顯揭示於該封閉處所，並於各出入口設置障礙物\r\n。"
		},
		{
			"number": 3200,
			"content": "執行機關依本法第二十九條第一項規定，委託第三人或指定人員代履行時\r\n，應以文書載明下列事項，送達於義務人：\r\n一、執行機關及義務人。\r\n二、受委託之第三人或指定之人員。\r\n三、代履行之標的。\r\n四、代履行費用之數額、繳納處所及期限。\r\n五、代履行之期日。"
		},
		{
			"number": 3300,
			"content": "受委託之第三人於代履行時，有本法第六條第一項第三款至第五款規定情\r\n事者，應即通知執行機關。"
		},
		{
			"number": 3400,
			"content": "執行機關依本法第三十條或第三十一條規定處以怠金時，應以文書載明下\r\n列事項送達於義務人：\r\n一、執行機關及義務人。\r\n二、應履行之行為或不行為義務與其依據及履行期限。\r\n三、處以怠金之事由及金額。\r\n四、怠金之繳納期限及處所。\r\n五、不依限繳納時將予強制執行之意旨。"
		},
		{
			"number": 3500,
			"content": "依本法第三十七條執行對於人之管束時，執行人員應即將管束原因及概略\r\n經過報告主管長官；執行機關並應儘速將管束原因，告知本人及其配偶、\r\n法定代理人、指定之親友或其他適當之機關 (構) 。但不能告知者，不在\r\n此限。"
		},
		{
			"number": 3600,
			"content": "對於人之管束，應注意其身體及名譽。執行人員以強制力實施者，不得逾\r\n必要之程度。"
		},
		{
			"number": 3700,
			"content": "依本法第三十八條執行物之扣留時，執行機關應製作收據，詳載扣留物之\r\n名稱、數量，付與所有人、持有人或保管人。\r\n前項扣留物不便保管或搬運者，得予封存，命所有人、持有人或保管人出\r\n據看守或保管。"
		},
		{
			"number": 3800,
			"content": "扣留之物，依法應沒收、沒入、毀棄或應變價發還者，執行機關應即自行\r\n或移送有關機關依相關法令規定程序辦理，並通知所有人、持有人或保管\r\n人。\r\n扣留之物，依本法第三十八條第二項但書規定延長扣留期間者，應將其原\r\n因通知所有人、持有人或保管人。"
		},
		{
			"number": 3900,
			"content": "扣留之物，依本法第三十八條第三項規定應發還或變價發還者，執行機關\r\n應以書面通知所有人、持有人或保管人出據具領；其經封存者，應予啟封\r\n。"
		},
		{
			"number": 4000,
			"content": "依本法第四十一條請求，特別損失之補償時，請求人或其代理人應以書面\r\n載明下列事項，並於簽名或蓋章後，向執行機關提出：\r\n一、請求人之姓名、性別、出生年月日、國民身分證統一編號、職業及住\r\n    居所。\r\n二、有代理人者，其姓名、性別、出生年月日、國民身分證統一編號、職\r\n    業及住居所或事務所。\r\n三、請求補償之原因事實、理由及證據。\r\n四、請求補償之金額。\r\n五、執行機關。\r\n六、年、月、日。"
		},
		{
			"number": 4100,
			"content": "執行機關對於特別損失補償之請求，應於收到請求書後三十日內決定之。\r\n執行機關為補償之決定者，應以書面載明補償之金額，通知請求人或其代\r\n理人出據具領；為不予補償之決定者，應以書面載明理由，通知請求人或\r\n其代理人。"
		},
		{
			"number": 4200,
			"content": "本法修正施行前之公法上金錢給付義務強制執行事件，於本法修正施行後\r\n尚未移送法院強制執行者，由主管機關移送該管行政執行處依本法規定執\r\n行之；其已移送法院強制執行尚未終結者，繫屬之法院應維持已實施之執\r\n行程序原狀，並將有關卷宗送由該管行政執行處依本法規定繼續執行之。"
		},
		{
			"number": 4300,
			"content": "本細則自本法修正條文施行之日施行。\r\n本細則修正條文自發布日施行。"
		}
	]
}