{
	"pcode": "A0030029",
	"type": "命令",
	"title": "國家安全法施行細則",
	"url": "https://law.moj.gov.tw/LawClass/LawAll.aspx?pcode=A0030029",
	"category": [
		"行政",
		"院本部",
		"通用目"
	],
	"lastUpdate": "20010912",
	"isTranslated": false,
	"history": [
		"中華民國七十六年七月三日行政院（76）台內字第 14636 號令訂定發布全文 50 條",
		"中華民國七十七年十一月十八日行政院（77）台內字第 31221 號令修正發布第 6、12、13、19、32、50 條條文",
		"中華民國八十一年七月三十日行政院（81）台內字第 26598 號令修正發布名稱及第 1、4、6～8、10、12、13、16、19、21、23、25、30、31、34、44、45、50 條條文（原名稱：動員戡亂時期國家安全法施行細則；新名稱：國家安全法施行細則）",
		"中華民國八十四年十一月二十九日行政院（84）台內字第 42181 號令修正發布第 2、6、8、12、13、15、23～25、29、31、32、34、35 條條文；增訂第 2-1 條條文；並刪除第 9 條條文",
		"中華民國八十六年七月三十日行政院（86）台內字第 30441 號令修正發布第 12、22、23、30、31 條條文",
		"中華民國八十九年一月十九日行政院令修正發布第 31 條條文",
		"中華民國八十九年四月十九日行政院（89）台內字第 11071 號令修正發布刪除第 4～18 條條文及第二章章名",
		"中華民國九十年九月十二日行政院（90）台內字第 050598 號令修正發布第 30、31、40 條條文中華民國一百零二年十二月二十四日行政院院臺規字第 1020157894 號公告第 31 條所列屬「國家公園警察隊 、 小隊」之權責事項，自一百零三年一月一日起改由「內政部警政署保安警察第七總隊」管轄中華民國一百零七年四月二十七日行政院院臺規字第 1070172574 號公告第 23 條第 3 項所列屬「海岸巡防機關」之權責事項原由「行政院海岸巡防署及所屬機關」管轄，自一百零七年四月二十八日起改由「海洋委員會海巡署及所屬機關（構）」管轄"
	],
	"divisions": [
		{
			"type": "章",
			"number": 100,
			"title": "總則",
			"start": 100,
			"end": 300
		},
		{
			"type": "章",
			"number": 200,
			"title": "（刪除）",
			"start": 400,
			"end": 1800
		},
		{
			"type": "章",
			"number": 300,
			"title": "入出境及境內安全檢查",
			"start": 1900,
			"end": 2400,
			"children": [
				{
					"type": "節",
					"number": 100,
					"title": "入出境檢查",
					"start": 1900,
					"end": 2000
				},
				{
					"type": "節",
					"number": 200,
					"title": "境內船筏、航空器及其客貨之檢查",
					"start": 2100,
					"end": 2400
				}
			]
		},
		{
			"type": "章",
			"number": 400,
			"title": "入出管制區之許可",
			"start": 2500,
			"end": 3500,
			"children": [
				{
					"type": "節",
					"number": 100,
					"title": "海岸管制區",
					"start": 2500,
					"end": 2800
				},
				{
					"type": "節",
					"number": 200,
					"title": "山地管制區",
					"start": 2900,
					"end": 3200
				},
				{
					"type": "節",
					"number": 300,
					"title": "重要軍事設施管制區",
					"start": 3300,
					"end": 3500
				}
			]
		},
		{
			"type": "章",
			"number": 500,
			"title": "管制區之禁建、限建",
			"start": 3600,
			"end": 4300
		},
		{
			"type": "章",
			"number": 600,
			"title": "軍事審判機關移送司法機關案件之處理",
			"start": 4400,
			"end": 4700
		},
		{
			"type": "章",
			"number": 700,
			"title": "附則",
			"start": 4800,
			"end": 5000
		}
	],
	"articles": [
		{
			"number": 100,
			"content": "本細則依國家安全法 (以下簡稱本法) 第十條訂定之。"
		},
		{
			"number": 200,
			"content": "本法所稱入出境，係指入出臺灣地區而言。"
		},
		{
			"number": 201,
			"content": "本法所稱臺灣地區及大陸地區，係指臺灣地區與大陸地區人民關係條例第\r\n二條所定之臺灣地區及大陸地區。"
		},
		{
			"number": 300,
			"content": "本法第八條第二項所稱現役軍人，係指軍事審判法第二條及第三條所列之\r\n人。"
		},
		{
			"number": 400,
			"content": "（刪除）"
		},
		{
			"number": 500,
			"content": "（刪除）"
		},
		{
			"number": 600,
			"content": "（刪除）"
		},
		{
			"number": 700,
			"content": "（刪除）"
		},
		{
			"number": 800,
			"content": "（刪除）"
		},
		{
			"number": 900,
			"content": "（刪除）"
		},
		{
			"number": 1000,
			"content": "（刪除）"
		},
		{
			"number": 1100,
			"content": "（刪除）"
		},
		{
			"number": 1200,
			"content": "（刪除）"
		},
		{
			"number": 1300,
			"content": "（刪除）"
		},
		{
			"number": 1400,
			"content": "（刪除）"
		},
		{
			"number": 1500,
			"content": "（刪除）"
		},
		{
			"number": 1600,
			"content": "（刪除）"
		},
		{
			"number": 1700,
			"content": "（刪除）"
		},
		{
			"number": 1800,
			"content": "（刪除）"
		},
		{
			"number": 1900,
			"content": "本法第四條所定入出境航空器及其載運人員﹑物品之檢查，依左列規定實\r\n施：\r\n一、航空器：得作清艙檢查。出境之航空器於旅客進入後，須經核對艙單\r\n    、清點人數相符，並經簽署後，始准起飛。\r\n二、進出航空站管制區之人員、車輛及其所攜帶、載運之物品，應經檢查\r\n    ，憑相關證件進出。\r\n三、旅客、機員：實施儀器檢查或搜索其身體。搜索婦女之身體，應命婦\r\n    女行之，但不能由婦女行之者，不在此限。\r\n四、旅客、機員手提行李：應由其自行開啟接受檢查。\r\n五、旅客托運之行李：經檢查送入機艙後，如該旅客不進入航空器時，其\r\n    托運行李應予取下，始准起飛。但經航空公司具結保證安全者，不在\r\n    此限。\r\n六、空運出口物件：於航空器出境前接受檢查。\r\n過境之旅客，非經檢查許可，不得會晤境內人員及授受物品。\r\n第一項第二款所稱相關證件，由各主管機關核發。\r\n空運進口貨物於提領前，必要時得會同海關人員實施檢查。"
		},
		{
			"number": 2000,
			"content": "本法第四條所定入出境船舶、其他運輸工具及其載運人員、物品之檢查，\r\n依左列規定實施：\r\n一、船舶及其他運輸工具：核對證照與艙單，並得作清艙檢查。\r\n二、旅客、船員、漁民及其行李、物件：準用前條第一項第二款至第五款\r\n    之規定檢查。\r\n三、進口之貨櫃：得於目的地實施落地檢查。"
		},
		{
			"number": 2100,
			"content": "本法第四條所定航行境內航空器及其載運人員﹑物品之檢查，準用第十九\r\n條第一項之規定辦理；旅客於登機時，並得查驗身分證明。"
		},
		{
			"number": 2200,
			"content": "本法第四條所定航行境內船舶及其載運人員、物品之檢查，準用第二十條\r\n規定辦理；旅客於登船時，並得查驗身分證明。"
		},
		{
			"number": 2300,
			"content": "進出漁港及海岸之漁船、舢舨、膠筏、竹筏及其他經主管機關核准營運之\r\n水上運輸工具，得查驗有關證件，並檢查船體及其載運物件。\r\n前項水上運輸工具，應在設籍港或核定處所進出、接受檢查。但因不可抗\r\n力或緊急情事，得在設籍港或核定處所以外之地區進出、接受檢查。\r\n海岸巡防機關人員於執行前二項檢查，發見有犯罪嫌疑時，得行使刑事訴\r\n訟法第二百三十條第一項第三款及第二百三十一條第一項第三款所定職權\r\n。"
		},
		{
			"number": 2400,
			"content": "航行臺灣地區境內之河、溪、湖、潭、水庫等水域之船舶、舢舨、膠筏、\r\n竹筏、遊艇及其他水上運輸工具，有檢查之必要時，準用前條之規定。"
		},
		{
			"number": 2500,
			"content": "本法第五條第一項所定海岸管制區，由國防部會同內政部根據海防實際需\r\n要，就臺灣地區海岸之海水低潮線以迄高潮線起算五百公尺以內之地區及\r\n近海沙洲劃定公告之。"
		},
		{
			"number": 2600,
			"content": "前條海岸管制區，依其性質分為左列二種：\r\n一、海岸經常管制區：為確保海防安全，經常實施管制之地區。\r\n二、海岸特定管制區：於規定時間內，開放供人民從事觀光、旅遊、岸釣\r\n    及其他正當娛樂等活動之地區。\r\n前項管制區設置檢查哨，由海防部隊執行檢查、管制任務。"
		},
		{
			"number": 2700,
			"content": "人民入出海岸管制區，應向該管軍事機關申請許可。經查驗證明文件或經\r\n查證確有入出之必要者，得予許可。"
		},
		{
			"number": 2800,
			"content": "人民入出海岸管制區，有左列情形之一者，無須申請許可：\r\n一、在規定開放時間內，入出海岸特定管制區者。\r\n二、戶籍設於海岸管制區或依法得使用之土地、漁塭或廠場位於海岸管制\r\n    區者，得憑身分證明文件經查驗後入出。\r\n三、當地漁民入出海岸管制區之海岸捕魚、養殖或採收海產者，得憑身分\r\n    證明文件經查驗後入出。\r\n四、因公務需要入出海岸管制區者，得憑各該主管機關之證明文件連同身\r\n    分證明文件經查驗後入出。\r\n五、司法、軍法或治安人員，因公入出海岸管制區者，得憑服務證件經查\r\n    驗後入出。\r\n六、選務、監察人員及依法登記之候選人、助選員、宣傳車駕駛，於公職\r\n    人員競選活動期間，得憑身分證明文件經查驗後入出其選舉區所在之\r\n    海岸管制區。\r\n七、因不可抗力或緊急情事而有入出海岸管制區之必要者，得憑身分證明\r\n    文件經查驗後入出。"
		},
		{
			"number": 2900,
			"content": "本法第五條第一項所定山地管制區，由國防部會同內政部根據維護山地治\r\n安需要，就臺灣地區各山地鄉行政區內之山地劃定公告之。"
		},
		{
			"number": 3000,
			"content": "前條山地管制區，依其性質分為左列二種：\r\n一、山地經常管制區：為維護山地治安，經常實施管制之地區。\r\n二、山地特定管制區：具有遊憩資源得提供人民從事觀光、旅遊及其他正\r\n    當娛樂活動，基於維護山地治安有必要實施管制之地區。\r\n前項管制區設置檢查所，由警察機關執行檢查、管制任務。"
		},
		{
			"number": 3100,
			"content": "人民入出山地經常管制區，應向內政部警政署或該管警察局、警察分局、\r\n分駐所、派出所，或國家公園警察隊、小隊申請許可，經查驗證明文件或\r\n查證確有入出之必要者，得予許可。\r\n人民入出山地特定管制區，應向內政部警政署或該管警察局、警察分局、\r\n分駐所、派出所、檢查所或國家公園警察隊、小隊或指定之處所申請許可\r\n，經查驗身分證明文件後予以許可。"
		},
		{
			"number": 3200,
			"content": "人民入出山地管制區，有左列情形之一者，無須申請許可：\r\n一、具有原住民身分者，得憑身分證明文件經查驗後入出。\r\n二、平地人民戶籍設於山地管制區或依法得使用之土地或廠場位於山地管\r\n    制區者，得憑身分證明文件經查驗後入出設籍或工作之山地管制區。\r\n三、因公務需要入出山地管制區者，得憑各該主管機關之證明文件連同身\r\n    分證明文件經查驗後入出。\r\n四、司法、軍法或治安人員，因公入出山地管制區者，得憑服務證件經查\r\n    驗後入出。\r\n五、選務、監察人員及依法登記之候選人、助選員、宣傳車駕駛，於公職\r\n    人員競選活動期間，得憑身分證明文件經查驗後入出其選舉區所在之\r\n    山地管制區。\r\n六、因不可抗力或緊急情事而有入出山地管制區之必要者，得憑身分證明\r\n    文件經查驗後入出。"
		},
		{
			"number": 3300,
			"content": "本法第五條第一項所定重要軍事設施管制區，由國防部會同內政部根據軍\r\n事設施安全需要，就重要軍事設施所在地及其週邊地區劃定公告之。"
		},
		{
			"number": 3400,
			"content": "前條重要軍事設施管制區，依其性質分為左列七種：\r\n一、軍用飛機場。\r\n二、飛機戰備跑道。\r\n三、飛彈基地。\r\n四、永久性國防工事。\r\n五、具危險性之軍事訓練、試驗場地或阻絕設施。\r\n六、具爆炸危險性之軍事工廠、倉庫及油泵站。\r\n七、軍用固定性重要通信電子設施。\r\n前項管制區得設置檢查哨，由該管軍事機關執行檢查、管制任務。"
		},
		{
			"number": 3500,
			"content": "人民入出前條管制區內之重要軍事設施所在地，應向該管軍事機關申請許\r\n可。但於限制時間外，入出飛機戰備跑道、軍事訓練或試驗場者，無須申\r\n請許可。"
		},
		{
			"number": 3600,
			"content": "為避免變更地形、地貌、妨害作戰效能或重要軍事設施安全，得由國防部\r\n會同內政部及有關機關在管制區內指定一定範圍實施禁建、限建。"
		},
		{
			"number": 3700,
			"content": "海岸管制區之禁建，係指禁止一切建築物之建造；限建，係指限制原有建\r\n築物之增建、改建或限制建築物之高度或面積。"
		},
		{
			"number": 3800,
			"content": "在海岸管制區開發海埔新生地或探採礦、土、砂、石或砍伐林木致有影響\r\n海岸管制區內軍事訓練、試驗場地，或原有作戰工事效能之虞者，除依有\r\n關法令申請外，並應徵得該管軍事機關之同意。"
		},
		{
			"number": 3900,
			"content": "山地管制區之建築管理，依有關法令之規定。但於軍事上確有必要時，得\r\n指定一定範圍實施禁建、限建。"
		},
		{
			"number": 4000,
			"content": "在山地管制區內開闢道路，致有影響原檢查所檢查、管制或原有作戰工事\r\n效能之虞者，除依有關法令申請外，並應徵得該管警察機關之同意。"
		},
		{
			"number": 4100,
			"content": "重要軍事設施管制區之禁建，係指禁止一切建築物之建造、各種堆積物之\r\n堆置或架空線路之架設；限建，係指限制原有建築物之增建、改建或限制\r\n建築物、堆積物或架空線路之高度或面積。"
		},
		{
			"number": 4200,
			"content": "在重要軍事設施管制區設置電信、電力設施，致有影響重要軍事設施安全\r\n之虞者，除依有關法令申請外，並應徵得該管軍事機關之同意。"
		},
		{
			"number": 4300,
			"content": "直轄市、縣 (市)  (局) 主管建築機關受理於禁建、限建範圍內之建築執\r\n照申請時，應先徵得該管軍事或警察機關同意後，始得核發執照。但原有\r\n建築物依原面積及高度改建或修建者不在此限。"
		},
		{
			"number": 4400,
			"content": "本法第九條第一款軍事審判程序尚未終結之刑事案件，於解嚴之日，依左\r\n列規定處理之：\r\n一、偵查或再議中案件，移送該管檢察官。\r\n二、初審﹑覆判或抗告中案件，尚未裁判或裁判尚未確定者，移送該管法\r\n    院。\r\n三、聲請再審或開始再審中案件，尚未裁判或裁判尚未確定者，移送該管\r\n    法院。\r\n四、聲請非常審判案件，移送最高法院檢察署檢察總長；已提起非常審判\r\n    尚未判決者，移送最高法院。"
		},
		{
			"number": 4500,
			"content": "解嚴後，對本法第九條第二款之刑事確定裁判，聲請再審或非常上訴者，\r\n依刑事訴訟法規定處理。\r\n解嚴後，軍事檢察官發見本法第九條第二款之刑事確定裁判，有再審或非\r\n常上訴之原因者，應即呈請該管長官函請該管檢察官或最高法院檢察署檢\r\n察總長依刑事訴訟法規定處理。"
		},
		{
			"number": 4600,
			"content": "本法第九條第三款確定之刑事裁判，尚未執行或在執行中者，於解嚴之日\r\n，移送該管檢察官指揮執行。\r\n依前項規定移送執行中之受刑人時，應將行刑累進處遇有關文件，一併移\r\n送。受移送之監獄應將受刑人照原級編列，並適用監獄行刑法等有關規定\r\n辦理。"
		},
		{
			"number": 4700,
			"content": "軍事審判機關審判本法第八條第二項但書之刑事案件，於解嚴之日，其軍\r\n事審判程序尚未終結或刑事裁判已確定而有再審或非常上訴之原因者，準\r\n用第四十四條、第四十五條之規定。"
		},
		{
			"number": 4800,
			"content": "本細則所定事項之作業規定及書表格式，由中央主管機關定之。"
		},
		{
			"number": 4900,
			"content": "依本細則發給之許可證得收取費用。其費額由中央主管機關定之。\r\n前項費用之收繳應依預算程序辦理。"
		},
		{
			"number": 5000,
			"content": "本細則自國家安全法施行之日施行。\r\n本細則修正條文自發布日施行。"
		}
	]
}