{
	"pcode": "A0030006",
	"type": "法律",
	"title": "勳章條例",
	"url": "https://law.moj.gov.tw/LawClass/LawAll.aspx?pcode=A0030006",
	"category": [
		"行政",
		"內政部",
		"民政目"
	],
	"lastUpdate": "19811207",
	"isTranslated": true,
	"english": "Orders Act",
	"attachments": [
		"https://law.moj.gov.tw/LawClass/LawGetFile.ashx?FileId=0000023900"
	],
	"history": [
		"中華民國三十年二月十二日國民政府制定公布全文 17 條",
		"中華民國三十一年三月二十五日國民政府修正公布第 10 條條文",
		"中華民國三十四年九月十一日國民政府修正公布第 7 條條文",
		"中華民國三十五年九月七日國民政府修正公布第 6 條條文",
		"中華民國三十六年十二月十日國民政府修正公布第 12 條條文",
		"中華民國六十九年一月十一日總統修正公布全文 17 條",
		"中華民國七十年十二月七日總統修正令公布第 10 條附表「中正勳章圖說」及附圖（三）中華民國九十四年一月五日內政部台內民字第 0940076028 號函發布自即日起第 10 條附表改為橫式書寫"
	],
	"divisions": [],
	"articles": [
		{
			"number": 100,
			"content": "中華民國人民有勳勞於國家或社會者，得授予勳章。\r\n為敦睦邦交，得授予勳章於外國人。"
		},
		{
			"number": 200,
			"content": "勳章分左列五種：\r\n一、采玉大勳章。\r\n二、中山勳章。\r\n三、中正勳章。\r\n四、卿雲勳章。\r\n五、景星勳章。"
		},
		{
			"number": 300,
			"content": "總統佩帶采玉大勳章。\r\n采玉大勳章得特贈外國元首，並得派專使齎送。"
		},
		{
			"number": 400,
			"content": "有左列勳勞之一者，得授予中山勳章，由總統親授之：\r\n一、統籌大計，安定國家者。\r\n二、翊贊中樞，敉平禍亂者。\r\n三、其他對於建國事業有特殊勳勞者。"
		},
		{
			"number": 500,
			"content": "有左列勳勞之一者，得授予中正勳章，由總統親授之：\r\n一、對實踐三民主義有特殊成就者。\r\n二、對反共建國大業有特殊貢獻者。\r\n三、對復興中華文化有特殊表現者。\r\n四、對實施民主憲政有特殊勳勞者。"
		},
		{
			"number": 600,
			"content": "公務人員有左列勳勞之一者，得授予卿雲勳章或景星勳章：\r\n一、於國家行政、立法、司法、考試、監察制度之設施，著有勳勞者。\r\n二、於國民經濟、教育、文化之建設，著有勳勞者。\r\n三、折衝樽俎，敦睦邦交，在外交上貢獻卓著者。\r\n四、宣揚德化，懷遠安邊，克固疆圉者。\r\n五、辦理僑務，悉協機宜，功績卓著者。\r\n六、救助災害，撫綏流亡，裨益民生者。\r\n七、維持地方秩序，消弭禍患，成績優異者。\r\n八、中央或地方官吏在職十年以上，成績昭著者。\r\n九、襄助治理，賢勞卓著，迭膺功賞者。"
		},
		{
			"number": 700,
			"content": "非公務人員有左列勳勞之一者，得授予卿雲勳章或景星勳章：\r\n一、有專門發明或偉大貢獻，有利國計民生者。\r\n二、創辦救濟事業，規模宏大，福利社會者。\r\n三、在國內外興辦教育、文化事業歷史深長，足資模範者。\r\n四、保衛地方，防禦災害，屢著功效，足資矜式者。\r\n五、經營企業，輔助政府，功在民生者。\r\n六、學識淵深．著述精宏，有功文化、教育者。\r\n七、致力國民外交，貢獻卓著者。"
		},
		{
			"number": 800,
			"content": "外國人有左列勳勞之一者，得授予卿雲勳章或景星勳章：\r\n一、抑制強暴，伸張正義，有利我國者。\r\n二、宣揚我國文化，成績昭著者。\r\n三、周旋壇坫，有助我國外交者。\r\n四、促成其政府或人民，與我國以物資上或精神上之援助者。\r\n五、對於我國建設事業貢獻卓著者。\r\n六、創辦教育或救濟事業，有功於我國社會者。"
		},
		{
			"number": 900,
			"content": "凡有勳勞於國家社會，為前三條所未列舉而確應授予勳章者，亦得比照前\r\n三條之規定行之。"
		},
		{
			"number": 1000,
			"content": "采玉大勳章、中山勳章、中正勳章均用大綬，卿雲勳章、景星勳章得依勳\r\n績分等，並以大綬、領綬、襟綬附勳表及襟綬區別之。\r\n勳章式樣及圖說，依附表之規定。"
		},
		{
			"number": 1100,
			"content": "卿雲勳章及景星勳章，依勳績分等：屬於一等者，由總統親授之；其餘各\r\n等，發交主管院或遞發該管長官授予之。\r\n受勳人在外國者，得遞發大使館公使館或領事館授予之。\r\n授予勳章，應附發證書。"
		},
		{
			"number": 1200,
			"content": "授予勳章，得因積功晉等，並得加授別種勳章，但一人不得同時授予兩種\r\n勳章。"
		},
		{
			"number": 1300,
			"content": "勳績之審核，由稽勳委員會行之。但總統特贈或特授者，不在此限。"
		},
		{
			"number": 1400,
			"content": "陸海空軍軍人之授勳，另以法律定之。"
		},
		{
			"number": 1500,
			"content": "因犯罪褫奪公權者，應繳還勳章及證書。"
		},
		{
			"number": 1600,
			"content": "本條例施行細則，由內政部、外交部、僑務委員會及銓敘部會同定之。"
		},
		{
			"number": 1700,
			"content": "本條例自公布日施行。"
		}
	]
}