{
	"pcode": "A0030156",
	"type": "法律",
	"title": "行政訴訟法施行法",
	"url": "https://law.moj.gov.tw/LawClass/LawAll.aspx?pcode=A0030156",
	"category": [
		"司法",
		"院本部",
		"行懲及智財目"
	],
	"lastUpdate": "20140618",
	"isTranslated": false,
	"history": [
		"中華民國八十九年六月七日總統（89）華總一義字第 8900135090 號令制定公布全文 6 條；本法自行政訴訟法新法施行之日施行",
		"中華民國一百年十一月二十三日總統華總一義字第 10000257901 號令修正公布全文 15 條；並自修正行政訴訟法施行之日施行",
		"中華民國一百零三年六月十八日總統華總一義字第 10300093291 號令增訂公布第 14-1～14-4 條條文；並自修正行政訴訟法施行之日施行"
	],
	"divisions": [],
	"articles": [
		{
			"number": 100,
			"content": "本法稱修正行政訴訟法者，指中華民國一百年十一月一日修正後，公布施\r\n行之行政訴訟法；稱舊法者，指修正行政訴訟法施行前之行政訴訟法。"
		},
		{
			"number": 200,
			"content": "除本法別有規定外，修正行政訴訟法於其施行前發生之事項亦適用之。但\r\n因舊法所生之效力，不因此而受影響。"
		},
		{
			"number": 300,
			"content": "修正行政訴訟法施行前已繫屬於高等行政法院之簡易訴訟程序事件，於修\r\n正行政訴訟法施行後，依下列規定辦理：\r\n一、尚未終結者：由高等行政法院裁定移送管轄之地方法院行政訴訟庭，\r\n    依修正行政訴訟法審理。其上訴、抗告，適用修正行政訴訟法之規定\r\n    。\r\n二、已終結者：其上訴、抗告，適用舊法之規定。\r\n修正行政訴訟法施行前已繫屬於高等行政法院之通常訴訟程序事件，於修\r\n正行政訴訟法施行後，依下列規定辦理：\r\n一、尚未終結者：其上訴，適用修正行政訴訟法第二百四十一條之一之規\r\n    定。\r\n二、已終結者：其上訴，適用舊法之規定。"
		},
		{
			"number": 400,
			"content": "修正行政訴訟法施行前已繫屬於最高行政法院，而於修正行政訴訟法施行\r\n後，尚未終結之簡易訴訟程序上訴或抗告事件，由最高行政法院依舊法裁\r\n判之。如認上訴或抗告不合法或無理由者，應予駁回；有理由者，應為上\r\n訴人或抗告人勝訴之裁判；必要時，發交管轄之地方法院行政訴訟庭依修\r\n正行政訴訟法審判之。"
		},
		{
			"number": 500,
			"content": "司法院依修正行政訴訟法第二百二十九條第三項規定，以命令減增同條第\r\n二項之數額者，於命令減增前已繫屬地方法院行政訴訟庭或高等行政法院\r\n而尚未終結之事件，依減增後之標準決定其適用通常或簡易訴訟程序。\r\n依前項規定應改用簡易訴訟程序者，由高等行政法院裁定移送管轄之地方\r\n法院行政訴訟庭審理；應改用通常訴訟程序者，由地方法院行政訴訟庭裁\r\n定移送管轄之高等行政法院審理。\r\n於減增前已終結及減增前已提起上訴或抗告者，仍依原訴訟程序審理。其\r\n經廢棄發回或發交者，依減增後之標準決定其適用通常或簡易訴訟程序。"
		},
		{
			"number": 600,
			"content": "修正行政訴訟法施行前已因和解而終結之簡易訴訟程序事件，當事人請求\r\n繼續審判者，依下列規定辦理：\r\n一、原和解係由高等行政法院為之者：由地方法院行政訴訟庭受理繼續審\r\n    判事件。\r\n二、原和解係由最高行政法院為之者：由最高行政法院受理繼續審判事件\r\n    。\r\n前項第一款情形，高等行政法院已受理未終結之繼續審判事件，應裁定移\r\n送管轄之地方法院行政訴訟庭。"
		},
		{
			"number": 700,
			"content": "中華民國八十九年七月一日行政訴訟法修正施行前已確定裁判之再審，其\r\n再審期間依六十四年十二月十二日修正公布施行之行政訴訟法規定；再審\r\n事由，依八十九年七月一日修正施行之行政訴訟法規定。"
		},
		{
			"number": 800,
			"content": "依舊法確定之簡易訴訟程序事件，當事人提起再審之訴者，依下列規定辦\r\n理：\r\n一、對於高等行政法院確定之判決提起再審之訴或對最高行政法院之判決\r\n    本於行政訴訟法第二百七十三條第一項第九款至第十四款事由聲明不\r\n    服者：由地方法院行政訴訟庭依修正行政訴訟法審理。\r\n二、對於高等行政法院及最高行政法院所為之第一審、第二審判決提起再\r\n    審之訴或對最高行政法院判決提起再審之訴而非本於第二百七十三條\r\n    第一項第九款至第十四款事由聲明不服者：由最高行政法院依舊法審\r\n    理。必要時，發交管轄之地方法院行政訴訟庭依修正行政訴訟法審判\r\n    之。\r\n前項第一款情形，高等行政法院已受理未終結之簡易訴訟再審事件，應裁\r\n定移送管轄之地方法院行政訴訟庭。\r\n前二項情形，於對裁定聲請再審事件準用之。"
		},
		{
			"number": 900,
			"content": "依舊法確定之簡易訴訟程序判決，第三人聲請重新審理者，及已經法院裁\r\n定命重新審理之簡易訴訟程序事件，依下列規定辦理：\r\n一、對於高等行政法院確定簡易訴訟程序判決聲請重新審理事件及已經法\r\n    院裁定命重新審理之簡易訴訟程序事件第一審，由地方法院行政訴訟\r\n    庭依修正行政訴訟法審理。\r\n二、對於最高行政法院確定簡易訴訟程序判決聲請重新審理事件及已經法\r\n    院裁定命重新審理之簡易訴訟程序事件第二審，由最高行政法院依舊\r\n    法審理。必要時，發交管轄之地方法院行政訴訟庭依修正行政訴訟法\r\n    審判之。\r\n前項第一款情形，高等行政法院已受理未終結者，應裁定移送管轄之地方\r\n法院行政訴訟庭。"
		},
		{
			"number": 1000,
			"content": "修正行政訴訟法施行前，已繫屬於地方法院之違反道路交通管理處罰條例\r\n聲明異議事件，於修正行政訴訟法施行後尚未終結者，仍由原法官依中華\r\n民國一百年十一月四日修正前之道路交通管理處罰條例規定審理。\r\n前項裁定之抗告及修正行政訴訟法施行前已由地方法院終結之違反道路交\r\n通管理處罰條例聲明異議事件之抗告，由高等法院依一百年十一月四日修\r\n正前之道路交通管理處罰條例規定審理。\r\n修正行政訴訟法施行前，已提出聲明異議書狀於原處分機關者，原處分機\r\n關於修正行政訴訟法施行後二個月內送交該管地方法院，視為於修正行政\r\n訴訟法施行前已繫屬於各該法院。"
		},
		{
			"number": 1100,
			"content": "修正行政訴訟法施行前，已繫屬於高等法院之違反道路交通管理處罰條例\r\n聲明異議抗告事件，於修正行政訴訟法施行後尚未終結者，由高等法院依\r\n中華民國一百年十一月四日修正前之道路交通管理處罰條例規定審理。"
		},
		{
			"number": 1200,
			"content": "修正行政訴訟法施行前，已繫屬於高等行政法院之假扣押、假處分、保全\r\n證據之聲請及其強制執行事件，於修正行政訴訟法施行後尚未終結者，由\r\n原法院依舊法之規定辦理。\r\n前項裁定之抗告及修正行政訴訟法施行前已終結之假扣押、假處分、保全\r\n證據事件之抗告，適用舊法之規定。於修正行政訴訟法施行前已提起抗告\r\n者，亦同。\r\n修正行政訴訟法施行前已准許之假扣押、假處分之裁定，其聲請撤銷，向\r\n原裁定法院為之。"
		},
		{
			"number": 1300,
			"content": "修正行政訴訟法施行前，已繫屬於高等行政法院之行政訴訟強制執行事件\r\n，未經執行或尚未執行終結者，於修正行政訴訟法施行後，移由地方法院\r\n行政訴訟庭辦理強制執行。"
		},
		{
			"number": 1400,
			"content": "中華民國九十九年一月十三日修正公布，九十九年五月一日施行之行政訴\r\n訟法第一百零六條第四項之應作為期間，屆滿於九十九年五月一日前之事\r\n件，其起訴期間三年之規定，自九十九年五月一日起算。"
		},
		{
			"number": 1401,
			"content": "修正行政訴訟法施行前已繫屬於高等行政法院之行政訴訟法第二百二十九\r\n條第二項第五款行政訴訟事件，於修正施行後，依下列規定辦理：\r\n一、尚未終結者：由高等行政法院裁定移送管轄之地方法院行政訴訟庭，\r\n    依修正行政訴訟法審理；其上訴、抗告，適用修正行政訴訟法之規定\r\n    。\r\n二、已終結者：其上訴、抗告，適用舊法之規定。\r\n修正行政訴訟法施行前，已繫屬於最高行政法院，而於修正施行後，尚未\r\n終結之前項事件，由最高行政法院依舊法裁判之。如認上訴或抗告不合法\r\n或無理由者，應予駁回；有理由者，應為上訴人或抗告人勝訴之裁判；必\r\n要時，發交管轄之地方法院行政訴訟庭依修正行政訴訟法審判之。"
		},
		{
			"number": 1402,
			"content": "依修正行政訴訟法施行前確定之前條第一項事件，當事人提起再審之訴者\r\n，依下列規定辦理：\r\n一、對於高等行政法院確定之判決提起再審之訴，或對最高行政法院之判\r\n    決本於行政訴訟法第二百七十三條第一項第九款至第十四款事由聲明\r\n    不服者：由地方法院行政訴訟庭依修正行政訴訟法審理。\r\n二、對於高等行政法院及最高行政法院所為之第一審及第二審判決提起再\r\n    審之訴，或對最高行政法院判決提起再審之訴而非本於行政訴訟法第\r\n    二百七十三條第一項第九款至第十四款事由聲明不服者：由最高行政\r\n    法院依舊法審理。必要時，發交管轄之地方法院行政訴訟庭依修正行\r\n    政訴訟法審判之。\r\n前項第一款情形，高等行政法院已受理未終結之前條第一項事件之再審事\r\n件，應裁定移送管轄之地方法院行政訴訟庭。\r\n前二項情形，於對裁定聲請再審事件準用之。"
		},
		{
			"number": 1403,
			"content": "依修正行政訴訟法施行前確定之第十四條之一第一項事件，第三人聲請重\r\n新審理者，及已經法院裁定命重新審理之第十四條之一第一項事件，依下\r\n列規定辦理：\r\n一、對於高等行政法院確定之第十四條之一第一項事件判決聲請重新審理\r\n    事件，及已經法院裁定命重新審理之第十四條之一第一項事件第一審\r\n    ，由地方法院行政訴訟庭依修正行政訴訟法審理。\r\n二、對於最高行政法院確定之第十四條之一第一項事件判決聲請重新審理\r\n    事件，及已經法院裁定命重新審理之第十四條之一第一項事件第二審\r\n    ，由最高行政法院依舊法審理。必要時，發交管轄之地方法院行政訴\r\n    訟庭依修正行政訴訟法審判之。\r\n前項第一款情形，高等行政法院已受理未終結者，應裁定移送管轄之地方\r\n法院行政訴訟庭。"
		},
		{
			"number": 1404,
			"content": "修正行政訴訟法施行前，已繫屬於行政法院之暫予收容、延長收容處分行\r\n政訴訟事件，於修正行政訴訟法施行後，依下列規定辦理：\r\n一、尚未終結者：由原法官依舊法裁判之。其上訴、抗告，適用舊法之規\r\n    定。\r\n二、已終結者：其上訴、抗告，適用舊法之規定。\r\n依舊法確定之前項事件，當事人提起再審之訴、聲請再審、第三人聲請重\r\n新審理及已經法院裁定命重新審理者，由高等行政法院、最高行政法院依\r\n舊法審理。"
		},
		{
			"number": 1500,
			"content": "本法自修正行政訴訟法施行之日施行。"
		}
	]
}