{
	"pcode": "A0030142",
	"type": "命令",
	"title": "立法院退卸職委員禮遇辦法",
	"url": "https://law.moj.gov.tw/LawClass/LawAll.aspx?pcode=A0030142",
	"category": [
		"立法"
	],
	"lastUpdate": "20160913",
	"isTranslated": false,
	"history": [
		"",
		"中華民國九十年二月二十七日立法院第四屆第五會期第二次會議修正通過全文 5 條",
		"中華民國九十一年二月二十六日立法院第五屆第一會期第二次會議通過修正發布全文 5 條",
		"中華民國九十六年十一月九日第六屆第六會期第十次會議報告修正全文 5 條",
		"中華民國一百零五年九月十三日立法院第 9 屆第 2 會期第 1 次會議報告事項第 87 案，准予備查修正全文 6 條"
	],
	"divisions": [],
	"articles": [
		{
			"number": 100,
			"content": "立法院（以下簡稱本院）為禮遇退卸職委員，特訂定本辦法。"
		},
		{
			"number": 200,
			"content": "為彰顯退卸職委員對本院之貢獻，並借重其經驗，本院得延聘退卸職委員\r\n為無給職榮譽顧問，聘期四年，期滿得續聘之。\r\n本院於舉辦有關國家重要議題之研討會時，得邀請退卸職委員參加，俾聽\r\n取其寶貴建言。"
		},
		{
			"number": 300,
			"content": "退卸職委員來院，得憑榮譽顧問證進出本院，但其家屬仍照規定辦理。\r\n退卸職委員得申請年度來賓車輛出入證一枚，供其車輛進出本院識別用。"
		},
		{
			"number": 400,
			"content": "本院得提供退卸職委員服務事項如下：\r\n一、使用本院卸任委員電子郵件信箱。\r\n二、使用本院無線網路（LY─iService）。\r\n三、申請製作本院資訊系統由委員個人自行建檔之私有資料電子檔光碟。\r\n四、利用國會圖書館網站資源及閱覽服務。\r\n五、利用本院醫療設施；其配偶及直系親屬亦同。\r\n六、需醫療照顧時，給予必要之協助。\r\n七、使用康園餐廳。\r\n八、購買本院員工消費合作社供應之貨品。\r\n九、亡故時，給予必要之協助。\r\n十、其他繼續發展之福利設施。"
		},
		{
			"number": 500,
			"content": "本院得酌予提供僅限現任及退卸職委員參加之社團法人辦公室或補助。\r\n前項社團法人須由本院現任院長為其理事長，卸任院長為其榮譽理事長。"
		},
		{
			"number": 600,
			"content": "本辦法經提報院會後施行。"
		}
	]
}