{
	"pcode": "A0030090",
	"type": "命令",
	"title": "私人或團體捐贈珍貴文書獎勵辦法",
	"url": "https://law.moj.gov.tw/LawClass/LawAll.aspx?pcode=A0030090",
	"category": [
		"行政",
		"國家發展委員會",
		"通用目"
	],
	"lastUpdate": "20171201",
	"isTranslated": true,
	"english": "The Reward Regulations for the Donation of Precious Documents by an Individual or Legal Entity",
	"history": [
		"中華民國九十年十二月十二日檔案管理局（90）檔秘字第 0002054-6 號令訂定發布全文 11 條",
		"中華民國一百零六年十二月一日國家發展委員會檔案管理局檔徵字第 1060009213B 號令修正發布第 8、10、11 條條文；並自發布日施行"
	],
	"divisions": [],
	"articles": [
		{
			"number": 100,
			"content": "本辦法依檔案法 (以下簡稱本法) 第十四條第二項規定訂定之。"
		},
		{
			"number": 200,
			"content": "本辦法所稱珍貴文書，指本法第十四條第一項所定具有永久保存價值之文\r\n件或資料。"
		},
		{
			"number": 300,
			"content": "捐贈之珍貴文書以原件為原則。"
		},
		{
			"number": 400,
			"content": "私人或團體捐贈珍貴文書，得以書面或言詞向檔案中央主管機關表示；其\r\n以言詞為之者，檔案中央主管機關應作成紀錄。"
		},
		{
			"number": 500,
			"content": "僑居國外之中華民國國民捐贈珍貴文書，得以書面經由我國駐外使領館、\r\n代表處、辦事處或其他外交部授權機構或僑務委員會認可之僑團轉送檔案\r\n中央主管機關辦理；以言詞為之者，應作成紀錄轉送之。外國私人或團體\r\n，亦同。"
		},
		{
			"number": 600,
			"content": "外國私人或團體捐贈珍貴文書，檔案中央主管機關得會同外交部依本辦法\r\n及有關法令辦理。"
		},
		{
			"number": 700,
			"content": "檔案中央主管機關受理私人或團體捐贈珍貴文書，應依檔案中央主管機關\r\n訂定之檔案保存價值鑑定規範有關規定，審查確認該文書具有永久保存價\r\n值後，始得接受捐贈。\r\n前項審查經過及結果應函知該私人或團體。"
		},
		{
			"number": 800,
			"content": "對於珍貴文書之捐贈者，檔案中央主管機關應發給捐贈證明書，載明捐贈\r\n之內容與數量。\r\n前項捐贈證明書，得依捐贈者提供之實際取得成本憑證，載明捐贈價值，\r\n供捐贈者依所得稅法規定列報捐贈列舉扣除金額或列為當年度捐贈費用。\r\n個人捐贈者未能提供憑證時，檔案中央主管機關得依捐贈者請求，邀請學\r\n者專家估定捐贈時時價，載明於捐贈證明書。\r\n第一項捐贈，如附有條件者，應以書面契約載明之。"
		},
		{
			"number": 900,
			"content": "依本辦法所為之捐贈，得經公證或認證之。"
		},
		{
			"number": 1000,
			"content": "私人或團體捐贈珍貴文書之獎勵方式如下：\r\n一、發給謝函、獎狀、獎牌或獎座。\r\n二、頒給匾額。\r\n三、減免閱覽、抄錄、複製檔案之費用。\r\n四、展覽時標示具名簡介。\r\n五、公布捐贈事蹟於檔案中央主管機關網站。\r\n前項第一款、第二款規定之獎勵應以公開表揚方式為之。\r\n捐贈複製品或薦報珍貴文書經檔案中央主管機關審查確認且完成捐贈者，\r\n得參酌第一項第一款方式獎勵之。\r\n第一項獎勵方式，必要時得併用之。"
		},
		{
			"number": 1100,
			"content": "本辦法自本法施行之日施行。\r\n本辦法修正條文自發布日施行。"
		}
	]
}