{
	"pcode": "A0030075",
	"type": "命令",
	"title": "替代方案實施辦法",
	"url": "https://law.moj.gov.tw/LawClass/LawAll.aspx?pcode=A0030075",
	"category": [
		"行政",
		"行政院公共工程委員會",
		"通用目"
	],
	"lastUpdate": "20020619",
	"isTranslated": true,
	"english": "Regulations for the Implementation of Alternative Offers",
	"history": [
		"中華民國八十八年五月六日行政院公共工程委員會（88）工程企字第 8806100 號令訂定發布全文 10 條；並自同年五月二十七日起施行",
		"中華民國九十一年六月十九日行政院公共工程委員會（91）工程企字第 91024834 號令修正發布全文 15 條；並自發布日施行"
	],
	"divisions": [],
	"articles": [
		{
			"number": 100,
			"content": "本辦法依政府採購法 (以下簡稱本法）第三十五條規定訂定之。"
		},
		{
			"number": 200,
			"content": "機關於招標文件中規定允許投標廠商於截止投標期限前提出替代方案者，\r\n招標文件應訂明下 列事項：\r\n一、廠商得提出替代方案之技術、工法、材料或設備之項目。\r\n二、替代方案應包括之內容。\r\n三、替代方案標封於主方案經審查合於招標文件規定後，再予開封及審查\r\n    。\r\n四、替代方案不予審查之情形。\r\n五、採用替代方案決標之條件。\r\n六、以替代方案決標後得標廠商應遵循之事項。\r\n七、得標廠商未能依替代方案履約之處置方式。\r\n八、廠商提出替代方案應遵循之其他事項。\r\n前項招標之等標期，機關應視案件之性質及廠商準備替代方案所需時間合\r\n理訂定之。"
		},
		{
			"number": 300,
			"content": "廠商依前條規定提出替代方案者，替代方案應單獨密封，標封外標示其為\r\n替代方案，且每一項目以提出一個替代方案為限，並須依招標文件之規定\r\n提出主方案。"
		},
		{
			"number": 400,
			"content": "依第二條第一項第二款所定替代方案之內容，應包括下列事項：\r\n一、替代方案之項目及其詳細說明。\r\n二、替代方案與主方案差異之處。\r\n三、替代方案確可縮減工期、減省經費或提高效率等效益之理由。\r\n四、替代方案可能涉及之各種有利與不利情形及效益分析。\r\n五、招標文件規定之其他事項。"
		},
		{
			"number": 500,
			"content": "依第二條第一項第四款所定替代方案不予審查之情形如下：\r\n一、廠商未依招標文件之規定提出主方案者。\r\n二、主方案經審查不合於招標文件之規定者。\r\n三、廠商提出之替代方案與招標文件中規定允許提出替代方案之項目無關\r\n    者。\r\n四、廠商提出之替代方案不合規定程式者。"
		},
		{
			"number": 600,
			"content": "依第二條第一項第五款採用替代方案決標者，應不降低招標文件所規定之\r\n原有功能條件，且與主方案比較結果確能縮減工期、減省經費或提高效率\r\n。\r\n替代方案有下列情形之一者，應不予採用。但招標文件規定得協商更改之\r\n項目或廠商提出之替代方案經綜合評估各有利不利情形，其總體效益更有\r\n利於機闕者，不在此限。\r\n一、降低招標文件所規定之原有功能條件。\r\n二、延長主方案之工期。\r\n三、增加主方案之經費。\r\n四、降低主方案之效率。\r\n五、對機關辦理之其他採購有造成類似前四款情形之一之虞。\r\n六、替代方案可縮減工期、減省經費、提高效率或其他效益之情形，低於\r\n    招標文件所定條件。\r\n七、替代方案顯不可行。\r\n前項第三款經費之計算，應考量後續使用或營運成本、維修成本、殘值、\r\n報廢處理費用等。"
		},
		{
			"number": 700,
			"content": "依第二條第一項第六款採用替代方案決標者，廠商於決標後須提出之資料\r\n及提出時限，應預留機關所定審查作業之時間。廠商履行替代方案所需之\r\n調查、研究、試驗、設計等費用，由廠商負擔或包含於標價中。機關實施\r\n替代方案所增加之必要費用，亦同。"
		},
		{
			"number": 800,
			"content": "得標廠商未能依投標時提出之替代方案履約，或履行替代方案有第六條第\r\n二項各款情形之一者，機關應撤銷決標、終止契約或解除契約，並得追償\r\n損失。但廠商願以替代方案之標價改以合於招標文件規定之主方案履約，\r\n且原決標係以合於招標文件規定之最低標方式辦理者，不在此限。\r\n前項改依主方案履約者，其履約期限之計算，應自原替代方案開始履約日\r\n起算，且不得扣除履行替代方案所費時間。"
		},
		{
			"number": 900,
			"content": "機關允許廠商於得標後提出替代方案者，招標文件應訂明下列事項：\r\n一、替代方案應包括之內容。\r\n二、替代方案不予審查之情形。\r\n三、採用替代方案之條件。\r\n四、採用替代方案後，廠商應遵循之事項。\r\n五、廠商未能依替代方案履約之處置方式。\r\n六、廠商提出替代方案應遵循之其他事項。"
		},
		{
			"number": 1000,
			"content": "廠商依前條規定提出替代方案者，應於使用前提出，並預留機關所定審查\r\n作業所需時間。其提出、審查、採用或不採用替代方案所費時間，不得因\r\n而延長履約期限。\r\n機關審查替代方案所需費用，由廠商負擔。"
		},
		{
			"number": 1100,
			"content": "依第九條第一款至第四款所定事項，準用第四條至第七條規定。"
		},
		{
			"number": 1200,
			"content": "廠商於得標後提出替代方案，而未能依替代方案履約，或履行替代方案有\r\n第六條第二項各款情形之一者，機關應終止或解除契約，並得追償損失。\r\n但廠商願改以合於招標文件規定之主方案或其他對機關更有利之方式履約\r\n者，不在此限。\r\n前項改依主方案或其他方式履約者，機關為處理該方案所增加之必要費用\r\n，由廠商負擔。其履約期限之計算，應自原契約開始履約日起算，且不得\r\n扣除履行替代方案所費時間。"
		},
		{
			"number": 1300,
			"content": "機關於招標文件中規定允許廠商於得標後提出替代方案且定有獎勵措施者\r\n，其獎勵額度，以不逾所減省契約價金之百分之五十為限。所減省之契約\r\n價金，並應扣除機關為處理替代方案所增加之必要費用。"
		},
		{
			"number": 1400,
			"content": "機關審查替代方案，得視個案情形成立審查小組為之，並得邀請專家、學\r\n者、規劃設計者與會協助。必要時並得將替代方案之一部或全部委託審查\r\n。"
		},
		{
			"number": 1500,
			"content": "本辦法自發布日施行。"
		}
	]
}