{
	"pcode": "A0030091",
	"type": "命令",
	"title": "檔案閱覽抄錄複製收費標準",
	"url": "https://law.moj.gov.tw/LawClass/LawAll.aspx?pcode=A0030091",
	"category": [
		"行政",
		"國家發展委員會",
		"通用目"
	],
	"lastUpdate": "20180920",
	"isTranslated": true,
	"english": "Fee Standards for Viewing, Hand-copying or Duplication of Archives",
	"attachments": [
		"https://law.moj.gov.tw/LawClass/LawGetFile.ashx?FileId=0000228054"
	],
	"history": [
		"中華民國九十年十二月十二日檔案管理局（90）檔秘字第 0002054-7 號令訂定發布全文 8 條",
		"中華民國九十三年六月十六日檔案管理局檔應字第 09300046581 號令修正發布全文 7 條；並自發布日施行",
		"中華民國一百零二年二月六日檔案管理局檔應字第 10200125343 號令增訂發布第 5-1 條條文",
		"中華民國一百零七年九月二十日國家發展委員會檔案管理局檔應字第 1070013511B 號令修正發布第 4、5 條條文"
	],
	"divisions": [],
	"articles": [
		{
			"number": 100,
			"content": "本標準依檔案法第二十一條及規費法第十條規定訂定之。"
		},
		{
			"number": 200,
			"content": "申請閱覽、抄錄或複製檔案經核准者，除其他法令另有規定外，依本標準\r\n之規定收費。"
		},
		{
			"number": 300,
			"content": "閱覽、抄錄機關檔案，每二小時收取新臺幣二十元；不足二小時，以二小\r\n時計算。\r\n閱覽、抄錄國家檔案，免收費。"
		},
		{
			"number": 400,
			"content": "複製檔案，依所附檔案複製收費標準表收費，並以機關現有設備製作提供\r\n之。\r\n民眾自備手機、照相機或攝影機等設備，經機關同意翻拍或攝影檔案者，\r\n依前條規定收取閱覽、抄錄之費用。"
		},
		{
			"number": 500,
			"content": "複製檔案，以電子郵件傳送或電子儲存媒體交付者，檔案格式及電子儲存\r\n媒體耗材費用由機關決定；如另需提供郵寄服務者，其郵遞費以實支數額\r\n計算，每次並加收處理費新臺幣五十元。"
		},
		{
			"number": 501,
			"content": "檔案申請人為二二八事件，或戒嚴時期因觸犯內亂罪、外患罪、懲治叛亂\r\n條例或戡亂時期檢肅匪諜條例遭偵查、追訴、通緝或執行之人，檔案中央\r\n主管機關提供與其本人所涉案件相關之國家檔案，同一檔案免收一次費用\r\n，不適用第四條、第五條之收費規定。複製方式以紙張黑白列印或電子儲\r\n存媒體擇一交付。\r\n前項申請人本人死亡或失蹤時，由其配偶或依民法第一千一百三十八條各\r\n款規定之親屬申請者，每人均準用同一檔案免收一次費用之規定。\r\n申請人依前二項規定，已於中華民國一百年七月十四日起至本條文修正施\r\n行前付費複製檔案者，得檢具該繳費收據或複製檔案申請退費。"
		},
		{
			"number": 600,
			"content": "本標準所定之規費，其收取應依預算程序辦理。"
		},
		{
			"number": 700,
			"content": "本標準自發布日施行。"
		}
	]
}