{
	"pcode": "A0030088",
	"type": "命令",
	"title": "國家檔案移轉辦法",
	"url": "https://law.moj.gov.tw/LawClass/LawAll.aspx?pcode=A0030088",
	"category": [
		"行政",
		"國家發展委員會",
		"通用目"
	],
	"lastUpdate": "20050103",
	"isTranslated": true,
	"english": "The Regulations for Transfer of National Archives",
	"history": [
		"中華民國九十年十二月十二日檔案管理局（90）檔秘字第 0002054-4 號令訂定發布全文 9 條",
		"中華民國九十四年一月三日檔案管理局檔徵字第 09400000012 號令修正發布第 2、4、9 條條文；本辦法修正條文自發布日施行"
	],
	"divisions": [],
	"articles": [
		{
			"number": 100,
			"content": "本辦法依檔案法 (以下簡稱本法) 第十一條規定訂定之。"
		},
		{
			"number": 200,
			"content": "各機關永久保存之檔案，自文件產生之日起屆滿二十五年者，應於次年移\r\n轉檔案中央主管機關管理。\r\n前項應移轉檔案中央主管機關管理之永久保存檔案，因檔案保存技術不足\r\n或典藏環境不佳、司法訴訟或其他正當理由，經檔案中央主管機關同意者\r\n，不受前項移轉年限限制，得提前移轉或酌予延長移轉期限。\r\n第一項永久保存檔案之移轉，以案卷為單位；其移轉期限之計算，以文件\r\n產生日最晚者為準。"
		},
		{
			"number": 300,
			"content": "各機關永久保存之機密檔案於移轉前，應依法檢討辦理機密等級之變更或\r\n解密事宜。"
		},
		{
			"number": 400,
			"content": "各機關移轉永久保存之檔案，以每年辦理一次為原則。\r\n屆滿移轉年限之檔案，移轉前各機關應先辦理檔案保存價值鑑定，經鑑定\r\n仍具永久保存價值者，應編製檔案移轉目錄，併同鑑定報告，依本法施行\r\n細則第十條第一項各款所定程序，函送檔案中央主管機關審核。\r\n前項目錄應記載下列事項：\r\n一、年度號、分類號、案次號。\r\n二、卷數。\r\n三、案名。\r\n四、檔案產生者。\r\n五、案卷內文件起迄日期。\r\n六、屬機密檔案者，其機密等級。\r\n七、案情摘要。\r\n八、檔案經微縮、電子或其他方式儲存者，其儲存媒體型式。\r\n九、其他經檔案中央主管機關指定事項。\r\n機關檔案非以案卷層級著錄，而已依案件編目完成者，其檔案移轉目錄，\r\n應記載下列事項：\r\n一、檔號。\r\n二、案名。\r\n三、案由。\r\n四、來 (受) 文者。\r\n五、文件產生日期。\r\n六、有附件者，其名稱及數量。屬機密檔案者，得不著錄附件名稱。\r\n七、屬機密檔案者，其機密等級。\r\n八、檔案經微縮、電子或其他方式儲存者，其儲存媒體型式。\r\n九、其他經檔案中央主管機關指定事項。\r\n檔案移轉目錄格式，由檔案中央主管機關另定之。"
		},
		{
			"number": 500,
			"content": "各機關應移轉檔案中央主管機關管理之檔案，其已經微縮、電子或其他方\r\n式儲存者，於檔案中央主管機關認有必要時，各機關應配合提供該儲存媒\r\n體，以資複製。"
		},
		{
			"number": 600,
			"content": "移轉檔案，應由移轉機關備函，並派員將檔案送達檔案中央主管機關指定\r\n之場所，由交接人員按檔案移轉目錄，詳細清點核對後，作成交接紀錄。\r\n前項交接紀錄，應載明下列事項，由交接人員簽名或蓋章後，送移轉機關\r\n及接管機關首長簽名或蓋章，並加蓋機關印信，由移轉機關與接管機關各\r\n執一份存查：\r\n一、移轉機關及接管機關。\r\n二、交接人員職稱及姓名。\r\n三、移轉檔案內容及數量。\r\n四、移轉時間及地點。"
		},
		{
			"number": 700,
			"content": "各機關應移轉檔案中央主管機關管理之檔案，自檔案中央主管機關接管之\r\n日起，該檔案之管理應用，以檔案中央主管機關為主管機關。\r\n人民申請閱覽、抄錄、複製檔案中央主管機關管理之檔案，應向檔案中央\r\n主管機關提出申請；其向各機關提出者，各機關應即移請檔案中央主管機\r\n關辦理，並通知申請人。"
		},
		{
			"number": 800,
			"content": "各機關應移轉檔案中央主管機關管理之永久保存檔案，應依檔案中央主管\r\n機關規劃之時程辦理移轉。"
		},
		{
			"number": 900,
			"content": "本辦法自本法施行之日施行。\r\n本辦法修正條文自發布日施行。"
		}
	]
}