{
	"pcode": "A0030001",
	"type": "法律",
	"title": "總統副總統宣誓條例",
	"url": "https://law.moj.gov.tw/LawClass/LawAll.aspx?pcode=A0030001",
	"lastUpdate": "19540513",
	"isTranslated": false,
	"history": [
		"中華民國四十三年五月十三日總統制定公布全文 7 條"
	],
	"divisions": [],
	"articles": [
		{
			"number": 100,
			"content": "總統、副總統宣誓，依本條例之規定。"
		},
		{
			"number": 200,
			"content": "總統、副總統宣誓，於總統就職之日行之。"
		},
		{
			"number": 300,
			"content": "總統之誓詞，依憲法第四十八條之規定。\r\n副總統之誓詞如左：\r\n「余謹以至誠，向全國人民宣誓。余必遵守憲法，效忠國家，如違誓言，\r\n願受國家嚴厲之制裁。謹誓。」"
		},
		{
			"number": 400,
			"content": "總統、副總統宣誓，於中央政府所在地，以公開儀式分別行之，由大法官\r\n會議主席為監誓人。"
		},
		{
			"number": 500,
			"content": "總統、副總統宣誓時，肅立向國旗及國父遺像，舉右手向上伸直，手掌放\r\n開，五指併攏，掌心向前，宣讀誓詞。"
		},
		{
			"number": 600,
			"content": "總統、副總統宣誓後，分別於誓詞上簽名、蓋章，送監誓人之機關存查。"
		},
		{
			"number": 700,
			"content": "本條例自公布日施行。"
		}
	]
}