{
	"pcode": "A0030174",
	"type": "命令",
	"title": "法庭席位布置規則",
	"url": "https://law.moj.gov.tw/LawClass/LawAll.aspx?pcode=A0030174",
	"category": [
		"司法",
		"院本部",
		"司法行政目"
	],
	"lastUpdate": "20160314",
	"isTranslated": false,
	"attachments": [
		"https://law.moj.gov.tw/LawClass/LawGetFile.ashx?FileId=0000175788",
		"https://law.moj.gov.tw/LawClass/LawGetFile.ashx?FileId=0000175789",
		"https://law.moj.gov.tw/LawClass/LawGetFile.ashx?FileId=0000175790",
		"https://law.moj.gov.tw/LawClass/LawGetFile.ashx?FileId=0000175791",
		"https://law.moj.gov.tw/LawClass/LawGetFile.ashx?FileId=0000175792",
		"https://law.moj.gov.tw/LawClass/LawGetFile.ashx?FileId=0000175793",
		"https://law.moj.gov.tw/LawClass/LawGetFile.ashx?FileId=0000175794",
		"https://law.moj.gov.tw/LawClass/LawGetFile.ashx?FileId=0000175795"
	],
	"history": [
		"中華民國七十九年一月十一日司法院（79）院台廳四字第 0245 號令訂定發布全文 11 條；並自公布日施行",
		"中華民國七十九年五月二十六日司法院（79）院台廳四字第 03371 號令修正發布第 2、4 條條文之附圖二",
		"中華民國八十年二月八日司法院（80）院台廳四字第 01988 號令修正發布第 4、5 條條文及第 2、4 條條文之附圖一 、 二 、 三",
		"中華民國八十年十二月二十三日司法院（80）院台廳四字第 09077 號令修正發布第 4、5 條條文及第 2、4 條條文之附圖一 、 二 、 三",
		"中華民國八十三年十二月三十日司法院（83）院台廳司一字第 21821 號令修正發布全文 11 條；並自公布日起施行",
		"中華民國八十九年二月二十二日司法院（89）院台廳司一字第 04465 號令修正發布第 2、3、5、7 條條文",
		"中華民國九十二年八月八日司法院（九二）院台廳司一字第 20464 號令修正發布第 1、3～7、9～11 條條文；並自發布日施行",
		"中華民國九十三年四月九日司法院院台廳司一字第 0930009773 號令增訂發布第 11 條條文；原第 11 條條文遞改為第 12 條條文",
		"中華民國九十四年七月八日司法院院台廳司一字第 0940014437 號令修正發布名稱及第 2～6、9、12 條條文；除另訂施行日期者外，自發布日施行（原名稱：高等法院以下各級法院法庭席位布置規則；新名稱：法庭席位布置規則）",
		"中華民國九十七年二月五日司法院院台廳司一字第 0970003187 號令修正發布全文 12 條；修正條文施行日期，由司法院定之",
		"中華民國一百零一年五月三十日司法院院台廳司一字第 1010015211 號令修正發布第 1～4 條條文及附圖五 、 附圖六 、 附圖七；施行日期由司法院定之中華民國一百零一年五月三十日司法院院台廳司一字第 1010015215 號函除第 2 條之附圖五及第 4 條第 4 項自一百零一年九月六日施行外，其餘自一百零一年六月一日施行",
		"中華民國一百零五年三月十四日司法院院台廳司一字第 1050007094 號令修正發布全文 12 條；並自一百零五年五月二日施行"
	],
	"divisions": [],
	"articles": [
		{
			"number": 100,
			"content": "本規則依法院組織法第八十四條第五項、行政法院組織法第四十五條、公\r\n務員懲戒委員會組織法第二十二條、智慧財產法院組織法第三十條第二項\r\n、少年及家事法院組織法第三十七條第二項規定訂定之。"
		},
		{
			"number": 200,
			"content": "各類法院法庭席位依訴訟程序之不同，分為下列七種：\r\n一、民事法庭席位（如附圖一）。\r\n二、刑事法庭席位（如附圖二）。\r\n三、少年法庭席位。分為少年刑事法庭席位（如附圖三）及少年保護法庭\r\n    席位（如附圖四）。\r\n四、行政法庭席位（如附圖五）。\r\n五、公務員懲戒法庭席位（如附圖六）。\r\n六、家事法庭席位。分為一般家事法庭席位（如附圖七）及溝通式家事法\r\n    庭席位（如附圖八）。\r\n其他專業法庭、簡易法庭、臨時法庭之法庭席位布置，依其訴訟性質，準\r\n用前項之規定。"
		},
		{
			"number": 300,
			"content": "前條第一項之法庭，除少年保護法庭、溝通式家事法庭外，以欄杆區分為\r\n審判活動區、旁聽區，並於欄杆中間或兩端設活動門。"
		},
		{
			"number": 400,
			"content": "審判活動區除法官（委員）席地板離地面二十五公分至五十公分外，其餘\r\n席位均置於地面，無高度。但如法庭相對高度無法配合時，得視實際情況\r\n，酌減法官（委員）席地板離地面高度。\r\n法官（委員）席正前右、左兩側下方，分置書記官席及通譯、錄音、卷證\r\n傳遞席，均面向旁聽區。\r\n審判長或法官 (委員 )為利訴訟程序進行，得視法庭空間大小及審判需要\r\n，於法庭內適當位置，指定或酌增席位。\r\n依法得於審判程序中陪同當事人、關係人或被害人者，其席位以設於被陪\r\n同人旁為原則。"
		},
		{
			"number": 500,
			"content": "庭務員及法警開庭時受審判長或書記官之指揮，執行法庭勤務，不另設席\r\n。\r\n法警於開庭時站立法庭審判活動區之適當位置，維護法庭秩序及人員安全\r\n。"
		},
		{
			"number": 600,
			"content": "旁聽區置學習法官（檢察官）席、學習律師、記者席，並得視法庭空間大\r\n小增減旁聽席座椅。但本規則另有規定者，依其規定。\r\n旁聽區出入口之門上，得視需要設計探視窗。"
		},
		{
			"number": 700,
			"content": "少年保護法庭之席位，應用橢圓型或長方型會議桌布置，以親和、教化與\r\n輔導之方法，取代嚴肅之審判氣氛。"
		},
		{
			"number": 800,
			"content": "法官（委員）、檢察官及書記官由法庭後側門進出法庭，刑事在押被告之\r\n通路應與其他訴訟關係人分開，其設計由各法院（公務員懲戒委員會）依\r\n實際情形酌定之。"
		},
		{
			"number": 900,
			"content": "法庭天花板及四周牆壁宜漆乳白色，以顯軒敞莊嚴之氣氛。桌椅褐色或原\r\n木色。職稱名牌，木質，置於桌面。其他席位，以塑膠類板片標示，黏著\r\n於座椅等適當位置。\r\n法官（委員）席桌面設置法槌，供法官（委員）使用。其使用要點，由司\r\n法院定之。"
		},
		{
			"number": 1000,
			"content": "錄音、錄影及其他電子化設備，應加固定，設於法庭內適當位置，其附屬\r\n線路之鋪設，應力求整潔。"
		},
		{
			"number": 1100,
			"content": "為調整法庭席位布置，司法院於修正本規則前，得先行指定法院試辦，以\r\n進行實證評估。\r\n前項試辦期間，不得逾一年。"
		},
		{
			"number": 1200,
			"content": "本規則自中華民國一百零五年五月二日施行。"
		}
	]
}