{
	"pcode": "A0030134",
	"type": "法律",
	"title": "檔案法",
	"url": "https://law.moj.gov.tw/LawClass/LawAll.aspx?pcode=A0030134",
	"category": [
		"行政",
		"國家發展委員會",
		"通用目"
	],
	"lastUpdate": "20080702",
	"isTranslated": true,
	"english": "Archives Act",
	"history": [
		"中華民國八十八年十二月十五日總統（88）華總一義字第 8800297480 號令制定公布全文 30 條中華民國九十年十一月二日行政院（90）台秘字第 063882 號令發布自九十一年一月一日施行",
		"中華民國九十七年七月二日總統華總一義字第 09700112211 號令修正公布第 28 條條文；施行日期，由行政院定之中華民國九十七年七月二十四日行政院院臺秘字第 0970030737 號令發布定自九十七年九月一日施行"
	],
	"divisions": [
		{
			"type": "章",
			"number": 100,
			"title": "總則",
			"start": 100,
			"end": 500
		},
		{
			"type": "章",
			"number": 200,
			"title": "管理",
			"start": 600,
			"end": 1600
		},
		{
			"type": "章",
			"number": 300,
			"title": "應用",
			"start": 1700,
			"end": 2200
		},
		{
			"type": "章",
			"number": 400,
			"title": "罰則",
			"start": 2300,
			"end": 2600
		},
		{
			"type": "章",
			"number": 500,
			"title": "附則",
			"start": 2700,
			"end": 3000
		}
	],
	"articles": [
		{
			"number": 100,
			"content": "為健全政府機關檔案管理，促進檔案開放與運用，發揮檔案功能，特制定\r\n本法。\r\n本法未規定者，適用其他法令規定。"
		},
		{
			"number": 200,
			"content": "本法用詞，定義如下：\r\n一、政府機關：指中央及地方各級機關（以下簡稱各機關）。\r\n二、檔案：指各機關依照管理程序，而歸檔管理之文字或非文字資料及其\r\n    附件。\r\n三、國家檔案：指具有永久保存價值，而移歸檔案中央主管機關管理之檔\r\n    案。\r\n四、機關檔案：指由各機關自行管理之檔案。"
		},
		{
			"number": 300,
			"content": "關於檔案事項，由行政院所設之專責檔案中央主管機關掌理之。檔案中央\r\n主管機關未設立前，由行政院指定所屬機關辦理之。\r\n前項檔案中央主管機關，最遲應於本法公布後二年內設立。\r\n檔案中央主管機關之組織，以法律定之。\r\n檔案中央主管機關設立國家檔案管理委員會，負責檔案之判定、分類、保\r\n存期限及其他爭議事項之審議。"
		},
		{
			"number": 400,
			"content": "各機關管理檔案，應設置或指定專責單位或人員，並編列年度計畫及預算\r\n。"
		},
		{
			"number": 500,
			"content": "檔案非經該管機關依法核准，不得運往國外。"
		},
		{
			"number": 600,
			"content": "檔案管理以統一規劃、集中管理為原則。\r\n檔案中有可供陳列鑑賞、研究、保存、教化世俗之器物，得交有關機構保\r\n管之。"
		},
		{
			"number": 700,
			"content": "檔案管理作業，包括下列各款事項：\r\n一、點收。\r\n二、立案。\r\n三、編目。\r\n四、保管。\r\n五、檢調。\r\n六、清理。\r\n七、安全維護。\r\n八、其他檔案管理作業及相關設施事項。"
		},
		{
			"number": 800,
			"content": "檔案應依檔案中央主管機關規定之分類系統及編目規則分類編案、編製目\r\n錄。\r\n各機關應將機關檔案目錄定期送交檔案中央主管機關。\r\n檔案中央主管機關應彙整國家檔案目錄及機關檔案目錄定期公布之，並附\r\n目錄使用說明。\r\n檔案中央主管機關應設置研究部門，加強檔案整理與研究，並編輯出版檔\r\n案資料。"
		},
		{
			"number": 900,
			"content": "檔案得採微縮或其他方式儲存管理，其實施辦法，由檔案中央主管機關定\r\n之。\r\n依前項辦法儲存之紀錄經管理該檔案之機關確認者，視同原檔案。其複製\r\n品經管理該檔案機關確認者，推定其為真正。"
		},
		{
			"number": 1000,
			"content": "檔案之保存年限，應依其性質及價值，區分為永久保存或定期保存。"
		},
		{
			"number": 1100,
			"content": "永久保存之機關檔案，應移轉檔案中央主管機關管理。其移轉辦法，由檔\r\n案中央主管機關擬訂，報請行政院核定之。"
		},
		{
			"number": 1200,
			"content": "定期保存之檔案未逾法定保存年限或未依法定程序，不得銷毀。\r\n各機關銷毀檔案，應先制定銷毀計畫及銷毀之檔案目錄，送交檔案中央主\r\n管機關審核。\r\n經檔案中央主管機關核准銷毀之檔案，必要時，應先經電子儲存，始得銷\r\n毀。\r\n機關檔案保存年限及銷毀辦法，由檔案中央主管機關擬訂，報請行政院核\r\n定之。"
		},
		{
			"number": 1300,
			"content": "公務員於職務移交或離職時，應將其職務上掌管之檔案連同辦理移交，並\r\n應保持完整，不得隱匿、銷毀或藉故遺失。\r\n前項規定，於民營事業企業機構移轉公營，或公營移轉民營者，均適用之\r\n。"
		},
		{
			"number": 1400,
			"content": "私人或團體所有之文件或資料，具有永久保存價值者，檔案中央主管機關\r\n得接受捐贈、受託保管或收購之。\r\n捐贈前項文件或資料者，得予獎勵，獎勵辦法由檔案中央主管機關定之。"
		},
		{
			"number": 1500,
			"content": "私人或團體所有之文字或非文字資料，各機關認為有保存之必要者，得請\r\n提供，以微縮或其他複製方式編為檔案。"
		},
		{
			"number": 1600,
			"content": "機密檔案之管理方法，由檔案中央主管機關報請行政院定之。"
		},
		{
			"number": 1700,
			"content": "申請閱覽、抄錄或複製檔案，應以書面敘明理由為之，各機關非有法律依\r\n據不得拒絕。"
		},
		{
			"number": 1800,
			"content": "檔案有下列情形之一者，各機關得拒絕前條之申請：\r\n一、有關國家機密者。\r\n二、有關犯罪資料者。\r\n三、有關工商秘密者。\r\n四、有關學識技能檢定及資格審查之資料者。\r\n五、有關人事及薪資資料者。\r\n六、依法令或契約有保密之義務者。\r\n七、其他為維護公共利益或第三人之正當權益者。"
		},
		{
			"number": 1900,
			"content": "各機關對於第十七條申請案件之准駁，應自受理之日起三十日內，以書面\r\n通知申請人。其駁回申請者，並應敘明理由。"
		},
		{
			"number": 2000,
			"content": "閱覽或抄錄檔案應於各機關指定之時間、處所為之，並不得有下列行為：\r\n一、添註、塗改、更換、抽取、圈點或污損檔案。\r\n二、拆散已裝訂完成之檔案。\r\n三、以其他方法破壞檔案或變更檔案內容。"
		},
		{
			"number": 2100,
			"content": "申請閱覽、抄錄或複製檔案經核准者，各機關得依檔案中央主管機關所定\r\n標準收取費用。"
		},
		{
			"number": 2200,
			"content": "國家檔案至遲應於三十年內開放應用，其有特殊情形者，得經立法院同意\r\n，延長期限。"
		},
		{
			"number": 2300,
			"content": "違反第五條規定，未經核准將檔案運往國外者，處二年以下有期徒刑、拘\r\n役或科或併科新臺幣五萬元以下罰金。\r\n前項未遂犯罰之。"
		},
		{
			"number": 2400,
			"content": "明知不應銷毀之檔案而銷毀者，處二年以下有期徒刑、拘役或科或併科新\r\n臺幣五萬元以下罰金。\r\n違反第十二條之銷毀程序而銷毀檔案者，亦同。\r\n違反第十三條之規定者，亦同。"
		},
		{
			"number": 2500,
			"content": "以第九條微縮或其他方式儲存之紀錄及其複製品，關於刑法偽造文書印文\r\n罪章之罪及該章以外各罪，以文書論。"
		},
		{
			"number": 2600,
			"content": "違反第二十條規定者，各機關得停止其閱覽或抄錄。其涉及刑事責任者，\r\n移送該管檢察機關偵辦。"
		},
		{
			"number": 2700,
			"content": "本法公布施行後，各機關之檔案管理，與本法及依本法發布之命令規定不\r\n相符合者，各機關應於檔案中央主管機關指定期限內調整之。"
		},
		{
			"number": 2800,
			"content": "公立大專校院及公營事業機構準用本法之規定。受政府委託行使公權力之\r\n個人或團體，於其受託事務範圍內，亦同。"
		},
		{
			"number": 2900,
			"content": "本法施行細則，由檔案中央主管機關定之。"
		},
		{
			"number": 3000,
			"content": "本法施行日期，由行政院定之。"
		}
	]
}