{
	"pcode": "A0030049",
	"type": "命令",
	"title": "機關公文電子交換作業辦法",
	"url": "https://law.moj.gov.tw/LawClass/LawAll.aspx?pcode=A0030049",
	"category": [
		"行政",
		"國家發展委員會",
		"通用目"
	],
	"lastUpdate": "20100511",
	"isTranslated": false,
	"history": [
		"中華民國八十三年六月三日行政院（83）台秘字第 1991 號令訂定發布全文 15 條",
		"中華民國八十八年六月十四日行政院（88）台秘字第 23294 號令修正發布第 5～9 條條文",
		"中華民國九十九年五月十一日行政院院授研訊字第 0992460478 號令修正發布第 7、8、13 條條文"
	],
	"divisions": [],
	"articles": [
		{
			"number": 100,
			"content": "本辦法依公文程式條例第十二條之一訂定之。"
		},
		{
			"number": 200,
			"content": "機關公文電子交換作業，依本辦法之規定。但總統府及立法、司法、考試\r\n、監察四院另有規定者，從其規定。"
		},
		{
			"number": 300,
			"content": "本辦法所稱電子交換，係指將文件資料透過電腦系統及電信網路，予以傳\r\n遞收受者。"
		},
		{
			"number": 400,
			"content": "各機關對於適合電子交換之機關公文，於設備、人員能配合時，應以電子\r\n交換行之。"
		},
		{
			"number": 500,
			"content": "機關公文以電子交換行之者，得不蓋用印信或簽署，並得採由左而右之橫\r\n行格式製作。"
		},
		{
			"number": 600,
			"content": "各機關應由文書單位負責辦理機關公文電子交換作業。但依公文性質、行\r\n文對象及時效，有適當控管程序者，不在此限。"
		},
		{
			"number": 700,
			"content": "機關公文電子交換作業發文處理程序及應注意事項如下：\r\n一、公文於電子交換前應先校對無誤，經列印者並得做成抄本（件），併\r\n    同原稿退件或歸檔。\r\n二、發文作業人員應輸入識別碼、通行碼或其他識別方式，於電腦系統確\r\n    認相符後，始可進行發文作業。\r\n三、檢視電腦系統已發送之訊息。\r\n四、行文單位兼有電子交換及非電子交換者，應列示其清單，以資識別。\r\n五、電子交換後，得於公文原稿標明「已電子交換」戳記，並辦理歸檔。\r\n六、透過電子交換之公文，至遲應於次日在電腦系統檢視發送結果，並為\r\n    必要之處理。發文機關得視需要，將所傳遞公文及發送紀錄予以存證\r\n    。"
		},
		{
			"number": 800,
			"content": "機關公文電子交換作業收文處理程序及應注意事項如下：\r\n一、收文作業人員應輸入識別碼、通行碼或其他識別方式，於電腦系統確\r\n    認相符後，即時或定時進行收文作業。\r\n二、收受公文經列印者，應由收文方之電腦系統加印頁碼及騎縫標識，並\r\n    得標明電子公文，按收文處理作業程序辦理。\r\n三、來文誤送或疏漏者，通知原發文機關另為處理。"
		},
		{
			"number": 900,
			"content": "機關公文電子交換之收、發文程序，應採電子認證方式處理，並得視需要\r\n增加其他安全管制措施。"
		},
		{
			"number": 1000,
			"content": "機關公文電子交換之管理事項，由行政院指定機關辦理。"
		},
		{
			"number": 1100,
			"content": "各機關辦理機關公文電子交換事宜，其電腦化作業應依行政院訂頒之相關\r\n規定行之。"
		},
		{
			"number": 1200,
			"content": "各機關為配合實際業務需要，得依本辦法及有關規定，自行訂定機關公文\r\n電子交換作業要點"
		},
		{
			"number": 1300,
			"content": "受文者為人民、法人或其他非法人團體之機關公文，以電子交換行之者，\r\n得不適用第六條至第八條之規定，由各機關依其業務需要另定之。"
		},
		{
			"number": 1400,
			"content": "本辦法之規定，於公營事業機構及公立學校準用之。"
		},
		{
			"number": 1500,
			"content": "本辦法自發布日施行。"
		}
	]
}