{
	"pcode": "A0030150",
	"type": "命令",
	"title": "立法院職員考勤規則",
	"url": "https://law.moj.gov.tw/LawClass/LawAll.aspx?pcode=A0030150",
	"category": [
		"立法"
	],
	"lastUpdate": "20011207",
	"isTranslated": false,
	"history": [
		"",
		"中華民國九十年十二月七日立法院院長核定修正發布全文 12 條"
	],
	"divisions": [],
	"articles": [
		{
			"number": 100,
			"content": "立法院 (以下簡稱本院) 職員考勤，除法令另有規定外，依本規則之規定\r\n。"
		},
		{
			"number": 200,
			"content": "本院上班時間如下：\r\n (一) 上午：自八時三十分起至十二時止。\r\n (二) 下午：自一時三十分起至六時止。\r\n前項時間，必要時簽報院長調整之。"
		},
		{
			"number": 300,
			"content": "本院職員均應按規定時間親自簽到及簽退，不得預簽或代簽。如經發現有\r\n預簽、代簽等情事，立即簽報處理。"
		},
		{
			"number": 400,
			"content": "本院人事處 (以下簡稱人事處) 於上班前應將簽到簿送達各單位辦公室；\r\n上班後二十分鐘收回，從嚴檢查。凡遲到、早退、曠職者，應分別加蓋戳\r\n記。"
		},
		{
			"number": 500,
			"content": "上班時間開始半小時後仍未簽到者為遲到，逾一小時仍未簽到者為曠職；\r\n下班前半小時離開者為早退、一小時離開者為曠職。但有職務上之理由或\r\n其他特殊情形，經查屬實並簽報核准者，不在此限。"
		},
		{
			"number": 600,
			"content": "人事處於每日下班前二十分鐘將簽退簿送達各單位，以便簽退；簽退簿收\r\n回時間星期一至星期五當日下午六時三十分。"
		},
		{
			"number": 700,
			"content": "本院職員平時勤惰，應由單位主管負責監督考核，並專置外出登記簿由單\r\n位主管保管或指定之專人保管。辦公時間內，因公離開院區，應將事由、\r\n時間、地點詳填於外出登記簿。\r\n如有擅自外出院區或早退，單位主管應予查明通知人事處依規定論處。"
		},
		{
			"number": 800,
			"content": "辦公時間內，由人事處主管會同單位主管查勤，無故不在勤者，以曠職論\r\n。"
		},
		{
			"number": 900,
			"content": "因事因病等情形不克到公者，應依規定辦理請假手續，如因特殊情形須補\r\n辦請假者，應於次日辦理，逾期以曠職論。"
		},
		{
			"number": 1000,
			"content": "一年內遲到、早退累計五次者，以曠職一次論；曠職二次者，以曠職一日\r\n計，並依規定處罰。"
		},
		{
			"number": 1100,
			"content": "本院職員差假勤惰資料，由人事處按月呈報秘書長轉呈院長核閱，並為年\r\n終考績之依據。"
		},
		{
			"number": 1200,
			"content": "本規則經院長核定後施行。"
		}
	]
}