{
	"pcode": "A0030135",
	"type": "命令",
	"title": "立法院議案審議資料處理及參閱辦法",
	"url": "https://law.moj.gov.tw/LawClass/LawAll.aspx?pcode=A0030135",
	"category": [
		"立法"
	],
	"lastUpdate": "20010410",
	"isTranslated": false,
	"history": [
		"中華民國四十七年十月十七日立法院第一屆第二十二會期第九次會議通過",
		"中華民國九十年四月十日立法院第四屆第五會議第八次會議修正通過全文 7 條；並自院會通過後施行"
	],
	"divisions": [],
	"articles": [
		{
			"number": 100,
			"content": "立法院 (以下簡稱本院) 議案審議資料之處理及參閱，依本辦法之規定。"
		},
		{
			"number": 200,
			"content": "本辦法所稱議案審議資料如下：\r\n一、提案文書。\r\n二、書面意見。\r\n三、審查報告。\r\n四、會議紀錄 (包括院會及各委員會之議事錄與速記錄) 。\r\n五、法律條文。\r\n六、其他有關資料。"
		},
		{
			"number": 300,
			"content": "法案及歷經討論之其他重要議案，除刊載立法院公報外，得於議案通過後\r\n，並於該案結束後，報經秘書長核可後付印專輯。"
		},
		{
			"number": 400,
			"content": "議案審議資料經編印專輯後，應備置於本院圖書資料室以供閱覽，並得對\r\n外發行。\r\n前項議案審議資料專輯之發行辦法另定之。"
		},
		{
			"number": 500,
			"content": "議案審議資料未經編印專輯前，原提案機關或依法有權調閱之機關，得派\r\n員至本院閱覽。"
		},
		{
			"number": 600,
			"content": "本院秘密會議議案之審議資料，經依立法院議事規則第五十一條之規定予\r\n以公開者，適用前條之規定。"
		},
		{
			"number": 700,
			"content": "本辦法報經院會通過後施行。"
		}
	]
}